 INFO [main] (Cooja.java:1316) - > Starting Cooja
 INFO [main] (Cooja.java:2857) - External tools default settings: /external_tools_linux_64.config
 INFO [main] (Cooja.java:2887) - External tools user settings: /home/drhakanaydin/6tisch-ng-sra-v17-50-60-node-update/6tisch-ng-sra-v17/6tisch-ng-sra/results/rpl_root_gossip/grid60node_high_coverange_20260926_183508/cooja_external_tools.properties
FATAL [main] (Cooja.java:1941) - No plugin class: class org.contikios.cooja.plugins.CollectViewFull: org/jfree/data/time/RegularTimePeriod
 INFO [main] (Simulation.java:422) - Simulation random seed: 291652
 INFO [main] (CompileContiki.java:140) - > make border-router-server.exp5438 TARGET=exp5438 
Message:
Message:> make border-router-server.exp5438 TARGET=exp5438 
Message:../../../../Makefile.gcc:23: Warning: you're using an old version of msp430-gcc.
Message:../../../../Makefile.gcc:24: Upgrade to 4.7.x is recommended for extended memory support and bugfixes.
Message:make: 'border-router-server.exp5438' is up to date.
 INFO [main] (CompileContiki.java:140) - > make border-router-client.exp5438 TARGET=exp5438 
Message:
Message:> make border-router-client.exp5438 TARGET=exp5438 
Message:../../../../Makefile.gcc:23: Warning: you're using an old version of msp430-gcc.
Message:../../../../Makefile.gcc:24: Upgrade to 4.7.x is recommended for extended memory support and bugfixes.
Message:make: 'border-router-client.exp5438' is up to date.
 INFO [main] (MspMote.java:235) - Loading firmware from: /home/drhakanaydin/6tisch-ng-sra-v17-50-60-node-update/6tisch-ng-sra-v17/6tisch-ng-sra/examples/tsch/rpl-udp/border-router-client/border-router-client.exp5438
 INFO [main] (MspMote.java:235) - Loading firmware from: /home/drhakanaydin/6tisch-ng-sra-v17-50-60-node-update/6tisch-ng-sra-v17/6tisch-ng-sra/examples/tsch/rpl-udp/border-router-client/border-router-client.exp5438
 INFO [main] (MspMote.java:235) - Loading firmware from: /home/drhakanaydin/6tisch-ng-sra-v17-50-60-node-update/6tisch-ng-sra-v17/6tisch-ng-sra/examples/tsch/rpl-udp/border-router-client/border-router-client.exp5438
 INFO [main] (MspMote.java:235) - Loading firmware from: /home/drhakanaydin/6tisch-ng-sra-v17-50-60-node-update/6tisch-ng-sra-v17/6tisch-ng-sra/examples/tsch/rpl-udp/border-router-client/border-router-client.exp5438
 INFO [main] (MspMote.java:235) - Loading firmware from: /home/drhakanaydin/6tisch-ng-sra-v17-50-60-node-update/6tisch-ng-sra-v17/6tisch-ng-sra/examples/tsch/rpl-udp/border-router-client/border-router-client.exp5438
 INFO [main] (MspMote.java:235) - Loading firmware from: /home/drhakanaydin/6tisch-ng-sra-v17-50-60-node-update/6tisch-ng-sra-v17/6tisch-ng-sra/examples/tsch/rpl-udp/border-router-client/border-router-client.exp5438
 INFO [main] (MspMote.java:235) - Loading firmware from: /home/drhakanaydin/6tisch-ng-sra-v17-50-60-node-update/6tisch-ng-sra-v17/6tisch-ng-sra/examples/tsch/rpl-udp/border-router-server/border-router-server.exp5438
 INFO [main] (MspMote.java:235) - Loading firmware from: /home/drhakanaydin/6tisch-ng-sra-v17-50-60-node-update/6tisch-ng-sra-v17/6tisch-ng-sra/examples/tsch/rpl-udp/border-router-client/border-router-client.exp5438
 INFO [main] (MspMote.java:235) - Loading firmware from: /home/drhakanaydin/6tisch-ng-sra-v17-50-60-node-update/6tisch-ng-sra-v17/6tisch-ng-sra/examples/tsch/rpl-udp/border-router-client/border-router-client.exp5438
 INFO [main] (MspMote.java:235) - Loading firmware from: /home/drhakanaydin/6tisch-ng-sra-v17-50-60-node-update/6tisch-ng-sra-v17/6tisch-ng-sra/examples/tsch/rpl-udp/border-router-client/border-router-client.exp5438
 INFO [main] (MspMote.java:235) - Loading firmware from: /home/drhakanaydin/6tisch-ng-sra-v17-50-60-node-update/6tisch-ng-sra-v17/6tisch-ng-sra/examples/tsch/rpl-udp/border-router-client/border-router-client.exp5438
 INFO [main] (MspMote.java:235) - Loading firmware from: /home/drhakanaydin/6tisch-ng-sra-v17-50-60-node-update/6tisch-ng-sra-v17/6tisch-ng-sra/examples/tsch/rpl-udp/border-router-client/border-router-client.exp5438
 INFO [main] (MspMote.java:235) - Loading firmware from: /home/drhakanaydin/6tisch-ng-sra-v17-50-60-node-update/6tisch-ng-sra-v17/6tisch-ng-sra/examples/tsch/rpl-udp/border-router-client/border-router-client.exp5438
 INFO [main] (MspMote.java:235) - Loading firmware from: /home/drhakanaydin/6tisch-ng-sra-v17-50-60-node-update/6tisch-ng-sra-v17/6tisch-ng-sra/examples/tsch/rpl-udp/border-router-client/border-router-client.exp5438
 INFO [main] (MspMote.java:235) - Loading firmware from: /home/drhakanaydin/6tisch-ng-sra-v17-50-60-node-update/6tisch-ng-sra-v17/6tisch-ng-sra/examples/tsch/rpl-udp/border-router-client/border-router-client.exp5438
 INFO [main] (MspMote.java:235) - Loading firmware from: /home/drhakanaydin/6tisch-ng-sra-v17-50-60-node-update/6tisch-ng-sra-v17/6tisch-ng-sra/examples/tsch/rpl-udp/border-router-client/border-router-client.exp5438
 INFO [main] (MspMote.java:235) - Loading firmware from: /home/drhakanaydin/6tisch-ng-sra-v17-50-60-node-update/6tisch-ng-sra-v17/6tisch-ng-sra/examples/tsch/rpl-udp/border-router-client/border-router-client.exp5438
 INFO [main] (MspMote.java:235) - Loading firmware from: /home/drhakanaydin/6tisch-ng-sra-v17-50-60-node-update/6tisch-ng-sra-v17/6tisch-ng-sra/examples/tsch/rpl-udp/border-router-client/border-router-client.exp5438
 INFO [main] (MspMote.java:235) - Loading firmware from: /home/drhakanaydin/6tisch-ng-sra-v17-50-60-node-update/6tisch-ng-sra-v17/6tisch-ng-sra/examples/tsch/rpl-udp/border-router-client/border-router-client.exp5438
 INFO [main] (MspMote.java:235) - Loading firmware from: /home/drhakanaydin/6tisch-ng-sra-v17-50-60-node-update/6tisch-ng-sra-v17/6tisch-ng-sra/examples/tsch/rpl-udp/border-router-client/border-router-client.exp5438
 INFO [main] (MspMote.java:235) - Loading firmware from: /home/drhakanaydin/6tisch-ng-sra-v17-50-60-node-update/6tisch-ng-sra-v17/6tisch-ng-sra/examples/tsch/rpl-udp/border-router-client/border-router-client.exp5438
 INFO [main] (MspMote.java:235) - Loading firmware from: /home/drhakanaydin/6tisch-ng-sra-v17-50-60-node-update/6tisch-ng-sra-v17/6tisch-ng-sra/examples/tsch/rpl-udp/border-router-client/border-router-client.exp5438
 INFO [main] (MspMote.java:235) - Loading firmware from: /home/drhakanaydin/6tisch-ng-sra-v17-50-60-node-update/6tisch-ng-sra-v17/6tisch-ng-sra/examples/tsch/rpl-udp/border-router-client/border-router-client.exp5438
 INFO [main] (MspMote.java:235) - Loading firmware from: /home/drhakanaydin/6tisch-ng-sra-v17-50-60-node-update/6tisch-ng-sra-v17/6tisch-ng-sra/examples/tsch/rpl-udp/border-router-client/border-router-client.exp5438
 INFO [main] (MspMote.java:235) - Loading firmware from: /home/drhakanaydin/6tisch-ng-sra-v17-50-60-node-update/6tisch-ng-sra-v17/6tisch-ng-sra/examples/tsch/rpl-udp/border-router-client/border-router-client.exp5438
 INFO [main] (MspMote.java:235) - Loading firmware from: /home/drhakanaydin/6tisch-ng-sra-v17-50-60-node-update/6tisch-ng-sra-v17/6tisch-ng-sra/examples/tsch/rpl-udp/border-router-client/border-router-client.exp5438
 INFO [main] (MspMote.java:235) - Loading firmware from: /home/drhakanaydin/6tisch-ng-sra-v17-50-60-node-update/6tisch-ng-sra-v17/6tisch-ng-sra/examples/tsch/rpl-udp/border-router-client/border-router-client.exp5438
 INFO [main] (MspMote.java:235) - Loading firmware from: /home/drhakanaydin/6tisch-ng-sra-v17-50-60-node-update/6tisch-ng-sra-v17/6tisch-ng-sra/examples/tsch/rpl-udp/border-router-client/border-router-client.exp5438
 INFO [main] (MspMote.java:235) - Loading firmware from: /home/drhakanaydin/6tisch-ng-sra-v17-50-60-node-update/6tisch-ng-sra-v17/6tisch-ng-sra/examples/tsch/rpl-udp/border-router-client/border-router-client.exp5438
 INFO [main] (MspMote.java:235) - Loading firmware from: /home/drhakanaydin/6tisch-ng-sra-v17-50-60-node-update/6tisch-ng-sra-v17/6tisch-ng-sra/examples/tsch/rpl-udp/border-router-client/border-router-client.exp5438
 INFO [main] (MspMote.java:235) - Loading firmware from: /home/drhakanaydin/6tisch-ng-sra-v17-50-60-node-update/6tisch-ng-sra-v17/6tisch-ng-sra/examples/tsch/rpl-udp/border-router-client/border-router-client.exp5438
 INFO [main] (MspMote.java:235) - Loading firmware from: /home/drhakanaydin/6tisch-ng-sra-v17-50-60-node-update/6tisch-ng-sra-v17/6tisch-ng-sra/examples/tsch/rpl-udp/border-router-client/border-router-client.exp5438
 INFO [main] (MspMote.java:235) - Loading firmware from: /home/drhakanaydin/6tisch-ng-sra-v17-50-60-node-update/6tisch-ng-sra-v17/6tisch-ng-sra/examples/tsch/rpl-udp/border-router-client/border-router-client.exp5438
 INFO [main] (MspMote.java:235) - Loading firmware from: /home/drhakanaydin/6tisch-ng-sra-v17-50-60-node-update/6tisch-ng-sra-v17/6tisch-ng-sra/examples/tsch/rpl-udp/border-router-client/border-router-client.exp5438
 INFO [main] (MspMote.java:235) - Loading firmware from: /home/drhakanaydin/6tisch-ng-sra-v17-50-60-node-update/6tisch-ng-sra-v17/6tisch-ng-sra/examples/tsch/rpl-udp/border-router-client/border-router-client.exp5438
 INFO [main] (MspMote.java:235) - Loading firmware from: /home/drhakanaydin/6tisch-ng-sra-v17-50-60-node-update/6tisch-ng-sra-v17/6tisch-ng-sra/examples/tsch/rpl-udp/border-router-client/border-router-client.exp5438
 INFO [main] (MspMote.java:235) - Loading firmware from: /home/drhakanaydin/6tisch-ng-sra-v17-50-60-node-update/6tisch-ng-sra-v17/6tisch-ng-sra/examples/tsch/rpl-udp/border-router-client/border-router-client.exp5438
 INFO [main] (MspMote.java:235) - Loading firmware from: /home/drhakanaydin/6tisch-ng-sra-v17-50-60-node-update/6tisch-ng-sra-v17/6tisch-ng-sra/examples/tsch/rpl-udp/border-router-client/border-router-client.exp5438
 INFO [main] (MspMote.java:235) - Loading firmware from: /home/drhakanaydin/6tisch-ng-sra-v17-50-60-node-update/6tisch-ng-sra-v17/6tisch-ng-sra/examples/tsch/rpl-udp/border-router-client/border-router-client.exp5438
 INFO [main] (MspMote.java:235) - Loading firmware from: /home/drhakanaydin/6tisch-ng-sra-v17-50-60-node-update/6tisch-ng-sra-v17/6tisch-ng-sra/examples/tsch/rpl-udp/border-router-client/border-router-client.exp5438
 INFO [main] (MspMote.java:235) - Loading firmware from: /home/drhakanaydin/6tisch-ng-sra-v17-50-60-node-update/6tisch-ng-sra-v17/6tisch-ng-sra/examples/tsch/rpl-udp/border-router-client/border-router-client.exp5438
 INFO [main] (MspMote.java:235) - Loading firmware from: /home/drhakanaydin/6tisch-ng-sra-v17-50-60-node-update/6tisch-ng-sra-v17/6tisch-ng-sra/examples/tsch/rpl-udp/border-router-client/border-router-client.exp5438
 INFO [main] (MspMote.java:235) - Loading firmware from: /home/drhakanaydin/6tisch-ng-sra-v17-50-60-node-update/6tisch-ng-sra-v17/6tisch-ng-sra/examples/tsch/rpl-udp/border-router-client/border-router-client.exp5438
 INFO [main] (MspMote.java:235) - Loading firmware from: /home/drhakanaydin/6tisch-ng-sra-v17-50-60-node-update/6tisch-ng-sra-v17/6tisch-ng-sra/examples/tsch/rpl-udp/border-router-client/border-router-client.exp5438
 INFO [main] (MspMote.java:235) - Loading firmware from: /home/drhakanaydin/6tisch-ng-sra-v17-50-60-node-update/6tisch-ng-sra-v17/6tisch-ng-sra/examples/tsch/rpl-udp/border-router-client/border-router-client.exp5438
 INFO [main] (MspMote.java:235) - Loading firmware from: /home/drhakanaydin/6tisch-ng-sra-v17-50-60-node-update/6tisch-ng-sra-v17/6tisch-ng-sra/examples/tsch/rpl-udp/border-router-client/border-router-client.exp5438
 INFO [main] (MspMote.java:235) - Loading firmware from: /home/drhakanaydin/6tisch-ng-sra-v17-50-60-node-update/6tisch-ng-sra-v17/6tisch-ng-sra/examples/tsch/rpl-udp/border-router-client/border-router-client.exp5438
 INFO [main] (MspMote.java:235) - Loading firmware from: /home/drhakanaydin/6tisch-ng-sra-v17-50-60-node-update/6tisch-ng-sra-v17/6tisch-ng-sra/examples/tsch/rpl-udp/border-router-client/border-router-client.exp5438
 INFO [main] (MspMote.java:235) - Loading firmware from: /home/drhakanaydin/6tisch-ng-sra-v17-50-60-node-update/6tisch-ng-sra-v17/6tisch-ng-sra/examples/tsch/rpl-udp/border-router-client/border-router-client.exp5438
 INFO [main] (MspMote.java:235) - Loading firmware from: /home/drhakanaydin/6tisch-ng-sra-v17-50-60-node-update/6tisch-ng-sra-v17/6tisch-ng-sra/examples/tsch/rpl-udp/border-router-client/border-router-client.exp5438
 INFO [main] (MspMote.java:235) - Loading firmware from: /home/drhakanaydin/6tisch-ng-sra-v17-50-60-node-update/6tisch-ng-sra-v17/6tisch-ng-sra/examples/tsch/rpl-udp/border-router-client/border-router-client.exp5438
 INFO [main] (MspMote.java:235) - Loading firmware from: /home/drhakanaydin/6tisch-ng-sra-v17-50-60-node-update/6tisch-ng-sra-v17/6tisch-ng-sra/examples/tsch/rpl-udp/border-router-client/border-router-client.exp5438
 INFO [main] (MspMote.java:235) - Loading firmware from: /home/drhakanaydin/6tisch-ng-sra-v17-50-60-node-update/6tisch-ng-sra-v17/6tisch-ng-sra/examples/tsch/rpl-udp/border-router-client/border-router-client.exp5438
 INFO [main] (MspMote.java:235) - Loading firmware from: /home/drhakanaydin/6tisch-ng-sra-v17-50-60-node-update/6tisch-ng-sra-v17/6tisch-ng-sra/examples/tsch/rpl-udp/border-router-client/border-router-client.exp5438
 INFO [main] (MspMote.java:235) - Loading firmware from: /home/drhakanaydin/6tisch-ng-sra-v17-50-60-node-update/6tisch-ng-sra-v17/6tisch-ng-sra/examples/tsch/rpl-udp/border-router-client/border-router-client.exp5438
 INFO [main] (MspMote.java:235) - Loading firmware from: /home/drhakanaydin/6tisch-ng-sra-v17-50-60-node-update/6tisch-ng-sra-v17/6tisch-ng-sra/examples/tsch/rpl-udp/border-router-client/border-router-client.exp5438
 INFO [main] (MspMote.java:235) - Loading firmware from: /home/drhakanaydin/6tisch-ng-sra-v17-50-60-node-update/6tisch-ng-sra-v17/6tisch-ng-sra/examples/tsch/rpl-udp/border-router-client/border-router-client.exp5438
 INFO [main] (MspMote.java:235) - Loading firmware from: /home/drhakanaydin/6tisch-ng-sra-v17-50-60-node-update/6tisch-ng-sra-v17/6tisch-ng-sra/examples/tsch/rpl-udp/border-router-client/border-router-client.exp5438
 INFO [main] (MspMote.java:235) - Loading firmware from: /home/drhakanaydin/6tisch-ng-sra-v17-50-60-node-update/6tisch-ng-sra-v17/6tisch-ng-sra/examples/tsch/rpl-udp/border-router-client/border-router-client.exp5438
 INFO [main] (MspMote.java:235) - Loading firmware from: /home/drhakanaydin/6tisch-ng-sra-v17-50-60-node-update/6tisch-ng-sra-v17/6tisch-ng-sra/examples/tsch/rpl-udp/border-router-client/border-router-client.exp5438
 INFO [main] (MspMote.java:235) - Loading firmware from: /home/drhakanaydin/6tisch-ng-sra-v17-50-60-node-update/6tisch-ng-sra-v17/6tisch-ng-sra/examples/tsch/rpl-udp/border-router-client/border-router-client.exp5438
 INFO [main] (Cooja.java:1782) - Visualized plugin was not started: class org.contikios.cooja.plugins.SimControl
 INFO [main] (Cooja.java:1782) - Visualized plugin was not started: class org.contikios.cooja.plugins.Visualizer
 INFO [main] (Cooja.java:1782) - Visualized plugin was not started: class org.contikios.cooja.plugins.LogListener
 INFO [main] (Cooja.java:1782) - Visualized plugin was not started: class org.contikios.cooja.plugins.TimeLine
 INFO [main] (ScriptRunner.java:438) - Test script deactivated
 INFO [main] (LogScriptEngine.java:265) - Script timeout in 3800000 ms
 INFO [main] (ScriptRunner.java:395) - Test script activated
 INFO [Thread-2] (Simulation.java:253) - Simulation main loop started, system time: 1790436926752
 INFO [main] (Mobility.java:84) - Mobility plugin started at (ms): 185
 INFO [main] (Mobility.java:116) - Parsing position file: /home/drhakanaydin/6tisch-ng-sra-v17-50-60-node-update/6tisch-ng-sra-v17/6tisch-ng-sra/tools/cooja/apps/mobility/grid60node_high.dat
 INFO [main] (Mobility.java:141) - Loaded 3601 positions
 INFO [Thread-2] (LogScriptEngine.java:389) - Test script at 5.00%, done in 8549.4 sec
Watchdog: illegal write to WDTCTL (0) from $103ca - reset!!!!
Stack Trace: number of calls: 5 PC: $103ca
  watchdog_reboot (packetbuf.c) called from PC: $24d44 (elapsed: 5)
  restart_time_synchronisation (packetbuf.c) called from PC: $15abe (elapsed: 30453)
  process_thread_foure_timesynch_process (local in 4emac-timesynch.c) called from PC: $12738 (elapsed: 945018)
  call_process (local in process.c) called from PC: $1291c (elapsed: 945055)
  process_run (packetbuf.c) called from PC: $05edc (elapsed: 948466)
 WARN [Thread-2] (MspMote.java:229) - 34: # Watchdog[EXECUTION]: illegal write to WDTCTL (0) from $103ca - reset!!!!
 INFO [Thread-2] (LogScriptEngine.java:389) - Test script at 10.00%, done in 8835.9 sec
Watchdog: illegal write to WDTCTL (0) from $103ca - reset!!!!
Stack Trace: number of calls: 5 PC: $103ca
  watchdog_reboot (packetbuf.c) called from PC: $24d44 (elapsed: 5)
  restart_time_synchronisation (packetbuf.c) called from PC: $15abe (elapsed: 30447)
  process_thread_foure_timesynch_process (local in 4emac-timesynch.c) called from PC: $12738 (elapsed: 1005437)
  call_process (local in process.c) called from PC: $1291c (elapsed: 1005474)
  process_run (packetbuf.c) called from PC: $05edc (elapsed: 1008807)
 WARN [Thread-2] (MspMote.java:229) - 26: # Watchdog[EXECUTION]: illegal write to WDTCTL (0) from $103ca - reset!!!!
Watchdog: illegal write to WDTCTL (0) from $103ca - reset!!!!
Stack Trace: number of calls: 5 PC: $103ca
  watchdog_reboot (packetbuf.c) called from PC: $24d44 (elapsed: 5)
  restart_time_synchronisation (packetbuf.c) called from PC: $15abe (elapsed: 30452)
  process_thread_foure_timesynch_process (local in 4emac-timesynch.c) called from PC: $12738 (elapsed: 804446)
  call_process (local in process.c) called from PC: $1291c (elapsed: 804483)
  process_run (packetbuf.c) called from PC: $05edc (elapsed: 807947)
 WARN [Thread-2] (MspMote.java:229) - 8: # Watchdog[EXECUTION]: illegal write to WDTCTL (0) from $103ca - reset!!!!
Watchdog: illegal write to WDTCTL (0) from $103ca - reset!!!!
Stack Trace: number of calls: 5 PC: $103ca
  watchdog_reboot (packetbuf.c) called from PC: $24d44 (elapsed: 5)
  restart_time_synchronisation (packetbuf.c) called from PC: $15abe (elapsed: 30452)
  process_thread_foure_timesynch_process (local in 4emac-timesynch.c) called from PC: $12738 (elapsed: 1087702)
  call_process (local in process.c) called from PC: $1291c (elapsed: 1087739)
  process_run (packetbuf.c) called from PC: $05edc (elapsed: 1090933)
 WARN [Thread-2] (MspMote.java:229) - 32: # Watchdog[EXECUTION]: illegal write to WDTCTL (0) from $103ca - reset!!!!
Watchdog: illegal write to WDTCTL (0) from $103ca - reset!!!!
Stack Trace: number of calls: 5 PC: $103ca
  watchdog_reboot (packetbuf.c) called from PC: $24d44 (elapsed: 5)
  restart_time_synchronisation (packetbuf.c) called from PC: $15abe (elapsed: 30447)
  process_thread_foure_timesynch_process (local in 4emac-timesynch.c) called from PC: $12738 (elapsed: 637772)
  call_process (local in process.c) called from PC: $1291c (elapsed: 637809)
  process_run (packetbuf.c) called from PC: $05edc (elapsed: 640924)
 WARN [Thread-2] (MspMote.java:229) - 51: # Watchdog[EXECUTION]: illegal write to WDTCTL (0) from $103ca - reset!!!!
Watchdog: illegal write to WDTCTL (0) from $103ca - reset!!!!
Stack Trace: number of calls: 5 PC: $103ca
  watchdog_reboot (packetbuf.c) called from PC: $24d44 (elapsed: 5)
  restart_time_synchronisation (packetbuf.c) called from PC: $15abe (elapsed: 30453)
  process_thread_foure_timesynch_process (local in 4emac-timesynch.c) called from PC: $12738 (elapsed: 809568)
  call_process (local in process.c) called from PC: $1291c (elapsed: 809605)
  process_run (packetbuf.c) called from PC: $05edc (elapsed: 813253)
 WARN [Thread-2] (MspMote.java:229) - 26: # Watchdog[EXECUTION]: illegal write to WDTCTL (0) from $103ca - reset!!!!
Watchdog: illegal write to WDTCTL (0) from $103ca - reset!!!!
Stack Trace: number of calls: 5 PC: $103ca
  watchdog_reboot (packetbuf.c) called from PC: $24d44 (elapsed: 5)
  restart_time_synchronisation (packetbuf.c) called from PC: $15abe (elapsed: 30453)
  process_thread_foure_timesynch_process (local in 4emac-timesynch.c) called from PC: $12738 (elapsed: 811981)
  call_process (local in process.c) called from PC: $1291c (elapsed: 812018)
  process_run (packetbuf.c) called from PC: $05edc (elapsed: 815295)
 WARN [Thread-2] (MspMote.java:229) - 46: # Watchdog[EXECUTION]: illegal write to WDTCTL (0) from $103ca - reset!!!!
Watchdog: illegal write to WDTCTL (0) from $103ca - reset!!!!
Stack Trace: number of calls: 5 PC: $103ca
  watchdog_reboot (packetbuf.c) called from PC: $24d44 (elapsed: 5)
  restart_time_synchronisation (packetbuf.c) called from PC: $15abe (elapsed: 30453)
  process_thread_foure_timesynch_process (local in 4emac-timesynch.c) called from PC: $12738 (elapsed: 707615)
  call_process (local in process.c) called from PC: $1291c (elapsed: 707652)
  process_run (packetbuf.c) called from PC: $05edc (elapsed: 710773)
 WARN [Thread-2] (MspMote.java:229) - 53: # Watchdog[EXECUTION]: illegal write to WDTCTL (0) from $103ca - reset!!!!
 INFO [Thread-2] (LogScriptEngine.java:389) - Test script at 15.00%, done in 9451.9 sec
Watchdog: illegal write to WDTCTL (0) from $103ca - reset!!!!
Stack Trace: number of calls: 5 PC: $103ca
  watchdog_reboot (packetbuf.c) called from PC: $24d44 (elapsed: 5)
  restart_time_synchronisation (packetbuf.c) called from PC: $15abe (elapsed: 30447)
  process_thread_foure_timesynch_process (local in 4emac-timesynch.c) called from PC: $12738 (elapsed: 1121646)
  call_process (local in process.c) called from PC: $1291c (elapsed: 1121683)
  process_run (packetbuf.c) called from PC: $05edc (elapsed: 1124964)
 WARN [Thread-2] (MspMote.java:229) - 33: # Watchdog[EXECUTION]: illegal write to WDTCTL (0) from $103ca - reset!!!!
Watchdog: illegal write to WDTCTL (0) from $103ca - reset!!!!
Stack Trace: number of calls: 5 PC: $103ca
  watchdog_reboot (packetbuf.c) called from PC: $24d44 (elapsed: 5)
  restart_time_synchronisation (packetbuf.c) called from PC: $15abe (elapsed: 43849)
  process_thread_foure_timesynch_process (local in 4emac-timesynch.c) called from PC: $12738 (elapsed: 928933)
  call_process (local in process.c) called from PC: $1291c (elapsed: 928970)
  process_run (packetbuf.c) called from PC: $05edc (elapsed: 932251)
 WARN [Thread-2] (MspMote.java:229) - 39: # Watchdog[EXECUTION]: illegal write to WDTCTL (0) from $103ca - reset!!!!
Watchdog: illegal write to WDTCTL (0) from $103ca - reset!!!!
Stack Trace: number of calls: 5 PC: $103ca
  watchdog_reboot (packetbuf.c) called from PC: $24d44 (elapsed: 5)
  restart_time_synchronisation (packetbuf.c) called from PC: $15abe (elapsed: 30452)
  process_thread_foure_timesynch_process (local in 4emac-timesynch.c) called from PC: $12738 (elapsed: 1420591)
  call_process (local in process.c) called from PC: $1291c (elapsed: 1420628)
  process_run (packetbuf.c) called from PC: $05edc (elapsed: 1423749)
 WARN [Thread-2] (MspMote.java:229) - 44: # Watchdog[EXECUTION]: illegal write to WDTCTL (0) from $103ca - reset!!!!
Watchdog: illegal write to WDTCTL (0) from $103ca - reset!!!!
Stack Trace: number of calls: 5 PC: $103ca
  watchdog_reboot (packetbuf.c) called from PC: $24d44 (elapsed: 5)
  restart_time_synchronisation (packetbuf.c) called from PC: $15abe (elapsed: 30452)
  process_thread_foure_timesynch_process (local in 4emac-timesynch.c) called from PC: $12738 (elapsed: 1222549)
  call_process (local in process.c) called from PC: $1291c (elapsed: 1222586)
  process_run (packetbuf.c) called from PC: $05edc (elapsed: 1225975)
 WARN [Thread-2] (MspMote.java:229) - 50: # Watchdog[EXECUTION]: illegal write to WDTCTL (0) from $103ca - reset!!!!
Watchdog: illegal write to WDTCTL (0) from $103ca - reset!!!!
Stack Trace: number of calls: 5 PC: $103ca
  watchdog_reboot (packetbuf.c) called from PC: $24d44 (elapsed: 5)
  restart_time_synchronisation (packetbuf.c) called from PC: $15abe (elapsed: 30452)
  process_thread_foure_timesynch_process (local in 4emac-timesynch.c) called from PC: $12738 (elapsed: 1230081)
  call_process (local in process.c) called from PC: $1291c (elapsed: 1230118)
  process_run (packetbuf.c) called from PC: $05edc (elapsed: 1233241)
 WARN [Thread-2] (MspMote.java:229) - 54: # Watchdog[EXECUTION]: illegal write to WDTCTL (0) from $103ca - reset!!!!
Watchdog: illegal write to WDTCTL (0) from $103ca - reset!!!!
Stack Trace: number of calls: 5 PC: $103ca
  watchdog_reboot (packetbuf.c) called from PC: $24d44 (elapsed: 5)
  restart_time_synchronisation (packetbuf.c) called from PC: $15abe (elapsed: 30452)
  process_thread_foure_timesynch_process (local in 4emac-timesynch.c) called from PC: $12738 (elapsed: 983257)
  call_process (local in process.c) called from PC: $1291c (elapsed: 983294)
  process_run (packetbuf.c) called from PC: $05edc (elapsed: 986415)
 WARN [Thread-2] (MspMote.java:229) - 58: # Watchdog[EXECUTION]: illegal write to WDTCTL (0) from $103ca - reset!!!!
Watchdog: illegal write to WDTCTL (0) from $103ca - reset!!!!
Stack Trace: number of calls: 5 PC: $103ca
  watchdog_reboot (packetbuf.c) called from PC: $24d44 (elapsed: 5)
  restart_time_synchronisation (packetbuf.c) called from PC: $15abe (elapsed: 30452)
  process_thread_foure_timesynch_process (local in 4emac-timesynch.c) called from PC: $12738 (elapsed: 1224309)
  call_process (local in process.c) called from PC: $1291c (elapsed: 1224346)
  process_run (packetbuf.c) called from PC: $05edc (elapsed: 1227546)
 WARN [Thread-2] (MspMote.java:229) - 60: # Watchdog[EXECUTION]: illegal write to WDTCTL (0) from $103ca - reset!!!!
Watchdog: illegal write to WDTCTL (0) from $103ca - reset!!!!
Stack Trace: number of calls: 5 PC: $103ca
  watchdog_reboot (packetbuf.c) called from PC: $24d44 (elapsed: 5)
  restart_time_synchronisation (packetbuf.c) called from PC: $15abe (elapsed: 30453)
  process_thread_foure_timesynch_process (local in 4emac-timesynch.c) called from PC: $12738 (elapsed: 1251615)
  call_process (local in process.c) called from PC: $1291c (elapsed: 1251652)
  process_run (packetbuf.c) called from PC: $05edc (elapsed: 1254775)
 WARN [Thread-2] (MspMote.java:229) - 61: # Watchdog[EXECUTION]: illegal write to WDTCTL (0) from $103ca - reset!!!!
Watchdog: illegal write to WDTCTL (0) from $103ca - reset!!!!
Stack Trace: number of calls: 5 PC: $103ca
  watchdog_reboot (packetbuf.c) called from PC: $24d44 (elapsed: 5)
  restart_time_synchronisation (packetbuf.c) called from PC: $15abe (elapsed: 30447)
  process_thread_foure_timesynch_process (local in 4emac-timesynch.c) called from PC: $12738 (elapsed: 954081)
  call_process (local in process.c) called from PC: $1291c (elapsed: 954118)
  process_run (packetbuf.c) called from PC: $05edc (elapsed: 957399)
 WARN [Thread-2] (MspMote.java:229) - 45: # Watchdog[EXECUTION]: illegal write to WDTCTL (0) from $103ca - reset!!!!
Watchdog: illegal write to WDTCTL (0) from $103ca - reset!!!!
Stack Trace: number of calls: 5 PC: $103ca
  watchdog_reboot (packetbuf.c) called from PC: $24d44 (elapsed: 5)
  restart_time_synchronisation (packetbuf.c) called from PC: $15abe (elapsed: 30452)
  process_thread_foure_timesynch_process (local in 4emac-timesynch.c) called from PC: $12738 (elapsed: 971482)
  call_process (local in process.c) called from PC: $1291c (elapsed: 971519)
  process_run (packetbuf.c) called from PC: $05edc (elapsed: 974862)
 WARN [Thread-2] (MspMote.java:229) - 56: # Watchdog[EXECUTION]: illegal write to WDTCTL (0) from $103ca - reset!!!!
Watchdog: illegal write to WDTCTL (0) from $103ca - reset!!!!
Stack Trace: number of calls: 5 PC: $103ca
  watchdog_reboot (packetbuf.c) called from PC: $24d44 (elapsed: 5)
  restart_time_synchronisation (packetbuf.c) called from PC: $15abe (elapsed: 31364)
  process_thread_foure_timesynch_process (local in 4emac-timesynch.c) called from PC: $12738 (elapsed: 185438)
  call_process (local in process.c) called from PC: $1291c (elapsed: 185475)
  process_run (packetbuf.c) called from PC: $05edc (elapsed: 187878)
 WARN [Thread-2] (MspMote.java:229) - 45: # Watchdog[EXECUTION]: illegal write to WDTCTL (0) from $103ca - reset!!!!
 INFO [Thread-2] (LogScriptEngine.java:389) - Test script at 20.00%, done in 9790.7 sec
 INFO [Thread-2] (LogScriptEngine.java:389) - Test script at 25.00%, done in 10558.0 sec
Watchdog: illegal write to WDTCTL (0) from $103ca - reset!!!!
Stack Trace: number of calls: 5 PC: $103ca
  watchdog_reboot (packetbuf.c) called from PC: $24d44 (elapsed: 5)
  restart_time_synchronisation (packetbuf.c) called from PC: $15abe (elapsed: 64577)
  process_thread_foure_timesynch_process (local in 4emac-timesynch.c) called from PC: $12738 (elapsed: 1301399)
  call_process (local in process.c) called from PC: $1291c (elapsed: 1301436)
  process_run (packetbuf.c) called from PC: $05edc (elapsed: 1304876)
 WARN [Thread-2] (MspMote.java:229) - 25: # Watchdog[EXECUTION]: illegal write to WDTCTL (0) from $103ca - reset!!!!
Watchdog: illegal write to WDTCTL (0) from $103ca - reset!!!!
Stack Trace: number of calls: 5 PC: $103ca
  watchdog_reboot (packetbuf.c) called from PC: $24d44 (elapsed: 5)
  restart_time_synchronisation (packetbuf.c) called from PC: $15abe (elapsed: 66338)
  process_thread_foure_timesynch_process (local in 4emac-timesynch.c) called from PC: $12738 (elapsed: 1393915)
  call_process (local in process.c) called from PC: $1291c (elapsed: 1393952)
  process_run (packetbuf.c) called from PC: $05edc (elapsed: 1397249)
 WARN [Thread-2] (MspMote.java:229) - 45: # Watchdog[EXECUTION]: illegal write to WDTCTL (0) from $103ca - reset!!!!
Watchdog: illegal write to WDTCTL (0) from $103ca - reset!!!!
Stack Trace: number of calls: 5 PC: $103ca
  watchdog_reboot (packetbuf.c) called from PC: $24d44 (elapsed: 5)
  restart_time_synchronisation (packetbuf.c) called from PC: $15abe (elapsed: 34110)
  process_thread_foure_timesynch_process (local in 4emac-timesynch.c) called from PC: $12738 (elapsed: 917661)
  call_process (local in process.c) called from PC: $1291c (elapsed: 917698)
  process_run (packetbuf.c) called from PC: $05edc (elapsed: 921118)
 WARN [Thread-2] (MspMote.java:229) - 34: # Watchdog[EXECUTION]: illegal write to WDTCTL (0) from $103ca - reset!!!!
 INFO [Thread-2] (LogScriptEngine.java:389) - Test script at 30.00%, done in 11036.2 sec
 INFO [Thread-2] (LogScriptEngine.java:389) - Test script at 35.00%, done in 11095.6 sec
 INFO [Thread-2] (LogScriptEngine.java:389) - Test script at 40.00%, done in 11115.9 sec
Watchdog: illegal write to WDTCTL (0) from $103ca - reset!!!!
Stack Trace: number of calls: 11 PC: $103ca
  watchdog_reboot (packetbuf.c) called from PC: $24d44 (elapsed: 5)
  restart_time_synchronisation (packetbuf.c) called from PC: $14fba (elapsed: 31371)
  foure_timesynch_parent_switch_callback (packetbuf.c) called from PC: $1ea70 (elapsed: 69452)
  rpl_set_preferred_parent (local in rpl-dag.c) called from PC: $1f0a0 (elapsed: 172602)
  rpl_nullify_parent (packetbuf.c) called from PC: $1fd3a (elapsed: 408464)
  rpl_process_parent_event (packetbuf.c) called from PC: $1fdd2 (elapsed: 565584)
  rpl_recalculate_ranks (packetbuf.c) called from PC: $2383a (elapsed: 569733)
  handle_periodic_timer (local in rpl-timers.c) called from PC: $1219c (elapsed: 570850)
  process_thread_ctimer_process (local in ctimer.c) called from PC: $12738 (elapsed: 571051)
  call_process (local in process.c) called from PC: $1291c (elapsed: 571088)
  process_run (packetbuf.c) called from PC: $05edc (elapsed: 574587)
 WARN [Thread-2] (MspMote.java:229) - 19: # Watchdog[EXECUTION]: illegal write to WDTCTL (0) from $103ca - reset!!!!
Watchdog: illegal write to WDTCTL (0) from $103ca - reset!!!!
Stack Trace: number of calls: 5 PC: $103ca
  watchdog_reboot (packetbuf.c) called from PC: $24d44 (elapsed: 5)
  restart_time_synchronisation (packetbuf.c) called from PC: $15abe (elapsed: 30447)
  process_thread_foure_timesynch_process (local in 4emac-timesynch.c) called from PC: $12738 (elapsed: 1389402)
  call_process (local in process.c) called from PC: $1291c (elapsed: 1389439)
  process_run (packetbuf.c) called from PC: $05edc (elapsed: 1392560)
 WARN [Thread-2] (MspMote.java:229) - 13: # Watchdog[EXECUTION]: illegal write to WDTCTL (0) from $103ca - reset!!!!
Watchdog: illegal write to WDTCTL (0) from $103ca - reset!!!!
Stack Trace: number of calls: 5 PC: $103ca
  watchdog_reboot (packetbuf.c) called from PC: $24d44 (elapsed: 5)
  restart_time_synchronisation (packetbuf.c) called from PC: $15abe (elapsed: 30453)
  process_thread_foure_timesynch_process (local in 4emac-timesynch.c) called from PC: $12738 (elapsed: 1559237)
  call_process (local in process.c) called from PC: $1291c (elapsed: 1559274)
  process_run (packetbuf.c) called from PC: $05edc (elapsed: 1562534)
 WARN [Thread-2] (MspMote.java:229) - 24: # Watchdog[EXECUTION]: illegal write to WDTCTL (0) from $103ca - reset!!!!
Watchdog: illegal write to WDTCTL (0) from $103ca - reset!!!!
Stack Trace: number of calls: 11 PC: $103ca
  watchdog_reboot (packetbuf.c) called from PC: $24d44 (elapsed: 5)
  restart_time_synchronisation (packetbuf.c) called from PC: $14fba (elapsed: 36426)
  foure_timesynch_parent_switch_callback (packetbuf.c) called from PC: $1ea70 (elapsed: 74507)
  rpl_set_preferred_parent (local in rpl-dag.c) called from PC: $1f0a0 (elapsed: 199874)
  rpl_nullify_parent (packetbuf.c) called from PC: $1fd3a (elapsed: 416251)
  rpl_process_parent_event (packetbuf.c) called from PC: $1fdd2 (elapsed: 510666)
  rpl_recalculate_ranks (packetbuf.c) called from PC: $2383a (elapsed: 511710)
  handle_periodic_timer (local in rpl-timers.c) called from PC: $1219c (elapsed: 512657)
  process_thread_ctimer_process (local in ctimer.c) called from PC: $12738 (elapsed: 512858)
  call_process (local in process.c) called from PC: $1291c (elapsed: 512895)
  process_run (packetbuf.c) called from PC: $05edc (elapsed: 549450)
 WARN [Thread-2] (MspMote.java:229) - 31: # Watchdog[EXECUTION]: illegal write to WDTCTL (0) from $103ca - reset!!!!
Watchdog: illegal write to WDTCTL (0) from $103ca - reset!!!!
Stack Trace: number of calls: 5 PC: $103ca
  watchdog_reboot (packetbuf.c) called from PC: $24d44 (elapsed: 5)
  restart_time_synchronisation (packetbuf.c) called from PC: $15abe (elapsed: 30452)
  process_thread_foure_timesynch_process (local in 4emac-timesynch.c) called from PC: $12738 (elapsed: 1226273)
  call_process (local in process.c) called from PC: $1291c (elapsed: 1226310)
  process_run (packetbuf.c) called from PC: $05edc (elapsed: 1229800)
 WARN [Thread-2] (MspMote.java:229) - 46: # Watchdog[EXECUTION]: illegal write to WDTCTL (0) from $103ca - reset!!!!
Watchdog: illegal write to WDTCTL (0) from $103ca - reset!!!!
Stack Trace: number of calls: 5 PC: $103ca
  watchdog_reboot (packetbuf.c) called from PC: $24d44 (elapsed: 5)
  restart_time_synchronisation (packetbuf.c) called from PC: $15abe (elapsed: 30447)
  process_thread_foure_timesynch_process (local in 4emac-timesynch.c) called from PC: $12738 (elapsed: 1390949)
  call_process (local in process.c) called from PC: $1291c (elapsed: 1390986)
  process_run (packetbuf.c) called from PC: $05edc (elapsed: 1394431)
 WARN [Thread-2] (MspMote.java:229) - 25: # Watchdog[EXECUTION]: illegal write to WDTCTL (0) from $103ca - reset!!!!
Watchdog: illegal write to WDTCTL (0) from $103ca - reset!!!!
Stack Trace: number of calls: 5 PC: $103ca
  watchdog_reboot (packetbuf.c) called from PC: $24d44 (elapsed: 5)
  restart_time_synchronisation (packetbuf.c) called from PC: $15abe (elapsed: 30452)
  process_thread_foure_timesynch_process (local in 4emac-timesynch.c) called from PC: $12738 (elapsed: 1416125)
  call_process (local in process.c) called from PC: $1291c (elapsed: 1416162)
  process_run (packetbuf.c) called from PC: $05edc (elapsed: 1419441)
 WARN [Thread-2] (MspMote.java:229) - 6: # Watchdog[EXECUTION]: illegal write to WDTCTL (0) from $103ca - reset!!!!
Watchdog: illegal write to WDTCTL (0) from $103ca - reset!!!!
Stack Trace: number of calls: 5 PC: $103ca
  watchdog_reboot (packetbuf.c) called from PC: $24d44 (elapsed: 5)
  restart_time_synchronisation (packetbuf.c) called from PC: $15abe (elapsed: 30453)
  process_thread_foure_timesynch_process (local in 4emac-timesynch.c) called from PC: $12738 (elapsed: 1376624)
  call_process (local in process.c) called from PC: $1291c (elapsed: 1376661)
  process_run (packetbuf.c) called from PC: $05edc (elapsed: 1379908)
 WARN [Thread-2] (MspMote.java:229) - 39: # Watchdog[EXECUTION]: illegal write to WDTCTL (0) from $103ca - reset!!!!
Watchdog: illegal write to WDTCTL (0) from $103ca - reset!!!!
Stack Trace: number of calls: 5 PC: $103ca
  watchdog_reboot (packetbuf.c) called from PC: $24d44 (elapsed: 5)
  restart_time_synchronisation (packetbuf.c) called from PC: $15abe (elapsed: 30452)
  process_thread_foure_timesynch_process (local in 4emac-timesynch.c) called from PC: $12738 (elapsed: 2109202)
  call_process (local in process.c) called from PC: $1291c (elapsed: 2109239)
  process_run (packetbuf.c) called from PC: $05edc (elapsed: 2112364)
 WARN [Thread-2] (MspMote.java:229) - 35: # Watchdog[EXECUTION]: illegal write to WDTCTL (0) from $103ca - reset!!!!
Watchdog: illegal write to WDTCTL (0) from $103ca - reset!!!!
Stack Trace: number of calls: 5 PC: $103ca
  watchdog_reboot (packetbuf.c) called from PC: $24d44 (elapsed: 5)
  restart_time_synchronisation (packetbuf.c) called from PC: $15abe (elapsed: 30453)
  process_thread_foure_timesynch_process (local in 4emac-timesynch.c) called from PC: $12738 (elapsed: 1434917)
  call_process (local in process.c) called from PC: $1291c (elapsed: 1434954)
  process_run (packetbuf.c) called from PC: $05edc (elapsed: 1438156)
 WARN [Thread-2] (MspMote.java:229) - 37: # Watchdog[EXECUTION]: illegal write to WDTCTL (0) from $103ca - reset!!!!
 INFO [Thread-2] (LogScriptEngine.java:389) - Test script at 45.00%, done in 10520.2 sec
Watchdog: illegal write to WDTCTL (0) from $103ca - reset!!!!
Stack Trace: number of calls: 5 PC: $103ca
  watchdog_reboot (packetbuf.c) called from PC: $24d44 (elapsed: 5)
  restart_time_synchronisation (packetbuf.c) called from PC: $15abe (elapsed: 64961)
  process_thread_foure_timesynch_process (local in 4emac-timesynch.c) called from PC: $12738 (elapsed: 1519828)
  call_process (local in process.c) called from PC: $1291c (elapsed: 1519865)
  process_run (packetbuf.c) called from PC: $05edc (elapsed: 1524039)
 WARN [Thread-2] (MspMote.java:229) - 5: # Watchdog[EXECUTION]: illegal write to WDTCTL (0) from $103ca - reset!!!!
Watchdog: illegal write to WDTCTL (0) from $103ca - reset!!!!
Stack Trace: number of calls: 5 PC: $103ca
  watchdog_reboot (packetbuf.c) called from PC: $24d44 (elapsed: 5)
  restart_time_synchronisation (packetbuf.c) called from PC: $15abe (elapsed: 30639)
  process_thread_foure_timesynch_process (local in 4emac-timesynch.c) called from PC: $12738 (elapsed: 1267058)
  call_process (local in process.c) called from PC: $1291c (elapsed: 1267095)
  process_run (packetbuf.c) called from PC: $05edc (elapsed: 1270324)
 WARN [Thread-2] (MspMote.java:229) - 42: # Watchdog[EXECUTION]: illegal write to WDTCTL (0) from $103ca - reset!!!!
Watchdog: illegal write to WDTCTL (0) from $103ca - reset!!!!
Stack Trace: number of calls: 5 PC: $103ca
  watchdog_reboot (packetbuf.c) called from PC: $24d44 (elapsed: 5)
  restart_time_synchronisation (packetbuf.c) called from PC: $15abe (elapsed: 60208)
  process_thread_foure_timesynch_process (local in 4emac-timesynch.c) called from PC: $12738 (elapsed: 1462056)
  call_process (local in process.c) called from PC: $1291c (elapsed: 1462093)
  process_run (packetbuf.c) called from PC: $05edc (elapsed: 1465374)
 WARN [Thread-2] (MspMote.java:229) - 41: # Watchdog[EXECUTION]: illegal write to WDTCTL (0) from $103ca - reset!!!!
Watchdog: illegal write to WDTCTL (0) from $103ca - reset!!!!
Stack Trace: number of calls: 5 PC: $103ca
  watchdog_reboot (packetbuf.c) called from PC: $24d44 (elapsed: 5)
  restart_time_synchronisation (packetbuf.c) called from PC: $15abe (elapsed: 30453)
  process_thread_foure_timesynch_process (local in 4emac-timesynch.c) called from PC: $12738 (elapsed: 1376672)
  call_process (local in process.c) called from PC: $1291c (elapsed: 1376709)
  process_run (packetbuf.c) called from PC: $05edc (elapsed: 1380019)
 WARN [Thread-2] (MspMote.java:229) - 36: # Watchdog[EXECUTION]: illegal write to WDTCTL (0) from $103ca - reset!!!!
Watchdog: illegal write to WDTCTL (0) from $103ca - reset!!!!
Stack Trace: number of calls: 5 PC: $103ca
  watchdog_reboot (packetbuf.c) called from PC: $24d44 (elapsed: 5)
  restart_time_synchronisation (packetbuf.c) called from PC: $15abe (elapsed: 30452)
  process_thread_foure_timesynch_process (local in 4emac-timesynch.c) called from PC: $12738 (elapsed: 1429295)
  call_process (local in process.c) called from PC: $1291c (elapsed: 1429332)
  process_run (packetbuf.c) called from PC: $05edc (elapsed: 1432455)
 WARN [Thread-2] (MspMote.java:229) - 48: # Watchdog[EXECUTION]: illegal write to WDTCTL (0) from $103ca - reset!!!!
Watchdog: illegal write to WDTCTL (0) from $103ca - reset!!!!
Stack Trace: number of calls: 5 PC: $103ca
  watchdog_reboot (packetbuf.c) called from PC: $24d44 (elapsed: 5)
  restart_time_synchronisation (packetbuf.c) called from PC: $15abe (elapsed: 30452)
  process_thread_foure_timesynch_process (local in 4emac-timesynch.c) called from PC: $12738 (elapsed: 813198)
  call_process (local in process.c) called from PC: $1291c (elapsed: 813235)
  process_run (packetbuf.c) called from PC: $05edc (elapsed: 816347)
 WARN [Thread-2] (MspMote.java:229) - 31: # Watchdog[EXECUTION]: illegal write to WDTCTL (0) from $103ca - reset!!!!
Watchdog: illegal write to WDTCTL (0) from $103ca - reset!!!!
Stack Trace: number of calls: 5 PC: $103ca
  watchdog_reboot (packetbuf.c) called from PC: $24d44 (elapsed: 5)
  restart_time_synchronisation (packetbuf.c) called from PC: $15abe (elapsed: 30644)
  process_thread_foure_timesynch_process (local in 4emac-timesynch.c) called from PC: $12738 (elapsed: 1395368)
  call_process (local in process.c) called from PC: $1291c (elapsed: 1395405)
  process_run (packetbuf.c) called from PC: $05edc (elapsed: 1398654)
 WARN [Thread-2] (MspMote.java:229) - 53: # Watchdog[EXECUTION]: illegal write to WDTCTL (0) from $103ca - reset!!!!
Watchdog: illegal write to WDTCTL (0) from $103ca - reset!!!!
Stack Trace: number of calls: 5 PC: $103ca
  watchdog_reboot (packetbuf.c) called from PC: $24d44 (elapsed: 5)
  restart_time_synchronisation (packetbuf.c) called from PC: $15abe (elapsed: 33867)
  process_thread_foure_timesynch_process (local in 4emac-timesynch.c) called from PC: $12738 (elapsed: 1482003)
  call_process (local in process.c) called from PC: $1291c (elapsed: 1482040)
  process_run (packetbuf.c) called from PC: $05edc (elapsed: 1485792)
 WARN [Thread-2] (MspMote.java:229) - 18: # Watchdog[EXECUTION]: illegal write to WDTCTL (0) from $103ca - reset!!!!
Watchdog: illegal write to WDTCTL (0) from $103ca - reset!!!!
Stack Trace: number of calls: 5 PC: $103ca
  watchdog_reboot (packetbuf.c) called from PC: $24d44 (elapsed: 5)
  restart_time_synchronisation (packetbuf.c) called from PC: $15abe (elapsed: 30455)
  process_thread_foure_timesynch_process (local in 4emac-timesynch.c) called from PC: $12738 (elapsed: 1395677)
  call_process (local in process.c) called from PC: $1291c (elapsed: 1395714)
  process_run (packetbuf.c) called from PC: $05edc (elapsed: 1398909)
 WARN [Thread-2] (MspMote.java:229) - 43: # Watchdog[EXECUTION]: illegal write to WDTCTL (0) from $103ca - reset!!!!
Watchdog: illegal write to WDTCTL (0) from $103ca - reset!!!!
Stack Trace: number of calls: 5 PC: $103ca
  watchdog_reboot (packetbuf.c) called from PC: $24d44 (elapsed: 5)
  restart_time_synchronisation (packetbuf.c) called from PC: $15abe (elapsed: 60936)
  process_thread_foure_timesynch_process (local in 4emac-timesynch.c) called from PC: $12738 (elapsed: 1427889)
  call_process (local in process.c) called from PC: $1291c (elapsed: 1427926)
  process_run (packetbuf.c) called from PC: $05edc (elapsed: 1430959)
 WARN [Thread-2] (MspMote.java:229) - 12: # Watchdog[EXECUTION]: illegal write to WDTCTL (0) from $103ca - reset!!!!
Watchdog: illegal write to WDTCTL (0) from $103ca - reset!!!!
Stack Trace: number of calls: 5 PC: $103ca
  watchdog_reboot (packetbuf.c) called from PC: $24d44 (elapsed: 5)
  restart_time_synchronisation (packetbuf.c) called from PC: $15abe (elapsed: 30452)
  process_thread_foure_timesynch_process (local in 4emac-timesynch.c) called from PC: $12738 (elapsed: 1230662)
  call_process (local in process.c) called from PC: $1291c (elapsed: 1230699)
  process_run (packetbuf.c) called from PC: $05edc (elapsed: 1233971)
 WARN [Thread-2] (MspMote.java:229) - 11: # Watchdog[EXECUTION]: illegal write to WDTCTL (0) from $103ca - reset!!!!
Watchdog: illegal write to WDTCTL (0) from $103ca - reset!!!!
Stack Trace: number of calls: 5 PC: $103ca
  watchdog_reboot (packetbuf.c) called from PC: $24d44 (elapsed: 5)
  restart_time_synchronisation (packetbuf.c) called from PC: $15abe (elapsed: 30447)
  process_thread_foure_timesynch_process (local in 4emac-timesynch.c) called from PC: $12738 (elapsed: 1399526)
  call_process (local in process.c) called from PC: $1291c (elapsed: 1399563)
  process_run (packetbuf.c) called from PC: $05edc (elapsed: 1402596)
 WARN [Thread-2] (MspMote.java:229) - 30: # Watchdog[EXECUTION]: illegal write to WDTCTL (0) from $103ca - reset!!!!
Watchdog: illegal write to WDTCTL (0) from $103ca - reset!!!!
Stack Trace: number of calls: 5 PC: $103ca
  watchdog_reboot (packetbuf.c) called from PC: $24d44 (elapsed: 5)
  restart_time_synchronisation (packetbuf.c) called from PC: $15abe (elapsed: 30507)
  process_thread_foure_timesynch_process (local in 4emac-timesynch.c) called from PC: $12738 (elapsed: 1501320)
  call_process (local in process.c) called from PC: $1291c (elapsed: 1501357)
  process_run (packetbuf.c) called from PC: $05edc (elapsed: 1504496)
 WARN [Thread-2] (MspMote.java:229) - 17: # Watchdog[EXECUTION]: illegal write to WDTCTL (0) from $103ca - reset!!!!
Watchdog: illegal write to WDTCTL (0) from $103ca - reset!!!!
Stack Trace: number of calls: 5 PC: $103ca
  watchdog_reboot (packetbuf.c) called from PC: $24d44 (elapsed: 5)
  restart_time_synchronisation (packetbuf.c) called from PC: $15abe (elapsed: 30447)
  process_thread_foure_timesynch_process (local in 4emac-timesynch.c) called from PC: $12738 (elapsed: 1076001)
  call_process (local in process.c) called from PC: $1291c (elapsed: 1076038)
  process_run (packetbuf.c) called from PC: $05edc (elapsed: 1079154)
 WARN [Thread-2] (MspMote.java:229) - 5: # Watchdog[EXECUTION]: illegal write to WDTCTL (0) from $103ca - reset!!!!
Watchdog: illegal write to WDTCTL (0) from $103ca - reset!!!!
Stack Trace: number of calls: 5 PC: $103ca
  watchdog_reboot (packetbuf.c) called from PC: $24d44 (elapsed: 5)
  restart_time_synchronisation (packetbuf.c) called from PC: $15abe (elapsed: 30452)
  process_thread_foure_timesynch_process (local in 4emac-timesynch.c) called from PC: $12738 (elapsed: 1533354)
  call_process (local in process.c) called from PC: $1291c (elapsed: 1533391)
  process_run (packetbuf.c) called from PC: $05edc (elapsed: 1536663)
 WARN [Thread-2] (MspMote.java:229) - 16: # Watchdog[EXECUTION]: illegal write to WDTCTL (0) from $103ca - reset!!!!
Watchdog: illegal write to WDTCTL (0) from $103ca - reset!!!!
Stack Trace: number of calls: 5 PC: $103ca
  watchdog_reboot (packetbuf.c) called from PC: $24d44 (elapsed: 5)
  restart_time_synchronisation (packetbuf.c) called from PC: $15abe (elapsed: 30453)
  process_thread_foure_timesynch_process (local in 4emac-timesynch.c) called from PC: $12738 (elapsed: 1395030)
  call_process (local in process.c) called from PC: $1291c (elapsed: 1395067)
  process_run (packetbuf.c) called from PC: $05edc (elapsed: 1399248)
 WARN [Thread-2] (MspMote.java:229) - 46: # Watchdog[EXECUTION]: illegal write to WDTCTL (0) from $103ca - reset!!!!
Watchdog: illegal write to WDTCTL (0) from $103ca - reset!!!!
Stack Trace: number of calls: 5 PC: $103ca
  watchdog_reboot (packetbuf.c) called from PC: $24d44 (elapsed: 5)
  restart_time_synchronisation (packetbuf.c) called from PC: $15abe (elapsed: 30453)
  process_thread_foure_timesynch_process (local in 4emac-timesynch.c) called from PC: $12738 (elapsed: 813264)
  call_process (local in process.c) called from PC: $1291c (elapsed: 813301)
  process_run (packetbuf.c) called from PC: $05edc (elapsed: 816336)
 WARN [Thread-2] (MspMote.java:229) - 24: # Watchdog[EXECUTION]: illegal write to WDTCTL (0) from $103ca - reset!!!!
Watchdog: illegal write to WDTCTL (0) from $103ca - reset!!!!
Stack Trace: number of calls: 5 PC: $103ca
  watchdog_reboot (packetbuf.c) called from PC: $24d44 (elapsed: 5)
  restart_time_synchronisation (packetbuf.c) called from PC: $15abe (elapsed: 30452)
  process_thread_foure_timesynch_process (local in 4emac-timesynch.c) called from PC: $12738 (elapsed: 1356764)
  call_process (local in process.c) called from PC: $1291c (elapsed: 1356801)
  process_run (packetbuf.c) called from PC: $05edc (elapsed: 1360214)
 WARN [Thread-2] (MspMote.java:229) - 10: # Watchdog[EXECUTION]: illegal write to WDTCTL (0) from $103ca - reset!!!!
Watchdog: illegal write to WDTCTL (0) from $103ca - reset!!!!
Stack Trace: number of calls: 5 PC: $103ca
  watchdog_reboot (packetbuf.c) called from PC: $24d44 (elapsed: 5)
  restart_time_synchronisation (packetbuf.c) called from PC: $15abe (elapsed: 31382)
  process_thread_foure_timesynch_process (local in 4emac-timesynch.c) called from PC: $12738 (elapsed: 213931)
  call_process (local in process.c) called from PC: $1291c (elapsed: 213968)
  process_run (packetbuf.c) called from PC: $05edc (elapsed: 217448)
 WARN [Thread-2] (MspMote.java:229) - 37: # Watchdog[EXECUTION]: illegal write to WDTCTL (0) from $103ca - reset!!!!
Watchdog: illegal write to WDTCTL (0) from $103ca - reset!!!!
Stack Trace: number of calls: 5 PC: $103ca
  watchdog_reboot (packetbuf.c) called from PC: $24d44 (elapsed: 5)
  restart_time_synchronisation (packetbuf.c) called from PC: $15abe (elapsed: 30453)
  process_thread_foure_timesynch_process (local in 4emac-timesynch.c) called from PC: $12738 (elapsed: 502690)
  call_process (local in process.c) called from PC: $1291c (elapsed: 502727)
  process_run (packetbuf.c) called from PC: $05edc (elapsed: 505843)
 WARN [Thread-2] (MspMote.java:229) - 41: # Watchdog[EXECUTION]: illegal write to WDTCTL (0) from $103ca - reset!!!!
 INFO [Thread-2] (LogScriptEngine.java:389) - Test script at 50.00%, done in 9512.6 sec
Watchdog: illegal write to WDTCTL (0) from $103ca - reset!!!!
Stack Trace: number of calls: 5 PC: $103ca
  watchdog_reboot (packetbuf.c) called from PC: $24d44 (elapsed: 5)
  restart_time_synchronisation (packetbuf.c) called from PC: $15abe (elapsed: 30453)
  process_thread_foure_timesynch_process (local in 4emac-timesynch.c) called from PC: $12738 (elapsed: 1436024)
  call_process (local in process.c) called from PC: $1291c (elapsed: 1436061)
  process_run (packetbuf.c) called from PC: $05edc (elapsed: 1439441)
 WARN [Thread-2] (MspMote.java:229) - 29: # Watchdog[EXECUTION]: illegal write to WDTCTL (0) from $103ca - reset!!!!
Watchdog: illegal write to WDTCTL (0) from $103ca - reset!!!!
Stack Trace: number of calls: 5 PC: $103ca
  watchdog_reboot (packetbuf.c) called from PC: $24d44 (elapsed: 5)
  restart_time_synchronisation (packetbuf.c) called from PC: $15abe (elapsed: 30555)
  process_thread_foure_timesynch_process (local in 4emac-timesynch.c) called from PC: $12738 (elapsed: 1386332)
  call_process (local in process.c) called from PC: $1291c (elapsed: 1386369)
  process_run (packetbuf.c) called from PC: $05edc (elapsed: 1389643)
 WARN [Thread-2] (MspMote.java:229) - 23: # Watchdog[EXECUTION]: illegal write to WDTCTL (0) from $103ca - reset!!!!
Watchdog: illegal write to WDTCTL (0) from $103ca - reset!!!!
Stack Trace: number of calls: 5 PC: $103ca
  watchdog_reboot (packetbuf.c) called from PC: $24d44 (elapsed: 5)
  restart_time_synchronisation (packetbuf.c) called from PC: $15abe (elapsed: 30633)
  process_thread_foure_timesynch_process (local in 4emac-timesynch.c) called from PC: $12738 (elapsed: 1433054)
  call_process (local in process.c) called from PC: $1291c (elapsed: 1433091)
  process_run (packetbuf.c) called from PC: $05edc (elapsed: 1436442)
 WARN [Thread-2] (MspMote.java:229) - 22: # Watchdog[EXECUTION]: illegal write to WDTCTL (0) from $103ca - reset!!!!
Watchdog: illegal write to WDTCTL (0) from $103ca - reset!!!!
Stack Trace: number of calls: 5 PC: $103ca
  watchdog_reboot (packetbuf.c) called from PC: $24d44 (elapsed: 5)
  restart_time_synchronisation (packetbuf.c) called from PC: $15abe (elapsed: 30452)
  process_thread_foure_timesynch_process (local in 4emac-timesynch.c) called from PC: $12738 (elapsed: 542479)
  call_process (local in process.c) called from PC: $1291c (elapsed: 542516)
  process_run (packetbuf.c) called from PC: $05edc (elapsed: 545551)
 WARN [Thread-2] (MspMote.java:229) - 35: # Watchdog[EXECUTION]: illegal write to WDTCTL (0) from $103ca - reset!!!!
Watchdog: illegal write to WDTCTL (0) from $103ca - reset!!!!
Stack Trace: number of calls: 5 PC: $103ca
  watchdog_reboot (packetbuf.c) called from PC: $24d44 (elapsed: 5)
  restart_time_synchronisation (packetbuf.c) called from PC: $15abe (elapsed: 30447)
  process_thread_foure_timesynch_process (local in 4emac-timesynch.c) called from PC: $12738 (elapsed: 1392603)
  call_process (local in process.c) called from PC: $1291c (elapsed: 1392640)
  process_run (packetbuf.c) called from PC: $05edc (elapsed: 1395754)
 WARN [Thread-2] (MspMote.java:229) - 4: # Watchdog[EXECUTION]: illegal write to WDTCTL (0) from $103ca - reset!!!!
Watchdog: illegal write to WDTCTL (0) from $103ca - reset!!!!
Stack Trace: number of calls: 5 PC: $103ca
  watchdog_reboot (packetbuf.c) called from PC: $24d44 (elapsed: 5)
  restart_time_synchronisation (packetbuf.c) called from PC: $15abe (elapsed: 30452)
  process_thread_foure_timesynch_process (local in 4emac-timesynch.c) called from PC: $12738 (elapsed: 673954)
  call_process (local in process.c) called from PC: $1291c (elapsed: 673991)
  process_run (packetbuf.c) called from PC: $05edc (elapsed: 677157)
 WARN [Thread-2] (MspMote.java:229) - 17: # Watchdog[EXECUTION]: illegal write to WDTCTL (0) from $103ca - reset!!!!
Watchdog: illegal write to WDTCTL (0) from $103ca - reset!!!!
Stack Trace: number of calls: 5 PC: $103ca
  watchdog_reboot (packetbuf.c) called from PC: $24d44 (elapsed: 5)
  restart_time_synchronisation (packetbuf.c) called from PC: $15abe (elapsed: 30453)
  process_thread_foure_timesynch_process (local in 4emac-timesynch.c) called from PC: $12738 (elapsed: 1519191)
  call_process (local in process.c) called from PC: $1291c (elapsed: 1519228)
  process_run (packetbuf.c) called from PC: $05edc (elapsed: 1522421)
 WARN [Thread-2] (MspMote.java:229) - 52: # Watchdog[EXECUTION]: illegal write to WDTCTL (0) from $103ca - reset!!!!
Watchdog: illegal write to WDTCTL (0) from $103ca - reset!!!!
Stack Trace: number of calls: 5 PC: $103ca
  watchdog_reboot (packetbuf.c) called from PC: $24d44 (elapsed: 5)
  restart_time_synchronisation (packetbuf.c) called from PC: $15abe (elapsed: 30453)
  process_thread_foure_timesynch_process (local in 4emac-timesynch.c) called from PC: $12738 (elapsed: 2000985)
  call_process (local in process.c) called from PC: $1291c (elapsed: 2001022)
  process_run (packetbuf.c) called from PC: $05edc (elapsed: 2004429)
 WARN [Thread-2] (MspMote.java:229) - 3: # Watchdog[EXECUTION]: illegal write to WDTCTL (0) from $103ca - reset!!!!
Watchdog: illegal write to WDTCTL (0) from $103ca - reset!!!!
Stack Trace: number of calls: 5 PC: $103ca
  watchdog_reboot (packetbuf.c) called from PC: $24d44 (elapsed: 5)
  restart_time_synchronisation (packetbuf.c) called from PC: $15abe (elapsed: 30525)
  process_thread_foure_timesynch_process (local in 4emac-timesynch.c) called from PC: $12738 (elapsed: 952614)
  call_process (local in process.c) called from PC: $1291c (elapsed: 952651)
  process_run (packetbuf.c) called from PC: $05edc (elapsed: 955765)
 WARN [Thread-2] (MspMote.java:229) - 25: # Watchdog[EXECUTION]: illegal write to WDTCTL (0) from $103ca - reset!!!!
Watchdog: illegal write to WDTCTL (0) from $103ca - reset!!!!
Stack Trace: number of calls: 5 PC: $103ca
  watchdog_reboot (packetbuf.c) called from PC: $24d44 (elapsed: 5)
  restart_time_synchronisation (packetbuf.c) called from PC: $15abe (elapsed: 30453)
  process_thread_foure_timesynch_process (local in 4emac-timesynch.c) called from PC: $12738 (elapsed: 1458488)
  call_process (local in process.c) called from PC: $1291c (elapsed: 1458525)
  process_run (packetbuf.c) called from PC: $05edc (elapsed: 1461826)
 WARN [Thread-2] (MspMote.java:229) - 28: # Watchdog[EXECUTION]: illegal write to WDTCTL (0) from $103ca - reset!!!!
Watchdog: illegal write to WDTCTL (0) from $103ca - reset!!!!
Stack Trace: number of calls: 5 PC: $103ca
  watchdog_reboot (packetbuf.c) called from PC: $24d44 (elapsed: 5)
  restart_time_synchronisation (packetbuf.c) called from PC: $15abe (elapsed: 30452)
  process_thread_foure_timesynch_process (local in 4emac-timesynch.c) called from PC: $12738 (elapsed: 1478163)
  call_process (local in process.c) called from PC: $1291c (elapsed: 1478200)
  process_run (packetbuf.c) called from PC: $05edc (elapsed: 1481341)
 WARN [Thread-2] (MspMote.java:229) - 9: # Watchdog[EXECUTION]: illegal write to WDTCTL (0) from $103ca - reset!!!!
Watchdog: illegal write to WDTCTL (0) from $103ca - reset!!!!
Stack Trace: number of calls: 5 PC: $103ca
  watchdog_reboot (packetbuf.c) called from PC: $24d44 (elapsed: 5)
  restart_time_synchronisation (packetbuf.c) called from PC: $15abe (elapsed: 30447)
  process_thread_foure_timesynch_process (local in 4emac-timesynch.c) called from PC: $12738 (elapsed: 1390205)
  call_process (local in process.c) called from PC: $1291c (elapsed: 1390242)
  process_run (packetbuf.c) called from PC: $05edc (elapsed: 1394697)
 WARN [Thread-2] (MspMote.java:229) - 21: # Watchdog[EXECUTION]: illegal write to WDTCTL (0) from $103ca - reset!!!!
Watchdog: illegal write to WDTCTL (0) from $103ca - reset!!!!
Stack Trace: number of calls: 5 PC: $103ca
  watchdog_reboot (packetbuf.c) called from PC: $24d44 (elapsed: 5)
  restart_time_synchronisation (packetbuf.c) called from PC: $15abe (elapsed: 30447)
  process_thread_foure_timesynch_process (local in 4emac-timesynch.c) called from PC: $12738 (elapsed: 1498218)
  call_process (local in process.c) called from PC: $1291c (elapsed: 1498255)
  process_run (packetbuf.c) called from PC: $05edc (elapsed: 1527018)
 WARN [Thread-2] (MspMote.java:229) - 1: # Watchdog[EXECUTION]: illegal write to WDTCTL (0) from $103ca - reset!!!!
Watchdog: illegal write to WDTCTL (0) from $103ca - reset!!!!
Stack Trace: number of calls: 5 PC: $103ca
  watchdog_reboot (packetbuf.c) called from PC: $24d44 (elapsed: 5)
  restart_time_synchronisation (packetbuf.c) called from PC: $15abe (elapsed: 30447)
  process_thread_foure_timesynch_process (local in 4emac-timesynch.c) called from PC: $12738 (elapsed: 705612)
  call_process (local in process.c) called from PC: $1291c (elapsed: 705649)
  process_run (packetbuf.c) called from PC: $05edc (elapsed: 708840)
 WARN [Thread-2] (MspMote.java:229) - 18: # Watchdog[EXECUTION]: illegal write to WDTCTL (0) from $103ca - reset!!!!
Watchdog: illegal write to WDTCTL (0) from $103ca - reset!!!!
Stack Trace: number of calls: 5 PC: $103ca
  watchdog_reboot (packetbuf.c) called from PC: $24d44 (elapsed: 5)
  restart_time_synchronisation (packetbuf.c) called from PC: $15abe (elapsed: 30525)
  process_thread_foure_timesynch_process (local in 4emac-timesynch.c) called from PC: $12738 (elapsed: 1459953)
  call_process (local in process.c) called from PC: $1291c (elapsed: 1459990)
  process_run (packetbuf.c) called from PC: $05edc (elapsed: 1463323)
 WARN [Thread-2] (MspMote.java:229) - 58: # Watchdog[EXECUTION]: illegal write to WDTCTL (0) from $103ca - reset!!!!
Watchdog: illegal write to WDTCTL (0) from $103ca - reset!!!!
Stack Trace: number of calls: 5 PC: $103ca
  watchdog_reboot (packetbuf.c) called from PC: $24d44 (elapsed: 5)
  restart_time_synchronisation (packetbuf.c) called from PC: $15abe (elapsed: 30452)
  process_thread_foure_timesynch_process (local in 4emac-timesynch.c) called from PC: $12738 (elapsed: 1526457)
  call_process (local in process.c) called from PC: $1291c (elapsed: 1526494)
  process_run (packetbuf.c) called from PC: $05edc (elapsed: 1529608)
 WARN [Thread-2] (MspMote.java:229) - 27: # Watchdog[EXECUTION]: illegal write to WDTCTL (0) from $103ca - reset!!!!
Watchdog: illegal write to WDTCTL (0) from $103ca - reset!!!!
Stack Trace: number of calls: 5 PC: $103ca
  watchdog_reboot (packetbuf.c) called from PC: $24d44 (elapsed: 5)
  restart_time_synchronisation (packetbuf.c) called from PC: $15abe (elapsed: 30452)
  process_thread_foure_timesynch_process (local in 4emac-timesynch.c) called from PC: $12738 (elapsed: 1414327)
  call_process (local in process.c) called from PC: $1291c (elapsed: 1414364)
  process_run (packetbuf.c) called from PC: $05edc (elapsed: 1417663)
 WARN [Thread-2] (MspMote.java:229) - 57: # Watchdog[EXECUTION]: illegal write to WDTCTL (0) from $103ca - reset!!!!
Watchdog: illegal write to WDTCTL (0) from $103ca - reset!!!!
Stack Trace: number of calls: 5 PC: $103ca
  watchdog_reboot (packetbuf.c) called from PC: $24d44 (elapsed: 5)
  restart_time_synchronisation (packetbuf.c) called from PC: $15abe (elapsed: 30452)
  process_thread_foure_timesynch_process (local in 4emac-timesynch.c) called from PC: $12738 (elapsed: 1402806)
  call_process (local in process.c) called from PC: $1291c (elapsed: 1402843)
  process_run (packetbuf.c) called from PC: $05edc (elapsed: 1406198)
 WARN [Thread-2] (MspMote.java:229) - 40: # Watchdog[EXECUTION]: illegal write to WDTCTL (0) from $103ca - reset!!!!
Watchdog: illegal write to WDTCTL (0) from $103ca - reset!!!!
Stack Trace: number of calls: 5 PC: $103ca
  watchdog_reboot (packetbuf.c) called from PC: $24d44 (elapsed: 5)
  restart_time_synchronisation (packetbuf.c) called from PC: $15abe (elapsed: 31364)
  process_thread_foure_timesynch_process (local in 4emac-timesynch.c) called from PC: $12738 (elapsed: 185446)
  call_process (local in process.c) called from PC: $1291c (elapsed: 185483)
  process_run (packetbuf.c) called from PC: $05edc (elapsed: 189928)
 WARN [Thread-2] (MspMote.java:229) - 52: # Watchdog[EXECUTION]: illegal write to WDTCTL (0) from $103ca - reset!!!!
Watchdog: illegal write to WDTCTL (0) from $103ca - reset!!!!
Stack Trace: number of calls: 5 PC: $103ca
  watchdog_reboot (packetbuf.c) called from PC: $24d44 (elapsed: 5)
  restart_time_synchronisation (packetbuf.c) called from PC: $15abe (elapsed: 30447)
  process_thread_foure_timesynch_process (local in 4emac-timesynch.c) called from PC: $12738 (elapsed: 1396771)
  call_process (local in process.c) called from PC: $1291c (elapsed: 1396808)
  process_run (packetbuf.c) called from PC: $05edc (elapsed: 1400001)
 WARN [Thread-2] (MspMote.java:229) - 15: # Watchdog[EXECUTION]: illegal write to WDTCTL (0) from $103ca - reset!!!!
Watchdog: illegal write to WDTCTL (0) from $103ca - reset!!!!
Stack Trace: number of calls: 5 PC: $103ca
  watchdog_reboot (packetbuf.c) called from PC: $24d44 (elapsed: 5)
  restart_time_synchronisation (packetbuf.c) called from PC: $15abe (elapsed: 30452)
  process_thread_foure_timesynch_process (local in 4emac-timesynch.c) called from PC: $12738 (elapsed: 1415565)
  call_process (local in process.c) called from PC: $1291c (elapsed: 1415602)
  process_run (packetbuf.c) called from PC: $05edc (elapsed: 1418725)
 WARN [Thread-2] (MspMote.java:229) - 26: # Watchdog[EXECUTION]: illegal write to WDTCTL (0) from $103ca - reset!!!!
Watchdog: illegal write to WDTCTL (0) from $103ca - reset!!!!
Stack Trace: number of calls: 5 PC: $103ca
  watchdog_reboot (packetbuf.c) called from PC: $24d44 (elapsed: 5)
  restart_time_synchronisation (packetbuf.c) called from PC: $15abe (elapsed: 30453)
  process_thread_foure_timesynch_process (local in 4emac-timesynch.c) called from PC: $12738 (elapsed: 1378567)
  call_process (local in process.c) called from PC: $1291c (elapsed: 1378604)
  process_run (packetbuf.c) called from PC: $05edc (elapsed: 1381997)
 WARN [Thread-2] (MspMote.java:229) - 8: # Watchdog[EXECUTION]: illegal write to WDTCTL (0) from $103ca - reset!!!!
Watchdog: illegal write to WDTCTL (0) from $103ca - reset!!!!
Stack Trace: number of calls: 5 PC: $103ca
  watchdog_reboot (packetbuf.c) called from PC: $24d44 (elapsed: 5)
  restart_time_synchronisation (packetbuf.c) called from PC: $15abe (elapsed: 30453)
  process_thread_foure_timesynch_process (local in 4emac-timesynch.c) called from PC: $12738 (elapsed: 1396198)
  call_process (local in process.c) called from PC: $1291c (elapsed: 1396235)
  process_run (packetbuf.c) called from PC: $05edc (elapsed: 1399458)
 WARN [Thread-2] (MspMote.java:229) - 61: # Watchdog[EXECUTION]: illegal write to WDTCTL (0) from $103ca - reset!!!!
Watchdog: illegal write to WDTCTL (0) from $103ca - reset!!!!
Stack Trace: number of calls: 5 PC: $103ca
  watchdog_reboot (packetbuf.c) called from PC: $24d44 (elapsed: 5)
  restart_time_synchronisation (packetbuf.c) called from PC: $15abe (elapsed: 30452)
  process_thread_foure_timesynch_process (local in 4emac-timesynch.c) called from PC: $12738 (elapsed: 1364040)
  call_process (local in process.c) called from PC: $1291c (elapsed: 1364077)
  process_run (packetbuf.c) called from PC: $05edc (elapsed: 1367191)
 WARN [Thread-2] (MspMote.java:229) - 55: # Watchdog[EXECUTION]: illegal write to WDTCTL (0) from $103ca - reset!!!!
Watchdog: illegal write to WDTCTL (0) from $103ca - reset!!!!
Stack Trace: number of calls: 5 PC: $103ca
  watchdog_reboot (packetbuf.c) called from PC: $24d44 (elapsed: 5)
  restart_time_synchronisation (packetbuf.c) called from PC: $15abe (elapsed: 30452)
  process_thread_foure_timesynch_process (local in 4emac-timesynch.c) called from PC: $12738 (elapsed: 1362581)
  call_process (local in process.c) called from PC: $1291c (elapsed: 1362618)
  process_run (packetbuf.c) called from PC: $05edc (elapsed: 1365820)
 WARN [Thread-2] (MspMote.java:229) - 54: # Watchdog[EXECUTION]: illegal write to WDTCTL (0) from $103ca - reset!!!!
Watchdog: illegal write to WDTCTL (0) from $103ca - reset!!!!
Stack Trace: number of calls: 5 PC: $103ca
  watchdog_reboot (packetbuf.c) called from PC: $24d44 (elapsed: 5)
  restart_time_synchronisation (packetbuf.c) called from PC: $15abe (elapsed: 30452)
  process_thread_foure_timesynch_process (local in 4emac-timesynch.c) called from PC: $12738 (elapsed: 1424630)
  call_process (local in process.c) called from PC: $1291c (elapsed: 1424667)
  process_run (packetbuf.c) called from PC: $05edc (elapsed: 1427969)
 WARN [Thread-2] (MspMote.java:229) - 60: # Watchdog[EXECUTION]: illegal write to WDTCTL (0) from $103ca - reset!!!!
Watchdog: illegal write to WDTCTL (0) from $103ca - reset!!!!
Stack Trace: number of calls: 5 PC: $103ca
  watchdog_reboot (packetbuf.c) called from PC: $24d44 (elapsed: 5)
  restart_time_synchronisation (packetbuf.c) called from PC: $15abe (elapsed: 30452)
  process_thread_foure_timesynch_process (local in 4emac-timesynch.c) called from PC: $12738 (elapsed: 1465800)
  call_process (local in process.c) called from PC: $1291c (elapsed: 1465837)
  process_run (packetbuf.c) called from PC: $05edc (elapsed: 1470213)
 WARN [Thread-2] (MspMote.java:229) - 38: # Watchdog[EXECUTION]: illegal write to WDTCTL (0) from $103ca - reset!!!!
Watchdog: illegal write to WDTCTL (0) from $103ca - reset!!!!
Stack Trace: number of calls: 5 PC: $103ca
  watchdog_reboot (packetbuf.c) called from PC: $24d44 (elapsed: 5)
  restart_time_synchronisation (packetbuf.c) called from PC: $15abe (elapsed: 30585)
  process_thread_foure_timesynch_process (local in 4emac-timesynch.c) called from PC: $12738 (elapsed: 1399486)
  call_process (local in process.c) called from PC: $1291c (elapsed: 1399523)
  process_run (packetbuf.c) called from PC: $05edc (elapsed: 1403103)
 WARN [Thread-2] (MspMote.java:229) - 32: # Watchdog[EXECUTION]: illegal write to WDTCTL (0) from $103ca - reset!!!!
Watchdog: illegal write to WDTCTL (0) from $103ca - reset!!!!
Stack Trace: number of calls: 5 PC: $103ca
  watchdog_reboot (packetbuf.c) called from PC: $24d44 (elapsed: 5)
  restart_time_synchronisation (packetbuf.c) called from PC: $15abe (elapsed: 31604)
  process_thread_foure_timesynch_process (local in 4emac-timesynch.c) called from PC: $12738 (elapsed: 185672)
  call_process (local in process.c) called from PC: $1291c (elapsed: 185709)
  process_run (packetbuf.c) called from PC: $05edc (elapsed: 188189)
 WARN [Thread-2] (MspMote.java:229) - 25: # Watchdog[EXECUTION]: illegal write to WDTCTL (0) from $103ca - reset!!!!
Watchdog: illegal write to WDTCTL (0) from $103ca - reset!!!!
Stack Trace: number of calls: 5 PC: $103ca
  watchdog_reboot (packetbuf.c) called from PC: $24d44 (elapsed: 5)
  restart_time_synchronisation (packetbuf.c) called from PC: $15abe (elapsed: 30447)
  process_thread_foure_timesynch_process (local in 4emac-timesynch.c) called from PC: $12738 (elapsed: 1360643)
  call_process (local in process.c) called from PC: $1291c (elapsed: 1360680)
  process_run (packetbuf.c) called from PC: $05edc (elapsed: 1363902)
 WARN [Thread-2] (MspMote.java:229) - 20: # Watchdog[EXECUTION]: illegal write to WDTCTL (0) from $103ca - reset!!!!
Watchdog: illegal write to WDTCTL (0) from $103ca - reset!!!!
Stack Trace: number of calls: 5 PC: $103ca
  watchdog_reboot (packetbuf.c) called from PC: $24d44 (elapsed: 5)
  restart_time_synchronisation (packetbuf.c) called from PC: $15abe (elapsed: 30452)
  process_thread_foure_timesynch_process (local in 4emac-timesynch.c) called from PC: $12738 (elapsed: 1230095)
  call_process (local in process.c) called from PC: $1291c (elapsed: 1230132)
  process_run (packetbuf.c) called from PC: $05edc (elapsed: 1233739)
 WARN [Thread-2] (MspMote.java:229) - 33: # Watchdog[EXECUTION]: illegal write to WDTCTL (0) from $103ca - reset!!!!
Watchdog: illegal write to WDTCTL (0) from $103ca - reset!!!!
Stack Trace: number of calls: 5 PC: $103ca
  watchdog_reboot (packetbuf.c) called from PC: $24d44 (elapsed: 5)
  restart_time_synchronisation (packetbuf.c) called from PC: $15abe (elapsed: 37055)
  process_thread_foure_timesynch_process (local in 4emac-timesynch.c) called from PC: $12738 (elapsed: 1353228)
  call_process (local in process.c) called from PC: $1291c (elapsed: 1353265)
  process_run (packetbuf.c) called from PC: $05edc (elapsed: 1356458)
 WARN [Thread-2] (MspMote.java:229) - 14: # Watchdog[EXECUTION]: illegal write to WDTCTL (0) from $103ca - reset!!!!
Watchdog: illegal write to WDTCTL (0) from $103ca - reset!!!!
Stack Trace: number of calls: 5 PC: $103ca
  watchdog_reboot (packetbuf.c) called from PC: $24d44 (elapsed: 5)
  restart_time_synchronisation (packetbuf.c) called from PC: $15abe (elapsed: 30453)
  process_thread_foure_timesynch_process (local in 4emac-timesynch.c) called from PC: $12738 (elapsed: 1210727)
  call_process (local in process.c) called from PC: $1291c (elapsed: 1210764)
  process_run (packetbuf.c) called from PC: $05edc (elapsed: 1213905)
 WARN [Thread-2] (MspMote.java:229) - 2: # Watchdog[EXECUTION]: illegal write to WDTCTL (0) from $103ca - reset!!!!
Watchdog: illegal write to WDTCTL (0) from $103ca - reset!!!!
Stack Trace: number of calls: 5 PC: $103ca
  watchdog_reboot (packetbuf.c) called from PC: $24d44 (elapsed: 5)
  restart_time_synchronisation (packetbuf.c) called from PC: $15abe (elapsed: 30452)
  process_thread_foure_timesynch_process (local in 4emac-timesynch.c) called from PC: $12738 (elapsed: 1399411)
  call_process (local in process.c) called from PC: $1291c (elapsed: 1399448)
  process_run (packetbuf.c) called from PC: $05edc (elapsed: 1406705)
 WARN [Thread-2] (MspMote.java:229) - 51: # Watchdog[EXECUTION]: illegal write to WDTCTL (0) from $103ca - reset!!!!
Watchdog: illegal write to WDTCTL (0) from $103ca - reset!!!!
Stack Trace: number of calls: 5 PC: $103ca
  watchdog_reboot (packetbuf.c) called from PC: $24d44 (elapsed: 5)
  restart_time_synchronisation (packetbuf.c) called from PC: $15abe (elapsed: 30452)
  process_thread_foure_timesynch_process (local in 4emac-timesynch.c) called from PC: $12738 (elapsed: 983116)
  call_process (local in process.c) called from PC: $1291c (elapsed: 983153)
  process_run (packetbuf.c) called from PC: $05edc (elapsed: 1965151)
 WARN [Thread-2] (MspMote.java:229) - 53: # Watchdog[EXECUTION]: illegal write to WDTCTL (0) from $103ca - reset!!!!
Watchdog: illegal write to WDTCTL (0) from $103ca - reset!!!!
Stack Trace: number of calls: 5 PC: $103ca
  watchdog_reboot (packetbuf.c) called from PC: $24d44 (elapsed: 5)
  restart_time_synchronisation (packetbuf.c) called from PC: $15abe (elapsed: 30447)
  process_thread_foure_timesynch_process (local in 4emac-timesynch.c) called from PC: $12738 (elapsed: 1390605)
  call_process (local in process.c) called from PC: $1291c (elapsed: 1390642)
  process_run (packetbuf.c) called from PC: $05edc (elapsed: 1393866)
 WARN [Thread-2] (MspMote.java:229) - 47: # Watchdog[EXECUTION]: illegal write to WDTCTL (0) from $103ca - reset!!!!
Watchdog: illegal write to WDTCTL (0) from $103ca - reset!!!!
Stack Trace: number of calls: 5 PC: $103ca
  watchdog_reboot (packetbuf.c) called from PC: $24d44 (elapsed: 5)
  restart_time_synchronisation (packetbuf.c) called from PC: $15abe (elapsed: 30453)
  process_thread_foure_timesynch_process (local in 4emac-timesynch.c) called from PC: $12738 (elapsed: 815411)
  call_process (local in process.c) called from PC: $1291c (elapsed: 815448)
  process_run (packetbuf.c) called from PC: $05edc (elapsed: 818562)
 WARN [Thread-2] (MspMote.java:229) - 39: # Watchdog[EXECUTION]: illegal write to WDTCTL (0) from $103ca - reset!!!!
Watchdog: illegal write to WDTCTL (0) from $103ca - reset!!!!
Stack Trace: number of calls: 5 PC: $103ca
  watchdog_reboot (packetbuf.c) called from PC: $24d44 (elapsed: 5)
  restart_time_synchronisation (packetbuf.c) called from PC: $15abe (elapsed: 30452)
  process_thread_foure_timesynch_process (local in 4emac-timesynch.c) called from PC: $12738 (elapsed: 1601912)
  call_process (local in process.c) called from PC: $1291c (elapsed: 1601949)
  process_run (packetbuf.c) called from PC: $05edc (elapsed: 1605142)
 WARN [Thread-2] (MspMote.java:229) - 42: # Watchdog[EXECUTION]: illegal write to WDTCTL (0) from $103ca - reset!!!!
Watchdog: illegal write to WDTCTL (0) from $103ca - reset!!!!
Stack Trace: number of calls: 5 PC: $103ca
  watchdog_reboot (packetbuf.c) called from PC: $24d44 (elapsed: 5)
  restart_time_synchronisation (packetbuf.c) called from PC: $15abe (elapsed: 30651)
  process_thread_foure_timesynch_process (local in 4emac-timesynch.c) called from PC: $12738 (elapsed: 1005956)
  call_process (local in process.c) called from PC: $1291c (elapsed: 1005993)
  process_run (packetbuf.c) called from PC: $05edc (elapsed: 1009265)
 WARN [Thread-2] (MspMote.java:229) - 43: # Watchdog[EXECUTION]: illegal write to WDTCTL (0) from $103ca - reset!!!!
Watchdog: illegal write to WDTCTL (0) from $103ca - reset!!!!
Stack Trace: number of calls: 5 PC: $103ca
  watchdog_reboot (packetbuf.c) called from PC: $24d44 (elapsed: 5)
  restart_time_synchronisation (packetbuf.c) called from PC: $15abe (elapsed: 30452)
  process_thread_foure_timesynch_process (local in 4emac-timesynch.c) called from PC: $12738 (elapsed: 1432769)
  call_process (local in process.c) called from PC: $1291c (elapsed: 1432806)
  process_run (packetbuf.c) called from PC: $05edc (elapsed: 1436037)
 WARN [Thread-2] (MspMote.java:229) - 50: # Watchdog[EXECUTION]: illegal write to WDTCTL (0) from $103ca - reset!!!!
Watchdog: illegal write to WDTCTL (0) from $103ca - reset!!!!
Stack Trace: number of calls: 5 PC: $103ca
  watchdog_reboot (packetbuf.c) called from PC: $24d44 (elapsed: 5)
  restart_time_synchronisation (packetbuf.c) called from PC: $15abe (elapsed: 31365)
  process_thread_foure_timesynch_process (local in 4emac-timesynch.c) called from PC: $12738 (elapsed: 185311)
  call_process (local in process.c) called from PC: $1291c (elapsed: 185348)
  process_run (packetbuf.c) called from PC: $05edc (elapsed: 186647)
 WARN [Thread-2] (MspMote.java:229) - 8: # Watchdog[EXECUTION]: illegal write to WDTCTL (0) from $103ca - reset!!!!
 INFO [Thread-2] (LogScriptEngine.java:389) - Test script at 55.00%, done in 8253.2 sec
Watchdog: illegal write to WDTCTL (0) from $103ca - reset!!!!
Stack Trace: number of calls: 5 PC: $103ca
  watchdog_reboot (packetbuf.c) called from PC: $24d44 (elapsed: 5)
  restart_time_synchronisation (packetbuf.c) called from PC: $15abe (elapsed: 30686)
  process_thread_foure_timesynch_process (local in 4emac-timesynch.c) called from PC: $12738 (elapsed: 1260165)
  call_process (local in process.c) called from PC: $1291c (elapsed: 1260202)
  process_run (packetbuf.c) called from PC: $05edc (elapsed: 1263636)
 WARN [Thread-2] (MspMote.java:229) - 45: # Watchdog[EXECUTION]: illegal write to WDTCTL (0) from $103ca - reset!!!!
Watchdog: illegal write to WDTCTL (0) from $103ca - reset!!!!
Stack Trace: number of calls: 5 PC: $103ca
  watchdog_reboot (packetbuf.c) called from PC: $24d44 (elapsed: 5)
  restart_time_synchronisation (packetbuf.c) called from PC: $15abe (elapsed: 31364)
  process_thread_foure_timesynch_process (local in 4emac-timesynch.c) called from PC: $12738 (elapsed: 216297)
  call_process (local in process.c) called from PC: $1291c (elapsed: 216334)
  process_run (packetbuf.c) called from PC: $05edc (elapsed: 218735)
 WARN [Thread-2] (MspMote.java:229) - 3: # Watchdog[EXECUTION]: illegal write to WDTCTL (0) from $103ca - reset!!!!
Watchdog: illegal write to WDTCTL (0) from $103ca - reset!!!!
Stack Trace: number of calls: 5 PC: $103ca
  watchdog_reboot (packetbuf.c) called from PC: $24d44 (elapsed: 5)
  restart_time_synchronisation (packetbuf.c) called from PC: $15abe (elapsed: 30651)
  process_thread_foure_timesynch_process (local in 4emac-timesynch.c) called from PC: $12738 (elapsed: 706124)
  call_process (local in process.c) called from PC: $1291c (elapsed: 706161)
  process_run (packetbuf.c) called from PC: $05edc (elapsed: 709273)
 WARN [Thread-2] (MspMote.java:229) - 30: # Watchdog[EXECUTION]: illegal write to WDTCTL (0) from $103ca - reset!!!!
Watchdog: illegal write to WDTCTL (0) from $103ca - reset!!!!
Stack Trace: number of calls: 5 PC: $103ca
  watchdog_reboot (packetbuf.c) called from PC: $24d44 (elapsed: 5)
  restart_time_synchronisation (packetbuf.c) called from PC: $15abe (elapsed: 30452)
  process_thread_foure_timesynch_process (local in 4emac-timesynch.c) called from PC: $12738 (elapsed: 1404996)
  call_process (local in process.c) called from PC: $1291c (elapsed: 1405033)
  process_run (packetbuf.c) called from PC: $05edc (elapsed: 1408310)
 WARN [Thread-2] (MspMote.java:229) - 44: # Watchdog[EXECUTION]: illegal write to WDTCTL (0) from $103ca - reset!!!!
Watchdog: illegal write to WDTCTL (0) from $103ca - reset!!!!
Stack Trace: number of calls: 5 PC: $103ca
  watchdog_reboot (packetbuf.c) called from PC: $24d44 (elapsed: 5)
  restart_time_synchronisation (packetbuf.c) called from PC: $15abe (elapsed: 30452)
  process_thread_foure_timesynch_process (local in 4emac-timesynch.c) called from PC: $12738 (elapsed: 535190)
  call_process (local in process.c) called from PC: $1291c (elapsed: 535227)
  process_run (packetbuf.c) called from PC: $05edc (elapsed: 538497)
 WARN [Thread-2] (MspMote.java:229) - 41: # Watchdog[EXECUTION]: illegal write to WDTCTL (0) from $103ca - reset!!!!
Watchdog: illegal write to WDTCTL (0) from $103ca - reset!!!!
Stack Trace: number of calls: 5 PC: $103ca
  watchdog_reboot (packetbuf.c) called from PC: $24d44 (elapsed: 5)
  restart_time_synchronisation (packetbuf.c) called from PC: $15abe (elapsed: 30452)
  process_thread_foure_timesynch_process (local in 4emac-timesynch.c) called from PC: $12738 (elapsed: 1119821)
  call_process (local in process.c) called from PC: $1291c (elapsed: 1119858)
  process_run (packetbuf.c) called from PC: $05edc (elapsed: 1122920)
 WARN [Thread-2] (MspMote.java:229) - 31: # Watchdog[EXECUTION]: illegal write to WDTCTL (0) from $103ca - reset!!!!
Watchdog: illegal write to WDTCTL (0) from $103ca - reset!!!!
Stack Trace: number of calls: 5 PC: $103ca
  watchdog_reboot (packetbuf.c) called from PC: $24d44 (elapsed: 5)
  restart_time_synchronisation (packetbuf.c) called from PC: $15abe (elapsed: 30453)
  process_thread_foure_timesynch_process (local in 4emac-timesynch.c) called from PC: $12738 (elapsed: 1259887)
  call_process (local in process.c) called from PC: $1291c (elapsed: 1259924)
  process_run (packetbuf.c) called from PC: $05edc (elapsed: 1262957)
 WARN [Thread-2] (MspMote.java:229) - 36: # Watchdog[EXECUTION]: illegal write to WDTCTL (0) from $103ca - reset!!!!
Watchdog: illegal write to WDTCTL (0) from $103ca - reset!!!!
Stack Trace: number of calls: 5 PC: $103ca
  watchdog_reboot (packetbuf.c) called from PC: $24d44 (elapsed: 5)
  restart_time_synchronisation (packetbuf.c) called from PC: $15abe (elapsed: 30609)
  process_thread_foure_timesynch_process (local in 4emac-timesynch.c) called from PC: $12738 (elapsed: 561911)
  call_process (local in process.c) called from PC: $1291c (elapsed: 561948)
  process_run (packetbuf.c) called from PC: $05edc (elapsed: 565303)
 WARN [Thread-2] (MspMote.java:229) - 34: # Watchdog[EXECUTION]: illegal write to WDTCTL (0) from $103ca - reset!!!!
Watchdog: illegal write to WDTCTL (0) from $103ca - reset!!!!
Stack Trace: number of calls: 5 PC: $103ca
  watchdog_reboot (packetbuf.c) called from PC: $24d44 (elapsed: 5)
  restart_time_synchronisation (packetbuf.c) called from PC: $15abe (elapsed: 30452)
  process_thread_foure_timesynch_process (local in 4emac-timesynch.c) called from PC: $12738 (elapsed: 669759)
  call_process (local in process.c) called from PC: $1291c (elapsed: 669796)
  process_run (packetbuf.c) called from PC: $05edc (elapsed: 672993)
 WARN [Thread-2] (MspMote.java:229) - 17: # Watchdog[EXECUTION]: illegal write to WDTCTL (0) from $103ca - reset!!!!
Watchdog: illegal write to WDTCTL (0) from $103ca - reset!!!!
Stack Trace: number of calls: 5 PC: $103ca
  watchdog_reboot (packetbuf.c) called from PC: $24d44 (elapsed: 5)
  restart_time_synchronisation (packetbuf.c) called from PC: $15abe (elapsed: 30452)
  process_thread_foure_timesynch_process (local in 4emac-timesynch.c) called from PC: $12738 (elapsed: 845930)
  call_process (local in process.c) called from PC: $1291c (elapsed: 845967)
  process_run (packetbuf.c) called from PC: $05edc (elapsed: 849484)
 WARN [Thread-2] (MspMote.java:229) - 60: # Watchdog[EXECUTION]: illegal write to WDTCTL (0) from $103ca - reset!!!!
Watchdog: illegal write to WDTCTL (0) from $103ca - reset!!!!
Stack Trace: number of calls: 5 PC: $103ca
  watchdog_reboot (packetbuf.c) called from PC: $24d44 (elapsed: 5)
  restart_time_synchronisation (packetbuf.c) called from PC: $15abe (elapsed: 30452)
  process_thread_foure_timesynch_process (local in 4emac-timesynch.c) called from PC: $12738 (elapsed: 845241)
  call_process (local in process.c) called from PC: $1291c (elapsed: 845278)
  process_run (packetbuf.c) called from PC: $05edc (elapsed: 849542)
 WARN [Thread-2] (MspMote.java:229) - 53: # Watchdog[EXECUTION]: illegal write to WDTCTL (0) from $103ca - reset!!!!
Watchdog: illegal write to WDTCTL (0) from $103ca - reset!!!!
Stack Trace: number of calls: 5 PC: $103ca
  watchdog_reboot (packetbuf.c) called from PC: $24d44 (elapsed: 5)
  restart_time_synchronisation (packetbuf.c) called from PC: $15abe (elapsed: 30452)
  process_thread_foure_timesynch_process (local in 4emac-timesynch.c) called from PC: $12738 (elapsed: 779610)
  call_process (local in process.c) called from PC: $1291c (elapsed: 779647)
  process_run (packetbuf.c) called from PC: $05edc (elapsed: 782790)
 WARN [Thread-2] (MspMote.java:229) - 51: # Watchdog[EXECUTION]: illegal write to WDTCTL (0) from $103ca - reset!!!!
Watchdog: illegal write to WDTCTL (0) from $103ca - reset!!!!
Stack Trace: number of calls: 5 PC: $103ca
  watchdog_reboot (packetbuf.c) called from PC: $24d44 (elapsed: 5)
  restart_time_synchronisation (packetbuf.c) called from PC: $15abe (elapsed: 30452)
  process_thread_foure_timesynch_process (local in 4emac-timesynch.c) called from PC: $12738 (elapsed: 1231699)
  call_process (local in process.c) called from PC: $1291c (elapsed: 1231736)
  process_run (packetbuf.c) called from PC: $05edc (elapsed: 1234938)
 WARN [Thread-2] (MspMote.java:229) - 56: # Watchdog[EXECUTION]: illegal write to WDTCTL (0) from $103ca - reset!!!!
Watchdog: illegal write to WDTCTL (0) from $103ca - reset!!!!
Stack Trace: number of calls: 5 PC: $103ca
  watchdog_reboot (packetbuf.c) called from PC: $24d44 (elapsed: 5)
  restart_time_synchronisation (packetbuf.c) called from PC: $15abe (elapsed: 30453)
  process_thread_foure_timesynch_process (local in 4emac-timesynch.c) called from PC: $12738 (elapsed: 944274)
  call_process (local in process.c) called from PC: $1291c (elapsed: 944311)
  process_run (packetbuf.c) called from PC: $05edc (elapsed: 947583)
 WARN [Thread-2] (MspMote.java:229) - 24: # Watchdog[EXECUTION]: illegal write to WDTCTL (0) from $103ca - reset!!!!
Watchdog: illegal write to WDTCTL (0) from $103ca - reset!!!!
Stack Trace: number of calls: 5 PC: $103ca
  watchdog_reboot (packetbuf.c) called from PC: $24d44 (elapsed: 5)
  restart_time_synchronisation (packetbuf.c) called from PC: $15abe (elapsed: 31364)
  process_thread_foure_timesynch_process (local in 4emac-timesynch.c) called from PC: $12738 (elapsed: 185438)
  call_process (local in process.c) called from PC: $1291c (elapsed: 185475)
  process_run (packetbuf.c) called from PC: $05edc (elapsed: 187955)
 WARN [Thread-2] (MspMote.java:229) - 23: # Watchdog[EXECUTION]: illegal write to WDTCTL (0) from $103ca - reset!!!!
Watchdog: illegal write to WDTCTL (0) from $103ca - reset!!!!
Stack Trace: number of calls: 5 PC: $103ca
  watchdog_reboot (packetbuf.c) called from PC: $24d44 (elapsed: 5)
  restart_time_synchronisation (packetbuf.c) called from PC: $15abe (elapsed: 31364)
  process_thread_foure_timesynch_process (local in 4emac-timesynch.c) called from PC: $12738 (elapsed: 185422)
  call_process (local in process.c) called from PC: $1291c (elapsed: 185459)
  process_run (packetbuf.c) called from PC: $05edc (elapsed: 187860)
 WARN [Thread-2] (MspMote.java:229) - 21: # Watchdog[EXECUTION]: illegal write to WDTCTL (0) from $103ca - reset!!!!
Watchdog: illegal write to WDTCTL (0) from $103ca - reset!!!!
Stack Trace: number of calls: 5 PC: $103ca
  watchdog_reboot (packetbuf.c) called from PC: $24d44 (elapsed: 5)
  restart_time_synchronisation (packetbuf.c) called from PC: $15abe (elapsed: 30447)
  process_thread_foure_timesynch_process (local in 4emac-timesynch.c) called from PC: $12738 (elapsed: 950443)
  call_process (local in process.c) called from PC: $1291c (elapsed: 950480)
  process_run (packetbuf.c) called from PC: $05edc (elapsed: 953673)
 WARN [Thread-2] (MspMote.java:229) - 12: # Watchdog[EXECUTION]: illegal write to WDTCTL (0) from $103ca - reset!!!!
Watchdog: illegal write to WDTCTL (0) from $103ca - reset!!!!
Stack Trace: number of calls: 5 PC: $103ca
  watchdog_reboot (packetbuf.c) called from PC: $24d44 (elapsed: 5)
  restart_time_synchronisation (packetbuf.c) called from PC: $15abe (elapsed: 31359)
  process_thread_foure_timesynch_process (local in 4emac-timesynch.c) called from PC: $12738 (elapsed: 185317)
  call_process (local in process.c) called from PC: $1291c (elapsed: 185354)
  process_run (packetbuf.c) called from PC: $05edc (elapsed: 187913)
 WARN [Thread-2] (MspMote.java:229) - 22: # Watchdog[EXECUTION]: illegal write to WDTCTL (0) from $103ca - reset!!!!
Watchdog: illegal write to WDTCTL (0) from $103ca - reset!!!!
Stack Trace: number of calls: 5 PC: $103ca
  watchdog_reboot (packetbuf.c) called from PC: $24d44 (elapsed: 5)
  restart_time_synchronisation (packetbuf.c) called from PC: $15abe (elapsed: 30452)
  process_thread_foure_timesynch_process (local in 4emac-timesynch.c) called from PC: $12738 (elapsed: 666678)
  call_process (local in process.c) called from PC: $1291c (elapsed: 666715)
  process_run (packetbuf.c) called from PC: $05edc (elapsed: 669989)
 WARN [Thread-2] (MspMote.java:229) - 5: # Watchdog[EXECUTION]: illegal write to WDTCTL (0) from $103ca - reset!!!!
Watchdog: illegal write to WDTCTL (0) from $103ca - reset!!!!
Stack Trace: number of calls: 5 PC: $103ca
  watchdog_reboot (packetbuf.c) called from PC: $24d44 (elapsed: 5)
  restart_time_synchronisation (packetbuf.c) called from PC: $15abe (elapsed: 31364)
  process_thread_foure_timesynch_process (local in 4emac-timesynch.c) called from PC: $12738 (elapsed: 218289)
  call_process (local in process.c) called from PC: $1291c (elapsed: 218326)
  process_run (packetbuf.c) called from PC: $05edc (elapsed: 220806)
 WARN [Thread-2] (MspMote.java:229) - 40: # Watchdog[EXECUTION]: illegal write to WDTCTL (0) from $103ca - reset!!!!
Watchdog: illegal write to WDTCTL (0) from $103ca - reset!!!!
Stack Trace: number of calls: 5 PC: $103ca
  watchdog_reboot (packetbuf.c) called from PC: $24d44 (elapsed: 5)
  restart_time_synchronisation (packetbuf.c) called from PC: $15abe (elapsed: 30452)
  process_thread_foure_timesynch_process (local in 4emac-timesynch.c) called from PC: $12738 (elapsed: 1221395)
  call_process (local in process.c) called from PC: $1291c (elapsed: 1221432)
  process_run (packetbuf.c) called from PC: $05edc (elapsed: 1224623)
 WARN [Thread-2] (MspMote.java:229) - 54: # Watchdog[EXECUTION]: illegal write to WDTCTL (0) from $103ca - reset!!!!
Watchdog: illegal write to WDTCTL (0) from $103ca - reset!!!!
Stack Trace: number of calls: 5 PC: $103ca
  watchdog_reboot (packetbuf.c) called from PC: $24d44 (elapsed: 5)
  restart_time_synchronisation (packetbuf.c) called from PC: $15abe (elapsed: 30452)
  process_thread_foure_timesynch_process (local in 4emac-timesynch.c) called from PC: $12738 (elapsed: 1411288)
  call_process (local in process.c) called from PC: $1291c (elapsed: 1411325)
  process_run (packetbuf.c) called from PC: $05edc (elapsed: 1414359)
 WARN [Thread-2] (MspMote.java:229) - 59: # Watchdog[EXECUTION]: illegal write to WDTCTL (0) from $103ca - reset!!!!
Watchdog: illegal write to WDTCTL (0) from $103ca - reset!!!!
Stack Trace: number of calls: 5 PC: $103ca
  watchdog_reboot (packetbuf.c) called from PC: $24d44 (elapsed: 5)
  restart_time_synchronisation (packetbuf.c) called from PC: $15abe (elapsed: 30452)
  process_thread_foure_timesynch_process (local in 4emac-timesynch.c) called from PC: $12738 (elapsed: 1087860)
  call_process (local in process.c) called from PC: $1291c (elapsed: 1087897)
  process_run (packetbuf.c) called from PC: $05edc (elapsed: 1095550)
 WARN [Thread-2] (MspMote.java:229) - 46: # Watchdog[EXECUTION]: illegal write to WDTCTL (0) from $103ca - reset!!!!
Watchdog: illegal write to WDTCTL (0) from $103ca - reset!!!!
Stack Trace: number of calls: 5 PC: $103ca
  watchdog_reboot (packetbuf.c) called from PC: $24d44 (elapsed: 5)
  restart_time_synchronisation (packetbuf.c) called from PC: $15abe (elapsed: 30453)
  process_thread_foure_timesynch_process (local in 4emac-timesynch.c) called from PC: $12738 (elapsed: 951489)
  call_process (local in process.c) called from PC: $1291c (elapsed: 951526)
  process_run (packetbuf.c) called from PC: $05edc (elapsed: 954641)
 WARN [Thread-2] (MspMote.java:229) - 48: # Watchdog[EXECUTION]: illegal write to WDTCTL (0) from $103ca - reset!!!!
Watchdog: illegal write to WDTCTL (0) from $103ca - reset!!!!
Stack Trace: number of calls: 5 PC: $103ca
  watchdog_reboot (packetbuf.c) called from PC: $24d44 (elapsed: 5)
  restart_time_synchronisation (packetbuf.c) called from PC: $15abe (elapsed: 30453)
  process_thread_foure_timesynch_process (local in 4emac-timesynch.c) called from PC: $12738 (elapsed: 1143818)
  call_process (local in process.c) called from PC: $1291c (elapsed: 1143855)
  process_run (packetbuf.c) called from PC: $05edc (elapsed: 1147048)
 WARN [Thread-2] (MspMote.java:229) - 38: # Watchdog[EXECUTION]: illegal write to WDTCTL (0) from $103ca - reset!!!!
Watchdog: illegal write to WDTCTL (0) from $103ca - reset!!!!
Stack Trace: number of calls: 5 PC: $103ca
  watchdog_reboot (packetbuf.c) called from PC: $24d44 (elapsed: 5)
  restart_time_synchronisation (packetbuf.c) called from PC: $15abe (elapsed: 30573)
  process_thread_foure_timesynch_process (local in 4emac-timesynch.c) called from PC: $12738 (elapsed: 1257971)
  call_process (local in process.c) called from PC: $1291c (elapsed: 1258008)
  process_run (packetbuf.c) called from PC: $05edc (elapsed: 1261357)
 WARN [Thread-2] (MspMote.java:229) - 58: # Watchdog[EXECUTION]: illegal write to WDTCTL (0) from $103ca - reset!!!!
Watchdog: illegal write to WDTCTL (0) from $103ca - reset!!!!
Stack Trace: number of calls: 5 PC: $103ca
  watchdog_reboot (packetbuf.c) called from PC: $24d44 (elapsed: 5)
  restart_time_synchronisation (packetbuf.c) called from PC: $15abe (elapsed: 30453)
  process_thread_foure_timesynch_process (local in 4emac-timesynch.c) called from PC: $12738 (elapsed: 812243)
  call_process (local in process.c) called from PC: $1291c (elapsed: 812280)
  process_run (packetbuf.c) called from PC: $05edc (elapsed: 815577)
 WARN [Thread-2] (MspMote.java:229) - 33: # Watchdog[EXECUTION]: illegal write to WDTCTL (0) from $103ca - reset!!!!
Watchdog: illegal write to WDTCTL (0) from $103ca - reset!!!!
Stack Trace: number of calls: 5 PC: $103ca
  watchdog_reboot (packetbuf.c) called from PC: $24d44 (elapsed: 5)
  restart_time_synchronisation (packetbuf.c) called from PC: $15abe (elapsed: 30452)
  process_thread_foure_timesynch_process (local in 4emac-timesynch.c) called from PC: $12738 (elapsed: 976981)
  call_process (local in process.c) called from PC: $1291c (elapsed: 977018)
  process_run (packetbuf.c) called from PC: $05edc (elapsed: 980292)
 WARN [Thread-2] (MspMote.java:229) - 32: # Watchdog[EXECUTION]: illegal write to WDTCTL (0) from $103ca - reset!!!!
Watchdog: illegal write to WDTCTL (0) from $103ca - reset!!!!
Stack Trace: number of calls: 5 PC: $103ca
  watchdog_reboot (packetbuf.c) called from PC: $24d44 (elapsed: 5)
  restart_time_synchronisation (packetbuf.c) called from PC: $15abe (elapsed: 56694)
  process_thread_foure_timesynch_process (local in 4emac-timesynch.c) called from PC: $12738 (elapsed: 810808)
  call_process (local in process.c) called from PC: $1291c (elapsed: 810845)
  process_run (packetbuf.c) called from PC: $05edc (elapsed: 814040)
 WARN [Thread-2] (MspMote.java:229) - 45: # Watchdog[EXECUTION]: illegal write to WDTCTL (0) from $103ca - reset!!!!
Watchdog: illegal write to WDTCTL (0) from $103ca - reset!!!!
Stack Trace: number of calls: 5 PC: $103ca
  watchdog_reboot (packetbuf.c) called from PC: $24d44 (elapsed: 5)
  restart_time_synchronisation (packetbuf.c) called from PC: $15abe (elapsed: 59985)
  process_thread_foure_timesynch_process (local in 4emac-timesynch.c) called from PC: $12738 (elapsed: 1122888)
  call_process (local in process.c) called from PC: $1291c (elapsed: 1122925)
  process_run (packetbuf.c) called from PC: $05edc (elapsed: 1126363)
 WARN [Thread-2] (MspMote.java:229) - 57: # Watchdog[EXECUTION]: illegal write to WDTCTL (0) from $103ca - reset!!!!
Watchdog: illegal write to WDTCTL (0) from $103ca - reset!!!!
Stack Trace: number of calls: 5 PC: $103ca
  watchdog_reboot (packetbuf.c) called from PC: $24d44 (elapsed: 5)
  restart_time_synchronisation (packetbuf.c) called from PC: $15abe (elapsed: 30453)
  process_thread_foure_timesynch_process (local in 4emac-timesynch.c) called from PC: $12738 (elapsed: 1121075)
  call_process (local in process.c) called from PC: $1291c (elapsed: 1121112)
  process_run (packetbuf.c) called from PC: $05edc (elapsed: 1125530)
 WARN [Thread-2] (MspMote.java:229) - 39: # Watchdog[EXECUTION]: illegal write to WDTCTL (0) from $103ca - reset!!!!
Watchdog: illegal write to WDTCTL (0) from $103ca - reset!!!!
Stack Trace: number of calls: 5 PC: $103ca
  watchdog_reboot (packetbuf.c) called from PC: $24d44 (elapsed: 5)
  restart_time_synchronisation (packetbuf.c) called from PC: $15abe (elapsed: 30453)
  process_thread_foure_timesynch_process (local in 4emac-timesynch.c) called from PC: $12738 (elapsed: 502388)
  call_process (local in process.c) called from PC: $1291c (elapsed: 502425)
  process_run (packetbuf.c) called from PC: $05edc (elapsed: 505539)
 WARN [Thread-2] (MspMote.java:229) - 48: # Watchdog[EXECUTION]: illegal write to WDTCTL (0) from $103ca - reset!!!!
Watchdog: illegal write to WDTCTL (0) from $103ca - reset!!!!
Stack Trace: number of calls: 5 PC: $103ca
  watchdog_reboot (packetbuf.c) called from PC: $24d44 (elapsed: 5)
  restart_time_synchronisation (packetbuf.c) called from PC: $15abe (elapsed: 59626)
  process_thread_foure_timesynch_process (local in 4emac-timesynch.c) called from PC: $12738 (elapsed: 951204)
  call_process (local in process.c) called from PC: $1291c (elapsed: 951241)
  process_run (packetbuf.c) called from PC: $05edc (elapsed: 957567)
 WARN [Thread-2] (MspMote.java:229) - 52: # Watchdog[EXECUTION]: illegal write to WDTCTL (0) from $103ca - reset!!!!
Watchdog: illegal write to WDTCTL (0) from $103ca - reset!!!!
Stack Trace: number of calls: 5 PC: $103ca
  watchdog_reboot (packetbuf.c) called from PC: $24d44 (elapsed: 5)
  restart_time_synchronisation (packetbuf.c) called from PC: $15abe (elapsed: 30452)
  process_thread_foure_timesynch_process (local in 4emac-timesynch.c) called from PC: $12738 (elapsed: 982684)
  call_process (local in process.c) called from PC: $1291c (elapsed: 982721)
  process_run (packetbuf.c) called from PC: $05edc (elapsed: 986020)
 WARN [Thread-2] (MspMote.java:229) - 27: # Watchdog[EXECUTION]: illegal write to WDTCTL (0) from $103ca - reset!!!!
Watchdog: illegal write to WDTCTL (0) from $103ca - reset!!!!
Stack Trace: number of calls: 5 PC: $103ca
  watchdog_reboot (packetbuf.c) called from PC: $24d44 (elapsed: 5)
  restart_time_synchronisation (packetbuf.c) called from PC: $15abe (elapsed: 30452)
  process_thread_foure_timesynch_process (local in 4emac-timesynch.c) called from PC: $12738 (elapsed: 1251200)
  call_process (local in process.c) called from PC: $1291c (elapsed: 1251237)
  process_run (packetbuf.c) called from PC: $05edc (elapsed: 1254353)
 WARN [Thread-2] (MspMote.java:229) - 26: # Watchdog[EXECUTION]: illegal write to WDTCTL (0) from $103ca - reset!!!!
Watchdog: illegal write to WDTCTL (0) from $103ca - reset!!!!
Stack Trace: number of calls: 5 PC: $103ca
  watchdog_reboot (packetbuf.c) called from PC: $24d44 (elapsed: 5)
  restart_time_synchronisation (packetbuf.c) called from PC: $15abe (elapsed: 30452)
  process_thread_foure_timesynch_process (local in 4emac-timesynch.c) called from PC: $12738 (elapsed: 1228872)
  call_process (local in process.c) called from PC: $1291c (elapsed: 1228909)
  process_run (packetbuf.c) called from PC: $05edc (elapsed: 1232260)
 WARN [Thread-2] (MspMote.java:229) - 44: # Watchdog[EXECUTION]: illegal write to WDTCTL (0) from $103ca - reset!!!!
 INFO [Thread-2] (LogScriptEngine.java:389) - Test script at 60.00%, done in 7048.6 sec
Watchdog: illegal write to WDTCTL (0) from $103ca - reset!!!!
Stack Trace: number of calls: 5 PC: $103ca
  watchdog_reboot (packetbuf.c) called from PC: $24d44 (elapsed: 5)
  restart_time_synchronisation (packetbuf.c) called from PC: $15abe (elapsed: 30452)
  process_thread_foure_timesynch_process (local in 4emac-timesynch.c) called from PC: $12738 (elapsed: 1095908)
  call_process (local in process.c) called from PC: $1291c (elapsed: 1095945)
  process_run (packetbuf.c) called from PC: $05edc (elapsed: 1097961)
 WARN [Thread-2] (MspMote.java:229) - 15: # Watchdog[EXECUTION]: illegal write to WDTCTL (0) from $103ca - reset!!!!
Watchdog: illegal write to WDTCTL (0) from $103ca - reset!!!!
Stack Trace: number of calls: 5 PC: $103ca
  watchdog_reboot (packetbuf.c) called from PC: $24d44 (elapsed: 5)
  restart_time_synchronisation (packetbuf.c) called from PC: $15abe (elapsed: 30603)
  process_thread_foure_timesynch_process (local in 4emac-timesynch.c) called from PC: $12738 (elapsed: 1262423)
  call_process (local in process.c) called from PC: $1291c (elapsed: 1262460)
  process_run (packetbuf.c) called from PC: $05edc (elapsed: 1266959)
 WARN [Thread-2] (MspMote.java:229) - 50: # Watchdog[EXECUTION]: illegal write to WDTCTL (0) from $103ca - reset!!!!
Watchdog: illegal write to WDTCTL (0) from $103ca - reset!!!!
Stack Trace: number of calls: 5 PC: $103ca
  watchdog_reboot (packetbuf.c) called from PC: $24d44 (elapsed: 5)
  restart_time_synchronisation (packetbuf.c) called from PC: $15abe (elapsed: 30452)
  process_thread_foure_timesynch_process (local in 4emac-timesynch.c) called from PC: $12738 (elapsed: 840653)
  call_process (local in process.c) called from PC: $1291c (elapsed: 840690)
  process_run (packetbuf.c) called from PC: $05edc (elapsed: 844634)
 WARN [Thread-2] (MspMote.java:229) - 14: # Watchdog[EXECUTION]: illegal write to WDTCTL (0) from $103ca - reset!!!!
Watchdog: illegal write to WDTCTL (0) from $103ca - reset!!!!
Stack Trace: number of calls: 5 PC: $103ca
  watchdog_reboot (packetbuf.c) called from PC: $24d44 (elapsed: 5)
  restart_time_synchronisation (packetbuf.c) called from PC: $15abe (elapsed: 30453)
  process_thread_foure_timesynch_process (local in 4emac-timesynch.c) called from PC: $12738 (elapsed: 1088362)
  call_process (local in process.c) called from PC: $1291c (elapsed: 1088399)
  process_run (packetbuf.c) called from PC: $05edc (elapsed: 1091513)
 WARN [Thread-2] (MspMote.java:229) - 51: # Watchdog[EXECUTION]: illegal write to WDTCTL (0) from $103ca - reset!!!!
Watchdog: illegal write to WDTCTL (0) from $103ca - reset!!!!
Stack Trace: number of calls: 5 PC: $103ca
  watchdog_reboot (packetbuf.c) called from PC: $24d44 (elapsed: 5)
  restart_time_synchronisation (packetbuf.c) called from PC: $15abe (elapsed: 30452)
  process_thread_foure_timesynch_process (local in 4emac-timesynch.c) called from PC: $12738 (elapsed: 842099)
  call_process (local in process.c) called from PC: $1291c (elapsed: 842136)
  process_run (packetbuf.c) called from PC: $05edc (elapsed: 845331)
 WARN [Thread-2] (MspMote.java:229) - 54: # Watchdog[EXECUTION]: illegal write to WDTCTL (0) from $103ca - reset!!!!
Watchdog: illegal write to WDTCTL (0) from $103ca - reset!!!!
Stack Trace: number of calls: 5 PC: $103ca
  watchdog_reboot (packetbuf.c) called from PC: $24d44 (elapsed: 5)
  restart_time_synchronisation (packetbuf.c) called from PC: $15abe (elapsed: 30452)
  process_thread_foure_timesynch_process (local in 4emac-timesynch.c) called from PC: $12738 (elapsed: 671043)
  call_process (local in process.c) called from PC: $1291c (elapsed: 671080)
  process_run (packetbuf.c) called from PC: $05edc (elapsed: 674666)
 WARN [Thread-2] (MspMote.java:229) - 1: # Watchdog[EXECUTION]: illegal write to WDTCTL (0) from $103ca - reset!!!!
Watchdog: illegal write to WDTCTL (0) from $103ca - reset!!!!
Stack Trace: number of calls: 11 PC: $103ca
  watchdog_reboot (packetbuf.c) called from PC: $24d44 (elapsed: 5)
  restart_time_synchronisation (packetbuf.c) called from PC: $14fba (elapsed: 31502)
  foure_timesynch_parent_switch_callback (packetbuf.c) called from PC: $1ea70 (elapsed: 69583)
  rpl_set_preferred_parent (local in rpl-dag.c) called from PC: $1f0a0 (elapsed: 162943)
  rpl_nullify_parent (packetbuf.c) called from PC: $1fd3a (elapsed: 381238)
  rpl_process_parent_event (packetbuf.c) called from PC: $1fdd2 (elapsed: 511741)
  rpl_recalculate_ranks (packetbuf.c) called from PC: $2383a (elapsed: 513949)
  handle_periodic_timer (local in rpl-timers.c) called from PC: $1219c (elapsed: 514216)
  process_thread_ctimer_process (local in ctimer.c) called from PC: $12738 (elapsed: 514441)
  call_process (local in process.c) called from PC: $1291c (elapsed: 514478)
  process_run (packetbuf.c) called from PC: $05edc (elapsed: 517434)
 WARN [Thread-2] (MspMote.java:229) - 3: # Watchdog[EXECUTION]: illegal write to WDTCTL (0) from $103ca - reset!!!!
Watchdog: illegal write to WDTCTL (0) from $103ca - reset!!!!
Stack Trace: number of calls: 5 PC: $103ca
  watchdog_reboot (packetbuf.c) called from PC: $24d44 (elapsed: 5)
  restart_time_synchronisation (packetbuf.c) called from PC: $15abe (elapsed: 30567)
  process_thread_foure_timesynch_process (local in 4emac-timesynch.c) called from PC: $12738 (elapsed: 1074170)
  call_process (local in process.c) called from PC: $1291c (elapsed: 1074207)
  process_run (packetbuf.c) called from PC: $05edc (elapsed: 1077324)
 WARN [Thread-2] (MspMote.java:229) - 4: # Watchdog[EXECUTION]: illegal write to WDTCTL (0) from $103ca - reset!!!!
Watchdog: illegal write to WDTCTL (0) from $103ca - reset!!!!
Stack Trace: number of calls: 5 PC: $103ca
  watchdog_reboot (packetbuf.c) called from PC: $24d44 (elapsed: 5)
  restart_time_synchronisation (packetbuf.c) called from PC: $15abe (elapsed: 30453)
  process_thread_foure_timesynch_process (local in 4emac-timesynch.c) called from PC: $12738 (elapsed: 1088418)
  call_process (local in process.c) called from PC: $1291c (elapsed: 1088455)
  process_run (packetbuf.c) called from PC: $05edc (elapsed: 1091567)
 WARN [Thread-2] (MspMote.java:229) - 43: # Watchdog[EXECUTION]: illegal write to WDTCTL (0) from $103ca - reset!!!!
Watchdog: illegal write to WDTCTL (0) from $103ca - reset!!!!
Stack Trace: number of calls: 5 PC: $103ca
  watchdog_reboot (packetbuf.c) called from PC: $24d44 (elapsed: 5)
  restart_time_synchronisation (packetbuf.c) called from PC: $15abe (elapsed: 30452)
  process_thread_foure_timesynch_process (local in 4emac-timesynch.c) called from PC: $12738 (elapsed: 841192)
  call_process (local in process.c) called from PC: $1291c (elapsed: 841229)
  process_run (packetbuf.c) called from PC: $05edc (elapsed: 844264)
 WARN [Thread-2] (MspMote.java:229) - 58: # Watchdog[EXECUTION]: illegal write to WDTCTL (0) from $103ca - reset!!!!
Watchdog: illegal write to WDTCTL (0) from $103ca - reset!!!!
Stack Trace: number of calls: 5 PC: $103ca
  watchdog_reboot (packetbuf.c) called from PC: $24d44 (elapsed: 5)
  restart_time_synchronisation (packetbuf.c) called from PC: $15abe (elapsed: 30452)
  process_thread_foure_timesynch_process (local in 4emac-timesynch.c) called from PC: $12738 (elapsed: 1234717)
  call_process (local in process.c) called from PC: $1291c (elapsed: 1234754)
  process_run (packetbuf.c) called from PC: $05edc (elapsed: 1239095)
 WARN [Thread-2] (MspMote.java:229) - 55: # Watchdog[EXECUTION]: illegal write to WDTCTL (0) from $103ca - reset!!!!
Watchdog: illegal write to WDTCTL (0) from $103ca - reset!!!!
Stack Trace: number of calls: 5 PC: $103ca
  watchdog_reboot (packetbuf.c) called from PC: $24d44 (elapsed: 5)
  restart_time_synchronisation (packetbuf.c) called from PC: $15abe (elapsed: 30452)
  process_thread_foure_timesynch_process (local in 4emac-timesynch.c) called from PC: $12738 (elapsed: 978296)
  call_process (local in process.c) called from PC: $1291c (elapsed: 978333)
  process_run (packetbuf.c) called from PC: $05edc (elapsed: 981530)
 WARN [Thread-2] (MspMote.java:229) - 53: # Watchdog[EXECUTION]: illegal write to WDTCTL (0) from $103ca - reset!!!!
Watchdog: illegal write to WDTCTL (0) from $103ca - reset!!!!
Stack Trace: number of calls: 5 PC: $103ca
  watchdog_reboot (packetbuf.c) called from PC: $24d44 (elapsed: 5)
  restart_time_synchronisation (packetbuf.c) called from PC: $15abe (elapsed: 30452)
  process_thread_foure_timesynch_process (local in 4emac-timesynch.c) called from PC: $12738 (elapsed: 1242284)
  call_process (local in process.c) called from PC: $1291c (elapsed: 1242321)
  process_run (packetbuf.c) called from PC: $05edc (elapsed: 1245519)
 WARN [Thread-2] (MspMote.java:229) - 9: # Watchdog[EXECUTION]: illegal write to WDTCTL (0) from $103ca - reset!!!!
Watchdog: illegal write to WDTCTL (0) from $103ca - reset!!!!
Stack Trace: number of calls: 5 PC: $103ca
  watchdog_reboot (packetbuf.c) called from PC: $24d44 (elapsed: 5)
  restart_time_synchronisation (packetbuf.c) called from PC: $15abe (elapsed: 30525)
  process_thread_foure_timesynch_process (local in 4emac-timesynch.c) called from PC: $12738 (elapsed: 953548)
  call_process (local in process.c) called from PC: $1291c (elapsed: 953585)
  process_run (packetbuf.c) called from PC: $05edc (elapsed: 956888)
 WARN [Thread-2] (MspMote.java:229) - 38: # Watchdog[EXECUTION]: illegal write to WDTCTL (0) from $103ca - reset!!!!
Watchdog: illegal write to WDTCTL (0) from $103ca - reset!!!!
Stack Trace: number of calls: 5 PC: $103ca
  watchdog_reboot (packetbuf.c) called from PC: $24d44 (elapsed: 5)
  restart_time_synchronisation (packetbuf.c) called from PC: $15abe (elapsed: 30452)
  process_thread_foure_timesynch_process (local in 4emac-timesynch.c) called from PC: $12738 (elapsed: 1237367)
  call_process (local in process.c) called from PC: $1291c (elapsed: 1237404)
  process_run (packetbuf.c) called from PC: $05edc (elapsed: 1240626)
 WARN [Thread-2] (MspMote.java:229) - 2: # Watchdog[EXECUTION]: illegal write to WDTCTL (0) from $103ca - reset!!!!
Watchdog: illegal write to WDTCTL (0) from $103ca - reset!!!!
Stack Trace: number of calls: 5 PC: $103ca
  watchdog_reboot (packetbuf.c) called from PC: $24d44 (elapsed: 5)
  restart_time_synchronisation (packetbuf.c) called from PC: $15abe (elapsed: 30453)
  process_thread_foure_timesynch_process (local in 4emac-timesynch.c) called from PC: $12738 (elapsed: 1271274)
  call_process (local in process.c) called from PC: $1291c (elapsed: 1271311)
  process_run (packetbuf.c) called from PC: $05edc (elapsed: 1274502)
 WARN [Thread-2] (MspMote.java:229) - 60: # Watchdog[EXECUTION]: illegal write to WDTCTL (0) from $103ca - reset!!!!
Watchdog: illegal write to WDTCTL (0) from $103ca - reset!!!!
Stack Trace: number of calls: 5 PC: $103ca
  watchdog_reboot (packetbuf.c) called from PC: $24d44 (elapsed: 5)
  restart_time_synchronisation (packetbuf.c) called from PC: $15abe (elapsed: 30452)
  process_thread_foure_timesynch_process (local in 4emac-timesynch.c) called from PC: $12738 (elapsed: 1226519)
  call_process (local in process.c) called from PC: $1291c (elapsed: 1226556)
  process_run (packetbuf.c) called from PC: $05edc (elapsed: 1229587)
 WARN [Thread-2] (MspMote.java:229) - 61: # Watchdog[EXECUTION]: illegal write to WDTCTL (0) from $103ca - reset!!!!
Watchdog: illegal write to WDTCTL (0) from $103ca - reset!!!!
Stack Trace: number of calls: 5 PC: $103ca
  watchdog_reboot (packetbuf.c) called from PC: $24d44 (elapsed: 5)
  restart_time_synchronisation (packetbuf.c) called from PC: $15abe (elapsed: 31364)
  process_thread_foure_timesynch_process (local in 4emac-timesynch.c) called from PC: $12738 (elapsed: 218318)
  call_process (local in process.c) called from PC: $1291c (elapsed: 218355)
  process_run (packetbuf.c) called from PC: $05edc (elapsed: 221673)
 WARN [Thread-2] (MspMote.java:229) - 42: # Watchdog[EXECUTION]: illegal write to WDTCTL (0) from $103ca - reset!!!!
Watchdog: illegal write to WDTCTL (0) from $103ca - reset!!!!
Stack Trace: number of calls: 5 PC: $103ca
  watchdog_reboot (packetbuf.c) called from PC: $24d44 (elapsed: 5)
  restart_time_synchronisation (packetbuf.c) called from PC: $15abe (elapsed: 31359)
  process_thread_foure_timesynch_process (local in 4emac-timesynch.c) called from PC: $12738 (elapsed: 185327)
  call_process (local in process.c) called from PC: $1291c (elapsed: 185364)
  process_run (packetbuf.c) called from PC: $05edc (elapsed: 187844)
 WARN [Thread-2] (MspMote.java:229) - 47: # Watchdog[EXECUTION]: illegal write to WDTCTL (0) from $103ca - reset!!!!
Watchdog: illegal write to WDTCTL (0) from $103ca - reset!!!!
Stack Trace: number of calls: 11 PC: $103ca
  watchdog_reboot (packetbuf.c) called from PC: $24d44 (elapsed: 5)
  restart_time_synchronisation (packetbuf.c) called from PC: $14fba (elapsed: 31370)
  foure_timesynch_parent_switch_callback (packetbuf.c) called from PC: $1ea70 (elapsed: 69446)
  rpl_set_preferred_parent (local in rpl-dag.c) called from PC: $1f0a0 (elapsed: 164309)
  rpl_nullify_parent (packetbuf.c) called from PC: $1fd3a (elapsed: 387132)
  rpl_process_parent_event (packetbuf.c) called from PC: $1fdd2 (elapsed: 483976)
  rpl_recalculate_ranks (packetbuf.c) called from PC: $2383a (elapsed: 486182)
  handle_periodic_timer (local in rpl-timers.c) called from PC: $1219c (elapsed: 486619)
  process_thread_ctimer_process (local in ctimer.c) called from PC: $12738 (elapsed: 486844)
  call_process (local in process.c) called from PC: $1291c (elapsed: 486881)
  process_run (packetbuf.c) called from PC: $05edc (elapsed: 490081)
 WARN [Thread-2] (MspMote.java:229) - 37: # Watchdog[EXECUTION]: illegal write to WDTCTL (0) from $103ca - reset!!!!
Watchdog: illegal write to WDTCTL (0) from $103ca - reset!!!!
Stack Trace: number of calls: 5 PC: $103ca
  watchdog_reboot (packetbuf.c) called from PC: $24d44 (elapsed: 5)
  restart_time_synchronisation (packetbuf.c) called from PC: $15abe (elapsed: 30447)
  process_thread_foure_timesynch_process (local in 4emac-timesynch.c) called from PC: $12738 (elapsed: 639870)
  call_process (local in process.c) called from PC: $1291c (elapsed: 639907)
  process_run (packetbuf.c) called from PC: $05edc (elapsed: 643186)
 WARN [Thread-2] (MspMote.java:229) - 35: # Watchdog[EXECUTION]: illegal write to WDTCTL (0) from $103ca - reset!!!!
Watchdog: illegal write to WDTCTL (0) from $103ca - reset!!!!
Stack Trace: number of calls: 5 PC: $103ca
  watchdog_reboot (packetbuf.c) called from PC: $24d44 (elapsed: 5)
  restart_time_synchronisation (packetbuf.c) called from PC: $15abe (elapsed: 31364)
  process_thread_foure_timesynch_process (local in 4emac-timesynch.c) called from PC: $12738 (elapsed: 185670)
  call_process (local in process.c) called from PC: $1291c (elapsed: 185707)
  process_run (packetbuf.c) called from PC: $05edc (elapsed: 188946)
 WARN [Thread-2] (MspMote.java:229) - 54: # Watchdog[EXECUTION]: illegal write to WDTCTL (0) from $103ca - reset!!!!
Watchdog: illegal write to WDTCTL (0) from $103ca - reset!!!!
Stack Trace: number of calls: 5 PC: $103ca
  watchdog_reboot (packetbuf.c) called from PC: $24d44 (elapsed: 5)
  restart_time_synchronisation (packetbuf.c) called from PC: $15abe (elapsed: 30452)
  process_thread_foure_timesynch_process (local in 4emac-timesynch.c) called from PC: $12738 (elapsed: 1429004)
  call_process (local in process.c) called from PC: $1291c (elapsed: 1429041)
  process_run (packetbuf.c) called from PC: $05edc (elapsed: 1433475)
 WARN [Thread-2] (MspMote.java:229) - 49: # Watchdog[EXECUTION]: illegal write to WDTCTL (0) from $103ca - reset!!!!
Watchdog: illegal write to WDTCTL (0) from $103ca - reset!!!!
Stack Trace: number of calls: 5 PC: $103ca
  watchdog_reboot (packetbuf.c) called from PC: $24d44 (elapsed: 5)
  restart_time_synchronisation (packetbuf.c) called from PC: $15abe (elapsed: 30453)
  process_thread_foure_timesynch_process (local in 4emac-timesynch.c) called from PC: $12738 (elapsed: 573238)
  call_process (local in process.c) called from PC: $1291c (elapsed: 573275)
  process_run (packetbuf.c) called from PC: $05edc (elapsed: 576231)
 WARN [Thread-2] (MspMote.java:229) - 23: # Watchdog[EXECUTION]: illegal write to WDTCTL (0) from $103ca - reset!!!!
Watchdog: illegal write to WDTCTL (0) from $103ca - reset!!!!
Stack Trace: number of calls: 5 PC: $103ca
  watchdog_reboot (packetbuf.c) called from PC: $24d44 (elapsed: 5)
  restart_time_synchronisation (packetbuf.c) called from PC: $15abe (elapsed: 30453)
  process_thread_foure_timesynch_process (local in 4emac-timesynch.c) called from PC: $12738 (elapsed: 832578)
  call_process (local in process.c) called from PC: $1291c (elapsed: 832615)
  process_run (packetbuf.c) called from PC: $05edc (elapsed: 835993)
 WARN [Thread-2] (MspMote.java:229) - 8: # Watchdog[EXECUTION]: illegal write to WDTCTL (0) from $103ca - reset!!!!
Watchdog: illegal write to WDTCTL (0) from $103ca - reset!!!!
Stack Trace: number of calls: 5 PC: $103ca
  watchdog_reboot (packetbuf.c) called from PC: $24d44 (elapsed: 5)
  restart_time_synchronisation (packetbuf.c) called from PC: $15abe (elapsed: 30447)
  process_thread_foure_timesynch_process (local in 4emac-timesynch.c) called from PC: $12738 (elapsed: 834883)
  call_process (local in process.c) called from PC: $1291c (elapsed: 834920)
  process_run (packetbuf.c) called from PC: $05edc (elapsed: 838032)
 WARN [Thread-2] (MspMote.java:229) - 15: # Watchdog[EXECUTION]: illegal write to WDTCTL (0) from $103ca - reset!!!!
Watchdog: illegal write to WDTCTL (0) from $103ca - reset!!!!
Stack Trace: number of calls: 5 PC: $103ca
  watchdog_reboot (packetbuf.c) called from PC: $24d44 (elapsed: 5)
  restart_time_synchronisation (packetbuf.c) called from PC: $15abe (elapsed: 30452)
  process_thread_foure_timesynch_process (local in 4emac-timesynch.c) called from PC: $12738 (elapsed: 530185)
  call_process (local in process.c) called from PC: $1291c (elapsed: 530222)
  process_run (packetbuf.c) called from PC: $05edc (elapsed: 533334)
 WARN [Thread-2] (MspMote.java:229) - 42: # Watchdog[EXECUTION]: illegal write to WDTCTL (0) from $103ca - reset!!!!
 INFO [Thread-2] (LogScriptEngine.java:389) - Test script at 65.00%, done in 5926.2 sec
Watchdog: illegal write to WDTCTL (0) from $103ca - reset!!!!
Stack Trace: number of calls: 5 PC: $103ca
  watchdog_reboot (packetbuf.c) called from PC: $24d44 (elapsed: 5)
  restart_time_synchronisation (packetbuf.c) called from PC: $15abe (elapsed: 30453)
  process_thread_foure_timesynch_process (local in 4emac-timesynch.c) called from PC: $12738 (elapsed: 503798)
  call_process (local in process.c) called from PC: $1291c (elapsed: 503835)
  process_run (packetbuf.c) called from PC: $05edc (elapsed: 507026)
 WARN [Thread-2] (MspMote.java:229) - 41: # Watchdog[EXECUTION]: illegal write to WDTCTL (0) from $103ca - reset!!!!
Watchdog: illegal write to WDTCTL (0) from $103ca - reset!!!!
Stack Trace: number of calls: 5 PC: $103ca
  watchdog_reboot (packetbuf.c) called from PC: $24d44 (elapsed: 5)
  restart_time_synchronisation (packetbuf.c) called from PC: $15abe (elapsed: 30447)
  process_thread_foure_timesynch_process (local in 4emac-timesynch.c) called from PC: $12738 (elapsed: 951050)
  call_process (local in process.c) called from PC: $1291c (elapsed: 951087)
  process_run (packetbuf.c) called from PC: $05edc (elapsed: 954384)
 WARN [Thread-2] (MspMote.java:229) - 31: # Watchdog[EXECUTION]: illegal write to WDTCTL (0) from $103ca - reset!!!!
Watchdog: illegal write to WDTCTL (0) from $103ca - reset!!!!
Stack Trace: number of calls: 5 PC: $103ca
  watchdog_reboot (packetbuf.c) called from PC: $24d44 (elapsed: 5)
  restart_time_synchronisation (packetbuf.c) called from PC: $15abe (elapsed: 30452)
  process_thread_foure_timesynch_process (local in 4emac-timesynch.c) called from PC: $12738 (elapsed: 982439)
  call_process (local in process.c) called from PC: $1291c (elapsed: 982476)
  process_run (packetbuf.c) called from PC: $05edc (elapsed: 985430)
 WARN [Thread-2] (MspMote.java:229) - 37: # Watchdog[EXECUTION]: illegal write to WDTCTL (0) from $103ca - reset!!!!
Watchdog: illegal write to WDTCTL (0) from $103ca - reset!!!!
Stack Trace: number of calls: 5 PC: $103ca
  watchdog_reboot (packetbuf.c) called from PC: $24d44 (elapsed: 5)
  restart_time_synchronisation (packetbuf.c) called from PC: $15abe (elapsed: 30452)
  process_thread_foure_timesynch_process (local in 4emac-timesynch.c) called from PC: $12738 (elapsed: 536775)
  call_process (local in process.c) called from PC: $1291c (elapsed: 536812)
  process_run (packetbuf.c) called from PC: $05edc (elapsed: 539829)
 WARN [Thread-2] (MspMote.java:229) - 18: # Watchdog[EXECUTION]: illegal write to WDTCTL (0) from $103ca - reset!!!!
Watchdog: illegal write to WDTCTL (0) from $103ca - reset!!!!
Stack Trace: number of calls: 5 PC: $103ca
  watchdog_reboot (packetbuf.c) called from PC: $24d44 (elapsed: 5)
  restart_time_synchronisation (packetbuf.c) called from PC: $15abe (elapsed: 30452)
  process_thread_foure_timesynch_process (local in 4emac-timesynch.c) called from PC: $12738 (elapsed: 1223588)
  call_process (local in process.c) called from PC: $1291c (elapsed: 1223625)
  process_run (packetbuf.c) called from PC: $05edc (elapsed: 1226740)
 WARN [Thread-2] (MspMote.java:229) - 25: # Watchdog[EXECUTION]: illegal write to WDTCTL (0) from $103ca - reset!!!!
Watchdog: illegal write to WDTCTL (0) from $103ca - reset!!!!
Stack Trace: number of calls: 5 PC: $103ca
  watchdog_reboot (packetbuf.c) called from PC: $24d44 (elapsed: 5)
  restart_time_synchronisation (packetbuf.c) called from PC: $15abe (elapsed: 30452)
  process_thread_foure_timesynch_process (local in 4emac-timesynch.c) called from PC: $12738 (elapsed: 783140)
  call_process (local in process.c) called from PC: $1291c (elapsed: 783177)
  process_run (packetbuf.c) called from PC: $05edc (elapsed: 786210)
 WARN [Thread-2] (MspMote.java:229) - 48: # Watchdog[EXECUTION]: illegal write to WDTCTL (0) from $103ca - reset!!!!
Watchdog: illegal write to WDTCTL (0) from $103ca - reset!!!!
Stack Trace: number of calls: 5 PC: $103ca
  watchdog_reboot (packetbuf.c) called from PC: $24d44 (elapsed: 5)
  restart_time_synchronisation (packetbuf.c) called from PC: $15abe (elapsed: 30453)
  process_thread_foure_timesynch_process (local in 4emac-timesynch.c) called from PC: $12738 (elapsed: 816906)
  call_process (local in process.c) called from PC: $1291c (elapsed: 816943)
  process_run (packetbuf.c) called from PC: $05edc (elapsed: 820216)
 WARN [Thread-2] (MspMote.java:229) - 36: # Watchdog[EXECUTION]: illegal write to WDTCTL (0) from $103ca - reset!!!!
Watchdog: illegal write to WDTCTL (0) from $103ca - reset!!!!
Stack Trace: number of calls: 5 PC: $103ca
  watchdog_reboot (packetbuf.c) called from PC: $24d44 (elapsed: 5)
  restart_time_synchronisation (packetbuf.c) called from PC: $15abe (elapsed: 30633)
  process_thread_foure_timesynch_process (local in 4emac-timesynch.c) called from PC: $12738 (elapsed: 772030)
  call_process (local in process.c) called from PC: $1291c (elapsed: 772067)
  process_run (packetbuf.c) called from PC: $05edc (elapsed: 775098)
 WARN [Thread-2] (MspMote.java:229) - 5: # Watchdog[EXECUTION]: illegal write to WDTCTL (0) from $103ca - reset!!!!
Watchdog: illegal write to WDTCTL (0) from $103ca - reset!!!!
Stack Trace: number of calls: 5 PC: $103ca
  watchdog_reboot (packetbuf.c) called from PC: $24d44 (elapsed: 5)
  restart_time_synchronisation (packetbuf.c) called from PC: $15abe (elapsed: 31364)
  process_thread_foure_timesynch_process (local in 4emac-timesynch.c) called from PC: $12738 (elapsed: 185602)
  call_process (local in process.c) called from PC: $1291c (elapsed: 185639)
  process_run (packetbuf.c) called from PC: $05edc (elapsed: 189036)
 WARN [Thread-2] (MspMote.java:229) - 39: # Watchdog[EXECUTION]: illegal write to WDTCTL (0) from $103ca - reset!!!!
Watchdog: illegal write to WDTCTL (0) from $103ca - reset!!!!
Stack Trace: number of calls: 5 PC: $103ca
  watchdog_reboot (packetbuf.c) called from PC: $24d44 (elapsed: 5)
  restart_time_synchronisation (packetbuf.c) called from PC: $15abe (elapsed: 30452)
  process_thread_foure_timesynch_process (local in 4emac-timesynch.c) called from PC: $12738 (elapsed: 670516)
  call_process (local in process.c) called from PC: $1291c (elapsed: 670553)
  process_run (packetbuf.c) called from PC: $05edc (elapsed: 673750)
 WARN [Thread-2] (MspMote.java:229) - 61: # Watchdog[EXECUTION]: illegal write to WDTCTL (0) from $103ca - reset!!!!
Watchdog: illegal write to WDTCTL (0) from $103ca - reset!!!!
Stack Trace: number of calls: 5 PC: $103ca
  watchdog_reboot (packetbuf.c) called from PC: $24d44 (elapsed: 5)
  restart_time_synchronisation (packetbuf.c) called from PC: $15abe (elapsed: 30452)
  process_thread_foure_timesynch_process (local in 4emac-timesynch.c) called from PC: $12738 (elapsed: 807385)
  call_process (local in process.c) called from PC: $1291c (elapsed: 807422)
  process_run (packetbuf.c) called from PC: $05edc (elapsed: 810537)
 WARN [Thread-2] (MspMote.java:229) - 17: # Watchdog[EXECUTION]: illegal write to WDTCTL (0) from $103ca - reset!!!!
Watchdog: illegal write to WDTCTL (0) from $103ca - reset!!!!
Stack Trace: number of calls: 5 PC: $103ca
  watchdog_reboot (packetbuf.c) called from PC: $24d44 (elapsed: 5)
  restart_time_synchronisation (packetbuf.c) called from PC: $15abe (elapsed: 30452)
  process_thread_foure_timesynch_process (local in 4emac-timesynch.c) called from PC: $12738 (elapsed: 808128)
  call_process (local in process.c) called from PC: $1291c (elapsed: 808165)
  process_run (packetbuf.c) called from PC: $05edc (elapsed: 811440)
 WARN [Thread-2] (MspMote.java:229) - 21: # Watchdog[EXECUTION]: illegal write to WDTCTL (0) from $103ca - reset!!!!
Watchdog: illegal write to WDTCTL (0) from $103ca - reset!!!!
Stack Trace: number of calls: 5 PC: $103ca
  watchdog_reboot (packetbuf.c) called from PC: $24d44 (elapsed: 5)
  restart_time_synchronisation (packetbuf.c) called from PC: $15abe (elapsed: 30452)
  process_thread_foure_timesynch_process (local in 4emac-timesynch.c) called from PC: $12738 (elapsed: 533689)
  call_process (local in process.c) called from PC: $1291c (elapsed: 533726)
  process_run (packetbuf.c) called from PC: $05edc (elapsed: 536919)
 WARN [Thread-2] (MspMote.java:229) - 27: # Watchdog[EXECUTION]: illegal write to WDTCTL (0) from $103ca - reset!!!!
Watchdog: illegal write to WDTCTL (0) from $103ca - reset!!!!
Stack Trace: number of calls: 5 PC: $103ca
  watchdog_reboot (packetbuf.c) called from PC: $24d44 (elapsed: 5)
  restart_time_synchronisation (packetbuf.c) called from PC: $15abe (elapsed: 30453)
  process_thread_foure_timesynch_process (local in 4emac-timesynch.c) called from PC: $12738 (elapsed: 1078737)
  call_process (local in process.c) called from PC: $1291c (elapsed: 1078774)
  process_run (packetbuf.c) called from PC: $05edc (elapsed: 1082186)
 WARN [Thread-2] (MspMote.java:229) - 22: # Watchdog[EXECUTION]: illegal write to WDTCTL (0) from $103ca - reset!!!!
Watchdog: illegal write to WDTCTL (0) from $103ca - reset!!!!
Stack Trace: number of calls: 5 PC: $103ca
  watchdog_reboot (packetbuf.c) called from PC: $24d44 (elapsed: 5)
  restart_time_synchronisation (packetbuf.c) called from PC: $15abe (elapsed: 30447)
  process_thread_foure_timesynch_process (local in 4emac-timesynch.c) called from PC: $12738 (elapsed: 702160)
  call_process (local in process.c) called from PC: $1291c (elapsed: 702197)
  process_run (packetbuf.c) called from PC: $05edc (elapsed: 705401)
 WARN [Thread-2] (MspMote.java:229) - 28: # Watchdog[EXECUTION]: illegal write to WDTCTL (0) from $103ca - reset!!!!
Watchdog: illegal write to WDTCTL (0) from $103ca - reset!!!!
Stack Trace: number of calls: 5 PC: $103ca
  watchdog_reboot (packetbuf.c) called from PC: $24d44 (elapsed: 5)
  restart_time_synchronisation (packetbuf.c) called from PC: $15abe (elapsed: 30452)
  process_thread_foure_timesynch_process (local in 4emac-timesynch.c) called from PC: $12738 (elapsed: 843042)
  call_process (local in process.c) called from PC: $1291c (elapsed: 843079)
  process_run (packetbuf.c) called from PC: $05edc (elapsed: 846358)
 WARN [Thread-2] (MspMote.java:229) - 29: # Watchdog[EXECUTION]: illegal write to WDTCTL (0) from $103ca - reset!!!!
Watchdog: illegal write to WDTCTL (0) from $103ca - reset!!!!
Stack Trace: number of calls: 5 PC: $103ca
  watchdog_reboot (packetbuf.c) called from PC: $24d44 (elapsed: 5)
  restart_time_synchronisation (packetbuf.c) called from PC: $15abe (elapsed: 30453)
  process_thread_foure_timesynch_process (local in 4emac-timesynch.c) called from PC: $12738 (elapsed: 935741)
  call_process (local in process.c) called from PC: $1291c (elapsed: 935778)
  process_run (packetbuf.c) called from PC: $05edc (elapsed: 939048)
 WARN [Thread-2] (MspMote.java:229) - 3: # Watchdog[EXECUTION]: illegal write to WDTCTL (0) from $103ca - reset!!!!
Watchdog: illegal write to WDTCTL (0) from $103ca - reset!!!!
Stack Trace: number of calls: 5 PC: $103ca
  watchdog_reboot (packetbuf.c) called from PC: $24d44 (elapsed: 5)
  restart_time_synchronisation (packetbuf.c) called from PC: $15abe (elapsed: 30452)
  process_thread_foure_timesynch_process (local in 4emac-timesynch.c) called from PC: $12738 (elapsed: 841059)
  call_process (local in process.c) called from PC: $1291c (elapsed: 841096)
  process_run (packetbuf.c) called from PC: $05edc (elapsed: 844048)
 WARN [Thread-2] (MspMote.java:229) - 23: # Watchdog[EXECUTION]: illegal write to WDTCTL (0) from $103ca - reset!!!!
Watchdog: illegal write to WDTCTL (0) from $103ca - reset!!!!
Stack Trace: number of calls: 5 PC: $103ca
  watchdog_reboot (packetbuf.c) called from PC: $24d44 (elapsed: 5)
  restart_time_synchronisation (packetbuf.c) called from PC: $15abe (elapsed: 30452)
  process_thread_foure_timesynch_process (local in 4emac-timesynch.c) called from PC: $12738 (elapsed: 1089618)
  call_process (local in process.c) called from PC: $1291c (elapsed: 1089655)
  process_run (packetbuf.c) called from PC: $05edc (elapsed: 1093148)
 WARN [Thread-2] (MspMote.java:229) - 24: # Watchdog[EXECUTION]: illegal write to WDTCTL (0) from $103ca - reset!!!!
Watchdog: illegal write to WDTCTL (0) from $103ca - reset!!!!
Stack Trace: number of calls: 5 PC: $103ca
  watchdog_reboot (packetbuf.c) called from PC: $24d44 (elapsed: 5)
  restart_time_synchronisation (packetbuf.c) called from PC: $15abe (elapsed: 30452)
  process_thread_foure_timesynch_process (local in 4emac-timesynch.c) called from PC: $12738 (elapsed: 807034)
  call_process (local in process.c) called from PC: $1291c (elapsed: 807071)
  process_run (packetbuf.c) called from PC: $05edc (elapsed: 810183)
 WARN [Thread-2] (MspMote.java:229) - 9: # Watchdog[EXECUTION]: illegal write to WDTCTL (0) from $103ca - reset!!!!
Watchdog: illegal write to WDTCTL (0) from $103ca - reset!!!!
Stack Trace: number of calls: 5 PC: $103ca
  watchdog_reboot (packetbuf.c) called from PC: $24d44 (elapsed: 5)
  restart_time_synchronisation (packetbuf.c) called from PC: $15abe (elapsed: 31364)
  process_thread_foure_timesynch_process (local in 4emac-timesynch.c) called from PC: $12738 (elapsed: 185541)
  call_process (local in process.c) called from PC: $1291c (elapsed: 185578)
  process_run (packetbuf.c) called from PC: $05edc (elapsed: 188906)
 WARN [Thread-2] (MspMote.java:229) - 34: # Watchdog[EXECUTION]: illegal write to WDTCTL (0) from $103ca - reset!!!!
Watchdog: illegal write to WDTCTL (0) from $103ca - reset!!!!
Stack Trace: number of calls: 5 PC: $103ca
  watchdog_reboot (packetbuf.c) called from PC: $24d44 (elapsed: 5)
  restart_time_synchronisation (packetbuf.c) called from PC: $15abe (elapsed: 30452)
  process_thread_foure_timesynch_process (local in 4emac-timesynch.c) called from PC: $12738 (elapsed: 777975)
  call_process (local in process.c) called from PC: $1291c (elapsed: 778012)
  process_run (packetbuf.c) called from PC: $05edc (elapsed: 781214)
 WARN [Thread-2] (MspMote.java:229) - 20: # Watchdog[EXECUTION]: illegal write to WDTCTL (0) from $103ca - reset!!!!
Watchdog: illegal write to WDTCTL (0) from $103ca - reset!!!!
Stack Trace: number of calls: 5 PC: $103ca
  watchdog_reboot (packetbuf.c) called from PC: $24d44 (elapsed: 5)
  restart_time_synchronisation (packetbuf.c) called from PC: $15abe (elapsed: 30656)
  process_thread_foure_timesynch_process (local in 4emac-timesynch.c) called from PC: $12738 (elapsed: 707452)
  call_process (local in process.c) called from PC: $1291c (elapsed: 707489)
  process_run (packetbuf.c) called from PC: $05edc (elapsed: 710603)
 WARN [Thread-2] (MspMote.java:229) - 14: # Watchdog[EXECUTION]: illegal write to WDTCTL (0) from $103ca - reset!!!!
Watchdog: illegal write to WDTCTL (0) from $103ca - reset!!!!
Stack Trace: number of calls: 11 PC: $103ca
  watchdog_reboot (packetbuf.c) called from PC: $24d44 (elapsed: 5)
  restart_time_synchronisation (packetbuf.c) called from PC: $14fba (elapsed: 31371)
  foure_timesynch_parent_switch_callback (packetbuf.c) called from PC: $1ea70 (elapsed: 69452)
  rpl_set_preferred_parent (local in rpl-dag.c) called from PC: $1f0a0 (elapsed: 164804)
  rpl_nullify_parent (packetbuf.c) called from PC: $1fd3a (elapsed: 392962)
  rpl_process_parent_event (packetbuf.c) called from PC: $1fdd2 (elapsed: 498957)
  rpl_recalculate_ranks (packetbuf.c) called from PC: $2383a (elapsed: 502928)
  handle_periodic_timer (local in rpl-timers.c) called from PC: $1219c (elapsed: 503365)
  process_thread_ctimer_process (local in ctimer.c) called from PC: $12738 (elapsed: 503614)
  call_process (local in process.c) called from PC: $1291c (elapsed: 503651)
  process_run (packetbuf.c) called from PC: $05edc (elapsed: 506961)
 WARN [Thread-2] (MspMote.java:229) - 30: # Watchdog[EXECUTION]: illegal write to WDTCTL (0) from $103ca - reset!!!!
Watchdog: illegal write to WDTCTL (0) from $103ca - reset!!!!
Stack Trace: number of calls: 5 PC: $103ca
  watchdog_reboot (packetbuf.c) called from PC: $24d44 (elapsed: 5)
  restart_time_synchronisation (packetbuf.c) called from PC: $15abe (elapsed: 30447)
  process_thread_foure_timesynch_process (local in 4emac-timesynch.c) called from PC: $12738 (elapsed: 638465)
  call_process (local in process.c) called from PC: $1291c (elapsed: 638502)
  process_run (packetbuf.c) called from PC: $05edc (elapsed: 641619)
 WARN [Thread-2] (MspMote.java:229) - 40: # Watchdog[EXECUTION]: illegal write to WDTCTL (0) from $103ca - reset!!!!
Watchdog: illegal write to WDTCTL (0) from $103ca - reset!!!!
Stack Trace: number of calls: 5 PC: $103ca
  watchdog_reboot (packetbuf.c) called from PC: $24d44 (elapsed: 5)
  restart_time_synchronisation (packetbuf.c) called from PC: $15abe (elapsed: 30453)
  process_thread_foure_timesynch_process (local in 4emac-timesynch.c) called from PC: $12738 (elapsed: 686750)
  call_process (local in process.c) called from PC: $1291c (elapsed: 686787)
  process_run (packetbuf.c) called from PC: $05edc (elapsed: 689991)
 WARN [Thread-2] (MspMote.java:229) - 16: # Watchdog[EXECUTION]: illegal write to WDTCTL (0) from $103ca - reset!!!!
Watchdog: illegal write to WDTCTL (0) from $103ca - reset!!!!
Stack Trace: number of calls: 5 PC: $103ca
  watchdog_reboot (packetbuf.c) called from PC: $24d44 (elapsed: 5)
  restart_time_synchronisation (packetbuf.c) called from PC: $15abe (elapsed: 30453)
  process_thread_foure_timesynch_process (local in 4emac-timesynch.c) called from PC: $12738 (elapsed: 1088485)
  call_process (local in process.c) called from PC: $1291c (elapsed: 1088522)
  process_run (packetbuf.c) called from PC: $05edc (elapsed: 1091555)
 WARN [Thread-2] (MspMote.java:229) - 26: # Watchdog[EXECUTION]: illegal write to WDTCTL (0) from $103ca - reset!!!!
Watchdog: illegal write to WDTCTL (0) from $103ca - reset!!!!
Stack Trace: number of calls: 11 PC: $103ca
  watchdog_reboot (packetbuf.c) called from PC: $24d44 (elapsed: 5)
  restart_time_synchronisation (packetbuf.c) called from PC: $14fba (elapsed: 31377)
  foure_timesynch_parent_switch_callback (packetbuf.c) called from PC: $1ea70 (elapsed: 69458)
  rpl_set_preferred_parent (local in rpl-dag.c) called from PC: $1f0a0 (elapsed: 164030)
  rpl_nullify_parent (packetbuf.c) called from PC: $1fd3a (elapsed: 399460)
  rpl_process_parent_event (packetbuf.c) called from PC: $1fdd2 (elapsed: 521049)
  rpl_recalculate_ranks (packetbuf.c) called from PC: $2383a (elapsed: 521476)
  handle_periodic_timer (local in rpl-timers.c) called from PC: $1219c (elapsed: 521913)
  process_thread_ctimer_process (local in ctimer.c) called from PC: $12738 (elapsed: 522138)
  call_process (local in process.c) called from PC: $1291c (elapsed: 522175)
  process_run (packetbuf.c) called from PC: $05edc (elapsed: 525613)
 WARN [Thread-2] (MspMote.java:229) - 60: # Watchdog[EXECUTION]: illegal write to WDTCTL (0) from $103ca - reset!!!!
Watchdog: illegal write to WDTCTL (0) from $103ca - reset!!!!
Stack Trace: number of calls: 5 PC: $103ca
  watchdog_reboot (packetbuf.c) called from PC: $24d44 (elapsed: 5)
  restart_time_synchronisation (packetbuf.c) called from PC: $15abe (elapsed: 30452)
  process_thread_foure_timesynch_process (local in 4emac-timesynch.c) called from PC: $12738 (elapsed: 555570)
  call_process (local in process.c) called from PC: $1291c (elapsed: 555607)
  process_run (packetbuf.c) called from PC: $05edc (elapsed: 558803)
 WARN [Thread-2] (MspMote.java:229) - 32: # Watchdog[EXECUTION]: illegal write to WDTCTL (0) from $103ca - reset!!!!
 INFO [Thread-2] (LogScriptEngine.java:389) - Test script at 70.00%, done in 4909.4 sec
Watchdog: illegal write to WDTCTL (0) from $103ca - reset!!!!
Stack Trace: number of calls: 5 PC: $103ca
  watchdog_reboot (packetbuf.c) called from PC: $24d44 (elapsed: 5)
  restart_time_synchronisation (packetbuf.c) called from PC: $15abe (elapsed: 30447)
  process_thread_foure_timesynch_process (local in 4emac-timesynch.c) called from PC: $12738 (elapsed: 1012263)
  call_process (local in process.c) called from PC: $1291c (elapsed: 1012300)
  process_run (packetbuf.c) called from PC: $05edc (elapsed: 1015495)
 WARN [Thread-2] (MspMote.java:229) - 53: # Watchdog[EXECUTION]: illegal write to WDTCTL (0) from $103ca - reset!!!!
Watchdog: illegal write to WDTCTL (0) from $103ca - reset!!!!
Stack Trace: number of calls: 5 PC: $103ca
  watchdog_reboot (packetbuf.c) called from PC: $24d44 (elapsed: 5)
  restart_time_synchronisation (packetbuf.c) called from PC: $15abe (elapsed: 30452)
  process_thread_foure_timesynch_process (local in 4emac-timesynch.c) called from PC: $12738 (elapsed: 803329)
  call_process (local in process.c) called from PC: $1291c (elapsed: 803366)
  process_run (packetbuf.c) called from PC: $05edc (elapsed: 806559)
 WARN [Thread-2] (MspMote.java:229) - 55: # Watchdog[EXECUTION]: illegal write to WDTCTL (0) from $103ca - reset!!!!
Watchdog: illegal write to WDTCTL (0) from $103ca - reset!!!!
Stack Trace: number of calls: 5 PC: $103ca
  watchdog_reboot (packetbuf.c) called from PC: $24d44 (elapsed: 5)
  restart_time_synchronisation (packetbuf.c) called from PC: $15abe (elapsed: 30453)
  process_thread_foure_timesynch_process (local in 4emac-timesynch.c) called from PC: $12738 (elapsed: 565312)
  call_process (local in process.c) called from PC: $1291c (elapsed: 565349)
  process_run (packetbuf.c) called from PC: $05edc (elapsed: 568382)
 WARN [Thread-2] (MspMote.java:229) - 61: # Watchdog[EXECUTION]: illegal write to WDTCTL (0) from $103ca - reset!!!!
Watchdog: illegal write to WDTCTL (0) from $103ca - reset!!!!
Stack Trace: number of calls: 5 PC: $103ca
  watchdog_reboot (packetbuf.c) called from PC: $24d44 (elapsed: 5)
  restart_time_synchronisation (packetbuf.c) called from PC: $15abe (elapsed: 64392)
  process_thread_foure_timesynch_process (local in 4emac-timesynch.c) called from PC: $12738 (elapsed: 218658)
  call_process (local in process.c) called from PC: $1291c (elapsed: 218695)
  process_run (packetbuf.c) called from PC: $05edc (elapsed: 221934)
 WARN [Thread-2] (MspMote.java:229) - 54: # Watchdog[EXECUTION]: illegal write to WDTCTL (0) from $103ca - reset!!!!
Watchdog: illegal write to WDTCTL (0) from $103ca - reset!!!!
Stack Trace: number of calls: 5 PC: $103ca
  watchdog_reboot (packetbuf.c) called from PC: $24d44 (elapsed: 5)
  restart_time_synchronisation (packetbuf.c) called from PC: $15abe (elapsed: 30447)
  process_thread_foure_timesynch_process (local in 4emac-timesynch.c) called from PC: $12738 (elapsed: 638609)
  call_process (local in process.c) called from PC: $1291c (elapsed: 638646)
  process_run (packetbuf.c) called from PC: $05edc (elapsed: 641842)
 WARN [Thread-2] (MspMote.java:229) - 44: # Watchdog[EXECUTION]: illegal write to WDTCTL (0) from $103ca - reset!!!!
Watchdog: illegal write to WDTCTL (0) from $103ca - reset!!!!
Stack Trace: number of calls: 5 PC: $103ca
  watchdog_reboot (packetbuf.c) called from PC: $24d44 (elapsed: 5)
  restart_time_synchronisation (packetbuf.c) called from PC: $15abe (elapsed: 31359)
  process_thread_foure_timesynch_process (local in 4emac-timesynch.c) called from PC: $12738 (elapsed: 185181)
  call_process (local in process.c) called from PC: $1291c (elapsed: 185218)
  process_run (packetbuf.c) called from PC: $05edc (elapsed: 187698)
 WARN [Thread-2] (MspMote.java:229) - 23: # Watchdog[EXECUTION]: illegal write to WDTCTL (0) from $103ca - reset!!!!
Watchdog: illegal write to WDTCTL (0) from $103ca - reset!!!!
Stack Trace: number of calls: 5 PC: $103ca
  watchdog_reboot (packetbuf.c) called from PC: $24d44 (elapsed: 5)
  restart_time_synchronisation (packetbuf.c) called from PC: $15abe (elapsed: 30453)
  process_thread_foure_timesynch_process (local in 4emac-timesynch.c) called from PC: $12738 (elapsed: 1088052)
  call_process (local in process.c) called from PC: $1291c (elapsed: 1088089)
  process_run (packetbuf.c) called from PC: $05edc (elapsed: 1091208)
 WARN [Thread-2] (MspMote.java:229) - 59: # Watchdog[EXECUTION]: illegal write to WDTCTL (0) from $103ca - reset!!!!
Watchdog: illegal write to WDTCTL (0) from $103ca - reset!!!!
Stack Trace: number of calls: 5 PC: $103ca
  watchdog_reboot (packetbuf.c) called from PC: $24d44 (elapsed: 5)
  restart_time_synchronisation (packetbuf.c) called from PC: $15abe (elapsed: 30447)
  process_thread_foure_timesynch_process (local in 4emac-timesynch.c) called from PC: $12738 (elapsed: 949493)
  call_process (local in process.c) called from PC: $1291c (elapsed: 949530)
  process_run (packetbuf.c) called from PC: $05edc (elapsed: 952725)
 WARN [Thread-2] (MspMote.java:229) - 18: # Watchdog[EXECUTION]: illegal write to WDTCTL (0) from $103ca - reset!!!!
Watchdog: illegal write to WDTCTL (0) from $103ca - reset!!!!
Stack Trace: number of calls: 5 PC: $103ca
  watchdog_reboot (packetbuf.c) called from PC: $24d44 (elapsed: 5)
  restart_time_synchronisation (packetbuf.c) called from PC: $15abe (elapsed: 30453)
  process_thread_foure_timesynch_process (local in 4emac-timesynch.c) called from PC: $12738 (elapsed: 810515)
  call_process (local in process.c) called from PC: $1291c (elapsed: 810552)
  process_run (packetbuf.c) called from PC: $05edc (elapsed: 813675)
 WARN [Thread-2] (MspMote.java:229) - 57: # Watchdog[EXECUTION]: illegal write to WDTCTL (0) from $103ca - reset!!!!
Watchdog: illegal write to WDTCTL (0) from $103ca - reset!!!!
Stack Trace: number of calls: 5 PC: $103ca
  watchdog_reboot (packetbuf.c) called from PC: $24d44 (elapsed: 5)
  restart_time_synchronisation (packetbuf.c) called from PC: $15abe (elapsed: 30447)
  process_thread_foure_timesynch_process (local in 4emac-timesynch.c) called from PC: $12738 (elapsed: 1142222)
  call_process (local in process.c) called from PC: $1291c (elapsed: 1142259)
  process_run (packetbuf.c) called from PC: $05edc (elapsed: 1145450)
 WARN [Thread-2] (MspMote.java:229) - 15: # Watchdog[EXECUTION]: illegal write to WDTCTL (0) from $103ca - reset!!!!
Watchdog: illegal write to WDTCTL (0) from $103ca - reset!!!!
Stack Trace: number of calls: 5 PC: $103ca
  watchdog_reboot (packetbuf.c) called from PC: $24d44 (elapsed: 5)
  restart_time_synchronisation (packetbuf.c) called from PC: $15abe (elapsed: 30447)
  process_thread_foure_timesynch_process (local in 4emac-timesynch.c) called from PC: $12738 (elapsed: 701110)
  call_process (local in process.c) called from PC: $1291c (elapsed: 701147)
  process_run (packetbuf.c) called from PC: $05edc (elapsed: 704425)
 WARN [Thread-2] (MspMote.java:229) - 21: # Watchdog[EXECUTION]: illegal write to WDTCTL (0) from $103ca - reset!!!!
Watchdog: illegal write to WDTCTL (0) from $103ca - reset!!!!
Stack Trace: number of calls: 5 PC: $103ca
  watchdog_reboot (packetbuf.c) called from PC: $24d44 (elapsed: 5)
  restart_time_synchronisation (packetbuf.c) called from PC: $15abe (elapsed: 30452)
  process_thread_foure_timesynch_process (local in 4emac-timesynch.c) called from PC: $12738 (elapsed: 1278857)
  call_process (local in process.c) called from PC: $1291c (elapsed: 1278894)
  process_run (packetbuf.c) called from PC: $05edc (elapsed: 1287901)
 WARN [Thread-2] (MspMote.java:229) - 3: # Watchdog[EXECUTION]: illegal write to WDTCTL (0) from $103ca - reset!!!!
Watchdog: illegal write to WDTCTL (0) from $103ca - reset!!!!
Stack Trace: number of calls: 5 PC: $103ca
  watchdog_reboot (packetbuf.c) called from PC: $24d44 (elapsed: 5)
  restart_time_synchronisation (packetbuf.c) called from PC: $15abe (elapsed: 31364)
  process_thread_foure_timesynch_process (local in 4emac-timesynch.c) called from PC: $12738 (elapsed: 217924)
  call_process (local in process.c) called from PC: $1291c (elapsed: 217961)
  process_run (packetbuf.c) called from PC: $05edc (elapsed: 220283)
 WARN [Thread-2] (MspMote.java:229) - 29: # Watchdog[EXECUTION]: illegal write to WDTCTL (0) from $103ca - reset!!!!
Watchdog: illegal write to WDTCTL (0) from $103ca - reset!!!!
Stack Trace: number of calls: 5 PC: $103ca
  watchdog_reboot (packetbuf.c) called from PC: $24d44 (elapsed: 5)
  restart_time_synchronisation (packetbuf.c) called from PC: $15abe (elapsed: 30453)
  process_thread_foure_timesynch_process (local in 4emac-timesynch.c) called from PC: $12738 (elapsed: 564024)
  call_process (local in process.c) called from PC: $1291c (elapsed: 564061)
  process_run (packetbuf.c) called from PC: $05edc (elapsed: 567254)
 WARN [Thread-2] (MspMote.java:229) - 14: # Watchdog[EXECUTION]: illegal write to WDTCTL (0) from $103ca - reset!!!!
Watchdog: illegal write to WDTCTL (0) from $103ca - reset!!!!
Stack Trace: number of calls: 5 PC: $103ca
  watchdog_reboot (packetbuf.c) called from PC: $24d44 (elapsed: 5)
  restart_time_synchronisation (packetbuf.c) called from PC: $15abe (elapsed: 30447)
  process_thread_foure_timesynch_process (local in 4emac-timesynch.c) called from PC: $12738 (elapsed: 709600)
  call_process (local in process.c) called from PC: $1291c (elapsed: 709637)
  process_run (packetbuf.c) called from PC: $05edc (elapsed: 712755)
 WARN [Thread-2] (MspMote.java:229) - 31: # Watchdog[EXECUTION]: illegal write to WDTCTL (0) from $103ca - reset!!!!
Watchdog: illegal write to WDTCTL (0) from $103ca - reset!!!!
Stack Trace: number of calls: 5 PC: $103ca
  watchdog_reboot (packetbuf.c) called from PC: $24d44 (elapsed: 5)
  restart_time_synchronisation (packetbuf.c) called from PC: $15abe (elapsed: 30447)
  process_thread_foure_timesynch_process (local in 4emac-timesynch.c) called from PC: $12738 (elapsed: 1084320)
  call_process (local in process.c) called from PC: $1291c (elapsed: 1084357)
  process_run (packetbuf.c) called from PC: $05edc (elapsed: 1087550)
 WARN [Thread-2] (MspMote.java:229) - 13: # Watchdog[EXECUTION]: illegal write to WDTCTL (0) from $103ca - reset!!!!
Watchdog: illegal write to WDTCTL (0) from $103ca - reset!!!!
Stack Trace: number of calls: 5 PC: $103ca
  watchdog_reboot (packetbuf.c) called from PC: $24d44 (elapsed: 5)
  restart_time_synchronisation (packetbuf.c) called from PC: $15abe (elapsed: 30452)
  process_thread_foure_timesynch_process (local in 4emac-timesynch.c) called from PC: $12738 (elapsed: 805794)
  call_process (local in process.c) called from PC: $1291c (elapsed: 805831)
  process_run (packetbuf.c) called from PC: $05edc (elapsed: 809182)
 WARN [Thread-2] (MspMote.java:229) - 11: # Watchdog[EXECUTION]: illegal write to WDTCTL (0) from $103ca - reset!!!!
Watchdog: illegal write to WDTCTL (0) from $103ca - reset!!!!
Stack Trace: number of calls: 5 PC: $103ca
  watchdog_reboot (packetbuf.c) called from PC: $24d44 (elapsed: 5)
  restart_time_synchronisation (packetbuf.c) called from PC: $15abe (elapsed: 30452)
  process_thread_foure_timesynch_process (local in 4emac-timesynch.c) called from PC: $12738 (elapsed: 868756)
  call_process (local in process.c) called from PC: $1291c (elapsed: 868793)
  process_run (packetbuf.c) called from PC: $05edc (elapsed: 872897)
 WARN [Thread-2] (MspMote.java:229) - 19: # Watchdog[EXECUTION]: illegal write to WDTCTL (0) from $103ca - reset!!!!
Watchdog: illegal write to WDTCTL (0) from $103ca - reset!!!!
Stack Trace: number of calls: 5 PC: $103ca
  watchdog_reboot (packetbuf.c) called from PC: $24d44 (elapsed: 5)
  restart_time_synchronisation (packetbuf.c) called from PC: $15abe (elapsed: 30453)
  process_thread_foure_timesynch_process (local in 4emac-timesynch.c) called from PC: $12738 (elapsed: 945458)
  call_process (local in process.c) called from PC: $1291c (elapsed: 945495)
  process_run (packetbuf.c) called from PC: $05edc (elapsed: 948616)
 WARN [Thread-2] (MspMote.java:229) - 12: # Watchdog[EXECUTION]: illegal write to WDTCTL (0) from $103ca - reset!!!!
Watchdog: illegal write to WDTCTL (0) from $103ca - reset!!!!
Stack Trace: number of calls: 5 PC: $103ca
  watchdog_reboot (packetbuf.c) called from PC: $24d44 (elapsed: 5)
  restart_time_synchronisation (packetbuf.c) called from PC: $15abe (elapsed: 30453)
  process_thread_foure_timesynch_process (local in 4emac-timesynch.c) called from PC: $12738 (elapsed: 500106)
  call_process (local in process.c) called from PC: $1291c (elapsed: 500143)
  process_run (packetbuf.c) called from PC: $05edc (elapsed: 503339)
 WARN [Thread-2] (MspMote.java:229) - 1: # Watchdog[EXECUTION]: illegal write to WDTCTL (0) from $103ca - reset!!!!
Watchdog: illegal write to WDTCTL (0) from $103ca - reset!!!!
Stack Trace: number of calls: 5 PC: $103ca
  watchdog_reboot (packetbuf.c) called from PC: $24d44 (elapsed: 5)
  restart_time_synchronisation (packetbuf.c) called from PC: $15abe (elapsed: 30453)
  process_thread_foure_timesynch_process (local in 4emac-timesynch.c) called from PC: $12738 (elapsed: 811830)
  call_process (local in process.c) called from PC: $1291c (elapsed: 811867)
  process_run (packetbuf.c) called from PC: $05edc (elapsed: 814903)
 WARN [Thread-2] (MspMote.java:229) - 58: # Watchdog[EXECUTION]: illegal write to WDTCTL (0) from $103ca - reset!!!!
Watchdog: illegal write to WDTCTL (0) from $103ca - reset!!!!
Stack Trace: number of calls: 5 PC: $103ca
  watchdog_reboot (packetbuf.c) called from PC: $24d44 (elapsed: 5)
  restart_time_synchronisation (packetbuf.c) called from PC: $15abe (elapsed: 30447)
  process_thread_foure_timesynch_process (local in 4emac-timesynch.c) called from PC: $12738 (elapsed: 1073647)
  call_process (local in process.c) called from PC: $1291c (elapsed: 1073684)
  process_run (packetbuf.c) called from PC: $05edc (elapsed: 1076799)
 WARN [Thread-2] (MspMote.java:229) - 2: # Watchdog[EXECUTION]: illegal write to WDTCTL (0) from $103ca - reset!!!!
Watchdog: illegal write to WDTCTL (0) from $103ca - reset!!!!
Stack Trace: number of calls: 5 PC: $103ca
  watchdog_reboot (packetbuf.c) called from PC: $24d44 (elapsed: 5)
  restart_time_synchronisation (packetbuf.c) called from PC: $15abe (elapsed: 30447)
  process_thread_foure_timesynch_process (local in 4emac-timesynch.c) called from PC: $12738 (elapsed: 1272918)
  call_process (local in process.c) called from PC: $1291c (elapsed: 1272955)
  process_run (packetbuf.c) called from PC: $05edc (elapsed: 1275988)
 WARN [Thread-2] (MspMote.java:229) - 6: # Watchdog[EXECUTION]: illegal write to WDTCTL (0) from $103ca - reset!!!!
Watchdog: illegal write to WDTCTL (0) from $103ca - reset!!!!
Stack Trace: number of calls: 5 PC: $103ca
  watchdog_reboot (packetbuf.c) called from PC: $24d44 (elapsed: 5)
  restart_time_synchronisation (packetbuf.c) called from PC: $15abe (elapsed: 30452)
  process_thread_foure_timesynch_process (local in 4emac-timesynch.c) called from PC: $12738 (elapsed: 1106566)
  call_process (local in process.c) called from PC: $1291c (elapsed: 1106603)
  process_run (packetbuf.c) called from PC: $05edc (elapsed: 1109877)
 WARN [Thread-2] (MspMote.java:229) - 8: # Watchdog[EXECUTION]: illegal write to WDTCTL (0) from $103ca - reset!!!!
Watchdog: illegal write to WDTCTL (0) from $103ca - reset!!!!
Stack Trace: number of calls: 5 PC: $103ca
  watchdog_reboot (packetbuf.c) called from PC: $24d44 (elapsed: 5)
  restart_time_synchronisation (packetbuf.c) called from PC: $15abe (elapsed: 30452)
  process_thread_foure_timesynch_process (local in 4emac-timesynch.c) called from PC: $12738 (elapsed: 506313)
  call_process (local in process.c) called from PC: $1291c (elapsed: 506350)
  process_run (packetbuf.c) called from PC: $05edc (elapsed: 509462)
 WARN [Thread-2] (MspMote.java:229) - 24: # Watchdog[EXECUTION]: illegal write to WDTCTL (0) from $103ca - reset!!!!
Watchdog: illegal write to WDTCTL (0) from $103ca - reset!!!!
Stack Trace: number of calls: 5 PC: $103ca
  watchdog_reboot (packetbuf.c) called from PC: $24d44 (elapsed: 5)
  restart_time_synchronisation (packetbuf.c) called from PC: $15abe (elapsed: 30447)
  process_thread_foure_timesynch_process (local in 4emac-timesynch.c) called from PC: $12738 (elapsed: 949461)
  call_process (local in process.c) called from PC: $1291c (elapsed: 949498)
  process_run (packetbuf.c) called from PC: $05edc (elapsed: 953685)
 WARN [Thread-2] (MspMote.java:229) - 43: # Watchdog[EXECUTION]: illegal write to WDTCTL (0) from $103ca - reset!!!!
Watchdog: illegal write to WDTCTL (0) from $103ca - reset!!!!
Stack Trace: number of calls: 5 PC: $103ca
  watchdog_reboot (packetbuf.c) called from PC: $24d44 (elapsed: 5)
  restart_time_synchronisation (packetbuf.c) called from PC: $15abe (elapsed: 62768)
  process_thread_foure_timesynch_process (local in 4emac-timesynch.c) called from PC: $12738 (elapsed: 216696)
  call_process (local in process.c) called from PC: $1291c (elapsed: 216733)
  process_run (packetbuf.c) called from PC: $05edc (elapsed: 219294)
 WARN [Thread-2] (MspMote.java:229) - 27: # Watchdog[EXECUTION]: illegal write to WDTCTL (0) from $103ca - reset!!!!
Watchdog: illegal write to WDTCTL (0) from $103ca - reset!!!!
Stack Trace: number of calls: 5 PC: $103ca
  watchdog_reboot (packetbuf.c) called from PC: $24d44 (elapsed: 5)
  restart_time_synchronisation (packetbuf.c) called from PC: $15abe (elapsed: 31359)
  process_thread_foure_timesynch_process (local in 4emac-timesynch.c) called from PC: $12738 (elapsed: 185423)
  call_process (local in process.c) called from PC: $1291c (elapsed: 185460)
  process_run (packetbuf.c) called from PC: $05edc (elapsed: 187943)
 WARN [Thread-2] (MspMote.java:229) - 35: # Watchdog[EXECUTION]: illegal write to WDTCTL (0) from $103ca - reset!!!!
Watchdog: illegal write to WDTCTL (0) from $103ca - reset!!!!
Stack Trace: number of calls: 5 PC: $103ca
  watchdog_reboot (packetbuf.c) called from PC: $24d44 (elapsed: 5)
  restart_time_synchronisation (packetbuf.c) called from PC: $15abe (elapsed: 30453)
  process_thread_foure_timesynch_process (local in 4emac-timesynch.c) called from PC: $12738 (elapsed: 935241)
  call_process (local in process.c) called from PC: $1291c (elapsed: 935278)
  process_run (packetbuf.c) called from PC: $05edc (elapsed: 938548)
 WARN [Thread-2] (MspMote.java:229) - 17: # Watchdog[EXECUTION]: illegal write to WDTCTL (0) from $103ca - reset!!!!
Watchdog: illegal write to WDTCTL (0) from $103ca - reset!!!!
Stack Trace: number of calls: 5 PC: $103ca
  watchdog_reboot (packetbuf.c) called from PC: $24d44 (elapsed: 5)
  restart_time_synchronisation (packetbuf.c) called from PC: $15abe (elapsed: 30489)
  process_thread_foure_timesynch_process (local in 4emac-timesynch.c) called from PC: $12738 (elapsed: 961574)
  call_process (local in process.c) called from PC: $1291c (elapsed: 961611)
  process_run (packetbuf.c) called from PC: $05edc (elapsed: 964734)
 WARN [Thread-2] (MspMote.java:229) - 45: # Watchdog[EXECUTION]: illegal write to WDTCTL (0) from $103ca - reset!!!!
Watchdog: illegal write to WDTCTL (0) from $103ca - reset!!!!
Stack Trace: number of calls: 5 PC: $103ca
  watchdog_reboot (packetbuf.c) called from PC: $24d44 (elapsed: 5)
  restart_time_synchronisation (packetbuf.c) called from PC: $15abe (elapsed: 30452)
  process_thread_foure_timesynch_process (local in 4emac-timesynch.c) called from PC: $12738 (elapsed: 675503)
  call_process (local in process.c) called from PC: $1291c (elapsed: 675540)
  process_run (packetbuf.c) called from PC: $05edc (elapsed: 678764)
 WARN [Thread-2] (MspMote.java:229) - 26: # Watchdog[EXECUTION]: illegal write to WDTCTL (0) from $103ca - reset!!!!
 INFO [Thread-2] (LogScriptEngine.java:389) - Test script at 75.00%, done in 3945.4 sec
Watchdog: illegal write to WDTCTL (0) from $103ca - reset!!!!
Stack Trace: number of calls: 5 PC: $103ca
  watchdog_reboot (packetbuf.c) called from PC: $24d44 (elapsed: 5)
  restart_time_synchronisation (packetbuf.c) called from PC: $15abe (elapsed: 30453)
  process_thread_foure_timesynch_process (local in 4emac-timesynch.c) called from PC: $12738 (elapsed: 770221)
  call_process (local in process.c) called from PC: $1291c (elapsed: 770258)
  process_run (packetbuf.c) called from PC: $05edc (elapsed: 773291)
 WARN [Thread-2] (MspMote.java:229) - 5: # Watchdog[EXECUTION]: illegal write to WDTCTL (0) from $103ca - reset!!!!
Watchdog: illegal write to WDTCTL (0) from $103ca - reset!!!!
Stack Trace: number of calls: 5 PC: $103ca
  watchdog_reboot (packetbuf.c) called from PC: $24d44 (elapsed: 5)
  restart_time_synchronisation (packetbuf.c) called from PC: $15abe (elapsed: 30452)
  process_thread_foure_timesynch_process (local in 4emac-timesynch.c) called from PC: $12738 (elapsed: 672556)
  call_process (local in process.c) called from PC: $1291c (elapsed: 672593)
  process_run (packetbuf.c) called from PC: $05edc (elapsed: 675790)
 WARN [Thread-2] (MspMote.java:229) - 37: # Watchdog[EXECUTION]: illegal write to WDTCTL (0) from $103ca - reset!!!!
Watchdog: illegal write to WDTCTL (0) from $103ca - reset!!!!
Stack Trace: number of calls: 5 PC: $103ca
  watchdog_reboot (packetbuf.c) called from PC: $24d44 (elapsed: 5)
  restart_time_synchronisation (packetbuf.c) called from PC: $15abe (elapsed: 30452)
  process_thread_foure_timesynch_process (local in 4emac-timesynch.c) called from PC: $12738 (elapsed: 530036)
  call_process (local in process.c) called from PC: $1291c (elapsed: 530073)
  process_run (packetbuf.c) called from PC: $05edc (elapsed: 533266)
 WARN [Thread-2] (MspMote.java:229) - 30: # Watchdog[EXECUTION]: illegal write to WDTCTL (0) from $103ca - reset!!!!
Watchdog: illegal write to WDTCTL (0) from $103ca - reset!!!!
Stack Trace: number of calls: 5 PC: $103ca
  watchdog_reboot (packetbuf.c) called from PC: $24d44 (elapsed: 5)
  restart_time_synchronisation (packetbuf.c) called from PC: $15abe (elapsed: 59515)
  process_thread_foure_timesynch_process (local in 4emac-timesynch.c) called from PC: $12738 (elapsed: 567291)
  call_process (local in process.c) called from PC: $1291c (elapsed: 567328)
  process_run (packetbuf.c) called from PC: $05edc (elapsed: 570681)
 WARN [Thread-2] (MspMote.java:229) - 25: # Watchdog[EXECUTION]: illegal write to WDTCTL (0) from $103ca - reset!!!!
Watchdog: illegal write to WDTCTL (0) from $103ca - reset!!!!
Stack Trace: number of calls: 5 PC: $103ca
  watchdog_reboot (packetbuf.c) called from PC: $24d44 (elapsed: 5)
  restart_time_synchronisation (packetbuf.c) called from PC: $15abe (elapsed: 30453)
  process_thread_foure_timesynch_process (local in 4emac-timesynch.c) called from PC: $12738 (elapsed: 821512)
  call_process (local in process.c) called from PC: $1291c (elapsed: 821549)
  process_run (packetbuf.c) called from PC: $05edc (elapsed: 824977)
 WARN [Thread-2] (MspMote.java:229) - 48: # Watchdog[EXECUTION]: illegal write to WDTCTL (0) from $103ca - reset!!!!
Watchdog: illegal write to WDTCTL (0) from $103ca - reset!!!!
Stack Trace: number of calls: 5 PC: $103ca
  watchdog_reboot (packetbuf.c) called from PC: $24d44 (elapsed: 5)
  restart_time_synchronisation (packetbuf.c) called from PC: $15abe (elapsed: 30447)
  process_thread_foure_timesynch_process (local in 4emac-timesynch.c) called from PC: $12738 (elapsed: 836873)
  call_process (local in process.c) called from PC: $1291c (elapsed: 836910)
  process_run (packetbuf.c) called from PC: $05edc (elapsed: 840051)
 WARN [Thread-2] (MspMote.java:229) - 32: # Watchdog[EXECUTION]: illegal write to WDTCTL (0) from $103ca - reset!!!!
Watchdog: illegal write to WDTCTL (0) from $103ca - reset!!!!
Stack Trace: number of calls: 5 PC: $103ca
  watchdog_reboot (packetbuf.c) called from PC: $24d44 (elapsed: 5)
  restart_time_synchronisation (packetbuf.c) called from PC: $15abe (elapsed: 30452)
  process_thread_foure_timesynch_process (local in 4emac-timesynch.c) called from PC: $12738 (elapsed: 532560)
  call_process (local in process.c) called from PC: $1291c (elapsed: 532597)
  process_run (packetbuf.c) called from PC: $05edc (elapsed: 535948)
 WARN [Thread-2] (MspMote.java:229) - 15: # Watchdog[EXECUTION]: illegal write to WDTCTL (0) from $103ca - reset!!!!
Watchdog: illegal write to WDTCTL (0) from $103ca - reset!!!!
Stack Trace: number of calls: 5 PC: $103ca
  watchdog_reboot (packetbuf.c) called from PC: $24d44 (elapsed: 5)
  restart_time_synchronisation (packetbuf.c) called from PC: $15abe (elapsed: 30447)
  process_thread_foure_timesynch_process (local in 4emac-timesynch.c) called from PC: $12738 (elapsed: 1086202)
  call_process (local in process.c) called from PC: $1291c (elapsed: 1086239)
  process_run (packetbuf.c) called from PC: $05edc (elapsed: 1089362)
 WARN [Thread-2] (MspMote.java:229) - 38: # Watchdog[EXECUTION]: illegal write to WDTCTL (0) from $103ca - reset!!!!
Watchdog: illegal write to WDTCTL (0) from $103ca - reset!!!!
Stack Trace: number of calls: 5 PC: $103ca
  watchdog_reboot (packetbuf.c) called from PC: $24d44 (elapsed: 5)
  restart_time_synchronisation (packetbuf.c) called from PC: $15abe (elapsed: 30447)
  process_thread_foure_timesynch_process (local in 4emac-timesynch.c) called from PC: $12738 (elapsed: 954223)
  call_process (local in process.c) called from PC: $1291c (elapsed: 954260)
  process_run (packetbuf.c) called from PC: $05edc (elapsed: 957651)
 WARN [Thread-2] (MspMote.java:229) - 33: # Watchdog[EXECUTION]: illegal write to WDTCTL (0) from $103ca - reset!!!!
Watchdog: illegal write to WDTCTL (0) from $103ca - reset!!!!
Stack Trace: number of calls: 5 PC: $103ca
  watchdog_reboot (packetbuf.c) called from PC: $24d44 (elapsed: 5)
  restart_time_synchronisation (packetbuf.c) called from PC: $15abe (elapsed: 30452)
  process_thread_foure_timesynch_process (local in 4emac-timesynch.c) called from PC: $12738 (elapsed: 780908)
  call_process (local in process.c) called from PC: $1291c (elapsed: 780945)
  process_run (packetbuf.c) called from PC: $05edc (elapsed: 783982)
 WARN [Thread-2] (MspMote.java:229) - 39: # Watchdog[EXECUTION]: illegal write to WDTCTL (0) from $103ca - reset!!!!
Watchdog: illegal write to WDTCTL (0) from $103ca - reset!!!!
Stack Trace: number of calls: 5 PC: $103ca
  watchdog_reboot (packetbuf.c) called from PC: $24d44 (elapsed: 5)
  restart_time_synchronisation (packetbuf.c) called from PC: $15abe (elapsed: 30447)
  process_thread_foure_timesynch_process (local in 4emac-timesynch.c) called from PC: $12738 (elapsed: 1084306)
  call_process (local in process.c) called from PC: $1291c (elapsed: 1084343)
  process_run (packetbuf.c) called from PC: $05edc (elapsed: 1087725)
 WARN [Thread-2] (MspMote.java:229) - 44: # Watchdog[EXECUTION]: illegal write to WDTCTL (0) from $103ca - reset!!!!
Watchdog: illegal write to WDTCTL (0) from $103ca - reset!!!!
Stack Trace: number of calls: 5 PC: $103ca
  watchdog_reboot (packetbuf.c) called from PC: $24d44 (elapsed: 5)
  restart_time_synchronisation (packetbuf.c) called from PC: $15abe (elapsed: 30453)
  process_thread_foure_timesynch_process (local in 4emac-timesynch.c) called from PC: $12738 (elapsed: 945256)
  call_process (local in process.c) called from PC: $1291c (elapsed: 945293)
  process_run (packetbuf.c) called from PC: $05edc (elapsed: 948567)
 WARN [Thread-2] (MspMote.java:229) - 11: # Watchdog[EXECUTION]: illegal write to WDTCTL (0) from $103ca - reset!!!!
Watchdog: illegal write to WDTCTL (0) from $103ca - reset!!!!
Stack Trace: number of calls: 5 PC: $103ca
  watchdog_reboot (packetbuf.c) called from PC: $24d44 (elapsed: 5)
  restart_time_synchronisation (packetbuf.c) called from PC: $15abe (elapsed: 30447)
  process_thread_foure_timesynch_process (local in 4emac-timesynch.c) called from PC: $12738 (elapsed: 634872)
  call_process (local in process.c) called from PC: $1291c (elapsed: 634909)
  process_run (packetbuf.c) called from PC: $05edc (elapsed: 638021)
 WARN [Thread-2] (MspMote.java:229) - 12: # Watchdog[EXECUTION]: illegal write to WDTCTL (0) from $103ca - reset!!!!
Watchdog: illegal write to WDTCTL (0) from $103ca - reset!!!!
Stack Trace: number of calls: 5 PC: $103ca
  watchdog_reboot (packetbuf.c) called from PC: $24d44 (elapsed: 5)
  restart_time_synchronisation (packetbuf.c) called from PC: $15abe (elapsed: 30452)
  process_thread_foure_timesynch_process (local in 4emac-timesynch.c) called from PC: $12738 (elapsed: 666205)
  call_process (local in process.c) called from PC: $1291c (elapsed: 666242)
  process_run (packetbuf.c) called from PC: $05edc (elapsed: 669356)
 WARN [Thread-2] (MspMote.java:229) - 61: # Watchdog[EXECUTION]: illegal write to WDTCTL (0) from $103ca - reset!!!!
Watchdog: illegal write to WDTCTL (0) from $103ca - reset!!!!
Stack Trace: number of calls: 5 PC: $103ca
  watchdog_reboot (packetbuf.c) called from PC: $24d44 (elapsed: 5)
  restart_time_synchronisation (packetbuf.c) called from PC: $15abe (elapsed: 30452)
  process_thread_foure_timesynch_process (local in 4emac-timesynch.c) called from PC: $12738 (elapsed: 667634)
  call_process (local in process.c) called from PC: $1291c (elapsed: 667671)
  process_run (packetbuf.c) called from PC: $05edc (elapsed: 670943)
 WARN [Thread-2] (MspMote.java:229) - 54: # Watchdog[EXECUTION]: illegal write to WDTCTL (0) from $103ca - reset!!!!
Watchdog: illegal write to WDTCTL (0) from $103ca - reset!!!!
Stack Trace: number of calls: 5 PC: $103ca
  watchdog_reboot (packetbuf.c) called from PC: $24d44 (elapsed: 5)
  restart_time_synchronisation (packetbuf.c) called from PC: $15abe (elapsed: 31359)
  process_thread_foure_timesynch_process (local in 4emac-timesynch.c) called from PC: $12738 (elapsed: 185321)
  call_process (local in process.c) called from PC: $1291c (elapsed: 185358)
  process_run (packetbuf.c) called from PC: $05edc (elapsed: 187838)
 WARN [Thread-2] (MspMote.java:229) - 43: # Watchdog[EXECUTION]: illegal write to WDTCTL (0) from $103ca - reset!!!!
Watchdog: illegal write to WDTCTL (0) from $103ca - reset!!!!
Stack Trace: number of calls: 5 PC: $103ca
  watchdog_reboot (packetbuf.c) called from PC: $24d44 (elapsed: 5)
  restart_time_synchronisation (packetbuf.c) called from PC: $15abe (elapsed: 30452)
  process_thread_foure_timesynch_process (local in 4emac-timesynch.c) called from PC: $12738 (elapsed: 950124)
  call_process (local in process.c) called from PC: $1291c (elapsed: 950161)
  process_run (packetbuf.c) called from PC: $05edc (elapsed: 953354)
 WARN [Thread-2] (MspMote.java:229) - 1: # Watchdog[EXECUTION]: illegal write to WDTCTL (0) from $103ca - reset!!!!
Watchdog: illegal write to WDTCTL (0) from $103ca - reset!!!!
Stack Trace: number of calls: 5 PC: $103ca
  watchdog_reboot (packetbuf.c) called from PC: $24d44 (elapsed: 5)
  restart_time_synchronisation (packetbuf.c) called from PC: $15abe (elapsed: 30452)
  process_thread_foure_timesynch_process (local in 4emac-timesynch.c) called from PC: $12738 (elapsed: 1227453)
  call_process (local in process.c) called from PC: $1291c (elapsed: 1227490)
  process_run (packetbuf.c) called from PC: $05edc (elapsed: 1230692)
 WARN [Thread-2] (MspMote.java:229) - 4: # Watchdog[EXECUTION]: illegal write to WDTCTL (0) from $103ca - reset!!!!
Watchdog: illegal write to WDTCTL (0) from $103ca - reset!!!!
Stack Trace: number of calls: 5 PC: $103ca
  watchdog_reboot (packetbuf.c) called from PC: $24d44 (elapsed: 5)
  restart_time_synchronisation (packetbuf.c) called from PC: $15abe (elapsed: 30453)
  process_thread_foure_timesynch_process (local in 4emac-timesynch.c) called from PC: $12738 (elapsed: 499475)
  call_process (local in process.c) called from PC: $1291c (elapsed: 499512)
  process_run (packetbuf.c) called from PC: $05edc (elapsed: 502624)
 WARN [Thread-2] (MspMote.java:229) - 40: # Watchdog[EXECUTION]: illegal write to WDTCTL (0) from $103ca - reset!!!!
Watchdog: illegal write to WDTCTL (0) from $103ca - reset!!!!
Stack Trace: number of calls: 5 PC: $103ca
  watchdog_reboot (packetbuf.c) called from PC: $24d44 (elapsed: 5)
  restart_time_synchronisation (packetbuf.c) called from PC: $15abe (elapsed: 30453)
  process_thread_foure_timesynch_process (local in 4emac-timesynch.c) called from PC: $12738 (elapsed: 1269634)
  call_process (local in process.c) called from PC: $1291c (elapsed: 1269671)
  process_run (packetbuf.c) called from PC: $05edc (elapsed: 1272783)
 WARN [Thread-2] (MspMote.java:229) - 15: # Watchdog[EXECUTION]: illegal write to WDTCTL (0) from $103ca - reset!!!!
Watchdog: illegal write to WDTCTL (0) from $103ca - reset!!!!
Stack Trace: number of calls: 5 PC: $103ca
  watchdog_reboot (packetbuf.c) called from PC: $24d44 (elapsed: 5)
  restart_time_synchronisation (packetbuf.c) called from PC: $15abe (elapsed: 30452)
  process_thread_foure_timesynch_process (local in 4emac-timesynch.c) called from PC: $12738 (elapsed: 1225981)
  call_process (local in process.c) called from PC: $1291c (elapsed: 1226018)
  process_run (packetbuf.c) called from PC: $05edc (elapsed: 1229209)
 WARN [Thread-2] (MspMote.java:229) - 3: # Watchdog[EXECUTION]: illegal write to WDTCTL (0) from $103ca - reset!!!!
Watchdog: illegal write to WDTCTL (0) from $103ca - reset!!!!
Stack Trace: number of calls: 5 PC: $103ca
  watchdog_reboot (packetbuf.c) called from PC: $24d44 (elapsed: 5)
  restart_time_synchronisation (packetbuf.c) called from PC: $15abe (elapsed: 30453)
  process_thread_foure_timesynch_process (local in 4emac-timesynch.c) called from PC: $12738 (elapsed: 945475)
  call_process (local in process.c) called from PC: $1291c (elapsed: 945512)
  process_run (packetbuf.c) called from PC: $05edc (elapsed: 948466)
 WARN [Thread-2] (MspMote.java:229) - 17: # Watchdog[EXECUTION]: illegal write to WDTCTL (0) from $103ca - reset!!!!
Watchdog: illegal write to WDTCTL (0) from $103ca - reset!!!!
Stack Trace: number of calls: 5 PC: $103ca
  watchdog_reboot (packetbuf.c) called from PC: $24d44 (elapsed: 5)
  restart_time_synchronisation (packetbuf.c) called from PC: $15abe (elapsed: 30447)
  process_thread_foure_timesynch_process (local in 4emac-timesynch.c) called from PC: $12738 (elapsed: 1385667)
  call_process (local in process.c) called from PC: $1291c (elapsed: 1385704)
  process_run (packetbuf.c) called from PC: $05edc (elapsed: 1388980)
 WARN [Thread-2] (MspMote.java:229) - 10: # Watchdog[EXECUTION]: illegal write to WDTCTL (0) from $103ca - reset!!!!
Watchdog: illegal write to WDTCTL (0) from $103ca - reset!!!!
Stack Trace: number of calls: 5 PC: $103ca
  watchdog_reboot (packetbuf.c) called from PC: $24d44 (elapsed: 5)
  restart_time_synchronisation (packetbuf.c) called from PC: $15abe (elapsed: 30453)
  process_thread_foure_timesynch_process (local in 4emac-timesynch.c) called from PC: $12738 (elapsed: 1209386)
  call_process (local in process.c) called from PC: $1291c (elapsed: 1209423)
  process_run (packetbuf.c) called from PC: $05edc (elapsed: 1212621)
 WARN [Thread-2] (MspMote.java:229) - 9: # Watchdog[EXECUTION]: illegal write to WDTCTL (0) from $103ca - reset!!!!
Watchdog: illegal write to WDTCTL (0) from $103ca - reset!!!!
Stack Trace: number of calls: 5 PC: $103ca
  watchdog_reboot (packetbuf.c) called from PC: $24d44 (elapsed: 5)
  restart_time_synchronisation (packetbuf.c) called from PC: $15abe (elapsed: 30447)
  process_thread_foure_timesynch_process (local in 4emac-timesynch.c) called from PC: $12738 (elapsed: 1212218)
  call_process (local in process.c) called from PC: $1291c (elapsed: 1212255)
  process_run (packetbuf.c) called from PC: $05edc (elapsed: 1215376)
 WARN [Thread-2] (MspMote.java:229) - 16: # Watchdog[EXECUTION]: illegal write to WDTCTL (0) from $103ca - reset!!!!
 INFO [Thread-2] (LogScriptEngine.java:389) - Test script at 80.00%, done in 3038.9 sec
Watchdog: illegal write to WDTCTL (0) from $103ca - reset!!!!
Stack Trace: number of calls: 5 PC: $103ca
  watchdog_reboot (packetbuf.c) called from PC: $24d44 (elapsed: 5)
  restart_time_synchronisation (packetbuf.c) called from PC: $15abe (elapsed: 30447)
  process_thread_foure_timesynch_process (local in 4emac-timesynch.c) called from PC: $12738 (elapsed: 774118)
  call_process (local in process.c) called from PC: $1291c (elapsed: 774155)
  process_run (packetbuf.c) called from PC: $05edc (elapsed: 777348)
 WARN [Thread-2] (MspMote.java:229) - 23: # Watchdog[EXECUTION]: illegal write to WDTCTL (0) from $103ca - reset!!!!
Watchdog: illegal write to WDTCTL (0) from $103ca - reset!!!!
Stack Trace: number of calls: 5 PC: $103ca
  watchdog_reboot (packetbuf.c) called from PC: $24d44 (elapsed: 5)
  restart_time_synchronisation (packetbuf.c) called from PC: $15abe (elapsed: 30447)
  process_thread_foure_timesynch_process (local in 4emac-timesynch.c) called from PC: $12738 (elapsed: 1141492)
  call_process (local in process.c) called from PC: $1291c (elapsed: 1141529)
  process_run (packetbuf.c) called from PC: $05edc (elapsed: 1144562)
 WARN [Thread-2] (MspMote.java:229) - 6: # Watchdog[EXECUTION]: illegal write to WDTCTL (0) from $103ca - reset!!!!
Watchdog: illegal write to WDTCTL (0) from $103ca - reset!!!!
Stack Trace: number of calls: 5 PC: $103ca
  watchdog_reboot (packetbuf.c) called from PC: $24d44 (elapsed: 5)
  restart_time_synchronisation (packetbuf.c) called from PC: $15abe (elapsed: 30452)
  process_thread_foure_timesynch_process (local in 4emac-timesynch.c) called from PC: $12738 (elapsed: 538897)
  call_process (local in process.c) called from PC: $1291c (elapsed: 538934)
  process_run (packetbuf.c) called from PC: $05edc (elapsed: 541972)
 WARN [Thread-2] (MspMote.java:229) - 53: # Watchdog[EXECUTION]: illegal write to WDTCTL (0) from $103ca - reset!!!!
Watchdog: illegal write to WDTCTL (0) from $103ca - reset!!!!
Stack Trace: number of calls: 5 PC: $103ca
  watchdog_reboot (packetbuf.c) called from PC: $24d44 (elapsed: 5)
  restart_time_synchronisation (packetbuf.c) called from PC: $15abe (elapsed: 30447)
  process_thread_foure_timesynch_process (local in 4emac-timesynch.c) called from PC: $12738 (elapsed: 1077854)
  call_process (local in process.c) called from PC: $1291c (elapsed: 1077891)
  process_run (packetbuf.c) called from PC: $05edc (elapsed: 1081005)
 WARN [Thread-2] (MspMote.java:229) - 14: # Watchdog[EXECUTION]: illegal write to WDTCTL (0) from $103ca - reset!!!!
Watchdog: illegal write to WDTCTL (0) from $103ca - reset!!!!
Stack Trace: number of calls: 5 PC: $103ca
  watchdog_reboot (packetbuf.c) called from PC: $24d44 (elapsed: 5)
  restart_time_synchronisation (packetbuf.c) called from PC: $15abe (elapsed: 30477)
  process_thread_foure_timesynch_process (local in 4emac-timesynch.c) called from PC: $12738 (elapsed: 1206925)
  call_process (local in process.c) called from PC: $1291c (elapsed: 1206962)
  process_run (packetbuf.c) called from PC: $05edc (elapsed: 1211224)
 WARN [Thread-2] (MspMote.java:229) - 2: # Watchdog[EXECUTION]: illegal write to WDTCTL (0) from $103ca - reset!!!!
Watchdog: illegal write to WDTCTL (0) from $103ca - reset!!!!
Stack Trace: number of calls: 5 PC: $103ca
  watchdog_reboot (packetbuf.c) called from PC: $24d44 (elapsed: 5)
  restart_time_synchronisation (packetbuf.c) called from PC: $15abe (elapsed: 30452)
  process_thread_foure_timesynch_process (local in 4emac-timesynch.c) called from PC: $12738 (elapsed: 918436)
  call_process (local in process.c) called from PC: $1291c (elapsed: 918473)
  process_run (packetbuf.c) called from PC: $05edc (elapsed: 921907)
 WARN [Thread-2] (MspMote.java:229) - 21: # Watchdog[EXECUTION]: illegal write to WDTCTL (0) from $103ca - reset!!!!
Watchdog: illegal write to WDTCTL (0) from $103ca - reset!!!!
Stack Trace: number of calls: 5 PC: $103ca
  watchdog_reboot (packetbuf.c) called from PC: $24d44 (elapsed: 5)
  restart_time_synchronisation (packetbuf.c) called from PC: $15abe (elapsed: 30465)
  process_thread_foure_timesynch_process (local in 4emac-timesynch.c) called from PC: $12738 (elapsed: 808701)
  call_process (local in process.c) called from PC: $1291c (elapsed: 808738)
  process_run (packetbuf.c) called from PC: $05edc (elapsed: 812923)
 WARN [Thread-2] (MspMote.java:229) - 11: # Watchdog[EXECUTION]: illegal write to WDTCTL (0) from $103ca - reset!!!!
Watchdog: illegal write to WDTCTL (0) from $103ca - reset!!!!
Stack Trace: number of calls: 5 PC: $103ca
  watchdog_reboot (packetbuf.c) called from PC: $24d44 (elapsed: 5)
  restart_time_synchronisation (packetbuf.c) called from PC: $15abe (elapsed: 30452)
  process_thread_foure_timesynch_process (local in 4emac-timesynch.c) called from PC: $12738 (elapsed: 907644)
  call_process (local in process.c) called from PC: $1291c (elapsed: 907681)
  process_run (packetbuf.c) called from PC: $05edc (elapsed: 910793)
 WARN [Thread-2] (MspMote.java:229) - 8: # Watchdog[EXECUTION]: illegal write to WDTCTL (0) from $103ca - reset!!!!
Watchdog: illegal write to WDTCTL (0) from $103ca - reset!!!!
Stack Trace: number of calls: 5 PC: $103ca
  watchdog_reboot (packetbuf.c) called from PC: $24d44 (elapsed: 5)
  restart_time_synchronisation (packetbuf.c) called from PC: $15abe (elapsed: 30453)
  process_thread_foure_timesynch_process (local in 4emac-timesynch.c) called from PC: $12738 (elapsed: 1082399)
  call_process (local in process.c) called from PC: $1291c (elapsed: 1082436)
  process_run (packetbuf.c) called from PC: $05edc (elapsed: 1086858)
 WARN [Thread-2] (MspMote.java:229) - 19: # Watchdog[EXECUTION]: illegal write to WDTCTL (0) from $103ca - reset!!!!
Watchdog: illegal write to WDTCTL (0) from $103ca - reset!!!!
Stack Trace: number of calls: 5 PC: $103ca
  watchdog_reboot (packetbuf.c) called from PC: $24d44 (elapsed: 5)
  restart_time_synchronisation (packetbuf.c) called from PC: $15abe (elapsed: 30609)
  process_thread_foure_timesynch_process (local in 4emac-timesynch.c) called from PC: $12738 (elapsed: 637970)
  call_process (local in process.c) called from PC: $1291c (elapsed: 638007)
  process_run (packetbuf.c) called from PC: $05edc (elapsed: 641198)
 WARN [Thread-2] (MspMote.java:229) - 12: # Watchdog[EXECUTION]: illegal write to WDTCTL (0) from $103ca - reset!!!!
Watchdog: illegal write to WDTCTL (0) from $103ca - reset!!!!
Stack Trace: number of calls: 5 PC: $103ca
  watchdog_reboot (packetbuf.c) called from PC: $24d44 (elapsed: 5)
  restart_time_synchronisation (packetbuf.c) called from PC: $15abe (elapsed: 30447)
  process_thread_foure_timesynch_process (local in 4emac-timesynch.c) called from PC: $12738 (elapsed: 1075387)
  call_process (local in process.c) called from PC: $1291c (elapsed: 1075424)
  process_run (packetbuf.c) called from PC: $05edc (elapsed: 1078615)
 WARN [Thread-2] (MspMote.java:229) - 13: # Watchdog[EXECUTION]: illegal write to WDTCTL (0) from $103ca - reset!!!!
Watchdog: illegal write to WDTCTL (0) from $103ca - reset!!!!
Stack Trace: number of calls: 5 PC: $103ca
  watchdog_reboot (packetbuf.c) called from PC: $24d44 (elapsed: 5)
  restart_time_synchronisation (packetbuf.c) called from PC: $15abe (elapsed: 30452)
  process_thread_foure_timesynch_process (local in 4emac-timesynch.c) called from PC: $12738 (elapsed: 528889)
  call_process (local in process.c) called from PC: $1291c (elapsed: 528926)
  process_run (packetbuf.c) called from PC: $05edc (elapsed: 532119)
 WARN [Thread-2] (MspMote.java:229) - 48: # Watchdog[EXECUTION]: illegal write to WDTCTL (0) from $103ca - reset!!!!
Watchdog: illegal write to WDTCTL (0) from $103ca - reset!!!!
Stack Trace: number of calls: 11 PC: $103ca
  watchdog_reboot (packetbuf.c) called from PC: $24d44 (elapsed: 5)
  restart_time_synchronisation (packetbuf.c) called from PC: $14fba (elapsed: 31370)
  foure_timesynch_parent_switch_callback (packetbuf.c) called from PC: $1ea70 (elapsed: 69506)
  rpl_set_preferred_parent (local in rpl-dag.c) called from PC: $1f0a0 (elapsed: 162403)
  rpl_nullify_parent (packetbuf.c) called from PC: $1fd3a (elapsed: 376505)
  rpl_process_parent_event (packetbuf.c) called from PC: $1fdd2 (elapsed: 470810)
  rpl_recalculate_ranks (packetbuf.c) called from PC: $2383a (elapsed: 471237)
  handle_periodic_timer (local in rpl-timers.c) called from PC: $1219c (elapsed: 471504)
  process_thread_ctimer_process (local in ctimer.c) called from PC: $12738 (elapsed: 471705)
  call_process (local in process.c) called from PC: $1291c (elapsed: 471742)
  process_run (packetbuf.c) called from PC: $05edc (elapsed: 475093)
 WARN [Thread-2] (MspMote.java:229) - 24: # Watchdog[EXECUTION]: illegal write to WDTCTL (0) from $103ca - reset!!!!
Watchdog: illegal write to WDTCTL (0) from $103ca - reset!!!!
Stack Trace: number of calls: 11 PC: $103ca
  watchdog_reboot (packetbuf.c) called from PC: $24d44 (elapsed: 5)
  restart_time_synchronisation (packetbuf.c) called from PC: $14fba (elapsed: 31370)
  foure_timesynch_parent_switch_callback (packetbuf.c) called from PC: $1ea70 (elapsed: 69451)
  rpl_set_preferred_parent (local in rpl-dag.c) called from PC: $1f0a0 (elapsed: 163819)
  rpl_nullify_parent (packetbuf.c) called from PC: $1fd3a (elapsed: 380747)
  rpl_process_parent_event (packetbuf.c) called from PC: $1fdd2 (elapsed: 475047)
  rpl_recalculate_ranks (packetbuf.c) called from PC: $2383a (elapsed: 475474)
  handle_periodic_timer (local in rpl-timers.c) called from PC: $1219c (elapsed: 475911)
  process_thread_ctimer_process (local in ctimer.c) called from PC: $12738 (elapsed: 476136)
  call_process (local in process.c) called from PC: $1291c (elapsed: 476173)
  process_run (packetbuf.c) called from PC: $05edc (elapsed: 479285)
 WARN [Thread-2] (MspMote.java:229) - 27: # Watchdog[EXECUTION]: illegal write to WDTCTL (0) from $103ca - reset!!!!
Watchdog: illegal write to WDTCTL (0) from $103ca - reset!!!!
Stack Trace: number of calls: 5 PC: $103ca
  watchdog_reboot (packetbuf.c) called from PC: $24d44 (elapsed: 5)
  restart_time_synchronisation (packetbuf.c) called from PC: $15abe (elapsed: 31359)
  process_thread_foure_timesynch_process (local in 4emac-timesynch.c) called from PC: $12738 (elapsed: 185335)
  call_process (local in process.c) called from PC: $1291c (elapsed: 185372)
  process_run (packetbuf.c) called from PC: $05edc (elapsed: 187773)
 WARN [Thread-2] (MspMote.java:229) - 25: # Watchdog[EXECUTION]: illegal write to WDTCTL (0) from $103ca - reset!!!!
Watchdog: illegal write to WDTCTL (0) from $103ca - reset!!!!
Stack Trace: number of calls: 5 PC: $103ca
  watchdog_reboot (packetbuf.c) called from PC: $24d44 (elapsed: 5)
  restart_time_synchronisation (packetbuf.c) called from PC: $15abe (elapsed: 30452)
  process_thread_foure_timesynch_process (local in 4emac-timesynch.c) called from PC: $12738 (elapsed: 802300)
  call_process (local in process.c) called from PC: $1291c (elapsed: 802337)
  process_run (packetbuf.c) called from PC: $05edc (elapsed: 805372)
 WARN [Thread-2] (MspMote.java:229) - 11: # Watchdog[EXECUTION]: illegal write to WDTCTL (0) from $103ca - reset!!!!
Watchdog: illegal write to WDTCTL (0) from $103ca - reset!!!!
Stack Trace: number of calls: 5 PC: $103ca
  watchdog_reboot (packetbuf.c) called from PC: $24d44 (elapsed: 5)
  restart_time_synchronisation (packetbuf.c) called from PC: $15abe (elapsed: 34042)
  process_thread_foure_timesynch_process (local in 4emac-timesynch.c) called from PC: $12738 (elapsed: 922906)
  call_process (local in process.c) called from PC: $1291c (elapsed: 922943)
  process_run (packetbuf.c) called from PC: $05edc (elapsed: 926143)
 WARN [Thread-2] (MspMote.java:229) - 34: # Watchdog[EXECUTION]: illegal write to WDTCTL (0) from $103ca - reset!!!!
Watchdog: illegal write to WDTCTL (0) from $103ca - reset!!!!
Stack Trace: number of calls: 5 PC: $103ca
  watchdog_reboot (packetbuf.c) called from PC: $24d44 (elapsed: 5)
  restart_time_synchronisation (packetbuf.c) called from PC: $15abe (elapsed: 30452)
  process_thread_foure_timesynch_process (local in 4emac-timesynch.c) called from PC: $12738 (elapsed: 1155666)
  call_process (local in process.c) called from PC: $1291c (elapsed: 1155703)
  process_run (packetbuf.c) called from PC: $05edc (elapsed: 1159033)
 WARN [Thread-2] (MspMote.java:229) - 26: # Watchdog[EXECUTION]: illegal write to WDTCTL (0) from $103ca - reset!!!!
Watchdog: illegal write to WDTCTL (0) from $103ca - reset!!!!
Stack Trace: number of calls: 5 PC: $103ca
  watchdog_reboot (packetbuf.c) called from PC: $24d44 (elapsed: 5)
  restart_time_synchronisation (packetbuf.c) called from PC: $15abe (elapsed: 30447)
  process_thread_foure_timesynch_process (local in 4emac-timesynch.c) called from PC: $12738 (elapsed: 1073454)
  call_process (local in process.c) called from PC: $1291c (elapsed: 1073491)
  process_run (packetbuf.c) called from PC: $05edc (elapsed: 1076680)
 WARN [Thread-2] (MspMote.java:229) - 6: # Watchdog[EXECUTION]: illegal write to WDTCTL (0) from $103ca - reset!!!!
Watchdog: illegal write to WDTCTL (0) from $103ca - reset!!!!
Stack Trace: number of calls: 5 PC: $103ca
  watchdog_reboot (packetbuf.c) called from PC: $24d44 (elapsed: 5)
  restart_time_synchronisation (packetbuf.c) called from PC: $15abe (elapsed: 30452)
  process_thread_foure_timesynch_process (local in 4emac-timesynch.c) called from PC: $12738 (elapsed: 668594)
  call_process (local in process.c) called from PC: $1291c (elapsed: 668631)
  process_run (packetbuf.c) called from PC: $05edc (elapsed: 671824)
 WARN [Thread-2] (MspMote.java:229) - 40: # Watchdog[EXECUTION]: illegal write to WDTCTL (0) from $103ca - reset!!!!
 INFO [Thread-2] (LogScriptEngine.java:389) - Test script at 85.00%, done in 2206.2 sec
Watchdog: illegal write to WDTCTL (0) from $103ca - reset!!!!
Stack Trace: number of calls: 5 PC: $103ca
  watchdog_reboot (packetbuf.c) called from PC: $24d44 (elapsed: 5)
  restart_time_synchronisation (packetbuf.c) called from PC: $15abe (elapsed: 30453)
  process_thread_foure_timesynch_process (local in 4emac-timesynch.c) called from PC: $12738 (elapsed: 1123175)
  call_process (local in process.c) called from PC: $1291c (elapsed: 1123212)
  process_run (packetbuf.c) called from PC: $05edc (elapsed: 1126732)
 WARN [Thread-2] (MspMote.java:229) - 5: # Watchdog[EXECUTION]: illegal write to WDTCTL (0) from $103ca - reset!!!!
Watchdog: illegal write to WDTCTL (0) from $103ca - reset!!!!
Stack Trace: number of calls: 5 PC: $103ca
  watchdog_reboot (packetbuf.c) called from PC: $24d44 (elapsed: 5)
  restart_time_synchronisation (packetbuf.c) called from PC: $15abe (elapsed: 30452)
  process_thread_foure_timesynch_process (local in 4emac-timesynch.c) called from PC: $12738 (elapsed: 531141)
  call_process (local in process.c) called from PC: $1291c (elapsed: 531178)
  process_run (packetbuf.c) called from PC: $05edc (elapsed: 534373)
 WARN [Thread-2] (MspMote.java:229) - 13: # Watchdog[EXECUTION]: illegal write to WDTCTL (0) from $103ca - reset!!!!
Watchdog: illegal write to WDTCTL (0) from $103ca - reset!!!!
Stack Trace: number of calls: 5 PC: $103ca
  watchdog_reboot (packetbuf.c) called from PC: $24d44 (elapsed: 5)
  restart_time_synchronisation (packetbuf.c) called from PC: $15abe (elapsed: 34841)
  process_thread_foure_timesynch_process (local in 4emac-timesynch.c) called from PC: $12738 (elapsed: 1101046)
  call_process (local in process.c) called from PC: $1291c (elapsed: 1101083)
  process_run (packetbuf.c) called from PC: $05edc (elapsed: 1104278)
 WARN [Thread-2] (MspMote.java:229) - 17: # Watchdog[EXECUTION]: illegal write to WDTCTL (0) from $103ca - reset!!!!
Watchdog: illegal write to WDTCTL (0) from $103ca - reset!!!!
Stack Trace: number of calls: 5 PC: $103ca
  watchdog_reboot (packetbuf.c) called from PC: $24d44 (elapsed: 5)
  restart_time_synchronisation (packetbuf.c) called from PC: $15abe (elapsed: 30452)
  process_thread_foure_timesynch_process (local in 4emac-timesynch.c) called from PC: $12738 (elapsed: 1119827)
  call_process (local in process.c) called from PC: $1291c (elapsed: 1119864)
  process_run (packetbuf.c) called from PC: $05edc (elapsed: 1123062)
 WARN [Thread-2] (MspMote.java:229) - 33: # Watchdog[EXECUTION]: illegal write to WDTCTL (0) from $103ca - reset!!!!
Watchdog: illegal write to WDTCTL (0) from $103ca - reset!!!!
Stack Trace: number of calls: 5 PC: $103ca
  watchdog_reboot (packetbuf.c) called from PC: $24d44 (elapsed: 5)
  restart_time_synchronisation (packetbuf.c) called from PC: $15abe (elapsed: 30452)
  process_thread_foure_timesynch_process (local in 4emac-timesynch.c) called from PC: $12738 (elapsed: 995193)
  call_process (local in process.c) called from PC: $1291c (elapsed: 995230)
  process_run (packetbuf.c) called from PC: $05edc (elapsed: 998342)
 WARN [Thread-2] (MspMote.java:229) - 14: # Watchdog[EXECUTION]: illegal write to WDTCTL (0) from $103ca - reset!!!!
Watchdog: illegal write to WDTCTL (0) from $103ca - reset!!!!
Stack Trace: number of calls: 5 PC: $103ca
  watchdog_reboot (packetbuf.c) called from PC: $24d44 (elapsed: 5)
  restart_time_synchronisation (packetbuf.c) called from PC: $15abe (elapsed: 30452)
  process_thread_foure_timesynch_process (local in 4emac-timesynch.c) called from PC: $12738 (elapsed: 1091356)
  call_process (local in process.c) called from PC: $1291c (elapsed: 1091393)
  process_run (packetbuf.c) called from PC: $05edc (elapsed: 1094507)
 WARN [Thread-2] (MspMote.java:229) - 15: # Watchdog[EXECUTION]: illegal write to WDTCTL (0) from $103ca - reset!!!!
Watchdog: illegal write to WDTCTL (0) from $103ca - reset!!!!
Stack Trace: number of calls: 5 PC: $103ca
  watchdog_reboot (packetbuf.c) called from PC: $24d44 (elapsed: 5)
  restart_time_synchronisation (packetbuf.c) called from PC: $15abe (elapsed: 30452)
  process_thread_foure_timesynch_process (local in 4emac-timesynch.c) called from PC: $12738 (elapsed: 807370)
  call_process (local in process.c) called from PC: $1291c (elapsed: 807407)
  process_run (packetbuf.c) called from PC: $05edc (elapsed: 810920)
 WARN [Thread-2] (MspMote.java:229) - 8: # Watchdog[EXECUTION]: illegal write to WDTCTL (0) from $103ca - reset!!!!
Watchdog: illegal write to WDTCTL (0) from $103ca - reset!!!!
Stack Trace: number of calls: 5 PC: $103ca
  watchdog_reboot (packetbuf.c) called from PC: $24d44 (elapsed: 5)
  restart_time_synchronisation (packetbuf.c) called from PC: $15abe (elapsed: 30452)
  process_thread_foure_timesynch_process (local in 4emac-timesynch.c) called from PC: $12738 (elapsed: 636241)
  call_process (local in process.c) called from PC: $1291c (elapsed: 636278)
  process_run (packetbuf.c) called from PC: $05edc (elapsed: 639471)
 WARN [Thread-2] (MspMote.java:229) - 1: # Watchdog[EXECUTION]: illegal write to WDTCTL (0) from $103ca - reset!!!!
Watchdog: illegal write to WDTCTL (0) from $103ca - reset!!!!
Stack Trace: number of calls: 5 PC: $103ca
  watchdog_reboot (packetbuf.c) called from PC: $24d44 (elapsed: 5)
  restart_time_synchronisation (packetbuf.c) called from PC: $15abe (elapsed: 30452)
  process_thread_foure_timesynch_process (local in 4emac-timesynch.c) called from PC: $12738 (elapsed: 670240)
  call_process (local in process.c) called from PC: $1291c (elapsed: 670277)
  process_run (packetbuf.c) called from PC: $05edc (elapsed: 673547)
 WARN [Thread-2] (MspMote.java:229) - 16: # Watchdog[EXECUTION]: illegal write to WDTCTL (0) from $103ca - reset!!!!
Watchdog: illegal write to WDTCTL (0) from $103ca - reset!!!!
Stack Trace: number of calls: 5 PC: $103ca
  watchdog_reboot (packetbuf.c) called from PC: $24d44 (elapsed: 5)
  restart_time_synchronisation (packetbuf.c) called from PC: $15abe (elapsed: 30453)
  process_thread_foure_timesynch_process (local in 4emac-timesynch.c) called from PC: $12738 (elapsed: 1269691)
  call_process (local in process.c) called from PC: $1291c (elapsed: 1269728)
  process_run (packetbuf.c) called from PC: $05edc (elapsed: 1273084)
 WARN [Thread-2] (MspMote.java:229) - 32: # Watchdog[EXECUTION]: illegal write to WDTCTL (0) from $103ca - reset!!!!
Watchdog: illegal write to WDTCTL (0) from $103ca - reset!!!!
Stack Trace: number of calls: 5 PC: $103ca
  watchdog_reboot (packetbuf.c) called from PC: $24d44 (elapsed: 5)
  restart_time_synchronisation (packetbuf.c) called from PC: $15abe (elapsed: 30453)
  process_thread_foure_timesynch_process (local in 4emac-timesynch.c) called from PC: $12738 (elapsed: 811202)
  call_process (local in process.c) called from PC: $1291c (elapsed: 811239)
  process_run (packetbuf.c) called from PC: $05edc (elapsed: 814355)
 WARN [Thread-2] (MspMote.java:229) - 10: # Watchdog[EXECUTION]: illegal write to WDTCTL (0) from $103ca - reset!!!!
Watchdog: illegal write to WDTCTL (0) from $103ca - reset!!!!
Stack Trace: number of calls: 5 PC: $103ca
  watchdog_reboot (packetbuf.c) called from PC: $24d44 (elapsed: 5)
  restart_time_synchronisation (packetbuf.c) called from PC: $15abe (elapsed: 31364)
  process_thread_foure_timesynch_process (local in 4emac-timesynch.c) called from PC: $12738 (elapsed: 185190)
  call_process (local in process.c) called from PC: $1291c (elapsed: 185227)
  process_run (packetbuf.c) called from PC: $05edc (elapsed: 187710)
 WARN [Thread-2] (MspMote.java:229) - 38: # Watchdog[EXECUTION]: illegal write to WDTCTL (0) from $103ca - reset!!!!
Watchdog: illegal write to WDTCTL (0) from $103ca - reset!!!!
Stack Trace: number of calls: 5 PC: $103ca
  watchdog_reboot (packetbuf.c) called from PC: $24d44 (elapsed: 5)
  restart_time_synchronisation (packetbuf.c) called from PC: $15abe (elapsed: 30447)
  process_thread_foure_timesynch_process (local in 4emac-timesynch.c) called from PC: $12738 (elapsed: 1076913)
  call_process (local in process.c) called from PC: $1291c (elapsed: 1076950)
  process_run (packetbuf.c) called from PC: $05edc (elapsed: 1079985)
 WARN [Thread-2] (MspMote.java:229) - 3: # Watchdog[EXECUTION]: illegal write to WDTCTL (0) from $103ca - reset!!!!
Watchdog: illegal write to WDTCTL (0) from $103ca - reset!!!!
Stack Trace: number of calls: 5 PC: $103ca
  watchdog_reboot (packetbuf.c) called from PC: $24d44 (elapsed: 5)
  restart_time_synchronisation (packetbuf.c) called from PC: $15abe (elapsed: 34390)
  process_thread_foure_timesynch_process (local in 4emac-timesynch.c) called from PC: $12738 (elapsed: 1208168)
  call_process (local in process.c) called from PC: $1291c (elapsed: 1208205)
  process_run (packetbuf.c) called from PC: $05edc (elapsed: 1211398)
 WARN [Thread-2] (MspMote.java:229) - 2: # Watchdog[EXECUTION]: illegal write to WDTCTL (0) from $103ca - reset!!!!
Watchdog: illegal write to WDTCTL (0) from $103ca - reset!!!!
Stack Trace: number of calls: 5 PC: $103ca
  watchdog_reboot (packetbuf.c) called from PC: $24d44 (elapsed: 5)
  restart_time_synchronisation (packetbuf.c) called from PC: $15abe (elapsed: 30453)
  process_thread_foure_timesynch_process (local in 4emac-timesynch.c) called from PC: $12738 (elapsed: 811644)
  call_process (local in process.c) called from PC: $1291c (elapsed: 811681)
  process_run (packetbuf.c) called from PC: $05edc (elapsed: 815404)
 WARN [Thread-2] (MspMote.java:229) - 26: # Watchdog[EXECUTION]: illegal write to WDTCTL (0) from $103ca - reset!!!!
Watchdog: illegal write to WDTCTL (0) from $103ca - reset!!!!
Stack Trace: number of calls: 5 PC: $103ca
  watchdog_reboot (packetbuf.c) called from PC: $24d44 (elapsed: 5)
  restart_time_synchronisation (packetbuf.c) called from PC: $15abe (elapsed: 30453)
  process_thread_foure_timesynch_process (local in 4emac-timesynch.c) called from PC: $12738 (elapsed: 939774)
  call_process (local in process.c) called from PC: $1291c (elapsed: 939811)
  process_run (packetbuf.c) called from PC: $05edc (elapsed: 942844)
 WARN [Thread-2] (MspMote.java:229) - 9: # Watchdog[EXECUTION]: illegal write to WDTCTL (0) from $103ca - reset!!!!
Watchdog: illegal write to WDTCTL (0) from $103ca - reset!!!!
Stack Trace: number of calls: 5 PC: $103ca
  watchdog_reboot (packetbuf.c) called from PC: $24d44 (elapsed: 5)
  restart_time_synchronisation (packetbuf.c) called from PC: $15abe (elapsed: 30453)
  process_thread_foure_timesynch_process (local in 4emac-timesynch.c) called from PC: $12738 (elapsed: 703109)
  call_process (local in process.c) called from PC: $1291c (elapsed: 703146)
  process_run (packetbuf.c) called from PC: $05edc (elapsed: 706420)
 WARN [Thread-2] (MspMote.java:229) - 27: # Watchdog[EXECUTION]: illegal write to WDTCTL (0) from $103ca - reset!!!!
Watchdog: illegal write to WDTCTL (0) from $103ca - reset!!!!
Stack Trace: number of calls: 5 PC: $103ca
  watchdog_reboot (packetbuf.c) called from PC: $24d44 (elapsed: 5)
  restart_time_synchronisation (packetbuf.c) called from PC: $15abe (elapsed: 30447)
  process_thread_foure_timesynch_process (local in 4emac-timesynch.c) called from PC: $12738 (elapsed: 640361)
  call_process (local in process.c) called from PC: $1291c (elapsed: 640398)
  process_run (packetbuf.c) called from PC: $05edc (elapsed: 643679)
 WARN [Thread-2] (MspMote.java:229) - 28: # Watchdog[EXECUTION]: illegal write to WDTCTL (0) from $103ca - reset!!!!
Watchdog: illegal write to WDTCTL (0) from $103ca - reset!!!!
Stack Trace: number of calls: 5 PC: $103ca
  watchdog_reboot (packetbuf.c) called from PC: $24d44 (elapsed: 5)
  restart_time_synchronisation (packetbuf.c) called from PC: $15abe (elapsed: 30447)
  process_thread_foure_timesynch_process (local in 4emac-timesynch.c) called from PC: $12738 (elapsed: 836038)
  call_process (local in process.c) called from PC: $1291c (elapsed: 836075)
  process_run (packetbuf.c) called from PC: $05edc (elapsed: 839349)
 WARN [Thread-2] (MspMote.java:229) - 12: # Watchdog[EXECUTION]: illegal write to WDTCTL (0) from $103ca - reset!!!!
Watchdog: illegal write to WDTCTL (0) from $103ca - reset!!!!
Stack Trace: number of calls: 5 PC: $103ca
  watchdog_reboot (packetbuf.c) called from PC: $24d44 (elapsed: 5)
  restart_time_synchronisation (packetbuf.c) called from PC: $15abe (elapsed: 30452)
  process_thread_foure_timesynch_process (local in 4emac-timesynch.c) called from PC: $12738 (elapsed: 973536)
  call_process (local in process.c) called from PC: $1291c (elapsed: 973573)
  process_run (packetbuf.c) called from PC: $05edc (elapsed: 976764)
 WARN [Thread-2] (MspMote.java:229) - 24: # Watchdog[EXECUTION]: illegal write to WDTCTL (0) from $103ca - reset!!!!
Watchdog: illegal write to WDTCTL (0) from $103ca - reset!!!!
Stack Trace: number of calls: 5 PC: $103ca
  watchdog_reboot (packetbuf.c) called from PC: $24d44 (elapsed: 5)
  restart_time_synchronisation (packetbuf.c) called from PC: $15abe (elapsed: 30453)
  process_thread_foure_timesynch_process (local in 4emac-timesynch.c) called from PC: $12738 (elapsed: 1241340)
  call_process (local in process.c) called from PC: $1291c (elapsed: 1241377)
  process_run (packetbuf.c) called from PC: $05edc (elapsed: 1243393)
 WARN [Thread-2] (MspMote.java:229) - 4: # Watchdog[EXECUTION]: illegal write to WDTCTL (0) from $103ca - reset!!!!
Watchdog: illegal write to WDTCTL (0) from $103ca - reset!!!!
Stack Trace: number of calls: 5 PC: $103ca
  watchdog_reboot (packetbuf.c) called from PC: $24d44 (elapsed: 5)
  restart_time_synchronisation (packetbuf.c) called from PC: $15abe (elapsed: 30452)
  process_thread_foure_timesynch_process (local in 4emac-timesynch.c) called from PC: $12738 (elapsed: 807666)
  call_process (local in process.c) called from PC: $1291c (elapsed: 807703)
  process_run (packetbuf.c) called from PC: $05edc (elapsed: 810986)
 WARN [Thread-2] (MspMote.java:229) - 22: # Watchdog[EXECUTION]: illegal write to WDTCTL (0) from $103ca - reset!!!!
Watchdog: illegal write to WDTCTL (0) from $103ca - reset!!!!
Stack Trace: number of calls: 5 PC: $103ca
  watchdog_reboot (packetbuf.c) called from PC: $24d44 (elapsed: 5)
  restart_time_synchronisation (packetbuf.c) called from PC: $15abe (elapsed: 30452)
  process_thread_foure_timesynch_process (local in 4emac-timesynch.c) called from PC: $12738 (elapsed: 908332)
  call_process (local in process.c) called from PC: $1291c (elapsed: 908369)
  process_run (packetbuf.c) called from PC: $05edc (elapsed: 911406)
 WARN [Thread-2] (MspMote.java:229) - 25: # Watchdog[EXECUTION]: illegal write to WDTCTL (0) from $103ca - reset!!!!
Watchdog: illegal write to WDTCTL (0) from $103ca - reset!!!!
Stack Trace: number of calls: 5 PC: $103ca
  watchdog_reboot (packetbuf.c) called from PC: $24d44 (elapsed: 5)
  restart_time_synchronisation (packetbuf.c) called from PC: $15abe (elapsed: 30452)
  process_thread_foure_timesynch_process (local in 4emac-timesynch.c) called from PC: $12738 (elapsed: 671775)
  call_process (local in process.c) called from PC: $1291c (elapsed: 671812)
  process_run (packetbuf.c) called from PC: $05edc (elapsed: 674845)
 WARN [Thread-2] (MspMote.java:229) - 11: # Watchdog[EXECUTION]: illegal write to WDTCTL (0) from $103ca - reset!!!!
Watchdog: illegal write to WDTCTL (0) from $103ca - reset!!!!
Stack Trace: number of calls: 5 PC: $103ca
  watchdog_reboot (packetbuf.c) called from PC: $24d44 (elapsed: 5)
  restart_time_synchronisation (packetbuf.c) called from PC: $15abe (elapsed: 30453)
  process_thread_foure_timesynch_process (local in 4emac-timesynch.c) called from PC: $12738 (elapsed: 1257120)
  call_process (local in process.c) called from PC: $1291c (elapsed: 1257157)
  process_run (packetbuf.c) called from PC: $05edc (elapsed: 1260269)
 WARN [Thread-2] (MspMote.java:229) - 21: # Watchdog[EXECUTION]: illegal write to WDTCTL (0) from $103ca - reset!!!!
Watchdog: illegal write to WDTCTL (0) from $103ca - reset!!!!
Stack Trace: number of calls: 5 PC: $103ca
  watchdog_reboot (packetbuf.c) called from PC: $24d44 (elapsed: 5)
  restart_time_synchronisation (packetbuf.c) called from PC: $15abe (elapsed: 30452)
  process_thread_foure_timesynch_process (local in 4emac-timesynch.c) called from PC: $12738 (elapsed: 988807)
  call_process (local in process.c) called from PC: $1291c (elapsed: 988844)
  process_run (packetbuf.c) called from PC: $05edc (elapsed: 1754143)
 WARN [Thread-2] (MspMote.java:229) - 13: # Watchdog[EXECUTION]: illegal write to WDTCTL (0) from $103ca - reset!!!!
 INFO [Thread-2] (LogScriptEngine.java:389) - Test script at 90.00%, done in 1430.4 sec
Watchdog: illegal write to WDTCTL (0) from $103ca - reset!!!!
Stack Trace: number of calls: 5 PC: $103ca
  watchdog_reboot (packetbuf.c) called from PC: $24d44 (elapsed: 5)
  restart_time_synchronisation (packetbuf.c) called from PC: $15abe (elapsed: 30465)
  process_thread_foure_timesynch_process (local in 4emac-timesynch.c) called from PC: $12738 (elapsed: 946180)
  call_process (local in process.c) called from PC: $1291c (elapsed: 946217)
  process_run (packetbuf.c) called from PC: $05edc (elapsed: 949410)
 WARN [Thread-2] (MspMote.java:229) - 1: # Watchdog[EXECUTION]: illegal write to WDTCTL (0) from $103ca - reset!!!!
Watchdog: illegal write to WDTCTL (0) from $103ca - reset!!!!
Stack Trace: number of calls: 5 PC: $103ca
  watchdog_reboot (packetbuf.c) called from PC: $24d44 (elapsed: 5)
  restart_time_synchronisation (packetbuf.c) called from PC: $15abe (elapsed: 30573)
  process_thread_foure_timesynch_process (local in 4emac-timesynch.c) called from PC: $12738 (elapsed: 642615)
  call_process (local in process.c) called from PC: $1291c (elapsed: 642652)
  process_run (packetbuf.c) called from PC: $05edc (elapsed: 645685)
 WARN [Thread-2] (MspMote.java:229) - 52: # Watchdog[EXECUTION]: illegal write to WDTCTL (0) from $103ca - reset!!!!
Watchdog: illegal write to WDTCTL (0) from $103ca - reset!!!!
Stack Trace: number of calls: 5 PC: $103ca
  watchdog_reboot (packetbuf.c) called from PC: $24d44 (elapsed: 5)
  restart_time_synchronisation (packetbuf.c) called from PC: $15abe (elapsed: 30452)
  process_thread_foure_timesynch_process (local in 4emac-timesynch.c) called from PC: $12738 (elapsed: 853836)
  call_process (local in process.c) called from PC: $1291c (elapsed: 853873)
  process_run (packetbuf.c) called from PC: $05edc (elapsed: 856832)
 WARN [Thread-2] (MspMote.java:229) - 53: # Watchdog[EXECUTION]: illegal write to WDTCTL (0) from $103ca - reset!!!!
Watchdog: illegal write to WDTCTL (0) from $103ca - reset!!!!
Stack Trace: number of calls: 5 PC: $103ca
  watchdog_reboot (packetbuf.c) called from PC: $24d44 (elapsed: 5)
  restart_time_synchronisation (packetbuf.c) called from PC: $15abe (elapsed: 30452)
  process_thread_foure_timesynch_process (local in 4emac-timesynch.c) called from PC: $12738 (elapsed: 530460)
  call_process (local in process.c) called from PC: $1291c (elapsed: 530497)
  process_run (packetbuf.c) called from PC: $05edc (elapsed: 533697)
 WARN [Thread-2] (MspMote.java:229) - 18: # Watchdog[EXECUTION]: illegal write to WDTCTL (0) from $103ca - reset!!!!
Watchdog: illegal write to WDTCTL (0) from $103ca - reset!!!!
Stack Trace: number of calls: 5 PC: $103ca
  watchdog_reboot (packetbuf.c) called from PC: $24d44 (elapsed: 5)
  restart_time_synchronisation (packetbuf.c) called from PC: $15abe (elapsed: 30452)
  process_thread_foure_timesynch_process (local in 4emac-timesynch.c) called from PC: $12738 (elapsed: 669924)
  call_process (local in process.c) called from PC: $1291c (elapsed: 669961)
  process_run (packetbuf.c) called from PC: $05edc (elapsed: 672996)
 WARN [Thread-2] (MspMote.java:229) - 34: # Watchdog[EXECUTION]: illegal write to WDTCTL (0) from $103ca - reset!!!!
Watchdog: illegal write to WDTCTL (0) from $103ca - reset!!!!
Stack Trace: number of calls: 5 PC: $103ca
  watchdog_reboot (packetbuf.c) called from PC: $24d44 (elapsed: 5)
  restart_time_synchronisation (packetbuf.c) called from PC: $15abe (elapsed: 30452)
  process_thread_foure_timesynch_process (local in 4emac-timesynch.c) called from PC: $12738 (elapsed: 1050184)
  call_process (local in process.c) called from PC: $1291c (elapsed: 1050221)
  process_run (packetbuf.c) called from PC: $05edc (elapsed: 1053259)
 WARN [Thread-2] (MspMote.java:229) - 23: # Watchdog[EXECUTION]: illegal write to WDTCTL (0) from $103ca - reset!!!!
Watchdog: illegal write to WDTCTL (0) from $103ca - reset!!!!
Stack Trace: number of calls: 5 PC: $103ca
  watchdog_reboot (packetbuf.c) called from PC: $24d44 (elapsed: 5)
  restart_time_synchronisation (packetbuf.c) called from PC: $15abe (elapsed: 30452)
  process_thread_foure_timesynch_process (local in 4emac-timesynch.c) called from PC: $12738 (elapsed: 948435)
  call_process (local in process.c) called from PC: $1291c (elapsed: 948472)
  process_run (packetbuf.c) called from PC: $05edc (elapsed: 951505)
 WARN [Thread-2] (MspMote.java:229) - 41: # Watchdog[EXECUTION]: illegal write to WDTCTL (0) from $103ca - reset!!!!
Watchdog: illegal write to WDTCTL (0) from $103ca - reset!!!!
Stack Trace: number of calls: 5 PC: $103ca
  watchdog_reboot (packetbuf.c) called from PC: $24d44 (elapsed: 5)
  restart_time_synchronisation (packetbuf.c) called from PC: $15abe (elapsed: 30453)
  process_thread_foure_timesynch_process (local in 4emac-timesynch.c) called from PC: $12738 (elapsed: 1220043)
  call_process (local in process.c) called from PC: $1291c (elapsed: 1220080)
  process_run (packetbuf.c) called from PC: $05edc (elapsed: 1272641)
 WARN [Thread-2] (MspMote.java:229) - 16: # Watchdog[EXECUTION]: illegal write to WDTCTL (0) from $103ca - reset!!!!
Watchdog: illegal write to WDTCTL (0) from $103ca - reset!!!!
Stack Trace: number of calls: 5 PC: $103ca
  watchdog_reboot (packetbuf.c) called from PC: $24d44 (elapsed: 5)
  restart_time_synchronisation (packetbuf.c) called from PC: $15abe (elapsed: 30452)
  process_thread_foure_timesynch_process (local in 4emac-timesynch.c) called from PC: $12738 (elapsed: 541801)
  call_process (local in process.c) called from PC: $1291c (elapsed: 541838)
  process_run (packetbuf.c) called from PC: $05edc (elapsed: 544963)
 WARN [Thread-2] (MspMote.java:229) - 29: # Watchdog[EXECUTION]: illegal write to WDTCTL (0) from $103ca - reset!!!!
Watchdog: illegal write to WDTCTL (0) from $103ca - reset!!!!
Stack Trace: number of calls: 5 PC: $103ca
  watchdog_reboot (packetbuf.c) called from PC: $24d44 (elapsed: 5)
  restart_time_synchronisation (packetbuf.c) called from PC: $15abe (elapsed: 30453)
  process_thread_foure_timesynch_process (local in 4emac-timesynch.c) called from PC: $12738 (elapsed: 952665)
  call_process (local in process.c) called from PC: $1291c (elapsed: 952702)
  process_run (packetbuf.c) called from PC: $05edc (elapsed: 956885)
 WARN [Thread-2] (MspMote.java:229) - 47: # Watchdog[EXECUTION]: illegal write to WDTCTL (0) from $103ca - reset!!!!
Watchdog: illegal write to WDTCTL (0) from $103ca - reset!!!!
Stack Trace: number of calls: 5 PC: $103ca
  watchdog_reboot (packetbuf.c) called from PC: $24d44 (elapsed: 5)
  restart_time_synchronisation (packetbuf.c) called from PC: $15abe (elapsed: 30452)
  process_thread_foure_timesynch_process (local in 4emac-timesynch.c) called from PC: $12738 (elapsed: 981086)
  call_process (local in process.c) called from PC: $1291c (elapsed: 981123)
  process_run (packetbuf.c) called from PC: $05edc (elapsed: 984329)
 WARN [Thread-2] (MspMote.java:229) - 59: # Watchdog[EXECUTION]: illegal write to WDTCTL (0) from $103ca - reset!!!!
Watchdog: illegal write to WDTCTL (0) from $103ca - reset!!!!
Stack Trace: number of calls: 5 PC: $103ca
  watchdog_reboot (packetbuf.c) called from PC: $24d44 (elapsed: 5)
  restart_time_synchronisation (packetbuf.c) called from PC: $15abe (elapsed: 30452)
  process_thread_foure_timesynch_process (local in 4emac-timesynch.c) called from PC: $12738 (elapsed: 1232127)
  call_process (local in process.c) called from PC: $1291c (elapsed: 1232164)
  process_run (packetbuf.c) called from PC: $05edc (elapsed: 1235118)
 WARN [Thread-2] (MspMote.java:229) - 26: # Watchdog[EXECUTION]: illegal write to WDTCTL (0) from $103ca - reset!!!!
Watchdog: illegal write to WDTCTL (0) from $103ca - reset!!!!
Stack Trace: number of calls: 5 PC: $103ca
  watchdog_reboot (packetbuf.c) called from PC: $24d44 (elapsed: 5)
  restart_time_synchronisation (packetbuf.c) called from PC: $15abe (elapsed: 30452)
  process_thread_foure_timesynch_process (local in 4emac-timesynch.c) called from PC: $12738 (elapsed: 780442)
  call_process (local in process.c) called from PC: $1291c (elapsed: 780479)
  process_run (packetbuf.c) called from PC: $05edc (elapsed: 783681)
 WARN [Thread-2] (MspMote.java:229) - 60: # Watchdog[EXECUTION]: illegal write to WDTCTL (0) from $103ca - reset!!!!
Watchdog: illegal write to WDTCTL (0) from $103ca - reset!!!!
Stack Trace: number of calls: 5 PC: $103ca
  watchdog_reboot (packetbuf.c) called from PC: $24d44 (elapsed: 5)
  restart_time_synchronisation (packetbuf.c) called from PC: $15abe (elapsed: 31365)
  process_thread_foure_timesynch_process (local in 4emac-timesynch.c) called from PC: $12738 (elapsed: 185429)
  call_process (local in process.c) called from PC: $1291c (elapsed: 185466)
  process_run (packetbuf.c) called from PC: $05edc (elapsed: 186765)
 WARN [Thread-2] (MspMote.java:229) - 3: # Watchdog[EXECUTION]: illegal write to WDTCTL (0) from $103ca - reset!!!!
Watchdog: illegal write to WDTCTL (0) from $103ca - reset!!!!
Stack Trace: number of calls: 5 PC: $103ca
  watchdog_reboot (packetbuf.c) called from PC: $24d44 (elapsed: 5)
  restart_time_synchronisation (packetbuf.c) called from PC: $15abe (elapsed: 62261)
  process_thread_foure_timesynch_process (local in 4emac-timesynch.c) called from PC: $12738 (elapsed: 671473)
  call_process (local in process.c) called from PC: $1291c (elapsed: 671510)
  process_run (packetbuf.c) called from PC: $05edc (elapsed: 674710)
 WARN [Thread-2] (MspMote.java:229) - 43: # Watchdog[EXECUTION]: illegal write to WDTCTL (0) from $103ca - reset!!!!
Watchdog: illegal write to WDTCTL (0) from $103ca - reset!!!!
Stack Trace: number of calls: 5 PC: $103ca
  watchdog_reboot (packetbuf.c) called from PC: $24d44 (elapsed: 5)
  restart_time_synchronisation (packetbuf.c) called from PC: $15abe (elapsed: 30452)
  process_thread_foure_timesynch_process (local in 4emac-timesynch.c) called from PC: $12738 (elapsed: 715314)
  call_process (local in process.c) called from PC: $1291c (elapsed: 715351)
  process_run (packetbuf.c) called from PC: $05edc (elapsed: 718465)
 WARN [Thread-2] (MspMote.java:229) - 17: # Watchdog[EXECUTION]: illegal write to WDTCTL (0) from $103ca - reset!!!!
Watchdog: illegal write to WDTCTL (0) from $103ca - reset!!!!
Stack Trace: number of calls: 5 PC: $103ca
  watchdog_reboot (packetbuf.c) called from PC: $24d44 (elapsed: 5)
  restart_time_synchronisation (packetbuf.c) called from PC: $15abe (elapsed: 30447)
  process_thread_foure_timesynch_process (local in 4emac-timesynch.c) called from PC: $12738 (elapsed: 1086676)
  call_process (local in process.c) called from PC: $1291c (elapsed: 1086713)
  process_run (packetbuf.c) called from PC: $05edc (elapsed: 1089913)
 WARN [Thread-2] (MspMote.java:229) - 54: # Watchdog[EXECUTION]: illegal write to WDTCTL (0) from $103ca - reset!!!!
Watchdog: illegal write to WDTCTL (0) from $103ca - reset!!!!
Stack Trace: number of calls: 5 PC: $103ca
  watchdog_reboot (packetbuf.c) called from PC: $24d44 (elapsed: 5)
  restart_time_synchronisation (packetbuf.c) called from PC: $15abe (elapsed: 30453)
  process_thread_foure_timesynch_process (local in 4emac-timesynch.c) called from PC: $12738 (elapsed: 503758)
  call_process (local in process.c) called from PC: $1291c (elapsed: 503795)
  process_run (packetbuf.c) called from PC: $05edc (elapsed: 507065)
 WARN [Thread-2] (MspMote.java:229) - 15: # Watchdog[EXECUTION]: illegal write to WDTCTL (0) from $103ca - reset!!!!
Watchdog: illegal write to WDTCTL (0) from $103ca - reset!!!!
Stack Trace: number of calls: 5 PC: $103ca
  watchdog_reboot (packetbuf.c) called from PC: $24d44 (elapsed: 5)
  restart_time_synchronisation (packetbuf.c) called from PC: $15abe (elapsed: 30452)
  process_thread_foure_timesynch_process (local in 4emac-timesynch.c) called from PC: $12738 (elapsed: 1282718)
  call_process (local in process.c) called from PC: $1291c (elapsed: 1282755)
  process_run (packetbuf.c) called from PC: $05edc (elapsed: 1285865)
 WARN [Thread-2] (MspMote.java:229) - 32: # Watchdog[EXECUTION]: illegal write to WDTCTL (0) from $103ca - reset!!!!
Watchdog: illegal write to WDTCTL (0) from $103ca - reset!!!!
Stack Trace: number of calls: 5 PC: $103ca
  watchdog_reboot (packetbuf.c) called from PC: $24d44 (elapsed: 5)
  restart_time_synchronisation (packetbuf.c) called from PC: $15abe (elapsed: 30452)
  process_thread_foure_timesynch_process (local in 4emac-timesynch.c) called from PC: $12738 (elapsed: 536592)
  call_process (local in process.c) called from PC: $1291c (elapsed: 536629)
  process_run (packetbuf.c) called from PC: $05edc (elapsed: 539908)
 WARN [Thread-2] (MspMote.java:229) - 45: # Watchdog[EXECUTION]: illegal write to WDTCTL (0) from $103ca - reset!!!!
Watchdog: illegal write to WDTCTL (0) from $103ca - reset!!!!
Stack Trace: number of calls: 5 PC: $103ca
  watchdog_reboot (packetbuf.c) called from PC: $24d44 (elapsed: 5)
  restart_time_synchronisation (packetbuf.c) called from PC: $15abe (elapsed: 30452)
  process_thread_foure_timesynch_process (local in 4emac-timesynch.c) called from PC: $12738 (elapsed: 911438)
  call_process (local in process.c) called from PC: $1291c (elapsed: 911475)
  process_run (packetbuf.c) called from PC: $05edc (elapsed: 914745)
 WARN [Thread-2] (MspMote.java:229) - 38: # Watchdog[EXECUTION]: illegal write to WDTCTL (0) from $103ca - reset!!!!
Watchdog: illegal write to WDTCTL (0) from $103ca - reset!!!!
Stack Trace: number of calls: 5 PC: $103ca
  watchdog_reboot (packetbuf.c) called from PC: $24d44 (elapsed: 5)
  restart_time_synchronisation (packetbuf.c) called from PC: $15abe (elapsed: 31364)
  process_thread_foure_timesynch_process (local in 4emac-timesynch.c) called from PC: $12738 (elapsed: 186050)
  call_process (local in process.c) called from PC: $1291c (elapsed: 186087)
  process_run (packetbuf.c) called from PC: $05edc (elapsed: 188490)
 WARN [Thread-2] (MspMote.java:229) - 42: # Watchdog[EXECUTION]: illegal write to WDTCTL (0) from $103ca - reset!!!!
Watchdog: illegal write to WDTCTL (0) from $103ca - reset!!!!
Stack Trace: number of calls: 5 PC: $103ca
  watchdog_reboot (packetbuf.c) called from PC: $24d44 (elapsed: 5)
  restart_time_synchronisation (packetbuf.c) called from PC: $15abe (elapsed: 30452)
  process_thread_foure_timesynch_process (local in 4emac-timesynch.c) called from PC: $12738 (elapsed: 640823)
  call_process (local in process.c) called from PC: $1291c (elapsed: 640860)
  process_run (packetbuf.c) called from PC: $05edc (elapsed: 644053)
 WARN [Thread-2] (MspMote.java:229) - 5: # Watchdog[EXECUTION]: illegal write to WDTCTL (0) from $103ca - reset!!!!
Watchdog: illegal write to WDTCTL (0) from $103ca - reset!!!!
Stack Trace: number of calls: 5 PC: $103ca
  watchdog_reboot (packetbuf.c) called from PC: $24d44 (elapsed: 5)
  restart_time_synchronisation (packetbuf.c) called from PC: $15abe (elapsed: 30452)
  process_thread_foure_timesynch_process (local in 4emac-timesynch.c) called from PC: $12738 (elapsed: 1346221)
  call_process (local in process.c) called from PC: $1291c (elapsed: 1346258)
  process_run (packetbuf.c) called from PC: $05edc (elapsed: 1349609)
 WARN [Thread-2] (MspMote.java:229) - 6: # Watchdog[EXECUTION]: illegal write to WDTCTL (0) from $103ca - reset!!!!
Watchdog: illegal write to WDTCTL (0) from $103ca - reset!!!!
Stack Trace: number of calls: 5 PC: $103ca
  watchdog_reboot (packetbuf.c) called from PC: $24d44 (elapsed: 5)
  restart_time_synchronisation (packetbuf.c) called from PC: $15abe (elapsed: 30452)
  process_thread_foure_timesynch_process (local in 4emac-timesynch.c) called from PC: $12738 (elapsed: 1093225)
  call_process (local in process.c) called from PC: $1291c (elapsed: 1093262)
  process_run (packetbuf.c) called from PC: $05edc (elapsed: 1096651)
 WARN [Thread-2] (MspMote.java:229) - 55: # Watchdog[EXECUTION]: illegal write to WDTCTL (0) from $103ca - reset!!!!
Watchdog: illegal write to WDTCTL (0) from $103ca - reset!!!!
Stack Trace: number of calls: 5 PC: $103ca
  watchdog_reboot (packetbuf.c) called from PC: $24d44 (elapsed: 5)
  restart_time_synchronisation (packetbuf.c) called from PC: $15abe (elapsed: 30447)
  process_thread_foure_timesynch_process (local in 4emac-timesynch.c) called from PC: $12738 (elapsed: 942595)
  call_process (local in process.c) called from PC: $1291c (elapsed: 942632)
  process_run (packetbuf.c) called from PC: $05edc (elapsed: 945904)
 WARN [Thread-2] (MspMote.java:229) - 11: # Watchdog[EXECUTION]: illegal write to WDTCTL (0) from $103ca - reset!!!!
Watchdog: illegal write to WDTCTL (0) from $103ca - reset!!!!
Stack Trace: number of calls: 5 PC: $103ca
  watchdog_reboot (packetbuf.c) called from PC: $24d44 (elapsed: 5)
  restart_time_synchronisation (packetbuf.c) called from PC: $15abe (elapsed: 30645)
  process_thread_foure_timesynch_process (local in 4emac-timesynch.c) called from PC: $12738 (elapsed: 1317313)
  call_process (local in process.c) called from PC: $1291c (elapsed: 1317350)
  process_run (packetbuf.c) called from PC: $05edc (elapsed: 1320464)
 WARN [Thread-2] (MspMote.java:229) - 12: # Watchdog[EXECUTION]: illegal write to WDTCTL (0) from $103ca - reset!!!!
Watchdog: illegal write to WDTCTL (0) from $103ca - reset!!!!
Stack Trace: number of calls: 5 PC: $103ca
  watchdog_reboot (packetbuf.c) called from PC: $24d44 (elapsed: 5)
  restart_time_synchronisation (packetbuf.c) called from PC: $15abe (elapsed: 30453)
  process_thread_foure_timesynch_process (local in 4emac-timesynch.c) called from PC: $12738 (elapsed: 1400572)
  call_process (local in process.c) called from PC: $1291c (elapsed: 1400609)
  process_run (packetbuf.c) called from PC: $05edc (elapsed: 1403651)
 WARN [Thread-2] (MspMote.java:229) - 39: # Watchdog[EXECUTION]: illegal write to WDTCTL (0) from $103ca - reset!!!!
Watchdog: illegal write to WDTCTL (0) from $103ca - reset!!!!
Stack Trace: number of calls: 5 PC: $103ca
  watchdog_reboot (packetbuf.c) called from PC: $24d44 (elapsed: 5)
  restart_time_synchronisation (packetbuf.c) called from PC: $15abe (elapsed: 30453)
  process_thread_foure_timesynch_process (local in 4emac-timesynch.c) called from PC: $12738 (elapsed: 812319)
  call_process (local in process.c) called from PC: $1291c (elapsed: 812356)
  process_run (packetbuf.c) called from PC: $05edc (elapsed: 815631)
 WARN [Thread-2] (MspMote.java:229) - 56: # Watchdog[EXECUTION]: illegal write to WDTCTL (0) from $103ca - reset!!!!
Watchdog: illegal write to WDTCTL (0) from $103ca - reset!!!!
Stack Trace: number of calls: 5 PC: $103ca
  watchdog_reboot (packetbuf.c) called from PC: $24d44 (elapsed: 5)
  restart_time_synchronisation (packetbuf.c) called from PC: $15abe (elapsed: 30452)
  process_thread_foure_timesynch_process (local in 4emac-timesynch.c) called from PC: $12738 (elapsed: 843665)
  call_process (local in process.c) called from PC: $1291c (elapsed: 843702)
  process_run (packetbuf.c) called from PC: $05edc (elapsed: 848433)
 WARN [Thread-2] (MspMote.java:229) - 57: # Watchdog[EXECUTION]: illegal write to WDTCTL (0) from $103ca - reset!!!!
Watchdog: illegal write to WDTCTL (0) from $103ca - reset!!!!
Stack Trace: number of calls: 5 PC: $103ca
  watchdog_reboot (packetbuf.c) called from PC: $24d44 (elapsed: 5)
  restart_time_synchronisation (packetbuf.c) called from PC: $15abe (elapsed: 30447)
  process_thread_foure_timesynch_process (local in 4emac-timesynch.c) called from PC: $12738 (elapsed: 1085114)
  call_process (local in process.c) called from PC: $1291c (elapsed: 1085151)
  process_run (packetbuf.c) called from PC: $05edc (elapsed: 1088267)
 WARN [Thread-2] (MspMote.java:229) - 33: # Watchdog[EXECUTION]: illegal write to WDTCTL (0) from $103ca - reset!!!!
Watchdog: illegal write to WDTCTL (0) from $103ca - reset!!!!
Stack Trace: number of calls: 5 PC: $103ca
  watchdog_reboot (packetbuf.c) called from PC: $24d44 (elapsed: 5)
  restart_time_synchronisation (packetbuf.c) called from PC: $15abe (elapsed: 30452)
  process_thread_foure_timesynch_process (local in 4emac-timesynch.c) called from PC: $12738 (elapsed: 1051424)
  call_process (local in process.c) called from PC: $1291c (elapsed: 1051461)
  process_run (packetbuf.c) called from PC: $05edc (elapsed: 1054656)
 WARN [Thread-2] (MspMote.java:229) - 20: # Watchdog[EXECUTION]: illegal write to WDTCTL (0) from $103ca - reset!!!!
Watchdog: illegal write to WDTCTL (0) from $103ca - reset!!!!
Stack Trace: number of calls: 5 PC: $103ca
  watchdog_reboot (packetbuf.c) called from PC: $24d44 (elapsed: 5)
  restart_time_synchronisation (packetbuf.c) called from PC: $15abe (elapsed: 30452)
  process_thread_foure_timesynch_process (local in 4emac-timesynch.c) called from PC: $12738 (elapsed: 669009)
  call_process (local in process.c) called from PC: $1291c (elapsed: 669046)
  process_run (packetbuf.c) called from PC: $05edc (elapsed: 672241)
 WARN [Thread-2] (MspMote.java:229) - 27: # Watchdog[EXECUTION]: illegal write to WDTCTL (0) from $103ca - reset!!!!
Watchdog: illegal write to WDTCTL (0) from $103ca - reset!!!!
Stack Trace: number of calls: 11 PC: $103ca
  watchdog_reboot (packetbuf.c) called from PC: $24d44 (elapsed: 5)
  restart_time_synchronisation (packetbuf.c) called from PC: $14fba (elapsed: 31370)
  foure_timesynch_parent_switch_callback (packetbuf.c) called from PC: $1ea70 (elapsed: 69476)
  rpl_set_preferred_parent (local in rpl-dag.c) called from PC: $1f0a0 (elapsed: 162331)
  rpl_nullify_parent (packetbuf.c) called from PC: $1fd3a (elapsed: 376705)
  rpl_process_parent_event (packetbuf.c) called from PC: $1fdd2 (elapsed: 471021)
  rpl_recalculate_ranks (packetbuf.c) called from PC: $2383a (elapsed: 471448)
  handle_periodic_timer (local in rpl-timers.c) called from PC: $1219c (elapsed: 471715)
  process_thread_ctimer_process (local in ctimer.c) called from PC: $12738 (elapsed: 471940)
  call_process (local in process.c) called from PC: $1291c (elapsed: 471977)
  process_run (packetbuf.c) called from PC: $05edc (elapsed: 475092)
 WARN [Thread-2] (MspMote.java:229) - 19: # Watchdog[EXECUTION]: illegal write to WDTCTL (0) from $103ca - reset!!!!
Watchdog: illegal write to WDTCTL (0) from $103ca - reset!!!!
Stack Trace: number of calls: 5 PC: $103ca
  watchdog_reboot (packetbuf.c) called from PC: $24d44 (elapsed: 5)
  restart_time_synchronisation (packetbuf.c) called from PC: $15abe (elapsed: 30452)
  process_thread_foure_timesynch_process (local in 4emac-timesynch.c) called from PC: $12738 (elapsed: 1115744)
  call_process (local in process.c) called from PC: $1291c (elapsed: 1115781)
  process_run (packetbuf.c) called from PC: $05edc (elapsed: 1119032)
 WARN [Thread-2] (MspMote.java:229) - 26: # Watchdog[EXECUTION]: illegal write to WDTCTL (0) from $103ca - reset!!!!
Watchdog: illegal write to WDTCTL (0) from $103ca - reset!!!!
Stack Trace: number of calls: 5 PC: $103ca
  watchdog_reboot (packetbuf.c) called from PC: $24d44 (elapsed: 5)
  restart_time_synchronisation (packetbuf.c) called from PC: $15abe (elapsed: 30452)
  process_thread_foure_timesynch_process (local in 4emac-timesynch.c) called from PC: $12738 (elapsed: 536064)
  call_process (local in process.c) called from PC: $1291c (elapsed: 536101)
  process_run (packetbuf.c) called from PC: $05edc (elapsed: 539373)
 WARN [Thread-2] (MspMote.java:229) - 22: # Watchdog[EXECUTION]: illegal write to WDTCTL (0) from $103ca - reset!!!!
Watchdog: illegal write to WDTCTL (0) from $103ca - reset!!!!
Stack Trace: number of calls: 5 PC: $103ca
  watchdog_reboot (packetbuf.c) called from PC: $24d44 (elapsed: 5)
  restart_time_synchronisation (packetbuf.c) called from PC: $15abe (elapsed: 31455)
  process_thread_foure_timesynch_process (local in 4emac-timesynch.c) called from PC: $12738 (elapsed: 185519)
  call_process (local in process.c) called from PC: $1291c (elapsed: 185556)
  process_run (packetbuf.c) called from PC: $05edc (elapsed: 186934)
 WARN [Thread-2] (MspMote.java:229) - 23: # Watchdog[EXECUTION]: illegal write to WDTCTL (0) from $103ca - reset!!!!
Watchdog: illegal write to WDTCTL (0) from $103ca - reset!!!!
Stack Trace: number of calls: 5 PC: $103ca
  watchdog_reboot (packetbuf.c) called from PC: $24d44 (elapsed: 5)
  restart_time_synchronisation (packetbuf.c) called from PC: $15abe (elapsed: 30447)
  process_thread_foure_timesynch_process (local in 4emac-timesynch.c) called from PC: $12738 (elapsed: 955297)
  call_process (local in process.c) called from PC: $1291c (elapsed: 955334)
  process_run (packetbuf.c) called from PC: $05edc (elapsed: 958613)
 WARN [Thread-2] (MspMote.java:229) - 61: # Watchdog[EXECUTION]: illegal write to WDTCTL (0) from $103ca - reset!!!!
Watchdog: illegal write to WDTCTL (0) from $103ca - reset!!!!
Stack Trace: number of calls: 5 PC: $103ca
  watchdog_reboot (packetbuf.c) called from PC: $24d44 (elapsed: 5)
  restart_time_synchronisation (packetbuf.c) called from PC: $15abe (elapsed: 30447)
  process_thread_foure_timesynch_process (local in 4emac-timesynch.c) called from PC: $12738 (elapsed: 948258)
  call_process (local in process.c) called from PC: $1291c (elapsed: 948295)
  process_run (packetbuf.c) called from PC: $05edc (elapsed: 951488)
 WARN [Thread-2] (MspMote.java:229) - 52: # Watchdog[EXECUTION]: illegal write to WDTCTL (0) from $103ca - reset!!!!
Watchdog: illegal write to WDTCTL (0) from $103ca - reset!!!!
Stack Trace: number of calls: 5 PC: $103ca
  watchdog_reboot (packetbuf.c) called from PC: $24d44 (elapsed: 5)
  restart_time_synchronisation (packetbuf.c) called from PC: $15abe (elapsed: 30452)
  process_thread_foure_timesynch_process (local in 4emac-timesynch.c) called from PC: $12738 (elapsed: 806109)
  call_process (local in process.c) called from PC: $1291c (elapsed: 806146)
  process_run (packetbuf.c) called from PC: $05edc (elapsed: 810570)
 WARN [Thread-2] (MspMote.java:229) - 25: # Watchdog[EXECUTION]: illegal write to WDTCTL (0) from $103ca - reset!!!!
Watchdog: illegal write to WDTCTL (0) from $103ca - reset!!!!
Stack Trace: number of calls: 5 PC: $103ca
  watchdog_reboot (packetbuf.c) called from PC: $24d44 (elapsed: 5)
  restart_time_synchronisation (packetbuf.c) called from PC: $15abe (elapsed: 30447)
  process_thread_foure_timesynch_process (local in 4emac-timesynch.c) called from PC: $12738 (elapsed: 953496)
  call_process (local in process.c) called from PC: $1291c (elapsed: 953533)
  process_run (packetbuf.c) called from PC: $05edc (elapsed: 956647)
 WARN [Thread-2] (MspMote.java:229) - 14: # Watchdog[EXECUTION]: illegal write to WDTCTL (0) from $103ca - reset!!!!
 INFO [Thread-2] (LogScriptEngine.java:389) - Test script at 95.00%, done in 698.9 sec
Watchdog: illegal write to WDTCTL (0) from $103ca - reset!!!!
Stack Trace: number of calls: 5 PC: $103ca
  watchdog_reboot (packetbuf.c) called from PC: $24d44 (elapsed: 5)
  restart_time_synchronisation (packetbuf.c) called from PC: $15abe (elapsed: 30452)
  process_thread_foure_timesynch_process (local in 4emac-timesynch.c) called from PC: $12738 (elapsed: 804513)
  call_process (local in process.c) called from PC: $1291c (elapsed: 804550)
  process_run (packetbuf.c) called from PC: $05edc (elapsed: 807664)
 WARN [Thread-2] (MspMote.java:229) - 21: # Watchdog[EXECUTION]: illegal write to WDTCTL (0) from $103ca - reset!!!!
Watchdog: illegal write to WDTCTL (0) from $103ca - reset!!!!
Stack Trace: number of calls: 5 PC: $103ca
  watchdog_reboot (packetbuf.c) called from PC: $24d44 (elapsed: 5)
  restart_time_synchronisation (packetbuf.c) called from PC: $15abe (elapsed: 30452)
  process_thread_foure_timesynch_process (local in 4emac-timesynch.c) called from PC: $12738 (elapsed: 1226089)
  call_process (local in process.c) called from PC: $1291c (elapsed: 1226126)
  process_run (packetbuf.c) called from PC: $05edc (elapsed: 1229537)
 WARN [Thread-2] (MspMote.java:229) - 57: # Watchdog[EXECUTION]: illegal write to WDTCTL (0) from $103ca - reset!!!!
Watchdog: illegal write to WDTCTL (0) from $103ca - reset!!!!
Stack Trace: number of calls: 11 PC: $103ca
  watchdog_reboot (packetbuf.c) called from PC: $24d44 (elapsed: 5)
  restart_time_synchronisation (packetbuf.c) called from PC: $14fba (elapsed: 31370)
  foure_timesynch_parent_switch_callback (packetbuf.c) called from PC: $1ea70 (elapsed: 69452)
  rpl_set_preferred_parent (local in rpl-dag.c) called from PC: $1f0a0 (elapsed: 162813)
  rpl_nullify_parent (packetbuf.c) called from PC: $1fd3a (elapsed: 378222)
  rpl_process_parent_event (packetbuf.c) called from PC: $1fdd2 (elapsed: 475442)
  rpl_recalculate_ranks (packetbuf.c) called from PC: $2383a (elapsed: 477053)
  handle_periodic_timer (local in rpl-timers.c) called from PC: $1219c (elapsed: 477320)
  process_thread_ctimer_process (local in ctimer.c) called from PC: $12738 (elapsed: 477545)
  call_process (local in process.c) called from PC: $1291c (elapsed: 477582)
  process_run (packetbuf.c) called from PC: $05edc (elapsed: 480964)
 WARN [Thread-2] (MspMote.java:229) - 14: # Watchdog[EXECUTION]: illegal write to WDTCTL (0) from $103ca - reset!!!!
Watchdog: illegal write to WDTCTL (0) from $103ca - reset!!!!
Stack Trace: number of calls: 5 PC: $103ca
  watchdog_reboot (packetbuf.c) called from PC: $24d44 (elapsed: 5)
  restart_time_synchronisation (packetbuf.c) called from PC: $15abe (elapsed: 30453)
  process_thread_foure_timesynch_process (local in 4emac-timesynch.c) called from PC: $12738 (elapsed: 503529)
  call_process (local in process.c) called from PC: $1291c (elapsed: 503566)
  process_run (packetbuf.c) called from PC: $05edc (elapsed: 506761)
 WARN [Thread-2] (MspMote.java:229) - 49: # Watchdog[EXECUTION]: illegal write to WDTCTL (0) from $103ca - reset!!!!
Watchdog: illegal write to WDTCTL (0) from $103ca - reset!!!!
Stack Trace: number of calls: 5 PC: $103ca
  watchdog_reboot (packetbuf.c) called from PC: $24d44 (elapsed: 5)
  restart_time_synchronisation (packetbuf.c) called from PC: $15abe (elapsed: 30447)
  process_thread_foure_timesynch_process (local in 4emac-timesynch.c) called from PC: $12738 (elapsed: 1085848)
  call_process (local in process.c) called from PC: $1291c (elapsed: 1085885)
  process_run (packetbuf.c) called from PC: $05edc (elapsed: 1089320)
 WARN [Thread-2] (MspMote.java:229) - 50: # Watchdog[EXECUTION]: illegal write to WDTCTL (0) from $103ca - reset!!!!
Watchdog: illegal write to WDTCTL (0) from $103ca - reset!!!!
Stack Trace: number of calls: 5 PC: $103ca
  watchdog_reboot (packetbuf.c) called from PC: $24d44 (elapsed: 5)
  restart_time_synchronisation (packetbuf.c) called from PC: $15abe (elapsed: 30447)
  process_thread_foure_timesynch_process (local in 4emac-timesynch.c) called from PC: $12738 (elapsed: 1396781)
  call_process (local in process.c) called from PC: $1291c (elapsed: 1396818)
  process_run (packetbuf.c) called from PC: $05edc (elapsed: 1400011)
 WARN [Thread-2] (MspMote.java:229) - 59: # Watchdog[EXECUTION]: illegal write to WDTCTL (0) from $103ca - reset!!!!
Watchdog: illegal write to WDTCTL (0) from $103ca - reset!!!!
Stack Trace: number of calls: 5 PC: $103ca
  watchdog_reboot (packetbuf.c) called from PC: $24d44 (elapsed: 5)
  restart_time_synchronisation (packetbuf.c) called from PC: $15abe (elapsed: 30447)
  process_thread_foure_timesynch_process (local in 4emac-timesynch.c) called from PC: $12738 (elapsed: 962394)
  call_process (local in process.c) called from PC: $1291c (elapsed: 962431)
  process_run (packetbuf.c) called from PC: $05edc (elapsed: 965957)
 WARN [Thread-2] (MspMote.java:229) - 58: # Watchdog[EXECUTION]: illegal write to WDTCTL (0) from $103ca - reset!!!!
Watchdog: illegal write to WDTCTL (0) from $103ca - reset!!!!
Stack Trace: number of calls: 5 PC: $103ca
  watchdog_reboot (packetbuf.c) called from PC: $24d44 (elapsed: 5)
  restart_time_synchronisation (packetbuf.c) called from PC: $15abe (elapsed: 30452)
  process_thread_foure_timesynch_process (local in 4emac-timesynch.c) called from PC: $12738 (elapsed: 842549)
  call_process (local in process.c) called from PC: $1291c (elapsed: 842586)
  process_run (packetbuf.c) called from PC: $05edc (elapsed: 845969)
 WARN [Thread-2] (MspMote.java:229) - 51: # Watchdog[EXECUTION]: illegal write to WDTCTL (0) from $103ca - reset!!!!
Watchdog: illegal write to WDTCTL (0) from $103ca - reset!!!!
Stack Trace: number of calls: 5 PC: $103ca
  watchdog_reboot (packetbuf.c) called from PC: $24d44 (elapsed: 5)
  restart_time_synchronisation (packetbuf.c) called from PC: $15abe (elapsed: 30452)
  process_thread_foure_timesynch_process (local in 4emac-timesynch.c) called from PC: $12738 (elapsed: 1216163)
  call_process (local in process.c) called from PC: $1291c (elapsed: 1216200)
  process_run (packetbuf.c) called from PC: $05edc (elapsed: 1219316)
 WARN [Thread-2] (MspMote.java:229) - 13: # Watchdog[EXECUTION]: illegal write to WDTCTL (0) from $103ca - reset!!!!
Watchdog: illegal write to WDTCTL (0) from $103ca - reset!!!!
Stack Trace: number of calls: 5 PC: $103ca
  watchdog_reboot (packetbuf.c) called from PC: $24d44 (elapsed: 5)
  restart_time_synchronisation (packetbuf.c) called from PC: $15abe (elapsed: 30452)
  process_thread_foure_timesynch_process (local in 4emac-timesynch.c) called from PC: $12738 (elapsed: 978615)
  call_process (local in process.c) called from PC: $1291c (elapsed: 978652)
  process_run (packetbuf.c) called from PC: $05edc (elapsed: 981770)
 WARN [Thread-2] (MspMote.java:229) - 56: # Watchdog[EXECUTION]: illegal write to WDTCTL (0) from $103ca - reset!!!!
Watchdog: illegal write to WDTCTL (0) from $103ca - reset!!!!
Stack Trace: number of calls: 5 PC: $103ca
  watchdog_reboot (packetbuf.c) called from PC: $24d44 (elapsed: 5)
  restart_time_synchronisation (packetbuf.c) called from PC: $15abe (elapsed: 30452)
  process_thread_foure_timesynch_process (local in 4emac-timesynch.c) called from PC: $12738 (elapsed: 969234)
  call_process (local in process.c) called from PC: $1291c (elapsed: 969271)
  process_run (packetbuf.c) called from PC: $05edc (elapsed: 972462)
 WARN [Thread-2] (MspMote.java:229) - 2: # Watchdog[EXECUTION]: illegal write to WDTCTL (0) from $103ca - reset!!!!
Watchdog: illegal write to WDTCTL (0) from $103ca - reset!!!!
Stack Trace: number of calls: 5 PC: $103ca
  watchdog_reboot (packetbuf.c) called from PC: $24d44 (elapsed: 5)
  restart_time_synchronisation (packetbuf.c) called from PC: $15abe (elapsed: 30447)
  process_thread_foure_timesynch_process (local in 4emac-timesynch.c) called from PC: $12738 (elapsed: 808592)
  call_process (local in process.c) called from PC: $1291c (elapsed: 808629)
  process_run (packetbuf.c) called from PC: $05edc (elapsed: 811824)
 WARN [Thread-2] (MspMote.java:229) - 1: # Watchdog[EXECUTION]: illegal write to WDTCTL (0) from $103ca - reset!!!!
Watchdog: illegal write to WDTCTL (0) from $103ca - reset!!!!
Stack Trace: number of calls: 5 PC: $103ca
  watchdog_reboot (packetbuf.c) called from PC: $24d44 (elapsed: 5)
  restart_time_synchronisation (packetbuf.c) called from PC: $15abe (elapsed: 30447)
  process_thread_foure_timesynch_process (local in 4emac-timesynch.c) called from PC: $12738 (elapsed: 1084679)
  call_process (local in process.c) called from PC: $1291c (elapsed: 1084716)
  process_run (packetbuf.c) called from PC: $05edc (elapsed: 1087911)
 WARN [Thread-2] (MspMote.java:229) - 52: # Watchdog[EXECUTION]: illegal write to WDTCTL (0) from $103ca - reset!!!!
Watchdog: illegal write to WDTCTL (0) from $103ca - reset!!!!
Stack Trace: number of calls: 5 PC: $103ca
  watchdog_reboot (packetbuf.c) called from PC: $24d44 (elapsed: 5)
  restart_time_synchronisation (packetbuf.c) called from PC: $15abe (elapsed: 30452)
  process_thread_foure_timesynch_process (local in 4emac-timesynch.c) called from PC: $12738 (elapsed: 842283)
  call_process (local in process.c) called from PC: $1291c (elapsed: 842320)
  process_run (packetbuf.c) called from PC: $05edc (elapsed: 845445)
 WARN [Thread-2] (MspMote.java:229) - 46: # Watchdog[EXECUTION]: illegal write to WDTCTL (0) from $103ca - reset!!!!
Watchdog: illegal write to WDTCTL (0) from $103ca - reset!!!!
Stack Trace: number of calls: 5 PC: $103ca
  watchdog_reboot (packetbuf.c) called from PC: $24d44 (elapsed: 5)
  restart_time_synchronisation (packetbuf.c) called from PC: $15abe (elapsed: 30452)
  process_thread_foure_timesynch_process (local in 4emac-timesynch.c) called from PC: $12738 (elapsed: 1227904)
  call_process (local in process.c) called from PC: $1291c (elapsed: 1227941)
  process_run (packetbuf.c) called from PC: $05edc (elapsed: 1231618)
 WARN [Thread-2] (MspMote.java:229) - 60: # Watchdog[EXECUTION]: illegal write to WDTCTL (0) from $103ca - reset!!!!
Watchdog: illegal write to WDTCTL (0) from $103ca - reset!!!!
Stack Trace: number of calls: 5 PC: $103ca
  watchdog_reboot (packetbuf.c) called from PC: $24d44 (elapsed: 5)
  restart_time_synchronisation (packetbuf.c) called from PC: $15abe (elapsed: 30447)
  process_thread_foure_timesynch_process (local in 4emac-timesynch.c) called from PC: $12738 (elapsed: 952119)
  call_process (local in process.c) called from PC: $1291c (elapsed: 952156)
  process_run (packetbuf.c) called from PC: $05edc (elapsed: 955430)
 WARN [Thread-2] (MspMote.java:229) - 47: # Watchdog[EXECUTION]: illegal write to WDTCTL (0) from $103ca - reset!!!!
Watchdog: illegal write to WDTCTL (0) from $103ca - reset!!!!
Stack Trace: number of calls: 5 PC: $103ca
  watchdog_reboot (packetbuf.c) called from PC: $24d44 (elapsed: 5)
  restart_time_synchronisation (packetbuf.c) called from PC: $15abe (elapsed: 30452)
  process_thread_foure_timesynch_process (local in 4emac-timesynch.c) called from PC: $12738 (elapsed: 1345327)
  call_process (local in process.c) called from PC: $1291c (elapsed: 1345364)
  process_run (packetbuf.c) called from PC: $05edc (elapsed: 1348935)
 WARN [Thread-2] (MspMote.java:229) - 3: # Watchdog[EXECUTION]: illegal write to WDTCTL (0) from $103ca - reset!!!!
Watchdog: illegal write to WDTCTL (0) from $103ca - reset!!!!
Stack Trace: number of calls: 5 PC: $103ca
  watchdog_reboot (packetbuf.c) called from PC: $24d44 (elapsed: 5)
  restart_time_synchronisation (packetbuf.c) called from PC: $15abe (elapsed: 30452)
  process_thread_foure_timesynch_process (local in 4emac-timesynch.c) called from PC: $12738 (elapsed: 979451)
  call_process (local in process.c) called from PC: $1291c (elapsed: 979488)
  process_run (packetbuf.c) called from PC: $05edc (elapsed: 982845)
 WARN [Thread-2] (MspMote.java:229) - 50: # Watchdog[EXECUTION]: illegal write to WDTCTL (0) from $103ca - reset!!!!
Watchdog: illegal write to WDTCTL (0) from $103ca - reset!!!!
Stack Trace: number of calls: 5 PC: $103ca
  watchdog_reboot (packetbuf.c) called from PC: $24d44 (elapsed: 5)
  restart_time_synchronisation (packetbuf.c) called from PC: $15abe (elapsed: 30452)
  process_thread_foure_timesynch_process (local in 4emac-timesynch.c) called from PC: $12738 (elapsed: 1232099)
  call_process (local in process.c) called from PC: $1291c (elapsed: 1232136)
  process_run (packetbuf.c) called from PC: $05edc (elapsed: 1235250)
 WARN [Thread-2] (MspMote.java:229) - 38: # Watchdog[EXECUTION]: illegal write to WDTCTL (0) from $103ca - reset!!!!
Watchdog: illegal write to WDTCTL (0) from $103ca - reset!!!!
Stack Trace: number of calls: 5 PC: $103ca
  watchdog_reboot (packetbuf.c) called from PC: $24d44 (elapsed: 5)
  restart_time_synchronisation (packetbuf.c) called from PC: $15abe (elapsed: 30452)
  process_thread_foure_timesynch_process (local in 4emac-timesynch.c) called from PC: $12738 (elapsed: 985409)
  call_process (local in process.c) called from PC: $1291c (elapsed: 985446)
  process_run (packetbuf.c) called from PC: $05edc (elapsed: 988560)
 WARN [Thread-2] (MspMote.java:229) - 45: # Watchdog[EXECUTION]: illegal write to WDTCTL (0) from $103ca - reset!!!!
Watchdog: illegal write to WDTCTL (0) from $103ca - reset!!!!
Stack Trace: number of calls: 5 PC: $103ca
  watchdog_reboot (packetbuf.c) called from PC: $24d44 (elapsed: 5)
  restart_time_synchronisation (packetbuf.c) called from PC: $15abe (elapsed: 30452)
  process_thread_foure_timesynch_process (local in 4emac-timesynch.c) called from PC: $12738 (elapsed: 675143)
  call_process (local in process.c) called from PC: $1291c (elapsed: 675180)
  process_run (packetbuf.c) called from PC: $05edc (elapsed: 678560)
 WARN [Thread-2] (MspMote.java:229) - 34: # Watchdog[EXECUTION]: illegal write to WDTCTL (0) from $103ca - reset!!!!
Watchdog: illegal write to WDTCTL (0) from $103ca - reset!!!!
Stack Trace: number of calls: 5 PC: $103ca
  watchdog_reboot (packetbuf.c) called from PC: $24d44 (elapsed: 5)
  restart_time_synchronisation (packetbuf.c) called from PC: $15abe (elapsed: 30452)
  process_thread_foure_timesynch_process (local in 4emac-timesynch.c) called from PC: $12738 (elapsed: 1119974)
  call_process (local in process.c) called from PC: $1291c (elapsed: 1120011)
  process_run (packetbuf.c) called from PC: $05edc (elapsed: 1123052)
 WARN [Thread-2] (MspMote.java:229) - 54: # Watchdog[EXECUTION]: illegal write to WDTCTL (0) from $103ca - reset!!!!
Watchdog: illegal write to WDTCTL (0) from $103ca - reset!!!!
Stack Trace: number of calls: 5 PC: $103ca
  watchdog_reboot (packetbuf.c) called from PC: $24d44 (elapsed: 5)
  restart_time_synchronisation (packetbuf.c) called from PC: $15abe (elapsed: 30452)
  process_thread_foure_timesynch_process (local in 4emac-timesynch.c) called from PC: $12738 (elapsed: 842971)
  call_process (local in process.c) called from PC: $1291c (elapsed: 843008)
  process_run (packetbuf.c) called from PC: $05edc (elapsed: 846311)
 WARN [Thread-2] (MspMote.java:229) - 33: # Watchdog[EXECUTION]: illegal write to WDTCTL (0) from $103ca - reset!!!!
Watchdog: illegal write to WDTCTL (0) from $103ca - reset!!!!
Stack Trace: number of calls: 5 PC: $103ca
  watchdog_reboot (packetbuf.c) called from PC: $24d44 (elapsed: 5)
  restart_time_synchronisation (packetbuf.c) called from PC: $15abe (elapsed: 30452)
  process_thread_foure_timesynch_process (local in 4emac-timesynch.c) called from PC: $12738 (elapsed: 799950)
  call_process (local in process.c) called from PC: $1291c (elapsed: 799987)
  process_run (packetbuf.c) called from PC: $05edc (elapsed: 803108)
 WARN [Thread-2] (MspMote.java:229) - 10: # Watchdog[EXECUTION]: illegal write to WDTCTL (0) from $103ca - reset!!!!
Watchdog: illegal write to WDTCTL (0) from $103ca - reset!!!!
Stack Trace: number of calls: 5 PC: $103ca
  watchdog_reboot (packetbuf.c) called from PC: $24d44 (elapsed: 5)
  restart_time_synchronisation (packetbuf.c) called from PC: $15abe (elapsed: 30447)
  process_thread_foure_timesynch_process (local in 4emac-timesynch.c) called from PC: $12738 (elapsed: 1086439)
  call_process (local in process.c) called from PC: $1291c (elapsed: 1086476)
  process_run (packetbuf.c) called from PC: $05edc (elapsed: 1089908)
 WARN [Thread-2] (MspMote.java:229) - 55: # Watchdog[EXECUTION]: illegal write to WDTCTL (0) from $103ca - reset!!!!
Watchdog: illegal write to WDTCTL (0) from $103ca - reset!!!!
Stack Trace: number of calls: 5 PC: $103ca
  watchdog_reboot (packetbuf.c) called from PC: $24d44 (elapsed: 5)
  restart_time_synchronisation (packetbuf.c) called from PC: $15abe (elapsed: 30453)
  process_thread_foure_timesynch_process (local in 4emac-timesynch.c) called from PC: $12738 (elapsed: 946493)
  call_process (local in process.c) called from PC: $1291c (elapsed: 946530)
  process_run (packetbuf.c) called from PC: $05edc (elapsed: 949723)
 WARN [Thread-2] (MspMote.java:229) - 32: # Watchdog[EXECUTION]: illegal write to WDTCTL (0) from $103ca - reset!!!!
Watchdog: illegal write to WDTCTL (0) from $103ca - reset!!!!
Stack Trace: number of calls: 5 PC: $103ca
  watchdog_reboot (packetbuf.c) called from PC: $24d44 (elapsed: 5)
  restart_time_synchronisation (packetbuf.c) called from PC: $15abe (elapsed: 30453)
  process_thread_foure_timesynch_process (local in 4emac-timesynch.c) called from PC: $12738 (elapsed: 940423)
  call_process (local in process.c) called from PC: $1291c (elapsed: 940460)
  process_run (packetbuf.c) called from PC: $05edc (elapsed: 943579)
 WARN [Thread-2] (MspMote.java:229) - 8: # Watchdog[EXECUTION]: illegal write to WDTCTL (0) from $103ca - reset!!!!
 INFO [Thread-2] (LogScriptEngine.java:375) - Timeout event @ 3800000000
 INFO [Thread-1] (LogScriptEngine.java:309) - Test script finished
 INFO [Thread-2] (Simulation.java:312) - Simulation main loop stopped, system time: 1790450566067	Duration: 13639315 ms	Simulated time 3800000 ms	Ratio 0.2786063669619772
 INFO [AWT-EventQueue-1] (ScriptRunner.java:438) - Test script deactivated
