 INFO [main] (Cooja.java:1316) - > Starting Cooja
 INFO [main] (Cooja.java:2857) - External tools default settings: /external_tools_linux_64.config
 INFO [main] (Cooja.java:2887) - External tools user settings: /home/drhakanaydin/6tisch-ng-sra-v17-50-60-node-update/6tisch-ng-sra-v17/6tisch-ng-sra/results/rpl_root/grid50node_high_coverange_20260926_140115/cooja_external_tools.properties
FATAL [main] (Cooja.java:1941) - No plugin class: class org.contikios.cooja.plugins.CollectViewFull: org/jfree/data/time/RegularTimePeriod
 INFO [main] (Simulation.java:422) - Simulation random seed: 285963
 INFO [main] (CompileContiki.java:140) - > make border-router-server_rpl.exp5438 TARGET=exp5438 
Message:
Message:> make border-router-server_rpl.exp5438 TARGET=exp5438 
Message:../../../../Makefile.gcc:23: Warning: you're using an old version of msp430-gcc.
Message:../../../../Makefile.gcc:24: Upgrade to 4.7.x is recommended for extended memory support and bugfixes.
Message:make: 'border-router-server_rpl.exp5438' is up to date.
 INFO [main] (CompileContiki.java:140) - > make border-router-client_rpl.exp5438 TARGET=exp5438 
Message:
Message:> make border-router-client_rpl.exp5438 TARGET=exp5438 
Message:../../../../Makefile.gcc:23: Warning: you're using an old version of msp430-gcc.
Message:../../../../Makefile.gcc:24: Upgrade to 4.7.x is recommended for extended memory support and bugfixes.
Message:make: 'border-router-client_rpl.exp5438' is up to date.
 INFO [main] (MspMote.java:235) - Loading firmware from: /home/drhakanaydin/6tisch-ng-sra-v17-50-60-node-update/6tisch-ng-sra-v17/6tisch-ng-sra/examples/tsch/rpl-udp/border-router-client_rpl/border-router-client_rpl.exp5438
 INFO [main] (MspMote.java:235) - Loading firmware from: /home/drhakanaydin/6tisch-ng-sra-v17-50-60-node-update/6tisch-ng-sra-v17/6tisch-ng-sra/examples/tsch/rpl-udp/border-router-client_rpl/border-router-client_rpl.exp5438
 INFO [main] (MspMote.java:235) - Loading firmware from: /home/drhakanaydin/6tisch-ng-sra-v17-50-60-node-update/6tisch-ng-sra-v17/6tisch-ng-sra/examples/tsch/rpl-udp/border-router-client_rpl/border-router-client_rpl.exp5438
 INFO [main] (MspMote.java:235) - Loading firmware from: /home/drhakanaydin/6tisch-ng-sra-v17-50-60-node-update/6tisch-ng-sra-v17/6tisch-ng-sra/examples/tsch/rpl-udp/border-router-client_rpl/border-router-client_rpl.exp5438
 INFO [main] (MspMote.java:235) - Loading firmware from: /home/drhakanaydin/6tisch-ng-sra-v17-50-60-node-update/6tisch-ng-sra-v17/6tisch-ng-sra/examples/tsch/rpl-udp/border-router-client_rpl/border-router-client_rpl.exp5438
 INFO [main] (MspMote.java:235) - Loading firmware from: /home/drhakanaydin/6tisch-ng-sra-v17-50-60-node-update/6tisch-ng-sra-v17/6tisch-ng-sra/examples/tsch/rpl-udp/border-router-server_rpl/border-router-server_rpl.exp5438
 INFO [main] (MspMote.java:235) - Loading firmware from: /home/drhakanaydin/6tisch-ng-sra-v17-50-60-node-update/6tisch-ng-sra-v17/6tisch-ng-sra/examples/tsch/rpl-udp/border-router-client_rpl/border-router-client_rpl.exp5438
 INFO [main] (MspMote.java:235) - Loading firmware from: /home/drhakanaydin/6tisch-ng-sra-v17-50-60-node-update/6tisch-ng-sra-v17/6tisch-ng-sra/examples/tsch/rpl-udp/border-router-client_rpl/border-router-client_rpl.exp5438
 INFO [main] (MspMote.java:235) - Loading firmware from: /home/drhakanaydin/6tisch-ng-sra-v17-50-60-node-update/6tisch-ng-sra-v17/6tisch-ng-sra/examples/tsch/rpl-udp/border-router-client_rpl/border-router-client_rpl.exp5438
 INFO [main] (MspMote.java:235) - Loading firmware from: /home/drhakanaydin/6tisch-ng-sra-v17-50-60-node-update/6tisch-ng-sra-v17/6tisch-ng-sra/examples/tsch/rpl-udp/border-router-client_rpl/border-router-client_rpl.exp5438
 INFO [main] (MspMote.java:235) - Loading firmware from: /home/drhakanaydin/6tisch-ng-sra-v17-50-60-node-update/6tisch-ng-sra-v17/6tisch-ng-sra/examples/tsch/rpl-udp/border-router-client_rpl/border-router-client_rpl.exp5438
 INFO [main] (MspMote.java:235) - Loading firmware from: /home/drhakanaydin/6tisch-ng-sra-v17-50-60-node-update/6tisch-ng-sra-v17/6tisch-ng-sra/examples/tsch/rpl-udp/border-router-client_rpl/border-router-client_rpl.exp5438
 INFO [main] (MspMote.java:235) - Loading firmware from: /home/drhakanaydin/6tisch-ng-sra-v17-50-60-node-update/6tisch-ng-sra-v17/6tisch-ng-sra/examples/tsch/rpl-udp/border-router-client_rpl/border-router-client_rpl.exp5438
 INFO [main] (MspMote.java:235) - Loading firmware from: /home/drhakanaydin/6tisch-ng-sra-v17-50-60-node-update/6tisch-ng-sra-v17/6tisch-ng-sra/examples/tsch/rpl-udp/border-router-client_rpl/border-router-client_rpl.exp5438
 INFO [main] (MspMote.java:235) - Loading firmware from: /home/drhakanaydin/6tisch-ng-sra-v17-50-60-node-update/6tisch-ng-sra-v17/6tisch-ng-sra/examples/tsch/rpl-udp/border-router-client_rpl/border-router-client_rpl.exp5438
 INFO [main] (MspMote.java:235) - Loading firmware from: /home/drhakanaydin/6tisch-ng-sra-v17-50-60-node-update/6tisch-ng-sra-v17/6tisch-ng-sra/examples/tsch/rpl-udp/border-router-client_rpl/border-router-client_rpl.exp5438
 INFO [main] (MspMote.java:235) - Loading firmware from: /home/drhakanaydin/6tisch-ng-sra-v17-50-60-node-update/6tisch-ng-sra-v17/6tisch-ng-sra/examples/tsch/rpl-udp/border-router-client_rpl/border-router-client_rpl.exp5438
 INFO [main] (MspMote.java:235) - Loading firmware from: /home/drhakanaydin/6tisch-ng-sra-v17-50-60-node-update/6tisch-ng-sra-v17/6tisch-ng-sra/examples/tsch/rpl-udp/border-router-client_rpl/border-router-client_rpl.exp5438
 INFO [main] (MspMote.java:235) - Loading firmware from: /home/drhakanaydin/6tisch-ng-sra-v17-50-60-node-update/6tisch-ng-sra-v17/6tisch-ng-sra/examples/tsch/rpl-udp/border-router-client_rpl/border-router-client_rpl.exp5438
 INFO [main] (MspMote.java:235) - Loading firmware from: /home/drhakanaydin/6tisch-ng-sra-v17-50-60-node-update/6tisch-ng-sra-v17/6tisch-ng-sra/examples/tsch/rpl-udp/border-router-client_rpl/border-router-client_rpl.exp5438
 INFO [main] (MspMote.java:235) - Loading firmware from: /home/drhakanaydin/6tisch-ng-sra-v17-50-60-node-update/6tisch-ng-sra-v17/6tisch-ng-sra/examples/tsch/rpl-udp/border-router-client_rpl/border-router-client_rpl.exp5438
 INFO [main] (MspMote.java:235) - Loading firmware from: /home/drhakanaydin/6tisch-ng-sra-v17-50-60-node-update/6tisch-ng-sra-v17/6tisch-ng-sra/examples/tsch/rpl-udp/border-router-client_rpl/border-router-client_rpl.exp5438
 INFO [main] (MspMote.java:235) - Loading firmware from: /home/drhakanaydin/6tisch-ng-sra-v17-50-60-node-update/6tisch-ng-sra-v17/6tisch-ng-sra/examples/tsch/rpl-udp/border-router-client_rpl/border-router-client_rpl.exp5438
 INFO [main] (MspMote.java:235) - Loading firmware from: /home/drhakanaydin/6tisch-ng-sra-v17-50-60-node-update/6tisch-ng-sra-v17/6tisch-ng-sra/examples/tsch/rpl-udp/border-router-client_rpl/border-router-client_rpl.exp5438
 INFO [main] (MspMote.java:235) - Loading firmware from: /home/drhakanaydin/6tisch-ng-sra-v17-50-60-node-update/6tisch-ng-sra-v17/6tisch-ng-sra/examples/tsch/rpl-udp/border-router-client_rpl/border-router-client_rpl.exp5438
 INFO [main] (MspMote.java:235) - Loading firmware from: /home/drhakanaydin/6tisch-ng-sra-v17-50-60-node-update/6tisch-ng-sra-v17/6tisch-ng-sra/examples/tsch/rpl-udp/border-router-client_rpl/border-router-client_rpl.exp5438
 INFO [main] (MspMote.java:235) - Loading firmware from: /home/drhakanaydin/6tisch-ng-sra-v17-50-60-node-update/6tisch-ng-sra-v17/6tisch-ng-sra/examples/tsch/rpl-udp/border-router-client_rpl/border-router-client_rpl.exp5438
 INFO [main] (MspMote.java:235) - Loading firmware from: /home/drhakanaydin/6tisch-ng-sra-v17-50-60-node-update/6tisch-ng-sra-v17/6tisch-ng-sra/examples/tsch/rpl-udp/border-router-client_rpl/border-router-client_rpl.exp5438
 INFO [main] (MspMote.java:235) - Loading firmware from: /home/drhakanaydin/6tisch-ng-sra-v17-50-60-node-update/6tisch-ng-sra-v17/6tisch-ng-sra/examples/tsch/rpl-udp/border-router-client_rpl/border-router-client_rpl.exp5438
 INFO [main] (MspMote.java:235) - Loading firmware from: /home/drhakanaydin/6tisch-ng-sra-v17-50-60-node-update/6tisch-ng-sra-v17/6tisch-ng-sra/examples/tsch/rpl-udp/border-router-client_rpl/border-router-client_rpl.exp5438
 INFO [main] (MspMote.java:235) - Loading firmware from: /home/drhakanaydin/6tisch-ng-sra-v17-50-60-node-update/6tisch-ng-sra-v17/6tisch-ng-sra/examples/tsch/rpl-udp/border-router-client_rpl/border-router-client_rpl.exp5438
 INFO [main] (MspMote.java:235) - Loading firmware from: /home/drhakanaydin/6tisch-ng-sra-v17-50-60-node-update/6tisch-ng-sra-v17/6tisch-ng-sra/examples/tsch/rpl-udp/border-router-client_rpl/border-router-client_rpl.exp5438
 INFO [main] (MspMote.java:235) - Loading firmware from: /home/drhakanaydin/6tisch-ng-sra-v17-50-60-node-update/6tisch-ng-sra-v17/6tisch-ng-sra/examples/tsch/rpl-udp/border-router-client_rpl/border-router-client_rpl.exp5438
 INFO [main] (MspMote.java:235) - Loading firmware from: /home/drhakanaydin/6tisch-ng-sra-v17-50-60-node-update/6tisch-ng-sra-v17/6tisch-ng-sra/examples/tsch/rpl-udp/border-router-client_rpl/border-router-client_rpl.exp5438
 INFO [main] (MspMote.java:235) - Loading firmware from: /home/drhakanaydin/6tisch-ng-sra-v17-50-60-node-update/6tisch-ng-sra-v17/6tisch-ng-sra/examples/tsch/rpl-udp/border-router-client_rpl/border-router-client_rpl.exp5438
 INFO [main] (MspMote.java:235) - Loading firmware from: /home/drhakanaydin/6tisch-ng-sra-v17-50-60-node-update/6tisch-ng-sra-v17/6tisch-ng-sra/examples/tsch/rpl-udp/border-router-client_rpl/border-router-client_rpl.exp5438
 INFO [main] (MspMote.java:235) - Loading firmware from: /home/drhakanaydin/6tisch-ng-sra-v17-50-60-node-update/6tisch-ng-sra-v17/6tisch-ng-sra/examples/tsch/rpl-udp/border-router-client_rpl/border-router-client_rpl.exp5438
 INFO [main] (MspMote.java:235) - Loading firmware from: /home/drhakanaydin/6tisch-ng-sra-v17-50-60-node-update/6tisch-ng-sra-v17/6tisch-ng-sra/examples/tsch/rpl-udp/border-router-client_rpl/border-router-client_rpl.exp5438
 INFO [main] (MspMote.java:235) - Loading firmware from: /home/drhakanaydin/6tisch-ng-sra-v17-50-60-node-update/6tisch-ng-sra-v17/6tisch-ng-sra/examples/tsch/rpl-udp/border-router-client_rpl/border-router-client_rpl.exp5438
 INFO [main] (MspMote.java:235) - Loading firmware from: /home/drhakanaydin/6tisch-ng-sra-v17-50-60-node-update/6tisch-ng-sra-v17/6tisch-ng-sra/examples/tsch/rpl-udp/border-router-client_rpl/border-router-client_rpl.exp5438
 INFO [main] (MspMote.java:235) - Loading firmware from: /home/drhakanaydin/6tisch-ng-sra-v17-50-60-node-update/6tisch-ng-sra-v17/6tisch-ng-sra/examples/tsch/rpl-udp/border-router-client_rpl/border-router-client_rpl.exp5438
 INFO [main] (MspMote.java:235) - Loading firmware from: /home/drhakanaydin/6tisch-ng-sra-v17-50-60-node-update/6tisch-ng-sra-v17/6tisch-ng-sra/examples/tsch/rpl-udp/border-router-client_rpl/border-router-client_rpl.exp5438
 INFO [main] (MspMote.java:235) - Loading firmware from: /home/drhakanaydin/6tisch-ng-sra-v17-50-60-node-update/6tisch-ng-sra-v17/6tisch-ng-sra/examples/tsch/rpl-udp/border-router-client_rpl/border-router-client_rpl.exp5438
 INFO [main] (MspMote.java:235) - Loading firmware from: /home/drhakanaydin/6tisch-ng-sra-v17-50-60-node-update/6tisch-ng-sra-v17/6tisch-ng-sra/examples/tsch/rpl-udp/border-router-client_rpl/border-router-client_rpl.exp5438
 INFO [main] (MspMote.java:235) - Loading firmware from: /home/drhakanaydin/6tisch-ng-sra-v17-50-60-node-update/6tisch-ng-sra-v17/6tisch-ng-sra/examples/tsch/rpl-udp/border-router-client_rpl/border-router-client_rpl.exp5438
 INFO [main] (MspMote.java:235) - Loading firmware from: /home/drhakanaydin/6tisch-ng-sra-v17-50-60-node-update/6tisch-ng-sra-v17/6tisch-ng-sra/examples/tsch/rpl-udp/border-router-client_rpl/border-router-client_rpl.exp5438
 INFO [main] (MspMote.java:235) - Loading firmware from: /home/drhakanaydin/6tisch-ng-sra-v17-50-60-node-update/6tisch-ng-sra-v17/6tisch-ng-sra/examples/tsch/rpl-udp/border-router-client_rpl/border-router-client_rpl.exp5438
 INFO [main] (MspMote.java:235) - Loading firmware from: /home/drhakanaydin/6tisch-ng-sra-v17-50-60-node-update/6tisch-ng-sra-v17/6tisch-ng-sra/examples/tsch/rpl-udp/border-router-client_rpl/border-router-client_rpl.exp5438
 INFO [main] (MspMote.java:235) - Loading firmware from: /home/drhakanaydin/6tisch-ng-sra-v17-50-60-node-update/6tisch-ng-sra-v17/6tisch-ng-sra/examples/tsch/rpl-udp/border-router-client_rpl/border-router-client_rpl.exp5438
 INFO [main] (MspMote.java:235) - Loading firmware from: /home/drhakanaydin/6tisch-ng-sra-v17-50-60-node-update/6tisch-ng-sra-v17/6tisch-ng-sra/examples/tsch/rpl-udp/border-router-client_rpl/border-router-client_rpl.exp5438
 INFO [main] (MspMote.java:235) - Loading firmware from: /home/drhakanaydin/6tisch-ng-sra-v17-50-60-node-update/6tisch-ng-sra-v17/6tisch-ng-sra/examples/tsch/rpl-udp/border-router-client_rpl/border-router-client_rpl.exp5438
 INFO [main] (Cooja.java:1782) - Visualized plugin was not started: class org.contikios.cooja.plugins.SimControl
 INFO [main] (Cooja.java:1782) - Visualized plugin was not started: class org.contikios.cooja.plugins.Visualizer
 INFO [main] (Cooja.java:1782) - Visualized plugin was not started: class org.contikios.cooja.plugins.LogListener
 INFO [main] (Cooja.java:1782) - Visualized plugin was not started: class org.contikios.cooja.plugins.TimeLine
 INFO [main] (ScriptRunner.java:438) - Test script deactivated
 INFO [main] (LogScriptEngine.java:265) - Script timeout in 3800000 ms
 INFO [main] (ScriptRunner.java:395) - Test script activated
 INFO [Thread-2] (Simulation.java:253) - Simulation main loop started, system time: 1790420492274
 INFO [main] (Mobility.java:84) - Mobility plugin started at (ms): 88
 INFO [main] (Mobility.java:116) - Parsing position file: /home/drhakanaydin/6tisch-ng-sra-v17-50-60-node-update/6tisch-ng-sra-v17/6tisch-ng-sra/tools/cooja/apps/mobility/grid50node_high.dat
 INFO [main] (Mobility.java:141) - Loaded 3601 positions
 INFO [Thread-2] (LogScriptEngine.java:389) - Test script at 5.00%, done in 4798.5 sec
Watchdog: illegal write to WDTCTL (0) from $103ca - reset!!!!
Stack Trace: number of calls: 5 PC: $103ca
  watchdog_reboot (packetbuf.c) called from PC: $24c30 (elapsed: 5)
  restart_time_synchronisation (packetbuf.c) called from PC: $159f2 (elapsed: 30452)
  process_thread_foure_timesynch_process (local in 4emac-timesynch.c) called from PC: $12738 (elapsed: 1230655)
  call_process (local in process.c) called from PC: $1291c (elapsed: 1230692)
  process_run (packetbuf.c) called from PC: $05edc (elapsed: 1234168)
 WARN [Thread-2] (MspMote.java:229) - 24: # Watchdog[EXECUTION]: illegal write to WDTCTL (0) from $103ca - reset!!!!
 INFO [Thread-2] (LogScriptEngine.java:389) - Test script at 10.00%, done in 5170.5 sec
Watchdog: illegal write to WDTCTL (0) from $103ca - reset!!!!
Stack Trace: number of calls: 5 PC: $103ca
  watchdog_reboot (packetbuf.c) called from PC: $24c30 (elapsed: 5)
  restart_time_synchronisation (packetbuf.c) called from PC: $159f2 (elapsed: 30452)
  process_thread_foure_timesynch_process (local in 4emac-timesynch.c) called from PC: $12738 (elapsed: 776064)
  call_process (local in process.c) called from PC: $1291c (elapsed: 776101)
  process_run (packetbuf.c) called from PC: $05edc (elapsed: 779488)
 WARN [Thread-2] (MspMote.java:229) - 33: # Watchdog[EXECUTION]: illegal write to WDTCTL (0) from $103ca - reset!!!!
Watchdog: illegal write to WDTCTL (0) from $103ca - reset!!!!
Stack Trace: number of calls: 5 PC: $103ca
  watchdog_reboot (packetbuf.c) called from PC: $24c30 (elapsed: 5)
  restart_time_synchronisation (packetbuf.c) called from PC: $159f2 (elapsed: 30452)
  process_thread_foure_timesynch_process (local in 4emac-timesynch.c) called from PC: $12738 (elapsed: 981613)
  call_process (local in process.c) called from PC: $1291c (elapsed: 981650)
  process_run (packetbuf.c) called from PC: $05edc (elapsed: 984645)
 WARN [Thread-2] (MspMote.java:229) - 23: # Watchdog[EXECUTION]: illegal write to WDTCTL (0) from $103ca - reset!!!!
Watchdog: illegal write to WDTCTL (0) from $103ca - reset!!!!
Stack Trace: number of calls: 5 PC: $103ca
  watchdog_reboot (packetbuf.c) called from PC: $24c30 (elapsed: 5)
  restart_time_synchronisation (packetbuf.c) called from PC: $159f2 (elapsed: 30452)
  process_thread_foure_timesynch_process (local in 4emac-timesynch.c) called from PC: $12738 (elapsed: 1118125)
  call_process (local in process.c) called from PC: $1291c (elapsed: 1118162)
  process_run (packetbuf.c) called from PC: $05edc (elapsed: 1121267)
 WARN [Thread-2] (MspMote.java:229) - 50: # Watchdog[EXECUTION]: illegal write to WDTCTL (0) from $103ca - reset!!!!
Watchdog: illegal write to WDTCTL (0) from $103ca - reset!!!!
Stack Trace: number of calls: 5 PC: $103ca
  watchdog_reboot (packetbuf.c) called from PC: $24c30 (elapsed: 5)
  restart_time_synchronisation (packetbuf.c) called from PC: $159f2 (elapsed: 30453)
  process_thread_foure_timesynch_process (local in 4emac-timesynch.c) called from PC: $12738 (elapsed: 1250752)
  call_process (local in process.c) called from PC: $1291c (elapsed: 1250789)
  process_run (packetbuf.c) called from PC: $05edc (elapsed: 1253867)
 WARN [Thread-2] (MspMote.java:229) - 45: # Watchdog[EXECUTION]: illegal write to WDTCTL (0) from $103ca - reset!!!!
Watchdog: illegal write to WDTCTL (0) from $103ca - reset!!!!
Stack Trace: number of calls: 5 PC: $103ca
  watchdog_reboot (packetbuf.c) called from PC: $24c30 (elapsed: 5)
  restart_time_synchronisation (packetbuf.c) called from PC: $159f2 (elapsed: 30447)
  process_thread_foure_timesynch_process (local in 4emac-timesynch.c) called from PC: $12738 (elapsed: 1255391)
  call_process (local in process.c) called from PC: $1291c (elapsed: 1255428)
  process_run (packetbuf.c) called from PC: $05edc (elapsed: 1258647)
 WARN [Thread-2] (MspMote.java:229) - 49: # Watchdog[EXECUTION]: illegal write to WDTCTL (0) from $103ca - reset!!!!
Watchdog: illegal write to WDTCTL (0) from $103ca - reset!!!!
Stack Trace: number of calls: 5 PC: $103ca
  watchdog_reboot (packetbuf.c) called from PC: $24c30 (elapsed: 5)
  restart_time_synchronisation (packetbuf.c) called from PC: $159f2 (elapsed: 30447)
  process_thread_foure_timesynch_process (local in 4emac-timesynch.c) called from PC: $12738 (elapsed: 1390130)
  call_process (local in process.c) called from PC: $1291c (elapsed: 1390167)
  process_run (packetbuf.c) called from PC: $05edc (elapsed: 1393415)
 WARN [Thread-2] (MspMote.java:229) - 21: # Watchdog[EXECUTION]: illegal write to WDTCTL (0) from $103ca - reset!!!!
 INFO [Thread-2] (LogScriptEngine.java:389) - Test script at 15.00%, done in 5849.1 sec
Watchdog: illegal write to WDTCTL (0) from $103ca - reset!!!!
Stack Trace: number of calls: 5 PC: $103ca
  watchdog_reboot (packetbuf.c) called from PC: $24c30 (elapsed: 5)
  restart_time_synchronisation (packetbuf.c) called from PC: $159f2 (elapsed: 30447)
  process_thread_foure_timesynch_process (local in 4emac-timesynch.c) called from PC: $12738 (elapsed: 639841)
  call_process (local in process.c) called from PC: $1291c (elapsed: 639878)
  process_run (packetbuf.c) called from PC: $05edc (elapsed: 642912)
 WARN [Thread-2] (MspMote.java:229) - 27: # Watchdog[EXECUTION]: illegal write to WDTCTL (0) from $103ca - reset!!!!
Watchdog: illegal write to WDTCTL (0) from $103ca - reset!!!!
Stack Trace: number of calls: 5 PC: $103ca
  watchdog_reboot (packetbuf.c) called from PC: $24c30 (elapsed: 5)
  restart_time_synchronisation (packetbuf.c) called from PC: $159f2 (elapsed: 30447)
  process_thread_foure_timesynch_process (local in 4emac-timesynch.c) called from PC: $12738 (elapsed: 1211149)
  call_process (local in process.c) called from PC: $1291c (elapsed: 1211186)
  process_run (packetbuf.c) called from PC: $05edc (elapsed: 1214178)
 WARN [Thread-2] (MspMote.java:229) - 23: # Watchdog[EXECUTION]: illegal write to WDTCTL (0) from $103ca - reset!!!!
 INFO [Thread-2] (LogScriptEngine.java:389) - Test script at 20.00%, done in 6862.4 sec
Watchdog: illegal write to WDTCTL (0) from $103ca - reset!!!!
Stack Trace: number of calls: 5 PC: $103ca
  watchdog_reboot (packetbuf.c) called from PC: $24c30 (elapsed: 5)
  restart_time_synchronisation (packetbuf.c) called from PC: $159f2 (elapsed: 30452)
  process_thread_foure_timesynch_process (local in 4emac-timesynch.c) called from PC: $12738 (elapsed: 1224957)
  call_process (local in process.c) called from PC: $1291c (elapsed: 1224994)
  process_run (packetbuf.c) called from PC: $05edc (elapsed: 1228144)
 WARN [Thread-2] (MspMote.java:229) - 45: # Watchdog[EXECUTION]: illegal write to WDTCTL (0) from $103ca - reset!!!!
 INFO [Thread-2] (LogScriptEngine.java:389) - Test script at 25.00%, done in 7731.5 sec
Watchdog: illegal write to WDTCTL (0) from $103ca - reset!!!!
Stack Trace: number of calls: 5 PC: $103ca
  watchdog_reboot (packetbuf.c) called from PC: $24c30 (elapsed: 5)
  restart_time_synchronisation (packetbuf.c) called from PC: $159f2 (elapsed: 30452)
  process_thread_foure_timesynch_process (local in 4emac-timesynch.c) called from PC: $12738 (elapsed: 1421182)
  call_process (local in process.c) called from PC: $1291c (elapsed: 1421219)
  process_run (packetbuf.c) called from PC: $05edc (elapsed: 1424294)
 WARN [Thread-2] (MspMote.java:229) - 38: # Watchdog[EXECUTION]: illegal write to WDTCTL (0) from $103ca - reset!!!!
 INFO [Thread-2] (LogScriptEngine.java:389) - Test script at 30.00%, done in 8251.3 sec
 INFO [Thread-2] (LogScriptEngine.java:389) - Test script at 35.00%, done in 8475.0 sec
Watchdog: illegal write to WDTCTL (0) from $103ca - reset!!!!
Stack Trace: number of calls: 5 PC: $103ca
  watchdog_reboot (packetbuf.c) called from PC: $24c30 (elapsed: 5)
  restart_time_synchronisation (packetbuf.c) called from PC: $159f2 (elapsed: 30452)
  process_thread_foure_timesynch_process (local in 4emac-timesynch.c) called from PC: $12738 (elapsed: 1472464)
  call_process (local in process.c) called from PC: $1291c (elapsed: 1472501)
  process_run (packetbuf.c) called from PC: $05edc (elapsed: 1476757)
 WARN [Thread-2] (MspMote.java:229) - 9: # Watchdog[EXECUTION]: illegal write to WDTCTL (0) from $103ca - reset!!!!
 INFO [Thread-2] (LogScriptEngine.java:389) - Test script at 40.00%, done in 8341.0 sec
Watchdog: illegal write to WDTCTL (0) from $103ca - reset!!!!
Stack Trace: number of calls: 5 PC: $103ca
  watchdog_reboot (packetbuf.c) called from PC: $24c30 (elapsed: 5)
  restart_time_synchronisation (packetbuf.c) called from PC: $159f2 (elapsed: 55776)
  process_thread_foure_timesynch_process (local in 4emac-timesynch.c) called from PC: $12738 (elapsed: 1379159)
  call_process (local in process.c) called from PC: $1291c (elapsed: 1379196)
  process_run (packetbuf.c) called from PC: $05edc (elapsed: 1382120)
 WARN [Thread-2] (MspMote.java:229) - 10: # Watchdog[EXECUTION]: illegal write to WDTCTL (0) from $103ca - reset!!!!
Watchdog: illegal write to WDTCTL (0) from $103ca - reset!!!!
Stack Trace: number of calls: 5 PC: $103ca
  watchdog_reboot (packetbuf.c) called from PC: $24c30 (elapsed: 5)
  restart_time_synchronisation (packetbuf.c) called from PC: $159f2 (elapsed: 30525)
  process_thread_foure_timesynch_process (local in 4emac-timesynch.c) called from PC: $12738 (elapsed: 1389627)
  call_process (local in process.c) called from PC: $1291c (elapsed: 1389664)
  process_run (packetbuf.c) called from PC: $05edc (elapsed: 1393012)
 WARN [Thread-2] (MspMote.java:229) - 14: # Watchdog[EXECUTION]: illegal write to WDTCTL (0) from $103ca - reset!!!!
Watchdog: illegal write to WDTCTL (0) from $103ca - reset!!!!
Stack Trace: number of calls: 5 PC: $103ca
  watchdog_reboot (packetbuf.c) called from PC: $24c30 (elapsed: 5)
  restart_time_synchronisation (packetbuf.c) called from PC: $159f2 (elapsed: 30453)
  process_thread_foure_timesynch_process (local in 4emac-timesynch.c) called from PC: $12738 (elapsed: 1563290)
  call_process (local in process.c) called from PC: $1291c (elapsed: 1563327)
  process_run (packetbuf.c) called from PC: $05edc (elapsed: 1566170)
 WARN [Thread-2] (MspMote.java:229) - 16: # Watchdog[EXECUTION]: illegal write to WDTCTL (0) from $103ca - reset!!!!
Watchdog: illegal write to WDTCTL (0) from $103ca - reset!!!!
Stack Trace: number of calls: 5 PC: $103ca
  watchdog_reboot (packetbuf.c) called from PC: $24c30 (elapsed: 5)
  restart_time_synchronisation (packetbuf.c) called from PC: $159f2 (elapsed: 30452)
  process_thread_foure_timesynch_process (local in 4emac-timesynch.c) called from PC: $12738 (elapsed: 1599310)
  call_process (local in process.c) called from PC: $1291c (elapsed: 1599347)
  process_run (packetbuf.c) called from PC: $05edc (elapsed: 1602271)
 WARN [Thread-2] (MspMote.java:229) - 26: # Watchdog[EXECUTION]: illegal write to WDTCTL (0) from $103ca - reset!!!!
Watchdog: illegal write to WDTCTL (0) from $103ca - reset!!!!
Stack Trace: number of calls: 5 PC: $103ca
  watchdog_reboot (packetbuf.c) called from PC: $24c30 (elapsed: 5)
  restart_time_synchronisation (packetbuf.c) called from PC: $159f2 (elapsed: 30452)
  process_thread_foure_timesynch_process (local in 4emac-timesynch.c) called from PC: $12738 (elapsed: 1491744)
  call_process (local in process.c) called from PC: $1291c (elapsed: 1491781)
  process_run (packetbuf.c) called from PC: $05edc (elapsed: 1494813)
 WARN [Thread-2] (MspMote.java:229) - 20: # Watchdog[EXECUTION]: illegal write to WDTCTL (0) from $103ca - reset!!!!
Watchdog: illegal write to WDTCTL (0) from $103ca - reset!!!!
Stack Trace: number of calls: 5 PC: $103ca
  watchdog_reboot (packetbuf.c) called from PC: $24c30 (elapsed: 5)
  restart_time_synchronisation (packetbuf.c) called from PC: $159f2 (elapsed: 64941)
  process_thread_foure_timesynch_process (local in 4emac-timesynch.c) called from PC: $12738 (elapsed: 1466981)
  call_process (local in process.c) called from PC: $1291c (elapsed: 1467018)
  process_run (packetbuf.c) called from PC: $05edc (elapsed: 1470187)
 WARN [Thread-2] (MspMote.java:229) - 15: # Watchdog[EXECUTION]: illegal write to WDTCTL (0) from $103ca - reset!!!!
Watchdog: illegal write to WDTCTL (0) from $103ca - reset!!!!
Stack Trace: number of calls: 5 PC: $103ca
  watchdog_reboot (packetbuf.c) called from PC: $24c30 (elapsed: 5)
  restart_time_synchronisation (packetbuf.c) called from PC: $159f2 (elapsed: 30453)
  process_thread_foure_timesynch_process (local in 4emac-timesynch.c) called from PC: $12738 (elapsed: 1393985)
  call_process (local in process.c) called from PC: $1291c (elapsed: 1394022)
  process_run (packetbuf.c) called from PC: $05edc (elapsed: 1397016)
 WARN [Thread-2] (MspMote.java:229) - 21: # Watchdog[EXECUTION]: illegal write to WDTCTL (0) from $103ca - reset!!!!
Watchdog: illegal write to WDTCTL (0) from $103ca - reset!!!!
Stack Trace: number of calls: 5 PC: $103ca
  watchdog_reboot (packetbuf.c) called from PC: $24c30 (elapsed: 5)
  restart_time_synchronisation (packetbuf.c) called from PC: $159f2 (elapsed: 30452)
  process_thread_foure_timesynch_process (local in 4emac-timesynch.c) called from PC: $12738 (elapsed: 804577)
  call_process (local in process.c) called from PC: $1291c (elapsed: 804614)
  process_run (packetbuf.c) called from PC: $05edc (elapsed: 807766)
 WARN [Thread-2] (MspMote.java:229) - 10: # Watchdog[EXECUTION]: illegal write to WDTCTL (0) from $103ca - reset!!!!
Watchdog: illegal write to WDTCTL (0) from $103ca - reset!!!!
Stack Trace: number of calls: 5 PC: $103ca
  watchdog_reboot (packetbuf.c) called from PC: $24c30 (elapsed: 5)
  restart_time_synchronisation (packetbuf.c) called from PC: $159f2 (elapsed: 30452)
  process_thread_foure_timesynch_process (local in 4emac-timesynch.c) called from PC: $12738 (elapsed: 662639)
  call_process (local in process.c) called from PC: $1291c (elapsed: 662676)
  process_run (packetbuf.c) called from PC: $05edc (elapsed: 665749)
 WARN [Thread-2] (MspMote.java:229) - 9: # Watchdog[EXECUTION]: illegal write to WDTCTL (0) from $103ca - reset!!!!
Watchdog: illegal write to WDTCTL (0) from $103ca - reset!!!!
Stack Trace: number of calls: 5 PC: $103ca
  watchdog_reboot (packetbuf.c) called from PC: $24c30 (elapsed: 5)
  restart_time_synchronisation (packetbuf.c) called from PC: $159f2 (elapsed: 30452)
  process_thread_foure_timesynch_process (local in 4emac-timesynch.c) called from PC: $12738 (elapsed: 1416027)
  call_process (local in process.c) called from PC: $1291c (elapsed: 1416064)
  process_run (packetbuf.c) called from PC: $05edc (elapsed: 1419225)
 WARN [Thread-2] (MspMote.java:229) - 5: # Watchdog[EXECUTION]: illegal write to WDTCTL (0) from $103ca - reset!!!!
Watchdog: illegal write to WDTCTL (0) from $103ca - reset!!!!
Stack Trace: number of calls: 5 PC: $103ca
  watchdog_reboot (packetbuf.c) called from PC: $24c30 (elapsed: 5)
  restart_time_synchronisation (packetbuf.c) called from PC: $159f2 (elapsed: 30453)
  process_thread_foure_timesynch_process (local in 4emac-timesynch.c) called from PC: $12738 (elapsed: 1439064)
  call_process (local in process.c) called from PC: $1291c (elapsed: 1439101)
  process_run (packetbuf.c) called from PC: $05edc (elapsed: 1442187)
 WARN [Thread-2] (MspMote.java:229) - 19: # Watchdog[EXECUTION]: illegal write to WDTCTL (0) from $103ca - reset!!!!
Watchdog: illegal write to WDTCTL (0) from $103ca - reset!!!!
Stack Trace: number of calls: 5 PC: $103ca
  watchdog_reboot (packetbuf.c) called from PC: $24c30 (elapsed: 5)
  restart_time_synchronisation (packetbuf.c) called from PC: $159f2 (elapsed: 30453)
  process_thread_foure_timesynch_process (local in 4emac-timesynch.c) called from PC: $12738 (elapsed: 1444790)
  call_process (local in process.c) called from PC: $1291c (elapsed: 1444827)
  process_run (packetbuf.c) called from PC: $05edc (elapsed: 1447670)
 WARN [Thread-2] (MspMote.java:229) - 25: # Watchdog[EXECUTION]: illegal write to WDTCTL (0) from $103ca - reset!!!!
 INFO [Thread-2] (LogScriptEngine.java:389) - Test script at 45.00%, done in 7802.6 sec
Watchdog: illegal write to WDTCTL (0) from $103ca - reset!!!!
Stack Trace: number of calls: 5 PC: $103ca
  watchdog_reboot (packetbuf.c) called from PC: $24c30 (elapsed: 5)
  restart_time_synchronisation (packetbuf.c) called from PC: $159f2 (elapsed: 30453)
  process_thread_foure_timesynch_process (local in 4emac-timesynch.c) called from PC: $12738 (elapsed: 1395892)
  call_process (local in process.c) called from PC: $1291c (elapsed: 1395929)
  process_run (packetbuf.c) called from PC: $05edc (elapsed: 1399067)
 WARN [Thread-2] (MspMote.java:229) - 4: # Watchdog[EXECUTION]: illegal write to WDTCTL (0) from $103ca - reset!!!!
Watchdog: illegal write to WDTCTL (0) from $103ca - reset!!!!
Stack Trace: number of calls: 5 PC: $103ca
  watchdog_reboot (packetbuf.c) called from PC: $24c30 (elapsed: 5)
  restart_time_synchronisation (packetbuf.c) called from PC: $159f2 (elapsed: 42111)
  process_thread_foure_timesynch_process (local in 4emac-timesynch.c) called from PC: $12738 (elapsed: 1431789)
  call_process (local in process.c) called from PC: $1291c (elapsed: 1431826)
  process_run (packetbuf.c) called from PC: $05edc (elapsed: 1435093)
 WARN [Thread-2] (MspMote.java:229) - 11: # Watchdog[EXECUTION]: illegal write to WDTCTL (0) from $103ca - reset!!!!
Watchdog: illegal write to WDTCTL (0) from $103ca - reset!!!!
Stack Trace: number of calls: 11 PC: $103ca
  watchdog_reboot (packetbuf.c) called from PC: $24c30 (elapsed: 5)
  restart_time_synchronisation (packetbuf.c) called from PC: $14eee (elapsed: 31370)
  foure_timesynch_parent_switch_callback (packetbuf.c) called from PC: $1e95c (elapsed: 69446)
  rpl_set_preferred_parent (local in rpl-dag.c) called from PC: $1ef8c (elapsed: 164305)
  rpl_nullify_parent (packetbuf.c) called from PC: $1fc26 (elapsed: 451716)
  rpl_process_parent_event (packetbuf.c) called from PC: $1fcbe (elapsed: 550556)
  rpl_recalculate_ranks (packetbuf.c) called from PC: $23726 (elapsed: 552842)
  handle_periodic_timer (local in rpl-timers.c) called from PC: $1219c (elapsed: 553109)
  process_thread_ctimer_process (local in ctimer.c) called from PC: $12738 (elapsed: 553334)
  call_process (local in process.c) called from PC: $1291c (elapsed: 553371)
  process_run (packetbuf.c) called from PC: $05edc (elapsed: 556374)
 WARN [Thread-2] (MspMote.java:229) - 13: # Watchdog[EXECUTION]: illegal write to WDTCTL (0) from $103ca - reset!!!!
Watchdog: illegal write to WDTCTL (0) from $103ca - reset!!!!
Stack Trace: number of calls: 5 PC: $103ca
  watchdog_reboot (packetbuf.c) called from PC: $24c30 (elapsed: 5)
  restart_time_synchronisation (packetbuf.c) called from PC: $159f2 (elapsed: 30453)
  process_thread_foure_timesynch_process (local in 4emac-timesynch.c) called from PC: $12738 (elapsed: 1395781)
  call_process (local in process.c) called from PC: $1291c (elapsed: 1395818)
  process_run (packetbuf.c) called from PC: $05edc (elapsed: 1399008)
 WARN [Thread-2] (MspMote.java:229) - 30: # Watchdog[EXECUTION]: illegal write to WDTCTL (0) from $103ca - reset!!!!
Watchdog: illegal write to WDTCTL (0) from $103ca - reset!!!!
Stack Trace: number of calls: 5 PC: $103ca
  watchdog_reboot (packetbuf.c) called from PC: $24c30 (elapsed: 5)
  restart_time_synchronisation (packetbuf.c) called from PC: $159f2 (elapsed: 30453)
  process_thread_foure_timesynch_process (local in 4emac-timesynch.c) called from PC: $12738 (elapsed: 1376207)
  call_process (local in process.c) called from PC: $1291c (elapsed: 1376244)
  process_run (packetbuf.c) called from PC: $05edc (elapsed: 1379594)
 WARN [Thread-2] (MspMote.java:229) - 3: # Watchdog[EXECUTION]: illegal write to WDTCTL (0) from $103ca - reset!!!!
Watchdog: illegal write to WDTCTL (0) from $103ca - reset!!!!
Stack Trace: number of calls: 5 PC: $103ca
  watchdog_reboot (packetbuf.c) called from PC: $24c30 (elapsed: 5)
  restart_time_synchronisation (packetbuf.c) called from PC: $159f2 (elapsed: 30471)
  process_thread_foure_timesynch_process (local in 4emac-timesynch.c) called from PC: $12738 (elapsed: 1496132)
  call_process (local in process.c) called from PC: $1291c (elapsed: 1496169)
  process_run (packetbuf.c) called from PC: $05edc (elapsed: 2532451)
 WARN [Thread-2] (MspMote.java:229) - 28: # Watchdog[EXECUTION]: illegal write to WDTCTL (0) from $103ca - reset!!!!
Watchdog: illegal write to WDTCTL (0) from $103ca - reset!!!!
Stack Trace: number of calls: 5 PC: $103ca
  watchdog_reboot (packetbuf.c) called from PC: $24c30 (elapsed: 5)
  restart_time_synchronisation (packetbuf.c) called from PC: $159f2 (elapsed: 30452)
  process_thread_foure_timesynch_process (local in 4emac-timesynch.c) called from PC: $12738 (elapsed: 1359897)
  call_process (local in process.c) called from PC: $1291c (elapsed: 1359934)
  process_run (packetbuf.c) called from PC: $05edc (elapsed: 1363126)
 WARN [Thread-2] (MspMote.java:229) - 31: # Watchdog[EXECUTION]: illegal write to WDTCTL (0) from $103ca - reset!!!!
Watchdog: illegal write to WDTCTL (0) from $103ca - reset!!!!
Stack Trace: number of calls: 5 PC: $103ca
  watchdog_reboot (packetbuf.c) called from PC: $24c30 (elapsed: 5)
  restart_time_synchronisation (packetbuf.c) called from PC: $159f2 (elapsed: 30447)
  process_thread_foure_timesynch_process (local in 4emac-timesynch.c) called from PC: $12738 (elapsed: 1388241)
  call_process (local in process.c) called from PC: $1291c (elapsed: 1388278)
  process_run (packetbuf.c) called from PC: $05edc (elapsed: 1391488)
 WARN [Thread-2] (MspMote.java:229) - 23: # Watchdog[EXECUTION]: illegal write to WDTCTL (0) from $103ca - reset!!!!
Watchdog: illegal write to WDTCTL (0) from $103ca - reset!!!!
Stack Trace: number of calls: 5 PC: $103ca
  watchdog_reboot (packetbuf.c) called from PC: $24c30 (elapsed: 5)
  restart_time_synchronisation (packetbuf.c) called from PC: $159f2 (elapsed: 30549)
  process_thread_foure_timesynch_process (local in 4emac-timesynch.c) called from PC: $12738 (elapsed: 1245802)
  call_process (local in process.c) called from PC: $1291c (elapsed: 1245839)
  process_run (packetbuf.c) called from PC: $05edc (elapsed: 1249047)
 WARN [Thread-2] (MspMote.java:229) - 29: # Watchdog[EXECUTION]: illegal write to WDTCTL (0) from $103ca - reset!!!!
Watchdog: illegal write to WDTCTL (0) from $103ca - reset!!!!
Stack Trace: number of calls: 5 PC: $103ca
  watchdog_reboot (packetbuf.c) called from PC: $24c30 (elapsed: 5)
  restart_time_synchronisation (packetbuf.c) called from PC: $159f2 (elapsed: 30452)
  process_thread_foure_timesynch_process (local in 4emac-timesynch.c) called from PC: $12738 (elapsed: 1366350)
  call_process (local in process.c) called from PC: $1291c (elapsed: 1366387)
  process_run (packetbuf.c) called from PC: $05edc (elapsed: 1369462)
 WARN [Thread-2] (MspMote.java:229) - 1: # Watchdog[EXECUTION]: illegal write to WDTCTL (0) from $103ca - reset!!!!
Watchdog: illegal write to WDTCTL (0) from $103ca - reset!!!!
Stack Trace: number of calls: 5 PC: $103ca
  watchdog_reboot (packetbuf.c) called from PC: $24c30 (elapsed: 5)
  restart_time_synchronisation (packetbuf.c) called from PC: $159f2 (elapsed: 30452)
  process_thread_foure_timesynch_process (local in 4emac-timesynch.c) called from PC: $12738 (elapsed: 1427532)
  call_process (local in process.c) called from PC: $1291c (elapsed: 1427569)
  process_run (packetbuf.c) called from PC: $05edc (elapsed: 1430642)
 WARN [Thread-2] (MspMote.java:229) - 35: # Watchdog[EXECUTION]: illegal write to WDTCTL (0) from $103ca - reset!!!!
Watchdog: illegal write to WDTCTL (0) from $103ca - reset!!!!
Stack Trace: number of calls: 5 PC: $103ca
  watchdog_reboot (packetbuf.c) called from PC: $24c30 (elapsed: 5)
  restart_time_synchronisation (packetbuf.c) called from PC: $159f2 (elapsed: 30453)
  process_thread_foure_timesynch_process (local in 4emac-timesynch.c) called from PC: $12738 (elapsed: 1393419)
  call_process (local in process.c) called from PC: $1291c (elapsed: 1393456)
  process_run (packetbuf.c) called from PC: $05edc (elapsed: 1396450)
 WARN [Thread-2] (MspMote.java:229) - 36: # Watchdog[EXECUTION]: illegal write to WDTCTL (0) from $103ca - reset!!!!
Watchdog: illegal write to WDTCTL (0) from $103ca - reset!!!!
Stack Trace: number of calls: 5 PC: $103ca
  watchdog_reboot (packetbuf.c) called from PC: $24c30 (elapsed: 5)
  restart_time_synchronisation (packetbuf.c) called from PC: $159f2 (elapsed: 30452)
  process_thread_foure_timesynch_process (local in 4emac-timesynch.c) called from PC: $12738 (elapsed: 1471686)
  call_process (local in process.c) called from PC: $1291c (elapsed: 1471723)
  process_run (packetbuf.c) called from PC: $05edc (elapsed: 1474931)
 WARN [Thread-2] (MspMote.java:229) - 8: # Watchdog[EXECUTION]: illegal write to WDTCTL (0) from $103ca - reset!!!!
Watchdog: illegal write to WDTCTL (0) from $103ca - reset!!!!
Stack Trace: number of calls: 5 PC: $103ca
  watchdog_reboot (packetbuf.c) called from PC: $24c30 (elapsed: 5)
  restart_time_synchronisation (packetbuf.c) called from PC: $159f2 (elapsed: 47451)
  process_thread_foure_timesynch_process (local in 4emac-timesynch.c) called from PC: $12738 (elapsed: 788889)
  call_process (local in process.c) called from PC: $1291c (elapsed: 788926)
  process_run (packetbuf.c) called from PC: $05edc (elapsed: 792030)
 WARN [Thread-2] (MspMote.java:229) - 13: # Watchdog[EXECUTION]: illegal write to WDTCTL (0) from $103ca - reset!!!!
Watchdog: illegal write to WDTCTL (0) from $103ca - reset!!!!
Stack Trace: number of calls: 5 PC: $103ca
  watchdog_reboot (packetbuf.c) called from PC: $24c30 (elapsed: 5)
  restart_time_synchronisation (packetbuf.c) called from PC: $159f2 (elapsed: 30452)
  process_thread_foure_timesynch_process (local in 4emac-timesynch.c) called from PC: $12738 (elapsed: 906683)
  call_process (local in process.c) called from PC: $1291c (elapsed: 906720)
  process_run (packetbuf.c) called from PC: $05edc (elapsed: 910117)
 WARN [Thread-2] (MspMote.java:229) - 19: # Watchdog[EXECUTION]: illegal write to WDTCTL (0) from $103ca - reset!!!!
Watchdog: illegal write to WDTCTL (0) from $103ca - reset!!!!
Stack Trace: number of calls: 5 PC: $103ca
  watchdog_reboot (packetbuf.c) called from PC: $24c30 (elapsed: 5)
  restart_time_synchronisation (packetbuf.c) called from PC: $159f2 (elapsed: 30452)
  process_thread_foure_timesynch_process (local in 4emac-timesynch.c) called from PC: $12738 (elapsed: 1425164)
  call_process (local in process.c) called from PC: $1291c (elapsed: 1425201)
  process_run (packetbuf.c) called from PC: $05edc (elapsed: 1428272)
 WARN [Thread-2] (MspMote.java:229) - 27: # Watchdog[EXECUTION]: illegal write to WDTCTL (0) from $103ca - reset!!!!
Watchdog: illegal write to WDTCTL (0) from $103ca - reset!!!!
Stack Trace: number of calls: 5 PC: $103ca
  watchdog_reboot (packetbuf.c) called from PC: $24c30 (elapsed: 5)
  restart_time_synchronisation (packetbuf.c) called from PC: $159f2 (elapsed: 30447)
  process_thread_foure_timesynch_process (local in 4emac-timesynch.c) called from PC: $12738 (elapsed: 1396957)
  call_process (local in process.c) called from PC: $1291c (elapsed: 1396994)
  process_run (packetbuf.c) called from PC: $05edc (elapsed: 1400142)
 WARN [Thread-2] (MspMote.java:229) - 41: # Watchdog[EXECUTION]: illegal write to WDTCTL (0) from $103ca - reset!!!!
Watchdog: illegal write to WDTCTL (0) from $103ca - reset!!!!
Stack Trace: number of calls: 5 PC: $103ca
  watchdog_reboot (packetbuf.c) called from PC: $24c30 (elapsed: 5)
  restart_time_synchronisation (packetbuf.c) called from PC: $159f2 (elapsed: 30452)
  process_thread_foure_timesynch_process (local in 4emac-timesynch.c) called from PC: $12738 (elapsed: 1412611)
  call_process (local in process.c) called from PC: $1291c (elapsed: 1412648)
  process_run (packetbuf.c) called from PC: $05edc (elapsed: 1415721)
 WARN [Thread-2] (MspMote.java:229) - 18: # Watchdog[EXECUTION]: illegal write to WDTCTL (0) from $103ca - reset!!!!
Watchdog: illegal write to WDTCTL (0) from $103ca - reset!!!!
Stack Trace: number of calls: 5 PC: $103ca
  watchdog_reboot (packetbuf.c) called from PC: $24c30 (elapsed: 5)
  restart_time_synchronisation (packetbuf.c) called from PC: $159f2 (elapsed: 30452)
  process_thread_foure_timesynch_process (local in 4emac-timesynch.c) called from PC: $12738 (elapsed: 1470786)
  call_process (local in process.c) called from PC: $1291c (elapsed: 1470823)
  process_run (packetbuf.c) called from PC: $05edc (elapsed: 1473963)
 WARN [Thread-2] (MspMote.java:229) - 33: # Watchdog[EXECUTION]: illegal write to WDTCTL (0) from $103ca - reset!!!!
Watchdog: illegal write to WDTCTL (0) from $103ca - reset!!!!
Stack Trace: number of calls: 5 PC: $103ca
  watchdog_reboot (packetbuf.c) called from PC: $24c30 (elapsed: 5)
  restart_time_synchronisation (packetbuf.c) called from PC: $159f2 (elapsed: 30452)
  process_thread_foure_timesynch_process (local in 4emac-timesynch.c) called from PC: $12738 (elapsed: 1427768)
  call_process (local in process.c) called from PC: $1291c (elapsed: 1427805)
  process_run (packetbuf.c) called from PC: $05edc (elapsed: 1430878)
 WARN [Thread-2] (MspMote.java:229) - 39: # Watchdog[EXECUTION]: illegal write to WDTCTL (0) from $103ca - reset!!!!
Watchdog: illegal write to WDTCTL (0) from $103ca - reset!!!!
Stack Trace: number of calls: 5 PC: $103ca
  watchdog_reboot (packetbuf.c) called from PC: $24c30 (elapsed: 5)
  restart_time_synchronisation (packetbuf.c) called from PC: $159f2 (elapsed: 30452)
  process_thread_foure_timesynch_process (local in 4emac-timesynch.c) called from PC: $12738 (elapsed: 1099327)
  call_process (local in process.c) called from PC: $1291c (elapsed: 1099364)
  process_run (packetbuf.c) called from PC: $05edc (elapsed: 1102466)
 WARN [Thread-2] (MspMote.java:229) - 2: # Watchdog[EXECUTION]: illegal write to WDTCTL (0) from $103ca - reset!!!!
Watchdog: illegal write to WDTCTL (0) from $103ca - reset!!!!
Stack Trace: number of calls: 5 PC: $103ca
  watchdog_reboot (packetbuf.c) called from PC: $24c30 (elapsed: 5)
  restart_time_synchronisation (packetbuf.c) called from PC: $159f2 (elapsed: 30453)
  process_thread_foure_timesynch_process (local in 4emac-timesynch.c) called from PC: $12738 (elapsed: 957487)
  call_process (local in process.c) called from PC: $1291c (elapsed: 957524)
  process_run (packetbuf.c) called from PC: $05edc (elapsed: 960676)
 WARN [Thread-2] (MspMote.java:229) - 15: # Watchdog[EXECUTION]: illegal write to WDTCTL (0) from $103ca - reset!!!!
Watchdog: illegal write to WDTCTL (0) from $103ca - reset!!!!
Stack Trace: number of calls: 5 PC: $103ca
  watchdog_reboot (packetbuf.c) called from PC: $24c30 (elapsed: 5)
  restart_time_synchronisation (packetbuf.c) called from PC: $159f2 (elapsed: 30452)
  process_thread_foure_timesynch_process (local in 4emac-timesynch.c) called from PC: $12738 (elapsed: 1402460)
  call_process (local in process.c) called from PC: $1291c (elapsed: 1402497)
  process_run (packetbuf.c) called from PC: $05edc (elapsed: 1405601)
 WARN [Thread-2] (MspMote.java:229) - 7: # Watchdog[EXECUTION]: illegal write to WDTCTL (0) from $103ca - reset!!!!
Watchdog: illegal write to WDTCTL (0) from $103ca - reset!!!!
Stack Trace: number of calls: 5 PC: $103ca
  watchdog_reboot (packetbuf.c) called from PC: $24c30 (elapsed: 5)
  restart_time_synchronisation (packetbuf.c) called from PC: $159f2 (elapsed: 30447)
  process_thread_foure_timesynch_process (local in 4emac-timesynch.c) called from PC: $12738 (elapsed: 1200912)
  call_process (local in process.c) called from PC: $1291c (elapsed: 1200949)
  process_run (packetbuf.c) called from PC: $05edc (elapsed: 1203866)
 WARN [Thread-2] (MspMote.java:229) - 4: # Watchdog[EXECUTION]: illegal write to WDTCTL (0) from $103ca - reset!!!!
Watchdog: illegal write to WDTCTL (0) from $103ca - reset!!!!
Stack Trace: number of calls: 5 PC: $103ca
  watchdog_reboot (packetbuf.c) called from PC: $24c30 (elapsed: 5)
  restart_time_synchronisation (packetbuf.c) called from PC: $159f2 (elapsed: 30452)
  process_thread_foure_timesynch_process (local in 4emac-timesynch.c) called from PC: $12738 (elapsed: 1107756)
  call_process (local in process.c) called from PC: $1291c (elapsed: 1107793)
  process_run (packetbuf.c) called from PC: $05edc (elapsed: 1110706)
 WARN [Thread-2] (MspMote.java:229) - 9: # Watchdog[EXECUTION]: illegal write to WDTCTL (0) from $103ca - reset!!!!
Watchdog: illegal write to WDTCTL (0) from $103ca - reset!!!!
Stack Trace: number of calls: 5 PC: $103ca
  watchdog_reboot (packetbuf.c) called from PC: $24c30 (elapsed: 5)
  restart_time_synchronisation (packetbuf.c) called from PC: $159f2 (elapsed: 30447)
  process_thread_foure_timesynch_process (local in 4emac-timesynch.c) called from PC: $12738 (elapsed: 834449)
  call_process (local in process.c) called from PC: $1291c (elapsed: 834486)
  process_run (packetbuf.c) called from PC: $05edc (elapsed: 837559)
 WARN [Thread-2] (MspMote.java:229) - 10: # Watchdog[EXECUTION]: illegal write to WDTCTL (0) from $103ca - reset!!!!
 INFO [Thread-2] (LogScriptEngine.java:389) - Test script at 50.00%, done in 6926.3 sec
Watchdog: illegal write to WDTCTL (0) from $103ca - reset!!!!
Stack Trace: number of calls: 5 PC: $103ca
  watchdog_reboot (packetbuf.c) called from PC: $24c30 (elapsed: 5)
  restart_time_synchronisation (packetbuf.c) called from PC: $159f2 (elapsed: 30453)
  process_thread_foure_timesynch_process (local in 4emac-timesynch.c) called from PC: $12738 (elapsed: 1457947)
  call_process (local in process.c) called from PC: $1291c (elapsed: 1457984)
  process_run (packetbuf.c) called from PC: $05edc (elapsed: 1461165)
 WARN [Thread-2] (MspMote.java:229) - 37: # Watchdog[EXECUTION]: illegal write to WDTCTL (0) from $103ca - reset!!!!
Watchdog: illegal write to WDTCTL (0) from $103ca - reset!!!!
Stack Trace: number of calls: 5 PC: $103ca
  watchdog_reboot (packetbuf.c) called from PC: $24c30 (elapsed: 5)
  restart_time_synchronisation (packetbuf.c) called from PC: $159f2 (elapsed: 30453)
  process_thread_foure_timesynch_process (local in 4emac-timesynch.c) called from PC: $12738 (elapsed: 1458254)
  call_process (local in process.c) called from PC: $1291c (elapsed: 1458291)
  process_run (packetbuf.c) called from PC: $05edc (elapsed: 1461395)
 WARN [Thread-2] (MspMote.java:229) - 40: # Watchdog[EXECUTION]: illegal write to WDTCTL (0) from $103ca - reset!!!!
Watchdog: illegal write to WDTCTL (0) from $103ca - reset!!!!
Stack Trace: number of calls: 5 PC: $103ca
  watchdog_reboot (packetbuf.c) called from PC: $24c30 (elapsed: 5)
  restart_time_synchronisation (packetbuf.c) called from PC: $159f2 (elapsed: 30452)
  process_thread_foure_timesynch_process (local in 4emac-timesynch.c) called from PC: $12738 (elapsed: 1362942)
  call_process (local in process.c) called from PC: $1291c (elapsed: 1362979)
  process_run (packetbuf.c) called from PC: $05edc (elapsed: 1366160)
 WARN [Thread-2] (MspMote.java:229) - 17: # Watchdog[EXECUTION]: illegal write to WDTCTL (0) from $103ca - reset!!!!
Watchdog: illegal write to WDTCTL (0) from $103ca - reset!!!!
Stack Trace: number of calls: 5 PC: $103ca
  watchdog_reboot (packetbuf.c) called from PC: $24c30 (elapsed: 5)
  restart_time_synchronisation (packetbuf.c) called from PC: $159f2 (elapsed: 30447)
  process_thread_foure_timesynch_process (local in 4emac-timesynch.c) called from PC: $12738 (elapsed: 1389571)
  call_process (local in process.c) called from PC: $1291c (elapsed: 1389608)
  process_run (packetbuf.c) called from PC: $05edc (elapsed: 1392839)
 WARN [Thread-2] (MspMote.java:229) - 22: # Watchdog[EXECUTION]: illegal write to WDTCTL (0) from $103ca - reset!!!!
Watchdog: illegal write to WDTCTL (0) from $103ca - reset!!!!
Stack Trace: number of calls: 5 PC: $103ca
  watchdog_reboot (packetbuf.c) called from PC: $24c30 (elapsed: 5)
  restart_time_synchronisation (packetbuf.c) called from PC: $159f2 (elapsed: 30452)
  process_thread_foure_timesynch_process (local in 4emac-timesynch.c) called from PC: $12738 (elapsed: 1361265)
  call_process (local in process.c) called from PC: $1291c (elapsed: 1361302)
  process_run (packetbuf.c) called from PC: $05edc (elapsed: 1364217)
 WARN [Thread-2] (MspMote.java:229) - 43: # Watchdog[EXECUTION]: illegal write to WDTCTL (0) from $103ca - reset!!!!
Watchdog: illegal write to WDTCTL (0) from $103ca - reset!!!!
Stack Trace: number of calls: 5 PC: $103ca
  watchdog_reboot (packetbuf.c) called from PC: $24c30 (elapsed: 5)
  restart_time_synchronisation (packetbuf.c) called from PC: $159f2 (elapsed: 30452)
  process_thread_foure_timesynch_process (local in 4emac-timesynch.c) called from PC: $12738 (elapsed: 1363952)
  call_process (local in process.c) called from PC: $1291c (elapsed: 1363989)
  process_run (packetbuf.c) called from PC: $05edc (elapsed: 1367012)
 WARN [Thread-2] (MspMote.java:229) - 12: # Watchdog[EXECUTION]: illegal write to WDTCTL (0) from $103ca - reset!!!!
Watchdog: illegal write to WDTCTL (0) from $103ca - reset!!!!
Stack Trace: number of calls: 5 PC: $103ca
  watchdog_reboot (packetbuf.c) called from PC: $24c30 (elapsed: 5)
  restart_time_synchronisation (packetbuf.c) called from PC: $159f2 (elapsed: 30452)
  process_thread_foure_timesynch_process (local in 4emac-timesynch.c) called from PC: $12738 (elapsed: 1426431)
  call_process (local in process.c) called from PC: $1291c (elapsed: 1426468)
  process_run (packetbuf.c) called from PC: $05edc (elapsed: 1429390)
 WARN [Thread-2] (MspMote.java:229) - 24: # Watchdog[EXECUTION]: illegal write to WDTCTL (0) from $103ca - reset!!!!
Watchdog: illegal write to WDTCTL (0) from $103ca - reset!!!!
Stack Trace: number of calls: 5 PC: $103ca
  watchdog_reboot (packetbuf.c) called from PC: $24c30 (elapsed: 5)
  restart_time_synchronisation (packetbuf.c) called from PC: $159f2 (elapsed: 30453)
  process_thread_foure_timesynch_process (local in 4emac-timesynch.c) called from PC: $12738 (elapsed: 695246)
  call_process (local in process.c) called from PC: $1291c (elapsed: 695283)
  process_run (packetbuf.c) called from PC: $05edc (elapsed: 698435)
 WARN [Thread-2] (MspMote.java:229) - 16: # Watchdog[EXECUTION]: illegal write to WDTCTL (0) from $103ca - reset!!!!
Watchdog: illegal write to WDTCTL (0) from $103ca - reset!!!!
Stack Trace: number of calls: 5 PC: $103ca
  watchdog_reboot (packetbuf.c) called from PC: $24c30 (elapsed: 5)
  restart_time_synchronisation (packetbuf.c) called from PC: $159f2 (elapsed: 30452)
  process_thread_foure_timesynch_process (local in 4emac-timesynch.c) called from PC: $12738 (elapsed: 801921)
  call_process (local in process.c) called from PC: $1291c (elapsed: 801958)
  process_run (packetbuf.c) called from PC: $05edc (elapsed: 804952)
 WARN [Thread-2] (MspMote.java:229) - 3: # Watchdog[EXECUTION]: illegal write to WDTCTL (0) from $103ca - reset!!!!
Watchdog: illegal write to WDTCTL (0) from $103ca - reset!!!!
Stack Trace: number of calls: 5 PC: $103ca
  watchdog_reboot (packetbuf.c) called from PC: $24c30 (elapsed: 5)
  restart_time_synchronisation (packetbuf.c) called from PC: $159f2 (elapsed: 30452)
  process_thread_foure_timesynch_process (local in 4emac-timesynch.c) called from PC: $12738 (elapsed: 1418659)
  call_process (local in process.c) called from PC: $1291c (elapsed: 1418696)
  process_run (packetbuf.c) called from PC: $05edc (elapsed: 1421850)
 WARN [Thread-2] (MspMote.java:229) - 32: # Watchdog[EXECUTION]: illegal write to WDTCTL (0) from $103ca - reset!!!!
Watchdog: illegal write to WDTCTL (0) from $103ca - reset!!!!
Stack Trace: number of calls: 5 PC: $103ca
  watchdog_reboot (packetbuf.c) called from PC: $24c30 (elapsed: 5)
  restart_time_synchronisation (packetbuf.c) called from PC: $159f2 (elapsed: 30452)
  process_thread_foure_timesynch_process (local in 4emac-timesynch.c) called from PC: $12738 (elapsed: 1363050)
  call_process (local in process.c) called from PC: $1291c (elapsed: 1363087)
  process_run (packetbuf.c) called from PC: $05edc (elapsed: 1366241)
 WARN [Thread-2] (MspMote.java:229) - 48: # Watchdog[EXECUTION]: illegal write to WDTCTL (0) from $103ca - reset!!!!
Watchdog: illegal write to WDTCTL (0) from $103ca - reset!!!!
Stack Trace: number of calls: 5 PC: $103ca
  watchdog_reboot (packetbuf.c) called from PC: $24c30 (elapsed: 5)
  restart_time_synchronisation (packetbuf.c) called from PC: $159f2 (elapsed: 30447)
  process_thread_foure_timesynch_process (local in 4emac-timesynch.c) called from PC: $12738 (elapsed: 1148825)
  call_process (local in process.c) called from PC: $1291c (elapsed: 1148862)
  process_run (packetbuf.c) called from PC: $05edc (elapsed: 1152278)
 WARN [Thread-2] (MspMote.java:229) - 47: # Watchdog[EXECUTION]: illegal write to WDTCTL (0) from $103ca - reset!!!!
Watchdog: illegal write to WDTCTL (0) from $103ca - reset!!!!
Stack Trace: number of calls: 11 PC: $103ca
  watchdog_reboot (packetbuf.c) called from PC: $24c30 (elapsed: 5)
  restart_time_synchronisation (packetbuf.c) called from PC: $14eee (elapsed: 31370)
  foure_timesynch_parent_switch_callback (packetbuf.c) called from PC: $1e95c (elapsed: 69446)
  rpl_set_preferred_parent (local in rpl-dag.c) called from PC: $1ef8c (elapsed: 164307)
  rpl_nullify_parent (packetbuf.c) called from PC: $1fc26 (elapsed: 387582)
  rpl_process_parent_event (packetbuf.c) called from PC: $1fcbe (elapsed: 486416)
  rpl_recalculate_ranks (packetbuf.c) called from PC: $23726 (elapsed: 488712)
  handle_periodic_timer (local in rpl-timers.c) called from PC: $1219c (elapsed: 488979)
  process_thread_ctimer_process (local in ctimer.c) called from PC: $12738 (elapsed: 489204)
  call_process (local in process.c) called from PC: $1291c (elapsed: 489241)
  process_run (packetbuf.c) called from PC: $05edc (elapsed: 492154)
 WARN [Thread-2] (MspMote.java:229) - 38: # Watchdog[EXECUTION]: illegal write to WDTCTL (0) from $103ca - reset!!!!
Watchdog: illegal write to WDTCTL (0) from $103ca - reset!!!!
Stack Trace: number of calls: 5 PC: $103ca
  watchdog_reboot (packetbuf.c) called from PC: $24c30 (elapsed: 5)
  restart_time_synchronisation (packetbuf.c) called from PC: $159f2 (elapsed: 30452)
  process_thread_foure_timesynch_process (local in 4emac-timesynch.c) called from PC: $12738 (elapsed: 557188)
  call_process (local in process.c) called from PC: $1291c (elapsed: 557225)
  process_run (packetbuf.c) called from PC: $05edc (elapsed: 560383)
 WARN [Thread-2] (MspMote.java:229) - 11: # Watchdog[EXECUTION]: illegal write to WDTCTL (0) from $103ca - reset!!!!
Watchdog: illegal write to WDTCTL (0) from $103ca - reset!!!!
Stack Trace: number of calls: 5 PC: $103ca
  watchdog_reboot (packetbuf.c) called from PC: $24c30 (elapsed: 5)
  restart_time_synchronisation (packetbuf.c) called from PC: $159f2 (elapsed: 30452)
  process_thread_foure_timesynch_process (local in 4emac-timesynch.c) called from PC: $12738 (elapsed: 641201)
  call_process (local in process.c) called from PC: $1291c (elapsed: 641238)
  process_run (packetbuf.c) called from PC: $05edc (elapsed: 644309)
 WARN [Thread-2] (MspMote.java:229) - 29: # Watchdog[EXECUTION]: illegal write to WDTCTL (0) from $103ca - reset!!!!
Watchdog: illegal write to WDTCTL (0) from $103ca - reset!!!!
Stack Trace: number of calls: 5 PC: $103ca
  watchdog_reboot (packetbuf.c) called from PC: $24c30 (elapsed: 5)
  restart_time_synchronisation (packetbuf.c) called from PC: $159f2 (elapsed: 30452)
  process_thread_foure_timesynch_process (local in 4emac-timesynch.c) called from PC: $12738 (elapsed: 1383410)
  call_process (local in process.c) called from PC: $1291c (elapsed: 1383447)
  process_run (packetbuf.c) called from PC: $05edc (elapsed: 1386603)
 WARN [Thread-2] (MspMote.java:229) - 42: # Watchdog[EXECUTION]: illegal write to WDTCTL (0) from $103ca - reset!!!!
Watchdog: illegal write to WDTCTL (0) from $103ca - reset!!!!
Stack Trace: number of calls: 5 PC: $103ca
  watchdog_reboot (packetbuf.c) called from PC: $24c30 (elapsed: 5)
  restart_time_synchronisation (packetbuf.c) called from PC: $159f2 (elapsed: 30452)
  process_thread_foure_timesynch_process (local in 4emac-timesynch.c) called from PC: $12738 (elapsed: 1369202)
  call_process (local in process.c) called from PC: $1291c (elapsed: 1369239)
  process_run (packetbuf.c) called from PC: $05edc (elapsed: 1372231)
 WARN [Thread-2] (MspMote.java:229) - 46: # Watchdog[EXECUTION]: illegal write to WDTCTL (0) from $103ca - reset!!!!
 INFO [Thread-2] (LogScriptEngine.java:389) - Test script at 55.00%, done in 5959.5 sec
Watchdog: illegal write to WDTCTL (0) from $103ca - reset!!!!
Stack Trace: number of calls: 5 PC: $103ca
  watchdog_reboot (packetbuf.c) called from PC: $24c30 (elapsed: 5)
  restart_time_synchronisation (packetbuf.c) called from PC: $159f2 (elapsed: 30452)
  process_thread_foure_timesynch_process (local in 4emac-timesynch.c) called from PC: $12738 (elapsed: 673253)
  call_process (local in process.c) called from PC: $1291c (elapsed: 673290)
  process_run (packetbuf.c) called from PC: $05edc (elapsed: 676205)
 WARN [Thread-2] (MspMote.java:229) - 39: # Watchdog[EXECUTION]: illegal write to WDTCTL (0) from $103ca - reset!!!!
Watchdog: illegal write to WDTCTL (0) from $103ca - reset!!!!
Stack Trace: number of calls: 5 PC: $103ca
  watchdog_reboot (packetbuf.c) called from PC: $24c30 (elapsed: 5)
  restart_time_synchronisation (packetbuf.c) called from PC: $159f2 (elapsed: 30452)
  process_thread_foure_timesynch_process (local in 4emac-timesynch.c) called from PC: $12738 (elapsed: 1280328)
  call_process (local in process.c) called from PC: $1291c (elapsed: 1280365)
  process_run (packetbuf.c) called from PC: $05edc (elapsed: 1283440)
 WARN [Thread-2] (MspMote.java:229) - 51: # Watchdog[EXECUTION]: illegal write to WDTCTL (0) from $103ca - reset!!!!
Watchdog: illegal write to WDTCTL (0) from $103ca - reset!!!!
Stack Trace: number of calls: 5 PC: $103ca
  watchdog_reboot (packetbuf.c) called from PC: $24c30 (elapsed: 5)
  restart_time_synchronisation (packetbuf.c) called from PC: $159f2 (elapsed: 30603)
  process_thread_foure_timesynch_process (local in 4emac-timesynch.c) called from PC: $12738 (elapsed: 823288)
  call_process (local in process.c) called from PC: $1291c (elapsed: 823325)
  process_run (packetbuf.c) called from PC: $05edc (elapsed: 826346)
 WARN [Thread-2] (MspMote.java:229) - 35: # Watchdog[EXECUTION]: illegal write to WDTCTL (0) from $103ca - reset!!!!
Watchdog: illegal write to WDTCTL (0) from $103ca - reset!!!!
Stack Trace: number of calls: 5 PC: $103ca
  watchdog_reboot (packetbuf.c) called from PC: $24c30 (elapsed: 5)
  restart_time_synchronisation (packetbuf.c) called from PC: $159f2 (elapsed: 30452)
  process_thread_foure_timesynch_process (local in 4emac-timesynch.c) called from PC: $12738 (elapsed: 986936)
  call_process (local in process.c) called from PC: $1291c (elapsed: 986973)
  process_run (packetbuf.c) called from PC: $05edc (elapsed: 990048)
 WARN [Thread-2] (MspMote.java:229) - 30: # Watchdog[EXECUTION]: illegal write to WDTCTL (0) from $103ca - reset!!!!
Watchdog: illegal write to WDTCTL (0) from $103ca - reset!!!!
Stack Trace: number of calls: 5 PC: $103ca
  watchdog_reboot (packetbuf.c) called from PC: $24c30 (elapsed: 5)
  restart_time_synchronisation (packetbuf.c) called from PC: $159f2 (elapsed: 30447)
  process_thread_foure_timesynch_process (local in 4emac-timesynch.c) called from PC: $12738 (elapsed: 1392201)
  call_process (local in process.c) called from PC: $1291c (elapsed: 1392238)
  process_run (packetbuf.c) called from PC: $05edc (elapsed: 1395311)
 WARN [Thread-2] (MspMote.java:229) - 34: # Watchdog[EXECUTION]: illegal write to WDTCTL (0) from $103ca - reset!!!!
Watchdog: illegal write to WDTCTL (0) from $103ca - reset!!!!
Stack Trace: number of calls: 5 PC: $103ca
  watchdog_reboot (packetbuf.c) called from PC: $24c30 (elapsed: 5)
  restart_time_synchronisation (packetbuf.c) called from PC: $159f2 (elapsed: 30452)
  process_thread_foure_timesynch_process (local in 4emac-timesynch.c) called from PC: $12738 (elapsed: 1367424)
  call_process (local in process.c) called from PC: $1291c (elapsed: 1367461)
  process_run (packetbuf.c) called from PC: $05edc (elapsed: 1370537)
 WARN [Thread-2] (MspMote.java:229) - 45: # Watchdog[EXECUTION]: illegal write to WDTCTL (0) from $103ca - reset!!!!
Watchdog: illegal write to WDTCTL (0) from $103ca - reset!!!!
Stack Trace: number of calls: 5 PC: $103ca
  watchdog_reboot (packetbuf.c) called from PC: $24c30 (elapsed: 5)
  restart_time_synchronisation (packetbuf.c) called from PC: $159f2 (elapsed: 30452)
  process_thread_foure_timesynch_process (local in 4emac-timesynch.c) called from PC: $12738 (elapsed: 917101)
  call_process (local in process.c) called from PC: $1291c (elapsed: 917138)
  process_run (packetbuf.c) called from PC: $05edc (elapsed: 920218)
 WARN [Thread-2] (MspMote.java:229) - 26: # Watchdog[EXECUTION]: illegal write to WDTCTL (0) from $103ca - reset!!!!
Watchdog: illegal write to WDTCTL (0) from $103ca - reset!!!!
Stack Trace: number of calls: 5 PC: $103ca
  watchdog_reboot (packetbuf.c) called from PC: $24c30 (elapsed: 5)
  restart_time_synchronisation (packetbuf.c) called from PC: $159f2 (elapsed: 30447)
  process_thread_foure_timesynch_process (local in 4emac-timesynch.c) called from PC: $12738 (elapsed: 954461)
  call_process (local in process.c) called from PC: $1291c (elapsed: 954498)
  process_run (packetbuf.c) called from PC: $05edc (elapsed: 957679)
 WARN [Thread-2] (MspMote.java:229) - 19: # Watchdog[EXECUTION]: illegal write to WDTCTL (0) from $103ca - reset!!!!
Watchdog: illegal write to WDTCTL (0) from $103ca - reset!!!!
Stack Trace: number of calls: 5 PC: $103ca
  watchdog_reboot (packetbuf.c) called from PC: $24c30 (elapsed: 5)
  restart_time_synchronisation (packetbuf.c) called from PC: $159f2 (elapsed: 30452)
  process_thread_foure_timesynch_process (local in 4emac-timesynch.c) called from PC: $12738 (elapsed: 1360665)
  call_process (local in process.c) called from PC: $1291c (elapsed: 1360702)
  process_run (packetbuf.c) called from PC: $05edc (elapsed: 1363846)
 WARN [Thread-2] (MspMote.java:229) - 50: # Watchdog[EXECUTION]: illegal write to WDTCTL (0) from $103ca - reset!!!!
Watchdog: illegal write to WDTCTL (0) from $103ca - reset!!!!
Stack Trace: number of calls: 5 PC: $103ca
  watchdog_reboot (packetbuf.c) called from PC: $24c30 (elapsed: 5)
  restart_time_synchronisation (packetbuf.c) called from PC: $159f2 (elapsed: 30447)
  process_thread_foure_timesynch_process (local in 4emac-timesynch.c) called from PC: $12738 (elapsed: 948312)
  call_process (local in process.c) called from PC: $1291c (elapsed: 948349)
  process_run (packetbuf.c) called from PC: $05edc (elapsed: 951343)
 WARN [Thread-2] (MspMote.java:229) - 24: # Watchdog[EXECUTION]: illegal write to WDTCTL (0) from $103ca - reset!!!!
Watchdog: illegal write to WDTCTL (0) from $103ca - reset!!!!
Stack Trace: number of calls: 5 PC: $103ca
  watchdog_reboot (packetbuf.c) called from PC: $24c30 (elapsed: 5)
  restart_time_synchronisation (packetbuf.c) called from PC: $159f2 (elapsed: 30447)
  process_thread_foure_timesynch_process (local in 4emac-timesynch.c) called from PC: $12738 (elapsed: 641533)
  call_process (local in process.c) called from PC: $1291c (elapsed: 641570)
  process_run (packetbuf.c) called from PC: $05edc (elapsed: 644992)
 WARN [Thread-2] (MspMote.java:229) - 1: # Watchdog[EXECUTION]: illegal write to WDTCTL (0) from $103ca - reset!!!!
Watchdog: illegal write to WDTCTL (0) from $103ca - reset!!!!
Stack Trace: number of calls: 5 PC: $103ca
  watchdog_reboot (packetbuf.c) called from PC: $24c30 (elapsed: 5)
  restart_time_synchronisation (packetbuf.c) called from PC: $159f2 (elapsed: 30453)
  process_thread_foure_timesynch_process (local in 4emac-timesynch.c) called from PC: $12738 (elapsed: 1083504)
  call_process (local in process.c) called from PC: $1291c (elapsed: 1083541)
  process_run (packetbuf.c) called from PC: $05edc (elapsed: 1086617)
 WARN [Thread-2] (MspMote.java:229) - 25: # Watchdog[EXECUTION]: illegal write to WDTCTL (0) from $103ca - reset!!!!
Watchdog: illegal write to WDTCTL (0) from $103ca - reset!!!!
Stack Trace: number of calls: 5 PC: $103ca
  watchdog_reboot (packetbuf.c) called from PC: $24c30 (elapsed: 5)
  restart_time_synchronisation (packetbuf.c) called from PC: $159f2 (elapsed: 30452)
  process_thread_foure_timesynch_process (local in 4emac-timesynch.c) called from PC: $12738 (elapsed: 678983)
  call_process (local in process.c) called from PC: $1291c (elapsed: 679020)
  process_run (packetbuf.c) called from PC: $05edc (elapsed: 681856)
 WARN [Thread-2] (MspMote.java:229) - 33: # Watchdog[EXECUTION]: illegal write to WDTCTL (0) from $103ca - reset!!!!
Watchdog: illegal write to WDTCTL (0) from $103ca - reset!!!!
Stack Trace: number of calls: 5 PC: $103ca
  watchdog_reboot (packetbuf.c) called from PC: $24c30 (elapsed: 5)
  restart_time_synchronisation (packetbuf.c) called from PC: $159f2 (elapsed: 30453)
  process_thread_foure_timesynch_process (local in 4emac-timesynch.c) called from PC: $12738 (elapsed: 776852)
  call_process (local in process.c) called from PC: $1291c (elapsed: 776889)
  process_run (packetbuf.c) called from PC: $05edc (elapsed: 780043)
 WARN [Thread-2] (MspMote.java:229) - 43: # Watchdog[EXECUTION]: illegal write to WDTCTL (0) from $103ca - reset!!!!
Watchdog: illegal write to WDTCTL (0) from $103ca - reset!!!!
Stack Trace: number of calls: 5 PC: $103ca
  watchdog_reboot (packetbuf.c) called from PC: $24c30 (elapsed: 5)
  restart_time_synchronisation (packetbuf.c) called from PC: $159f2 (elapsed: 30447)
  process_thread_foure_timesynch_process (local in 4emac-timesynch.c) called from PC: $12738 (elapsed: 948361)
  call_process (local in process.c) called from PC: $1291c (elapsed: 948398)
  process_run (packetbuf.c) called from PC: $05edc (elapsed: 951393)
 WARN [Thread-2] (MspMote.java:229) - 23: # Watchdog[EXECUTION]: illegal write to WDTCTL (0) from $103ca - reset!!!!
Watchdog: illegal write to WDTCTL (0) from $103ca - reset!!!!
Stack Trace: number of calls: 5 PC: $103ca
  watchdog_reboot (packetbuf.c) called from PC: $24c30 (elapsed: 5)
  restart_time_synchronisation (packetbuf.c) called from PC: $159f2 (elapsed: 30452)
  process_thread_foure_timesynch_process (local in 4emac-timesynch.c) called from PC: $12738 (elapsed: 501141)
  call_process (local in process.c) called from PC: $1291c (elapsed: 501178)
  process_run (packetbuf.c) called from PC: $05edc (elapsed: 504014)
 WARN [Thread-2] (MspMote.java:229) - 46: # Watchdog[EXECUTION]: illegal write to WDTCTL (0) from $103ca - reset!!!!
Watchdog: illegal write to WDTCTL (0) from $103ca - reset!!!!
Stack Trace: number of calls: 5 PC: $103ca
  watchdog_reboot (packetbuf.c) called from PC: $24c30 (elapsed: 5)
  restart_time_synchronisation (packetbuf.c) called from PC: $159f2 (elapsed: 31364)
  process_thread_foure_timesynch_process (local in 4emac-timesynch.c) called from PC: $12738 (elapsed: 185392)
  call_process (local in process.c) called from PC: $1291c (elapsed: 185429)
  process_run (packetbuf.c) called from PC: $05edc (elapsed: 187789)
 WARN [Thread-2] (MspMote.java:229) - 41: # Watchdog[EXECUTION]: illegal write to WDTCTL (0) from $103ca - reset!!!!
Watchdog: illegal write to WDTCTL (0) from $103ca - reset!!!!
Stack Trace: number of calls: 5 PC: $103ca
  watchdog_reboot (packetbuf.c) called from PC: $24c30 (elapsed: 5)
  restart_time_synchronisation (packetbuf.c) called from PC: $159f2 (elapsed: 30651)
  process_thread_foure_timesynch_process (local in 4emac-timesynch.c) called from PC: $12738 (elapsed: 1088861)
  call_process (local in process.c) called from PC: $1291c (elapsed: 1088898)
  process_run (packetbuf.c) called from PC: $05edc (elapsed: 1091905)
 WARN [Thread-2] (MspMote.java:229) - 20: # Watchdog[EXECUTION]: illegal write to WDTCTL (0) from $103ca - reset!!!!
Watchdog: illegal write to WDTCTL (0) from $103ca - reset!!!!
Stack Trace: number of calls: 5 PC: $103ca
  watchdog_reboot (packetbuf.c) called from PC: $24c30 (elapsed: 5)
  restart_time_synchronisation (packetbuf.c) called from PC: $159f2 (elapsed: 30531)
  process_thread_foure_timesynch_process (local in 4emac-timesynch.c) called from PC: $12738 (elapsed: 943578)
  call_process (local in process.c) called from PC: $1291c (elapsed: 943615)
  process_run (packetbuf.c) called from PC: $05edc (elapsed: 946796)
 WARN [Thread-2] (MspMote.java:229) - 16: # Watchdog[EXECUTION]: illegal write to WDTCTL (0) from $103ca - reset!!!!
Watchdog: illegal write to WDTCTL (0) from $103ca - reset!!!!
Stack Trace: number of calls: 5 PC: $103ca
  watchdog_reboot (packetbuf.c) called from PC: $24c30 (elapsed: 5)
  restart_time_synchronisation (packetbuf.c) called from PC: $159f2 (elapsed: 30452)
  process_thread_foure_timesynch_process (local in 4emac-timesynch.c) called from PC: $12738 (elapsed: 907564)
  call_process (local in process.c) called from PC: $1291c (elapsed: 907601)
  process_run (packetbuf.c) called from PC: $05edc (elapsed: 929565)
 WARN [Thread-2] (MspMote.java:229) - 17: # Watchdog[EXECUTION]: illegal write to WDTCTL (0) from $103ca - reset!!!!
Watchdog: illegal write to WDTCTL (0) from $103ca - reset!!!!
Stack Trace: number of calls: 5 PC: $103ca
  watchdog_reboot (packetbuf.c) called from PC: $24c30 (elapsed: 5)
  restart_time_synchronisation (packetbuf.c) called from PC: $159f2 (elapsed: 30447)
  process_thread_foure_timesynch_process (local in 4emac-timesynch.c) called from PC: $12738 (elapsed: 943297)
  call_process (local in process.c) called from PC: $1291c (elapsed: 943334)
  process_run (packetbuf.c) called from PC: $05edc (elapsed: 946410)
 WARN [Thread-2] (MspMote.java:229) - 28: # Watchdog[EXECUTION]: illegal write to WDTCTL (0) from $103ca - reset!!!!
Watchdog: illegal write to WDTCTL (0) from $103ca - reset!!!!
Stack Trace: number of calls: 5 PC: $103ca
  watchdog_reboot (packetbuf.c) called from PC: $24c30 (elapsed: 5)
  restart_time_synchronisation (packetbuf.c) called from PC: $159f2 (elapsed: 30452)
  process_thread_foure_timesynch_process (local in 4emac-timesynch.c) called from PC: $12738 (elapsed: 987632)
  call_process (local in process.c) called from PC: $1291c (elapsed: 987669)
  process_run (packetbuf.c) called from PC: $05edc (elapsed: 990665)
 WARN [Thread-2] (MspMote.java:229) - 37: # Watchdog[EXECUTION]: illegal write to WDTCTL (0) from $103ca - reset!!!!
Watchdog: illegal write to WDTCTL (0) from $103ca - reset!!!!
Stack Trace: number of calls: 5 PC: $103ca
  watchdog_reboot (packetbuf.c) called from PC: $24c30 (elapsed: 5)
  restart_time_synchronisation (packetbuf.c) called from PC: $159f2 (elapsed: 64235)
  process_thread_foure_timesynch_process (local in 4emac-timesynch.c) called from PC: $12738 (elapsed: 1261488)
  call_process (local in process.c) called from PC: $1291c (elapsed: 1261525)
  process_run (packetbuf.c) called from PC: $05edc (elapsed: 1265561)
 WARN [Thread-2] (MspMote.java:229) - 32: # Watchdog[EXECUTION]: illegal write to WDTCTL (0) from $103ca - reset!!!!
Watchdog: illegal write to WDTCTL (0) from $103ca - reset!!!!
Stack Trace: number of calls: 5 PC: $103ca
  watchdog_reboot (packetbuf.c) called from PC: $24c30 (elapsed: 5)
  restart_time_synchronisation (packetbuf.c) called from PC: $159f2 (elapsed: 30452)
  process_thread_foure_timesynch_process (local in 4emac-timesynch.c) called from PC: $12738 (elapsed: 1218939)
  call_process (local in process.c) called from PC: $1291c (elapsed: 1218976)
  process_run (packetbuf.c) called from PC: $05edc (elapsed: 1222207)
 WARN [Thread-2] (MspMote.java:229) - 22: # Watchdog[EXECUTION]: illegal write to WDTCTL (0) from $103ca - reset!!!!
Watchdog: illegal write to WDTCTL (0) from $103ca - reset!!!!
Stack Trace: number of calls: 5 PC: $103ca
  watchdog_reboot (packetbuf.c) called from PC: $24c30 (elapsed: 5)
  restart_time_synchronisation (packetbuf.c) called from PC: $159f2 (elapsed: 30452)
  process_thread_foure_timesynch_process (local in 4emac-timesynch.c) called from PC: $12738 (elapsed: 1219162)
  call_process (local in process.c) called from PC: $1291c (elapsed: 1219199)
  process_run (packetbuf.c) called from PC: $05edc (elapsed: 1222349)
 WARN [Thread-2] (MspMote.java:229) - 12: # Watchdog[EXECUTION]: illegal write to WDTCTL (0) from $103ca - reset!!!!
Watchdog: illegal write to WDTCTL (0) from $103ca - reset!!!!
Stack Trace: number of calls: 5 PC: $103ca
  watchdog_reboot (packetbuf.c) called from PC: $24c30 (elapsed: 5)
  restart_time_synchronisation (packetbuf.c) called from PC: $159f2 (elapsed: 30447)
  process_thread_foure_timesynch_process (local in 4emac-timesynch.c) called from PC: $12738 (elapsed: 838159)
  call_process (local in process.c) called from PC: $1291c (elapsed: 838196)
  process_run (packetbuf.c) called from PC: $05edc (elapsed: 841111)
 WARN [Thread-2] (MspMote.java:229) - 11: # Watchdog[EXECUTION]: illegal write to WDTCTL (0) from $103ca - reset!!!!
Watchdog: illegal write to WDTCTL (0) from $103ca - reset!!!!
Stack Trace: number of calls: 5 PC: $103ca
  watchdog_reboot (packetbuf.c) called from PC: $24c30 (elapsed: 5)
  restart_time_synchronisation (packetbuf.c) called from PC: $159f2 (elapsed: 31365)
  process_thread_foure_timesynch_process (local in 4emac-timesynch.c) called from PC: $12738 (elapsed: 185443)
  call_process (local in process.c) called from PC: $1291c (elapsed: 185480)
  process_run (packetbuf.c) called from PC: $05edc (elapsed: 188491)
 WARN [Thread-2] (MspMote.java:229) - 51: # Watchdog[EXECUTION]: illegal write to WDTCTL (0) from $103ca - reset!!!!
Watchdog: illegal write to WDTCTL (0) from $103ca - reset!!!!
Stack Trace: number of calls: 5 PC: $103ca
  watchdog_reboot (packetbuf.c) called from PC: $24c30 (elapsed: 5)
  restart_time_synchronisation (packetbuf.c) called from PC: $159f2 (elapsed: 30525)
  process_thread_foure_timesynch_process (local in 4emac-timesynch.c) called from PC: $12738 (elapsed: 1081024)
  call_process (local in process.c) called from PC: $1291c (elapsed: 1081061)
  process_run (packetbuf.c) called from PC: $05edc (elapsed: 1084060)
 WARN [Thread-2] (MspMote.java:229) - 13: # Watchdog[EXECUTION]: illegal write to WDTCTL (0) from $103ca - reset!!!!
 INFO [Thread-2] (LogScriptEngine.java:389) - Test script at 60.00%, done in 5084.5 sec
Watchdog: illegal write to WDTCTL (0) from $103ca - reset!!!!
Stack Trace: number of calls: 5 PC: $103ca
  watchdog_reboot (packetbuf.c) called from PC: $24c30 (elapsed: 5)
  restart_time_synchronisation (packetbuf.c) called from PC: $159f2 (elapsed: 30447)
  process_thread_foure_timesynch_process (local in 4emac-timesynch.c) called from PC: $12738 (elapsed: 1210136)
  call_process (local in process.c) called from PC: $1291c (elapsed: 1210173)
  process_run (packetbuf.c) called from PC: $05edc (elapsed: 1213247)
 WARN [Thread-2] (MspMote.java:229) - 7: # Watchdog[EXECUTION]: illegal write to WDTCTL (0) from $103ca - reset!!!!
Watchdog: illegal write to WDTCTL (0) from $103ca - reset!!!!
Stack Trace: number of calls: 5 PC: $103ca
  watchdog_reboot (packetbuf.c) called from PC: $24c30 (elapsed: 5)
  restart_time_synchronisation (packetbuf.c) called from PC: $159f2 (elapsed: 30452)
  process_thread_foure_timesynch_process (local in 4emac-timesynch.c) called from PC: $12738 (elapsed: 632849)
  call_process (local in process.c) called from PC: $1291c (elapsed: 632886)
  process_run (packetbuf.c) called from PC: $05edc (elapsed: 635964)
 WARN [Thread-2] (MspMote.java:229) - 10: # Watchdog[EXECUTION]: illegal write to WDTCTL (0) from $103ca - reset!!!!
Watchdog: illegal write to WDTCTL (0) from $103ca - reset!!!!
Stack Trace: number of calls: 11 PC: $103ca
  watchdog_reboot (packetbuf.c) called from PC: $24c30 (elapsed: 5)
  restart_time_synchronisation (packetbuf.c) called from PC: $14eee (elapsed: 31370)
  foure_timesynch_parent_switch_callback (packetbuf.c) called from PC: $1e95c (elapsed: 69451)
  rpl_set_preferred_parent (local in rpl-dag.c) called from PC: $1ef8c (elapsed: 162479)
  rpl_nullify_parent (packetbuf.c) called from PC: $1fc26 (elapsed: 377358)
  rpl_process_parent_event (packetbuf.c) called from PC: $1fcbe (elapsed: 473368)
  rpl_recalculate_ranks (packetbuf.c) called from PC: $23726 (elapsed: 474412)
  handle_periodic_timer (local in rpl-timers.c) called from PC: $1219c (elapsed: 474679)
  process_thread_ctimer_process (local in ctimer.c) called from PC: $12738 (elapsed: 474904)
  call_process (local in process.c) called from PC: $1291c (elapsed: 474941)
  process_run (packetbuf.c) called from PC: $05edc (elapsed: 477859)
 WARN [Thread-2] (MspMote.java:229) - 4: # Watchdog[EXECUTION]: illegal write to WDTCTL (0) from $103ca - reset!!!!
Watchdog: illegal write to WDTCTL (0) from $103ca - reset!!!!
Stack Trace: number of calls: 5 PC: $103ca
  watchdog_reboot (packetbuf.c) called from PC: $24c30 (elapsed: 5)
  restart_time_synchronisation (packetbuf.c) called from PC: $159f2 (elapsed: 30452)
  process_thread_foure_timesynch_process (local in 4emac-timesynch.c) called from PC: $12738 (elapsed: 1409147)
  call_process (local in process.c) called from PC: $1291c (elapsed: 1409184)
  process_run (packetbuf.c) called from PC: $05edc (elapsed: 1412185)
 WARN [Thread-2] (MspMote.java:229) - 49: # Watchdog[EXECUTION]: illegal write to WDTCTL (0) from $103ca - reset!!!!
Watchdog: illegal write to WDTCTL (0) from $103ca - reset!!!!
Stack Trace: number of calls: 5 PC: $103ca
  watchdog_reboot (packetbuf.c) called from PC: $24c30 (elapsed: 5)
  restart_time_synchronisation (packetbuf.c) called from PC: $159f2 (elapsed: 30453)
  process_thread_foure_timesynch_process (local in 4emac-timesynch.c) called from PC: $12738 (elapsed: 1269120)
  call_process (local in process.c) called from PC: $1291c (elapsed: 1269157)
  process_run (packetbuf.c) called from PC: $05edc (elapsed: 1272237)
 WARN [Thread-2] (MspMote.java:229) - 8: # Watchdog[EXECUTION]: illegal write to WDTCTL (0) from $103ca - reset!!!!
Watchdog: illegal write to WDTCTL (0) from $103ca - reset!!!!
Stack Trace: number of calls: 5 PC: $103ca
  watchdog_reboot (packetbuf.c) called from PC: $24c30 (elapsed: 5)
  restart_time_synchronisation (packetbuf.c) called from PC: $159f2 (elapsed: 30452)
  process_thread_foure_timesynch_process (local in 4emac-timesynch.c) called from PC: $12738 (elapsed: 982748)
  call_process (local in process.c) called from PC: $1291c (elapsed: 982785)
  process_run (packetbuf.c) called from PC: $05edc (elapsed: 985856)
 WARN [Thread-2] (MspMote.java:229) - 45: # Watchdog[EXECUTION]: illegal write to WDTCTL (0) from $103ca - reset!!!!
Watchdog: illegal write to WDTCTL (0) from $103ca - reset!!!!
Stack Trace: number of calls: 5 PC: $103ca
  watchdog_reboot (packetbuf.c) called from PC: $24c30 (elapsed: 5)
  restart_time_synchronisation (packetbuf.c) called from PC: $159f2 (elapsed: 30452)
  process_thread_foure_timesynch_process (local in 4emac-timesynch.c) called from PC: $12738 (elapsed: 1283300)
  call_process (local in process.c) called from PC: $1291c (elapsed: 1283337)
  process_run (packetbuf.c) called from PC: $05edc (elapsed: 1286342)
 WARN [Thread-2] (MspMote.java:229) - 44: # Watchdog[EXECUTION]: illegal write to WDTCTL (0) from $103ca - reset!!!!
Watchdog: illegal write to WDTCTL (0) from $103ca - reset!!!!
Stack Trace: number of calls: 5 PC: $103ca
  watchdog_reboot (packetbuf.c) called from PC: $24c30 (elapsed: 5)
  restart_time_synchronisation (packetbuf.c) called from PC: $159f2 (elapsed: 30453)
  process_thread_foure_timesynch_process (local in 4emac-timesynch.c) called from PC: $12738 (elapsed: 633880)
  call_process (local in process.c) called from PC: $1291c (elapsed: 633917)
  process_run (packetbuf.c) called from PC: $05edc (elapsed: 636909)
 WARN [Thread-2] (MspMote.java:229) - 13: # Watchdog[EXECUTION]: illegal write to WDTCTL (0) from $103ca - reset!!!!
Watchdog: illegal write to WDTCTL (0) from $103ca - reset!!!!
Stack Trace: number of calls: 5 PC: $103ca
  watchdog_reboot (packetbuf.c) called from PC: $24c30 (elapsed: 5)
  restart_time_synchronisation (packetbuf.c) called from PC: $159f2 (elapsed: 30453)
  process_thread_foure_timesynch_process (local in 4emac-timesynch.c) called from PC: $12738 (elapsed: 810701)
  call_process (local in process.c) called from PC: $1291c (elapsed: 810738)
  process_run (packetbuf.c) called from PC: $05edc (elapsed: 813651)
 WARN [Thread-2] (MspMote.java:229) - 30: # Watchdog[EXECUTION]: illegal write to WDTCTL (0) from $103ca - reset!!!!
Watchdog: illegal write to WDTCTL (0) from $103ca - reset!!!!
Stack Trace: number of calls: 5 PC: $103ca
  watchdog_reboot (packetbuf.c) called from PC: $24c30 (elapsed: 5)
  restart_time_synchronisation (packetbuf.c) called from PC: $159f2 (elapsed: 31365)
  process_thread_foure_timesynch_process (local in 4emac-timesynch.c) called from PC: $12738 (elapsed: 185459)
  call_process (local in process.c) called from PC: $1291c (elapsed: 185496)
  process_run (packetbuf.c) called from PC: $05edc (elapsed: 188902)
 WARN [Thread-2] (MspMote.java:229) - 1: # Watchdog[EXECUTION]: illegal write to WDTCTL (0) from $103ca - reset!!!!
Watchdog: illegal write to WDTCTL (0) from $103ca - reset!!!!
Stack Trace: number of calls: 5 PC: $103ca
  watchdog_reboot (packetbuf.c) called from PC: $24c30 (elapsed: 5)
  restart_time_synchronisation (packetbuf.c) called from PC: $159f2 (elapsed: 30452)
  process_thread_foure_timesynch_process (local in 4emac-timesynch.c) called from PC: $12738 (elapsed: 1240084)
  call_process (local in process.c) called from PC: $1291c (elapsed: 1240121)
  process_run (packetbuf.c) called from PC: $05edc (elapsed: 1243521)
 WARN [Thread-2] (MspMote.java:229) - 48: # Watchdog[EXECUTION]: illegal write to WDTCTL (0) from $103ca - reset!!!!
Watchdog: illegal write to WDTCTL (0) from $103ca - reset!!!!
Stack Trace: number of calls: 5 PC: $103ca
  watchdog_reboot (packetbuf.c) called from PC: $24c30 (elapsed: 5)
  restart_time_synchronisation (packetbuf.c) called from PC: $159f2 (elapsed: 30452)
  process_thread_foure_timesynch_process (local in 4emac-timesynch.c) called from PC: $12738 (elapsed: 531997)
  call_process (local in process.c) called from PC: $1291c (elapsed: 532034)
  process_run (packetbuf.c) called from PC: $05edc (elapsed: 535028)
 WARN [Thread-2] (MspMote.java:229) - 4: # Watchdog[EXECUTION]: illegal write to WDTCTL (0) from $103ca - reset!!!!
Watchdog: illegal write to WDTCTL (0) from $103ca - reset!!!!
Stack Trace: number of calls: 5 PC: $103ca
  watchdog_reboot (packetbuf.c) called from PC: $24c30 (elapsed: 5)
  restart_time_synchronisation (packetbuf.c) called from PC: $159f2 (elapsed: 30651)
  process_thread_foure_timesynch_process (local in 4emac-timesynch.c) called from PC: $12738 (elapsed: 776579)
  call_process (local in process.c) called from PC: $1291c (elapsed: 776616)
  process_run (packetbuf.c) called from PC: $05edc (elapsed: 779690)
 WARN [Thread-2] (MspMote.java:229) - 40: # Watchdog[EXECUTION]: illegal write to WDTCTL (0) from $103ca - reset!!!!
Watchdog: illegal write to WDTCTL (0) from $103ca - reset!!!!
Stack Trace: number of calls: 5 PC: $103ca
  watchdog_reboot (packetbuf.c) called from PC: $24c30 (elapsed: 5)
  restart_time_synchronisation (packetbuf.c) called from PC: $159f2 (elapsed: 31364)
  process_thread_foure_timesynch_process (local in 4emac-timesynch.c) called from PC: $12738 (elapsed: 218411)
  call_process (local in process.c) called from PC: $1291c (elapsed: 218448)
  process_run (packetbuf.c) called from PC: $05edc (elapsed: 220808)
 WARN [Thread-2] (MspMote.java:229) - 34: # Watchdog[EXECUTION]: illegal write to WDTCTL (0) from $103ca - reset!!!!
Watchdog: illegal write to WDTCTL (0) from $103ca - reset!!!!
Stack Trace: number of calls: 5 PC: $103ca
  watchdog_reboot (packetbuf.c) called from PC: $24c30 (elapsed: 5)
  restart_time_synchronisation (packetbuf.c) called from PC: $159f2 (elapsed: 30525)
  process_thread_foure_timesynch_process (local in 4emac-timesynch.c) called from PC: $12738 (elapsed: 823318)
  call_process (local in process.c) called from PC: $1291c (elapsed: 823355)
  process_run (packetbuf.c) called from PC: $05edc (elapsed: 826350)
 WARN [Thread-2] (MspMote.java:229) - 38: # Watchdog[EXECUTION]: illegal write to WDTCTL (0) from $103ca - reset!!!!
Watchdog: illegal write to WDTCTL (0) from $103ca - reset!!!!
Stack Trace: number of calls: 5 PC: $103ca
  watchdog_reboot (packetbuf.c) called from PC: $24c30 (elapsed: 5)
  restart_time_synchronisation (packetbuf.c) called from PC: $159f2 (elapsed: 30452)
  process_thread_foure_timesynch_process (local in 4emac-timesynch.c) called from PC: $12738 (elapsed: 1225681)
  call_process (local in process.c) called from PC: $1291c (elapsed: 1225718)
  process_run (packetbuf.c) called from PC: $05edc (elapsed: 1228872)
 WARN [Thread-2] (MspMote.java:229) - 37: # Watchdog[EXECUTION]: illegal write to WDTCTL (0) from $103ca - reset!!!!
Watchdog: illegal write to WDTCTL (0) from $103ca - reset!!!!
Stack Trace: number of calls: 5 PC: $103ca
  watchdog_reboot (packetbuf.c) called from PC: $24c30 (elapsed: 5)
  restart_time_synchronisation (packetbuf.c) called from PC: $159f2 (elapsed: 30452)
  process_thread_foure_timesynch_process (local in 4emac-timesynch.c) called from PC: $12738 (elapsed: 850556)
  call_process (local in process.c) called from PC: $1291c (elapsed: 850593)
  process_run (packetbuf.c) called from PC: $05edc (elapsed: 853598)
 WARN [Thread-2] (MspMote.java:229) - 27: # Watchdog[EXECUTION]: illegal write to WDTCTL (0) from $103ca - reset!!!!
Watchdog: illegal write to WDTCTL (0) from $103ca - reset!!!!
Stack Trace: number of calls: 5 PC: $103ca
  watchdog_reboot (packetbuf.c) called from PC: $24c30 (elapsed: 5)
  restart_time_synchronisation (packetbuf.c) called from PC: $159f2 (elapsed: 30447)
  process_thread_foure_timesynch_process (local in 4emac-timesynch.c) called from PC: $12738 (elapsed: 948835)
  call_process (local in process.c) called from PC: $1291c (elapsed: 948872)
  process_run (packetbuf.c) called from PC: $05edc (elapsed: 951983)
 WARN [Thread-2] (MspMote.java:229) - 21: # Watchdog[EXECUTION]: illegal write to WDTCTL (0) from $103ca - reset!!!!
Watchdog: illegal write to WDTCTL (0) from $103ca - reset!!!!
Stack Trace: number of calls: 5 PC: $103ca
  watchdog_reboot (packetbuf.c) called from PC: $24c30 (elapsed: 5)
  restart_time_synchronisation (packetbuf.c) called from PC: $159f2 (elapsed: 30452)
  process_thread_foure_timesynch_process (local in 4emac-timesynch.c) called from PC: $12738 (elapsed: 1229206)
  call_process (local in process.c) called from PC: $1291c (elapsed: 1229243)
  process_run (packetbuf.c) called from PC: $05edc (elapsed: 1232343)
 WARN [Thread-2] (MspMote.java:229) - 43: # Watchdog[EXECUTION]: illegal write to WDTCTL (0) from $103ca - reset!!!!
Watchdog: illegal write to WDTCTL (0) from $103ca - reset!!!!
Stack Trace: number of calls: 5 PC: $103ca
  watchdog_reboot (packetbuf.c) called from PC: $24c30 (elapsed: 5)
  restart_time_synchronisation (packetbuf.c) called from PC: $159f2 (elapsed: 30452)
  process_thread_foure_timesynch_process (local in 4emac-timesynch.c) called from PC: $12738 (elapsed: 978287)
  call_process (local in process.c) called from PC: $1291c (elapsed: 978324)
  process_run (packetbuf.c) called from PC: $05edc (elapsed: 981316)
 WARN [Thread-2] (MspMote.java:229) - 39: # Watchdog[EXECUTION]: illegal write to WDTCTL (0) from $103ca - reset!!!!
Watchdog: illegal write to WDTCTL (0) from $103ca - reset!!!!
Stack Trace: number of calls: 5 PC: $103ca
  watchdog_reboot (packetbuf.c) called from PC: $24c30 (elapsed: 5)
  restart_time_synchronisation (packetbuf.c) called from PC: $159f2 (elapsed: 30447)
  process_thread_foure_timesynch_process (local in 4emac-timesynch.c) called from PC: $12738 (elapsed: 950403)
  call_process (local in process.c) called from PC: $1291c (elapsed: 950440)
  process_run (packetbuf.c) called from PC: $05edc (elapsed: 953829)
 WARN [Thread-2] (MspMote.java:229) - 26: # Watchdog[EXECUTION]: illegal write to WDTCTL (0) from $103ca - reset!!!!
Watchdog: illegal write to WDTCTL (0) from $103ca - reset!!!!
Stack Trace: number of calls: 5 PC: $103ca
  watchdog_reboot (packetbuf.c) called from PC: $24c30 (elapsed: 5)
  restart_time_synchronisation (packetbuf.c) called from PC: $159f2 (elapsed: 30452)
  process_thread_foure_timesynch_process (local in 4emac-timesynch.c) called from PC: $12738 (elapsed: 973601)
  call_process (local in process.c) called from PC: $1291c (elapsed: 973638)
  process_run (packetbuf.c) called from PC: $05edc (elapsed: 976711)
 WARN [Thread-2] (MspMote.java:229) - 32: # Watchdog[EXECUTION]: illegal write to WDTCTL (0) from $103ca - reset!!!!
 INFO [Thread-2] (LogScriptEngine.java:389) - Test script at 65.00%, done in 4305.1 sec
Watchdog: illegal write to WDTCTL (0) from $103ca - reset!!!!
Stack Trace: number of calls: 5 PC: $103ca
  watchdog_reboot (packetbuf.c) called from PC: $24c30 (elapsed: 5)
  restart_time_synchronisation (packetbuf.c) called from PC: $159f2 (elapsed: 30449)
  process_thread_foure_timesynch_process (local in 4emac-timesynch.c) called from PC: $12738 (elapsed: 640869)
  call_process (local in process.c) called from PC: $1291c (elapsed: 640906)
  process_run (packetbuf.c) called from PC: $05edc (elapsed: 643979)
 WARN [Thread-2] (MspMote.java:229) - 20: # Watchdog[EXECUTION]: illegal write to WDTCTL (0) from $103ca - reset!!!!
Watchdog: illegal write to WDTCTL (0) from $103ca - reset!!!!
Stack Trace: number of calls: 5 PC: $103ca
  watchdog_reboot (packetbuf.c) called from PC: $24c30 (elapsed: 5)
  restart_time_synchronisation (packetbuf.c) called from PC: $159f2 (elapsed: 30452)
  process_thread_foure_timesynch_process (local in 4emac-timesynch.c) called from PC: $12738 (elapsed: 674943)
  call_process (local in process.c) called from PC: $1291c (elapsed: 674980)
  process_run (packetbuf.c) called from PC: $05edc (elapsed: 677895)
 WARN [Thread-2] (MspMote.java:229) - 11: # Watchdog[EXECUTION]: illegal write to WDTCTL (0) from $103ca - reset!!!!
Watchdog: illegal write to WDTCTL (0) from $103ca - reset!!!!
Stack Trace: number of calls: 5 PC: $103ca
  watchdog_reboot (packetbuf.c) called from PC: $24c30 (elapsed: 5)
  restart_time_synchronisation (packetbuf.c) called from PC: $159f2 (elapsed: 30452)
  process_thread_foure_timesynch_process (local in 4emac-timesynch.c) called from PC: $12738 (elapsed: 973617)
  call_process (local in process.c) called from PC: $1291c (elapsed: 973654)
  process_run (packetbuf.c) called from PC: $05edc (elapsed: 977368)
 WARN [Thread-2] (MspMote.java:229) - 17: # Watchdog[EXECUTION]: illegal write to WDTCTL (0) from $103ca - reset!!!!
Watchdog: illegal write to WDTCTL (0) from $103ca - reset!!!!
Stack Trace: number of calls: 5 PC: $103ca
  watchdog_reboot (packetbuf.c) called from PC: $24c30 (elapsed: 5)
  restart_time_synchronisation (packetbuf.c) called from PC: $159f2 (elapsed: 58635)
  process_thread_foure_timesynch_process (local in 4emac-timesynch.c) called from PC: $12738 (elapsed: 1082965)
  call_process (local in process.c) called from PC: $1291c (elapsed: 1083002)
  process_run (packetbuf.c) called from PC: $05edc (elapsed: 1086155)
 WARN [Thread-2] (MspMote.java:229) - 47: # Watchdog[EXECUTION]: illegal write to WDTCTL (0) from $103ca - reset!!!!
Watchdog: illegal write to WDTCTL (0) from $103ca - reset!!!!
Stack Trace: number of calls: 5 PC: $103ca
  watchdog_reboot (packetbuf.c) called from PC: $24c30 (elapsed: 5)
  restart_time_synchronisation (packetbuf.c) called from PC: $159f2 (elapsed: 30452)
  process_thread_foure_timesynch_process (local in 4emac-timesynch.c) called from PC: $12738 (elapsed: 1362752)
  call_process (local in process.c) called from PC: $1291c (elapsed: 1362789)
  process_run (packetbuf.c) called from PC: $05edc (elapsed: 1366910)
 WARN [Thread-2] (MspMote.java:229) - 42: # Watchdog[EXECUTION]: illegal write to WDTCTL (0) from $103ca - reset!!!!
Watchdog: illegal write to WDTCTL (0) from $103ca - reset!!!!
Stack Trace: number of calls: 5 PC: $103ca
  watchdog_reboot (packetbuf.c) called from PC: $24c30 (elapsed: 5)
  restart_time_synchronisation (packetbuf.c) called from PC: $159f2 (elapsed: 30537)
  process_thread_foure_timesynch_process (local in 4emac-timesynch.c) called from PC: $12738 (elapsed: 642571)
  call_process (local in process.c) called from PC: $1291c (elapsed: 642608)
  process_run (packetbuf.c) called from PC: $05edc (elapsed: 645685)
 WARN [Thread-2] (MspMote.java:229) - 16: # Watchdog[EXECUTION]: illegal write to WDTCTL (0) from $103ca - reset!!!!
Watchdog: illegal write to WDTCTL (0) from $103ca - reset!!!!
Stack Trace: number of calls: 5 PC: $103ca
  watchdog_reboot (packetbuf.c) called from PC: $24c30 (elapsed: 5)
  restart_time_synchronisation (packetbuf.c) called from PC: $159f2 (elapsed: 91418)
  process_thread_foure_timesynch_process (local in 4emac-timesynch.c) called from PC: $12738 (elapsed: 735850)
  call_process (local in process.c) called from PC: $1291c (elapsed: 735887)
  process_run (packetbuf.c) called from PC: $05edc (elapsed: 738998)
 WARN [Thread-2] (MspMote.java:229) - 15: # Watchdog[EXECUTION]: illegal write to WDTCTL (0) from $103ca - reset!!!!
Watchdog: illegal write to WDTCTL (0) from $103ca - reset!!!!
Stack Trace: number of calls: 5 PC: $103ca
  watchdog_reboot (packetbuf.c) called from PC: $24c30 (elapsed: 5)
  restart_time_synchronisation (packetbuf.c) called from PC: $159f2 (elapsed: 30453)
  process_thread_foure_timesynch_process (local in 4emac-timesynch.c) called from PC: $12738 (elapsed: 831376)
  call_process (local in process.c) called from PC: $1291c (elapsed: 831413)
  process_run (packetbuf.c) called from PC: $05edc (elapsed: 834488)
 WARN [Thread-2] (MspMote.java:229) - 33: # Watchdog[EXECUTION]: illegal write to WDTCTL (0) from $103ca - reset!!!!
Watchdog: illegal write to WDTCTL (0) from $103ca - reset!!!!
Stack Trace: number of calls: 5 PC: $103ca
  watchdog_reboot (packetbuf.c) called from PC: $24c30 (elapsed: 5)
  restart_time_synchronisation (packetbuf.c) called from PC: $159f2 (elapsed: 30453)
  process_thread_foure_timesynch_process (local in 4emac-timesynch.c) called from PC: $12738 (elapsed: 959098)
  call_process (local in process.c) called from PC: $1291c (elapsed: 959135)
  process_run (packetbuf.c) called from PC: $05edc (elapsed: 962268)
 WARN [Thread-2] (MspMote.java:229) - 35: # Watchdog[EXECUTION]: illegal write to WDTCTL (0) from $103ca - reset!!!!
Watchdog: illegal write to WDTCTL (0) from $103ca - reset!!!!
Stack Trace: number of calls: 5 PC: $103ca
  watchdog_reboot (packetbuf.c) called from PC: $24c30 (elapsed: 5)
  restart_time_synchronisation (packetbuf.c) called from PC: $159f2 (elapsed: 31359)
  process_thread_foure_timesynch_process (local in 4emac-timesynch.c) called from PC: $12738 (elapsed: 185587)
  call_process (local in process.c) called from PC: $1291c (elapsed: 185624)
  process_run (packetbuf.c) called from PC: $05edc (elapsed: 187905)
 WARN [Thread-2] (MspMote.java:229) - 49: # Watchdog[EXECUTION]: illegal write to WDTCTL (0) from $103ca - reset!!!!
Watchdog: illegal write to WDTCTL (0) from $103ca - reset!!!!
Stack Trace: number of calls: 5 PC: $103ca
  watchdog_reboot (packetbuf.c) called from PC: $24c30 (elapsed: 5)
  restart_time_synchronisation (packetbuf.c) called from PC: $159f2 (elapsed: 60546)
  process_thread_foure_timesynch_process (local in 4emac-timesynch.c) called from PC: $12738 (elapsed: 218183)
  call_process (local in process.c) called from PC: $1291c (elapsed: 218220)
  process_run (packetbuf.c) called from PC: $05edc (elapsed: 221318)
 WARN [Thread-2] (MspMote.java:229) - 29: # Watchdog[EXECUTION]: illegal write to WDTCTL (0) from $103ca - reset!!!!
Watchdog: illegal write to WDTCTL (0) from $103ca - reset!!!!
Stack Trace: number of calls: 5 PC: $103ca
  watchdog_reboot (packetbuf.c) called from PC: $24c30 (elapsed: 5)
  restart_time_synchronisation (packetbuf.c) called from PC: $159f2 (elapsed: 30447)
  process_thread_foure_timesynch_process (local in 4emac-timesynch.c) called from PC: $12738 (elapsed: 1084668)
  call_process (local in process.c) called from PC: $1291c (elapsed: 1084705)
  process_run (packetbuf.c) called from PC: $05edc (elapsed: 1087710)
 WARN [Thread-2] (MspMote.java:229) - 36: # Watchdog[EXECUTION]: illegal write to WDTCTL (0) from $103ca - reset!!!!
Watchdog: illegal write to WDTCTL (0) from $103ca - reset!!!!
Stack Trace: number of calls: 5 PC: $103ca
  watchdog_reboot (packetbuf.c) called from PC: $24c30 (elapsed: 5)
  restart_time_synchronisation (packetbuf.c) called from PC: $159f2 (elapsed: 30452)
  process_thread_foure_timesynch_process (local in 4emac-timesynch.c) called from PC: $12738 (elapsed: 1115703)
  call_process (local in process.c) called from PC: $1291c (elapsed: 1115740)
  process_run (packetbuf.c) called from PC: $05edc (elapsed: 1118655)
 WARN [Thread-2] (MspMote.java:229) - 13: # Watchdog[EXECUTION]: illegal write to WDTCTL (0) from $103ca - reset!!!!
Watchdog: illegal write to WDTCTL (0) from $103ca - reset!!!!
Stack Trace: number of calls: 5 PC: $103ca
  watchdog_reboot (packetbuf.c) called from PC: $24c30 (elapsed: 5)
  restart_time_synchronisation (packetbuf.c) called from PC: $159f2 (elapsed: 30452)
  process_thread_foure_timesynch_process (local in 4emac-timesynch.c) called from PC: $12738 (elapsed: 1222628)
  call_process (local in process.c) called from PC: $1291c (elapsed: 1222665)
  process_run (packetbuf.c) called from PC: $05edc (elapsed: 1225661)
 WARN [Thread-2] (MspMote.java:229) - 8: # Watchdog[EXECUTION]: illegal write to WDTCTL (0) from $103ca - reset!!!!
Watchdog: illegal write to WDTCTL (0) from $103ca - reset!!!!
Stack Trace: number of calls: 5 PC: $103ca
  watchdog_reboot (packetbuf.c) called from PC: $24c30 (elapsed: 5)
  restart_time_synchronisation (packetbuf.c) called from PC: $159f2 (elapsed: 30453)
  process_thread_foure_timesynch_process (local in 4emac-timesynch.c) called from PC: $12738 (elapsed: 945669)
  call_process (local in process.c) called from PC: $1291c (elapsed: 945706)
  process_run (packetbuf.c) called from PC: $05edc (elapsed: 948542)
 WARN [Thread-2] (MspMote.java:229) - 22: # Watchdog[EXECUTION]: illegal write to WDTCTL (0) from $103ca - reset!!!!
Watchdog: illegal write to WDTCTL (0) from $103ca - reset!!!!
Stack Trace: number of calls: 5 PC: $103ca
  watchdog_reboot (packetbuf.c) called from PC: $24c30 (elapsed: 5)
  restart_time_synchronisation (packetbuf.c) called from PC: $159f2 (elapsed: 30452)
  process_thread_foure_timesynch_process (local in 4emac-timesynch.c) called from PC: $12738 (elapsed: 800911)
  call_process (local in process.c) called from PC: $1291c (elapsed: 800948)
  process_run (packetbuf.c) called from PC: $05edc (elapsed: 803951)
 WARN [Thread-2] (MspMote.java:229) - 5: # Watchdog[EXECUTION]: illegal write to WDTCTL (0) from $103ca - reset!!!!
Watchdog: illegal write to WDTCTL (0) from $103ca - reset!!!!
Stack Trace: number of calls: 5 PC: $103ca
  watchdog_reboot (packetbuf.c) called from PC: $24c30 (elapsed: 5)
  restart_time_synchronisation (packetbuf.c) called from PC: $159f2 (elapsed: 30447)
  process_thread_foure_timesynch_process (local in 4emac-timesynch.c) called from PC: $12738 (elapsed: 1397529)
  call_process (local in process.c) called from PC: $1291c (elapsed: 1397566)
  process_run (packetbuf.c) called from PC: $05edc (elapsed: 1401128)
 WARN [Thread-2] (MspMote.java:229) - 31: # Watchdog[EXECUTION]: illegal write to WDTCTL (0) from $103ca - reset!!!!
Watchdog: illegal write to WDTCTL (0) from $103ca - reset!!!!
Stack Trace: number of calls: 5 PC: $103ca
  watchdog_reboot (packetbuf.c) called from PC: $24c30 (elapsed: 5)
  restart_time_synchronisation (packetbuf.c) called from PC: $159f2 (elapsed: 30452)
  process_thread_foure_timesynch_process (local in 4emac-timesynch.c) called from PC: $12738 (elapsed: 1366854)
  call_process (local in process.c) called from PC: $1291c (elapsed: 1366891)
  process_run (packetbuf.c) called from PC: $05edc (elapsed: 1369804)
 WARN [Thread-2] (MspMote.java:229) - 41: # Watchdog[EXECUTION]: illegal write to WDTCTL (0) from $103ca - reset!!!!
Watchdog: illegal write to WDTCTL (0) from $103ca - reset!!!!
Stack Trace: number of calls: 5 PC: $103ca
  watchdog_reboot (packetbuf.c) called from PC: $24c30 (elapsed: 5)
  restart_time_synchronisation (packetbuf.c) called from PC: $159f2 (elapsed: 30453)
  process_thread_foure_timesynch_process (local in 4emac-timesynch.c) called from PC: $12738 (elapsed: 1251642)
  call_process (local in process.c) called from PC: $1291c (elapsed: 1251679)
  process_run (packetbuf.c) called from PC: $05edc (elapsed: 1254889)
 WARN [Thread-2] (MspMote.java:229) - 12: # Watchdog[EXECUTION]: illegal write to WDTCTL (0) from $103ca - reset!!!!
Watchdog: illegal write to WDTCTL (0) from $103ca - reset!!!!
Stack Trace: number of calls: 5 PC: $103ca
  watchdog_reboot (packetbuf.c) called from PC: $24c30 (elapsed: 5)
  restart_time_synchronisation (packetbuf.c) called from PC: $159f2 (elapsed: 30447)
  process_thread_foure_timesynch_process (local in 4emac-timesynch.c) called from PC: $12738 (elapsed: 950457)
  call_process (local in process.c) called from PC: $1291c (elapsed: 950494)
  process_run (packetbuf.c) called from PC: $05edc (elapsed: 953569)
 WARN [Thread-2] (MspMote.java:229) - 28: # Watchdog[EXECUTION]: illegal write to WDTCTL (0) from $103ca - reset!!!!
Watchdog: illegal write to WDTCTL (0) from $103ca - reset!!!!
Stack Trace: number of calls: 5 PC: $103ca
  watchdog_reboot (packetbuf.c) called from PC: $24c30 (elapsed: 5)
  restart_time_synchronisation (packetbuf.c) called from PC: $159f2 (elapsed: 30452)
  process_thread_foure_timesynch_process (local in 4emac-timesynch.c) called from PC: $12738 (elapsed: 725322)
  call_process (local in process.c) called from PC: $1291c (elapsed: 725359)
  process_run (packetbuf.c) called from PC: $05edc (elapsed: 728515)
 WARN [Thread-2] (MspMote.java:229) - 51: # Watchdog[EXECUTION]: illegal write to WDTCTL (0) from $103ca - reset!!!!
Watchdog: illegal write to WDTCTL (0) from $103ca - reset!!!!
Stack Trace: number of calls: 5 PC: $103ca
  watchdog_reboot (packetbuf.c) called from PC: $24c30 (elapsed: 5)
  restart_time_synchronisation (packetbuf.c) called from PC: $159f2 (elapsed: 31364)
  process_thread_foure_timesynch_process (local in 4emac-timesynch.c) called from PC: $12738 (elapsed: 216635)
  call_process (local in process.c) called from PC: $1291c (elapsed: 216672)
  process_run (packetbuf.c) called from PC: $05edc (elapsed: 217959)
 WARN [Thread-2] (MspMote.java:229) - 21: # Watchdog[EXECUTION]: illegal write to WDTCTL (0) from $103ca - reset!!!!
Watchdog: illegal write to WDTCTL (0) from $103ca - reset!!!!
Stack Trace: number of calls: 5 PC: $103ca
  watchdog_reboot (packetbuf.c) called from PC: $24c30 (elapsed: 5)
  restart_time_synchronisation (packetbuf.c) called from PC: $159f2 (elapsed: 59249)
  process_thread_foure_timesynch_process (local in 4emac-timesynch.c) called from PC: $12738 (elapsed: 667393)
  call_process (local in process.c) called from PC: $1291c (elapsed: 667430)
  process_run (packetbuf.c) called from PC: $05edc (elapsed: 670345)
 WARN [Thread-2] (MspMote.java:229) - 46: # Watchdog[EXECUTION]: illegal write to WDTCTL (0) from $103ca - reset!!!!
Watchdog: illegal write to WDTCTL (0) from $103ca - reset!!!!
Stack Trace: number of calls: 5 PC: $103ca
  watchdog_reboot (packetbuf.c) called from PC: $24c30 (elapsed: 5)
  restart_time_synchronisation (packetbuf.c) called from PC: $159f2 (elapsed: 30447)
  process_thread_foure_timesynch_process (local in 4emac-timesynch.c) called from PC: $12738 (elapsed: 948899)
  call_process (local in process.c) called from PC: $1291c (elapsed: 948936)
  process_run (packetbuf.c) called from PC: $05edc (elapsed: 952070)
 WARN [Thread-2] (MspMote.java:229) - 25: # Watchdog[EXECUTION]: illegal write to WDTCTL (0) from $103ca - reset!!!!
 INFO [Thread-2] (LogScriptEngine.java:389) - Test script at 70.00%, done in 3572.2 sec
Watchdog: illegal write to WDTCTL (0) from $103ca - reset!!!!
Stack Trace: number of calls: 5 PC: $103ca
  watchdog_reboot (packetbuf.c) called from PC: $24c30 (elapsed: 5)
  restart_time_synchronisation (packetbuf.c) called from PC: $159f2 (elapsed: 30452)
  process_thread_foure_timesynch_process (local in 4emac-timesynch.c) called from PC: $12738 (elapsed: 977925)
  call_process (local in process.c) called from PC: $1291c (elapsed: 977962)
  process_run (packetbuf.c) called from PC: $05edc (elapsed: 981035)
 WARN [Thread-2] (MspMote.java:229) - 16: # Watchdog[EXECUTION]: illegal write to WDTCTL (0) from $103ca - reset!!!!
Watchdog: illegal write to WDTCTL (0) from $103ca - reset!!!!
Stack Trace: number of calls: 5 PC: $103ca
  watchdog_reboot (packetbuf.c) called from PC: $24c30 (elapsed: 5)
  restart_time_synchronisation (packetbuf.c) called from PC: $159f2 (elapsed: 30447)
  process_thread_foure_timesynch_process (local in 4emac-timesynch.c) called from PC: $12738 (elapsed: 1086789)
  call_process (local in process.c) called from PC: $1291c (elapsed: 1086826)
  process_run (packetbuf.c) called from PC: $05edc (elapsed: 1089744)
 WARN [Thread-2] (MspMote.java:229) - 24: # Watchdog[EXECUTION]: illegal write to WDTCTL (0) from $103ca - reset!!!!
Watchdog: illegal write to WDTCTL (0) from $103ca - reset!!!!
Stack Trace: number of calls: 5 PC: $103ca
  watchdog_reboot (packetbuf.c) called from PC: $24c30 (elapsed: 5)
  restart_time_synchronisation (packetbuf.c) called from PC: $159f2 (elapsed: 30609)
  process_thread_foure_timesynch_process (local in 4emac-timesynch.c) called from PC: $12738 (elapsed: 947042)
  call_process (local in process.c) called from PC: $1291c (elapsed: 947079)
  process_run (packetbuf.c) called from PC: $05edc (elapsed: 950154)
 WARN [Thread-2] (MspMote.java:229) - 10: # Watchdog[EXECUTION]: illegal write to WDTCTL (0) from $103ca - reset!!!!
Watchdog: illegal write to WDTCTL (0) from $103ca - reset!!!!
Stack Trace: number of calls: 5 PC: $103ca
  watchdog_reboot (packetbuf.c) called from PC: $24c30 (elapsed: 5)
  restart_time_synchronisation (packetbuf.c) called from PC: $159f2 (elapsed: 30651)
  process_thread_foure_timesynch_process (local in 4emac-timesynch.c) called from PC: $12738 (elapsed: 1213693)
  call_process (local in process.c) called from PC: $1291c (elapsed: 1213730)
  process_run (packetbuf.c) called from PC: $05edc (elapsed: 1216868)
 WARN [Thread-2] (MspMote.java:229) - 9: # Watchdog[EXECUTION]: illegal write to WDTCTL (0) from $103ca - reset!!!!
Watchdog: illegal write to WDTCTL (0) from $103ca - reset!!!!
Stack Trace: number of calls: 5 PC: $103ca
  watchdog_reboot (packetbuf.c) called from PC: $24c30 (elapsed: 5)
  restart_time_synchronisation (packetbuf.c) called from PC: $159f2 (elapsed: 30447)
  process_thread_foure_timesynch_process (local in 4emac-timesynch.c) called from PC: $12738 (elapsed: 1087664)
  call_process (local in process.c) called from PC: $1291c (elapsed: 1087701)
  process_run (packetbuf.c) called from PC: $05edc (elapsed: 1090803)
 WARN [Thread-2] (MspMote.java:229) - 20: # Watchdog[EXECUTION]: illegal write to WDTCTL (0) from $103ca - reset!!!!
Watchdog: illegal write to WDTCTL (0) from $103ca - reset!!!!
Stack Trace: number of calls: 5 PC: $103ca
  watchdog_reboot (packetbuf.c) called from PC: $24c30 (elapsed: 5)
  restart_time_synchronisation (packetbuf.c) called from PC: $159f2 (elapsed: 30447)
  process_thread_foure_timesynch_process (local in 4emac-timesynch.c) called from PC: $12738 (elapsed: 1266572)
  call_process (local in process.c) called from PC: $1291c (elapsed: 1266609)
  process_run (packetbuf.c) called from PC: $05edc (elapsed: 1269767)
 WARN [Thread-2] (MspMote.java:229) - 4: # Watchdog[EXECUTION]: illegal write to WDTCTL (0) from $103ca - reset!!!!
Watchdog: illegal write to WDTCTL (0) from $103ca - reset!!!!
Stack Trace: number of calls: 5 PC: $103ca
  watchdog_reboot (packetbuf.c) called from PC: $24c30 (elapsed: 5)
  restart_time_synchronisation (packetbuf.c) called from PC: $159f2 (elapsed: 30483)
  process_thread_foure_timesynch_process (local in 4emac-timesynch.c) called from PC: $12738 (elapsed: 704082)
  call_process (local in process.c) called from PC: $1291c (elapsed: 704119)
  process_run (packetbuf.c) called from PC: $05edc (elapsed: 707032)
 WARN [Thread-2] (MspMote.java:229) - 8: # Watchdog[EXECUTION]: illegal write to WDTCTL (0) from $103ca - reset!!!!
Watchdog: illegal write to WDTCTL (0) from $103ca - reset!!!!
Stack Trace: number of calls: 5 PC: $103ca
  watchdog_reboot (packetbuf.c) called from PC: $24c30 (elapsed: 5)
  restart_time_synchronisation (packetbuf.c) called from PC: $159f2 (elapsed: 30452)
  process_thread_foure_timesynch_process (local in 4emac-timesynch.c) called from PC: $12738 (elapsed: 538027)
  call_process (local in process.c) called from PC: $1291c (elapsed: 538064)
  process_run (packetbuf.c) called from PC: $05edc (elapsed: 541062)
 WARN [Thread-2] (MspMote.java:229) - 40: # Watchdog[EXECUTION]: illegal write to WDTCTL (0) from $103ca - reset!!!!
Watchdog: illegal write to WDTCTL (0) from $103ca - reset!!!!
Stack Trace: number of calls: 5 PC: $103ca
  watchdog_reboot (packetbuf.c) called from PC: $24c30 (elapsed: 5)
  restart_time_synchronisation (packetbuf.c) called from PC: $159f2 (elapsed: 30447)
  process_thread_foure_timesynch_process (local in 4emac-timesynch.c) called from PC: $12738 (elapsed: 837354)
  call_process (local in process.c) called from PC: $1291c (elapsed: 837391)
  process_run (packetbuf.c) called from PC: $05edc (elapsed: 840495)
 WARN [Thread-2] (MspMote.java:229) - 17: # Watchdog[EXECUTION]: illegal write to WDTCTL (0) from $103ca - reset!!!!
Watchdog: illegal write to WDTCTL (0) from $103ca - reset!!!!
Stack Trace: number of calls: 5 PC: $103ca
  watchdog_reboot (packetbuf.c) called from PC: $24c30 (elapsed: 5)
  restart_time_synchronisation (packetbuf.c) called from PC: $159f2 (elapsed: 30452)
  process_thread_foure_timesynch_process (local in 4emac-timesynch.c) called from PC: $12738 (elapsed: 906295)
  call_process (local in process.c) called from PC: $1291c (elapsed: 906332)
  process_run (packetbuf.c) called from PC: $05edc (elapsed: 909403)
 WARN [Thread-2] (MspMote.java:229) - 13: # Watchdog[EXECUTION]: illegal write to WDTCTL (0) from $103ca - reset!!!!
Watchdog: illegal write to WDTCTL (0) from $103ca - reset!!!!
Stack Trace: number of calls: 5 PC: $103ca
  watchdog_reboot (packetbuf.c) called from PC: $24c30 (elapsed: 5)
  restart_time_synchronisation (packetbuf.c) called from PC: $159f2 (elapsed: 31365)
  process_thread_foure_timesynch_process (local in 4emac-timesynch.c) called from PC: $12738 (elapsed: 185435)
  call_process (local in process.c) called from PC: $1291c (elapsed: 185472)
  process_run (packetbuf.c) called from PC: $05edc (elapsed: 188562)
 WARN [Thread-2] (MspMote.java:229) - 11: # Watchdog[EXECUTION]: illegal write to WDTCTL (0) from $103ca - reset!!!!
Watchdog: illegal write to WDTCTL (0) from $103ca - reset!!!!
Stack Trace: number of calls: 5 PC: $103ca
  watchdog_reboot (packetbuf.c) called from PC: $24c30 (elapsed: 5)
  restart_time_synchronisation (packetbuf.c) called from PC: $159f2 (elapsed: 30447)
  process_thread_foure_timesynch_process (local in 4emac-timesynch.c) called from PC: $12738 (elapsed: 1141032)
  call_process (local in process.c) called from PC: $1291c (elapsed: 1141069)
  process_run (packetbuf.c) called from PC: $05edc (elapsed: 1144065)
 WARN [Thread-2] (MspMote.java:229) - 26: # Watchdog[EXECUTION]: illegal write to WDTCTL (0) from $103ca - reset!!!!
Watchdog: illegal write to WDTCTL (0) from $103ca - reset!!!!
Stack Trace: number of calls: 5 PC: $103ca
  watchdog_reboot (packetbuf.c) called from PC: $24c30 (elapsed: 5)
  restart_time_synchronisation (packetbuf.c) called from PC: $159f2 (elapsed: 30453)
  process_thread_foure_timesynch_process (local in 4emac-timesynch.c) called from PC: $12738 (elapsed: 941115)
  call_process (local in process.c) called from PC: $1291c (elapsed: 941152)
  process_run (packetbuf.c) called from PC: $05edc (elapsed: 944067)
 WARN [Thread-2] (MspMote.java:229) - 15: # Watchdog[EXECUTION]: illegal write to WDTCTL (0) from $103ca - reset!!!!
Watchdog: illegal write to WDTCTL (0) from $103ca - reset!!!!
Stack Trace: number of calls: 5 PC: $103ca
  watchdog_reboot (packetbuf.c) called from PC: $24c30 (elapsed: 5)
  restart_time_synchronisation (packetbuf.c) called from PC: $159f2 (elapsed: 30453)
  process_thread_foure_timesynch_process (local in 4emac-timesynch.c) called from PC: $12738 (elapsed: 509322)
  call_process (local in process.c) called from PC: $1291c (elapsed: 509359)
  process_run (packetbuf.c) called from PC: $05edc (elapsed: 512518)
 WARN [Thread-2] (MspMote.java:229) - 50: # Watchdog[EXECUTION]: illegal write to WDTCTL (0) from $103ca - reset!!!!
Watchdog: illegal write to WDTCTL (0) from $103ca - reset!!!!
Stack Trace: number of calls: 5 PC: $103ca
  watchdog_reboot (packetbuf.c) called from PC: $24c30 (elapsed: 5)
  restart_time_synchronisation (packetbuf.c) called from PC: $159f2 (elapsed: 30452)
  process_thread_foure_timesynch_process (local in 4emac-timesynch.c) called from PC: $12738 (elapsed: 804753)
  call_process (local in process.c) called from PC: $1291c (elapsed: 804790)
  process_run (packetbuf.c) called from PC: $05edc (elapsed: 808034)
 WARN [Thread-2] (MspMote.java:229) - 18: # Watchdog[EXECUTION]: illegal write to WDTCTL (0) from $103ca - reset!!!!
Watchdog: illegal write to WDTCTL (0) from $103ca - reset!!!!
Stack Trace: number of calls: 5 PC: $103ca
  watchdog_reboot (packetbuf.c) called from PC: $24c30 (elapsed: 5)
  restart_time_synchronisation (packetbuf.c) called from PC: $159f2 (elapsed: 30453)
  process_thread_foure_timesynch_process (local in 4emac-timesynch.c) called from PC: $12738 (elapsed: 1207686)
  call_process (local in process.c) called from PC: $1291c (elapsed: 1207723)
  process_run (packetbuf.c) called from PC: $05edc (elapsed: 1210882)
 WARN [Thread-2] (MspMote.java:229) - 7: # Watchdog[EXECUTION]: illegal write to WDTCTL (0) from $103ca - reset!!!!
Watchdog: illegal write to WDTCTL (0) from $103ca - reset!!!!
Stack Trace: number of calls: 5 PC: $103ca
  watchdog_reboot (packetbuf.c) called from PC: $24c30 (elapsed: 5)
  restart_time_synchronisation (packetbuf.c) called from PC: $159f2 (elapsed: 30453)
  process_thread_foure_timesynch_process (local in 4emac-timesynch.c) called from PC: $12738 (elapsed: 941196)
  call_process (local in process.c) called from PC: $1291c (elapsed: 941233)
  process_run (packetbuf.c) called from PC: $05edc (elapsed: 944148)
 WARN [Thread-2] (MspMote.java:229) - 14: # Watchdog[EXECUTION]: illegal write to WDTCTL (0) from $103ca - reset!!!!
Watchdog: illegal write to WDTCTL (0) from $103ca - reset!!!!
Stack Trace: number of calls: 5 PC: $103ca
  watchdog_reboot (packetbuf.c) called from PC: $24c30 (elapsed: 5)
  restart_time_synchronisation (packetbuf.c) called from PC: $159f2 (elapsed: 30452)
  process_thread_foure_timesynch_process (local in 4emac-timesynch.c) called from PC: $12738 (elapsed: 1219823)
  call_process (local in process.c) called from PC: $1291c (elapsed: 1219860)
  process_run (packetbuf.c) called from PC: $05edc (elapsed: 1224228)
 WARN [Thread-2] (MspMote.java:229) - 19: # Watchdog[EXECUTION]: illegal write to WDTCTL (0) from $103ca - reset!!!!
Watchdog: illegal write to WDTCTL (0) from $103ca - reset!!!!
Stack Trace: number of calls: 5 PC: $103ca
  watchdog_reboot (packetbuf.c) called from PC: $24c30 (elapsed: 5)
  restart_time_synchronisation (packetbuf.c) called from PC: $159f2 (elapsed: 30452)
  process_thread_foure_timesynch_process (local in 4emac-timesynch.c) called from PC: $12738 (elapsed: 811266)
  call_process (local in process.c) called from PC: $1291c (elapsed: 811303)
  process_run (packetbuf.c) called from PC: $05edc (elapsed: 814378)
 WARN [Thread-2] (MspMote.java:229) - 36: # Watchdog[EXECUTION]: illegal write to WDTCTL (0) from $103ca - reset!!!!
Watchdog: illegal write to WDTCTL (0) from $103ca - reset!!!!
Stack Trace: number of calls: 5 PC: $103ca
  watchdog_reboot (packetbuf.c) called from PC: $24c30 (elapsed: 5)
  restart_time_synchronisation (packetbuf.c) called from PC: $159f2 (elapsed: 30452)
  process_thread_foure_timesynch_process (local in 4emac-timesynch.c) called from PC: $12738 (elapsed: 1154177)
  call_process (local in process.c) called from PC: $1291c (elapsed: 1154214)
  process_run (packetbuf.c) called from PC: $05edc (elapsed: 1157204)
 WARN [Thread-2] (MspMote.java:229) - 30: # Watchdog[EXECUTION]: illegal write to WDTCTL (0) from $103ca - reset!!!!
Watchdog: illegal write to WDTCTL (0) from $103ca - reset!!!!
Stack Trace: number of calls: 5 PC: $103ca
  watchdog_reboot (packetbuf.c) called from PC: $24c30 (elapsed: 5)
  restart_time_synchronisation (packetbuf.c) called from PC: $159f2 (elapsed: 30453)
  process_thread_foure_timesynch_process (local in 4emac-timesynch.c) called from PC: $12738 (elapsed: 812848)
  call_process (local in process.c) called from PC: $1291c (elapsed: 812885)
  process_run (packetbuf.c) called from PC: $05edc (elapsed: 815800)
 WARN [Thread-2] (MspMote.java:229) - 49: # Watchdog[EXECUTION]: illegal write to WDTCTL (0) from $103ca - reset!!!!
Watchdog: illegal write to WDTCTL (0) from $103ca - reset!!!!
Stack Trace: number of calls: 5 PC: $103ca
  watchdog_reboot (packetbuf.c) called from PC: $24c30 (elapsed: 5)
  restart_time_synchronisation (packetbuf.c) called from PC: $159f2 (elapsed: 30453)
  process_thread_foure_timesynch_process (local in 4emac-timesynch.c) called from PC: $12738 (elapsed: 815790)
  call_process (local in process.c) called from PC: $1291c (elapsed: 815827)
  process_run (packetbuf.c) called from PC: $05edc (elapsed: 818825)
 WARN [Thread-2] (MspMote.java:229) - 27: # Watchdog[EXECUTION]: illegal write to WDTCTL (0) from $103ca - reset!!!!
Watchdog: illegal write to WDTCTL (0) from $103ca - reset!!!!
Stack Trace: number of calls: 5 PC: $103ca
  watchdog_reboot (packetbuf.c) called from PC: $24c30 (elapsed: 5)
  restart_time_synchronisation (packetbuf.c) called from PC: $159f2 (elapsed: 30452)
  process_thread_foure_timesynch_process (local in 4emac-timesynch.c) called from PC: $12738 (elapsed: 1089615)
  call_process (local in process.c) called from PC: $1291c (elapsed: 1089652)
  process_run (packetbuf.c) called from PC: $05edc (elapsed: 1092732)
 WARN [Thread-2] (MspMote.java:229) - 45: # Watchdog[EXECUTION]: illegal write to WDTCTL (0) from $103ca - reset!!!!
Watchdog: illegal write to WDTCTL (0) from $103ca - reset!!!!
Stack Trace: number of calls: 5 PC: $103ca
  watchdog_reboot (packetbuf.c) called from PC: $24c30 (elapsed: 5)
  restart_time_synchronisation (packetbuf.c) called from PC: $159f2 (elapsed: 30458)
  process_thread_foure_timesynch_process (local in 4emac-timesynch.c) called from PC: $12738 (elapsed: 812776)
  call_process (local in process.c) called from PC: $1291c (elapsed: 812813)
  process_run (packetbuf.c) called from PC: $05edc (elapsed: 815726)
 WARN [Thread-2] (MspMote.java:229) - 28: # Watchdog[EXECUTION]: illegal write to WDTCTL (0) from $103ca - reset!!!!
Watchdog: illegal write to WDTCTL (0) from $103ca - reset!!!!
Stack Trace: number of calls: 5 PC: $103ca
  watchdog_reboot (packetbuf.c) called from PC: $24c30 (elapsed: 5)
  restart_time_synchronisation (packetbuf.c) called from PC: $159f2 (elapsed: 30453)
  process_thread_foure_timesynch_process (local in 4emac-timesynch.c) called from PC: $12738 (elapsed: 1108297)
  call_process (local in process.c) called from PC: $1291c (elapsed: 1108334)
  process_run (packetbuf.c) called from PC: $05edc (elapsed: 1111247)
 WARN [Thread-2] (MspMote.java:229) - 39: # Watchdog[EXECUTION]: illegal write to WDTCTL (0) from $103ca - reset!!!!
Watchdog: illegal write to WDTCTL (0) from $103ca - reset!!!!
Stack Trace: number of calls: 5 PC: $103ca
  watchdog_reboot (packetbuf.c) called from PC: $24c30 (elapsed: 5)
  restart_time_synchronisation (packetbuf.c) called from PC: $159f2 (elapsed: 30447)
  process_thread_foure_timesynch_process (local in 4emac-timesynch.c) called from PC: $12738 (elapsed: 1260500)
  call_process (local in process.c) called from PC: $1291c (elapsed: 1260537)
  process_run (packetbuf.c) called from PC: $05edc (elapsed: 1263687)
 WARN [Thread-2] (MspMote.java:229) - 37: # Watchdog[EXECUTION]: illegal write to WDTCTL (0) from $103ca - reset!!!!
Watchdog: illegal write to WDTCTL (0) from $103ca - reset!!!!
Stack Trace: number of calls: 5 PC: $103ca
  watchdog_reboot (packetbuf.c) called from PC: $24c30 (elapsed: 5)
  restart_time_synchronisation (packetbuf.c) called from PC: $159f2 (elapsed: 30591)
  process_thread_foure_timesynch_process (local in 4emac-timesynch.c) called from PC: $12738 (elapsed: 502051)
  call_process (local in process.c) called from PC: $1291c (elapsed: 502088)
  process_run (packetbuf.c) called from PC: $05edc (elapsed: 505078)
 WARN [Thread-2] (MspMote.java:229) - 30: # Watchdog[EXECUTION]: illegal write to WDTCTL (0) from $103ca - reset!!!!
Watchdog: illegal write to WDTCTL (0) from $103ca - reset!!!!
Stack Trace: number of calls: 5 PC: $103ca
  watchdog_reboot (packetbuf.c) called from PC: $24c30 (elapsed: 5)
  restart_time_synchronisation (packetbuf.c) called from PC: $159f2 (elapsed: 30453)
  process_thread_foure_timesynch_process (local in 4emac-timesynch.c) called from PC: $12738 (elapsed: 944214)
  call_process (local in process.c) called from PC: $1291c (elapsed: 944251)
  process_run (packetbuf.c) called from PC: $05edc (elapsed: 947326)
 WARN [Thread-2] (MspMote.java:229) - 47: # Watchdog[EXECUTION]: illegal write to WDTCTL (0) from $103ca - reset!!!!
Watchdog: illegal write to WDTCTL (0) from $103ca - reset!!!!
Stack Trace: number of calls: 5 PC: $103ca
  watchdog_reboot (packetbuf.c) called from PC: $24c30 (elapsed: 5)
  restart_time_synchronisation (packetbuf.c) called from PC: $159f2 (elapsed: 30651)
  process_thread_foure_timesynch_process (local in 4emac-timesynch.c) called from PC: $12738 (elapsed: 809893)
  call_process (local in process.c) called from PC: $1291c (elapsed: 809930)
  process_run (packetbuf.c) called from PC: $05edc (elapsed: 812924)
 WARN [Thread-2] (MspMote.java:229) - 29: # Watchdog[EXECUTION]: illegal write to WDTCTL (0) from $103ca - reset!!!!
Watchdog: illegal write to WDTCTL (0) from $103ca - reset!!!!
Stack Trace: number of calls: 5 PC: $103ca
  watchdog_reboot (packetbuf.c) called from PC: $24c30 (elapsed: 5)
  restart_time_synchronisation (packetbuf.c) called from PC: $159f2 (elapsed: 31365)
  process_thread_foure_timesynch_process (local in 4emac-timesynch.c) called from PC: $12738 (elapsed: 185429)
  call_process (local in process.c) called from PC: $1291c (elapsed: 185466)
  process_run (packetbuf.c) called from PC: $05edc (elapsed: 186753)
 WARN [Thread-2] (MspMote.java:229) - 22: # Watchdog[EXECUTION]: illegal write to WDTCTL (0) from $103ca - reset!!!!
 INFO [Thread-2] (LogScriptEngine.java:389) - Test script at 75.00%, done in 2902.1 sec
Watchdog: illegal write to WDTCTL (0) from $103ca - reset!!!!
Stack Trace: number of calls: 5 PC: $103ca
  watchdog_reboot (packetbuf.c) called from PC: $24c30 (elapsed: 5)
  restart_time_synchronisation (packetbuf.c) called from PC: $159f2 (elapsed: 33378)
  process_thread_foure_timesynch_process (local in 4emac-timesynch.c) called from PC: $12738 (elapsed: 925189)
  call_process (local in process.c) called from PC: $1291c (elapsed: 925226)
  process_run (packetbuf.c) called from PC: $05edc (elapsed: 928141)
 WARN [Thread-2] (MspMote.java:229) - 42: # Watchdog[EXECUTION]: illegal write to WDTCTL (0) from $103ca - reset!!!!
Watchdog: illegal write to WDTCTL (0) from $103ca - reset!!!!
Stack Trace: number of calls: 5 PC: $103ca
  watchdog_reboot (packetbuf.c) called from PC: $24c30 (elapsed: 5)
  restart_time_synchronisation (packetbuf.c) called from PC: $159f2 (elapsed: 30452)
  process_thread_foure_timesynch_process (local in 4emac-timesynch.c) called from PC: $12738 (elapsed: 1534279)
  call_process (local in process.c) called from PC: $1291c (elapsed: 1534316)
  process_run (packetbuf.c) called from PC: $05edc (elapsed: 1537791)
 WARN [Thread-2] (MspMote.java:229) - 48: # Watchdog[EXECUTION]: illegal write to WDTCTL (0) from $103ca - reset!!!!
Watchdog: illegal write to WDTCTL (0) from $103ca - reset!!!!
Stack Trace: number of calls: 5 PC: $103ca
  watchdog_reboot (packetbuf.c) called from PC: $24c30 (elapsed: 5)
  restart_time_synchronisation (packetbuf.c) called from PC: $159f2 (elapsed: 30452)
  process_thread_foure_timesynch_process (local in 4emac-timesynch.c) called from PC: $12738 (elapsed: 1222605)
  call_process (local in process.c) called from PC: $1291c (elapsed: 1222642)
  process_run (packetbuf.c) called from PC: $05edc (elapsed: 1226011)
 WARN [Thread-2] (MspMote.java:229) - 38: # Watchdog[EXECUTION]: illegal write to WDTCTL (0) from $103ca - reset!!!!
Watchdog: illegal write to WDTCTL (0) from $103ca - reset!!!!
Stack Trace: number of calls: 5 PC: $103ca
  watchdog_reboot (packetbuf.c) called from PC: $24c30 (elapsed: 5)
  restart_time_synchronisation (packetbuf.c) called from PC: $159f2 (elapsed: 30452)
  process_thread_foure_timesynch_process (local in 4emac-timesynch.c) called from PC: $12738 (elapsed: 1341321)
  call_process (local in process.c) called from PC: $1291c (elapsed: 1341358)
  process_run (packetbuf.c) called from PC: $05edc (elapsed: 1344194)
 WARN [Thread-2] (MspMote.java:229) - 4: # Watchdog[EXECUTION]: illegal write to WDTCTL (0) from $103ca - reset!!!!
Watchdog: illegal write to WDTCTL (0) from $103ca - reset!!!!
Stack Trace: number of calls: 5 PC: $103ca
  watchdog_reboot (packetbuf.c) called from PC: $24c30 (elapsed: 5)
  restart_time_synchronisation (packetbuf.c) called from PC: $159f2 (elapsed: 30447)
  process_thread_foure_timesynch_process (local in 4emac-timesynch.c) called from PC: $12738 (elapsed: 1204360)
  call_process (local in process.c) called from PC: $1291c (elapsed: 1204397)
  process_run (packetbuf.c) called from PC: $05edc (elapsed: 1207470)
 WARN [Thread-2] (MspMote.java:229) - 9: # Watchdog[EXECUTION]: illegal write to WDTCTL (0) from $103ca - reset!!!!
Watchdog: illegal write to WDTCTL (0) from $103ca - reset!!!!
Stack Trace: number of calls: 5 PC: $103ca
  watchdog_reboot (packetbuf.c) called from PC: $24c30 (elapsed: 5)
  restart_time_synchronisation (packetbuf.c) called from PC: $159f2 (elapsed: 30447)
  process_thread_foure_timesynch_process (local in 4emac-timesynch.c) called from PC: $12738 (elapsed: 950747)
  call_process (local in process.c) called from PC: $1291c (elapsed: 950784)
  process_run (packetbuf.c) called from PC: $05edc (elapsed: 953807)
 WARN [Thread-2] (MspMote.java:229) - 49: # Watchdog[EXECUTION]: illegal write to WDTCTL (0) from $103ca - reset!!!!
Watchdog: illegal write to WDTCTL (0) from $103ca - reset!!!!
Stack Trace: number of calls: 5 PC: $103ca
  watchdog_reboot (packetbuf.c) called from PC: $24c30 (elapsed: 5)
  restart_time_synchronisation (packetbuf.c) called from PC: $159f2 (elapsed: 31359)
  process_thread_foure_timesynch_process (local in 4emac-timesynch.c) called from PC: $12738 (elapsed: 185459)
  call_process (local in process.c) called from PC: $1291c (elapsed: 185496)
  process_run (packetbuf.c) called from PC: $05edc (elapsed: 187777)
 WARN [Thread-2] (MspMote.java:229) - 28: # Watchdog[EXECUTION]: illegal write to WDTCTL (0) from $103ca - reset!!!!
Watchdog: illegal write to WDTCTL (0) from $103ca - reset!!!!
Stack Trace: number of calls: 5 PC: $103ca
  watchdog_reboot (packetbuf.c) called from PC: $24c30 (elapsed: 5)
  restart_time_synchronisation (packetbuf.c) called from PC: $159f2 (elapsed: 60660)
  process_thread_foure_timesynch_process (local in 4emac-timesynch.c) called from PC: $12738 (elapsed: 1248448)
  call_process (local in process.c) called from PC: $1291c (elapsed: 1248485)
  process_run (packetbuf.c) called from PC: $05edc (elapsed: 1251398)
 WARN [Thread-2] (MspMote.java:229) - 12: # Watchdog[EXECUTION]: illegal write to WDTCTL (0) from $103ca - reset!!!!
Watchdog: illegal write to WDTCTL (0) from $103ca - reset!!!!
Stack Trace: number of calls: 5 PC: $103ca
  watchdog_reboot (packetbuf.c) called from PC: $24c30 (elapsed: 5)
  restart_time_synchronisation (packetbuf.c) called from PC: $159f2 (elapsed: 30452)
  process_thread_foure_timesynch_process (local in 4emac-timesynch.c) called from PC: $12738 (elapsed: 843926)
  call_process (local in process.c) called from PC: $1291c (elapsed: 843963)
  process_run (packetbuf.c) called from PC: $05edc (elapsed: 847032)
 WARN [Thread-2] (MspMote.java:229) - 14: # Watchdog[EXECUTION]: illegal write to WDTCTL (0) from $103ca - reset!!!!
Watchdog: illegal write to WDTCTL (0) from $103ca - reset!!!!
Stack Trace: number of calls: 5 PC: $103ca
  watchdog_reboot (packetbuf.c) called from PC: $24c30 (elapsed: 5)
  restart_time_synchronisation (packetbuf.c) called from PC: $159f2 (elapsed: 30453)
  process_thread_foure_timesynch_process (local in 4emac-timesynch.c) called from PC: $12738 (elapsed: 818937)
  call_process (local in process.c) called from PC: $1291c (elapsed: 818974)
  process_run (packetbuf.c) called from PC: $05edc (elapsed: 821969)
 WARN [Thread-2] (MspMote.java:229) - 35: # Watchdog[EXECUTION]: illegal write to WDTCTL (0) from $103ca - reset!!!!
Watchdog: illegal write to WDTCTL (0) from $103ca - reset!!!!
Stack Trace: number of calls: 5 PC: $103ca
  watchdog_reboot (packetbuf.c) called from PC: $24c30 (elapsed: 5)
  restart_time_synchronisation (packetbuf.c) called from PC: $159f2 (elapsed: 30591)
  process_thread_foure_timesynch_process (local in 4emac-timesynch.c) called from PC: $12738 (elapsed: 1391106)
  call_process (local in process.c) called from PC: $1291c (elapsed: 1391143)
  process_run (packetbuf.c) called from PC: $05edc (elapsed: 1394137)
 WARN [Thread-2] (MspMote.java:229) - 13: # Watchdog[EXECUTION]: illegal write to WDTCTL (0) from $103ca - reset!!!!
Watchdog: illegal write to WDTCTL (0) from $103ca - reset!!!!
Stack Trace: number of calls: 5 PC: $103ca
  watchdog_reboot (packetbuf.c) called from PC: $24c30 (elapsed: 5)
  restart_time_synchronisation (packetbuf.c) called from PC: $159f2 (elapsed: 30452)
  process_thread_foure_timesynch_process (local in 4emac-timesynch.c) called from PC: $12738 (elapsed: 1213993)
  call_process (local in process.c) called from PC: $1291c (elapsed: 1214030)
  process_run (packetbuf.c) called from PC: $05edc (elapsed: 1217103)
 WARN [Thread-2] (MspMote.java:229) - 10: # Watchdog[EXECUTION]: illegal write to WDTCTL (0) from $103ca - reset!!!!
Watchdog: illegal write to WDTCTL (0) from $103ca - reset!!!!
Stack Trace: number of calls: 5 PC: $103ca
  watchdog_reboot (packetbuf.c) called from PC: $24c30 (elapsed: 5)
  restart_time_synchronisation (packetbuf.c) called from PC: $159f2 (elapsed: 30452)
  process_thread_foure_timesynch_process (local in 4emac-timesynch.c) called from PC: $12738 (elapsed: 672191)
  call_process (local in process.c) called from PC: $1291c (elapsed: 672228)
  process_run (packetbuf.c) called from PC: $05edc (elapsed: 675222)
 WARN [Thread-2] (MspMote.java:229) - 25: # Watchdog[EXECUTION]: illegal write to WDTCTL (0) from $103ca - reset!!!!
Watchdog: illegal write to WDTCTL (0) from $103ca - reset!!!!
Stack Trace: number of calls: 5 PC: $103ca
  watchdog_reboot (packetbuf.c) called from PC: $24c30 (elapsed: 5)
  restart_time_synchronisation (packetbuf.c) called from PC: $159f2 (elapsed: 30452)
  process_thread_foure_timesynch_process (local in 4emac-timesynch.c) called from PC: $12738 (elapsed: 840796)
  call_process (local in process.c) called from PC: $1291c (elapsed: 840833)
  process_run (packetbuf.c) called from PC: $05edc (elapsed: 843750)
 WARN [Thread-2] (MspMote.java:229) - 20: # Watchdog[EXECUTION]: illegal write to WDTCTL (0) from $103ca - reset!!!!
Watchdog: illegal write to WDTCTL (0) from $103ca - reset!!!!
Stack Trace: number of calls: 5 PC: $103ca
  watchdog_reboot (packetbuf.c) called from PC: $24c30 (elapsed: 5)
  restart_time_synchronisation (packetbuf.c) called from PC: $159f2 (elapsed: 30452)
  process_thread_foure_timesynch_process (local in 4emac-timesynch.c) called from PC: $12738 (elapsed: 671747)
  call_process (local in process.c) called from PC: $1291c (elapsed: 671784)
  process_run (packetbuf.c) called from PC: $05edc (elapsed: 674864)
 WARN [Thread-2] (MspMote.java:229) - 5: # Watchdog[EXECUTION]: illegal write to WDTCTL (0) from $103ca - reset!!!!
Watchdog: illegal write to WDTCTL (0) from $103ca - reset!!!!
Stack Trace: number of calls: 5 PC: $103ca
  watchdog_reboot (packetbuf.c) called from PC: $24c30 (elapsed: 5)
  restart_time_synchronisation (packetbuf.c) called from PC: $159f2 (elapsed: 30483)
  process_thread_foure_timesynch_process (local in 4emac-timesynch.c) called from PC: $12738 (elapsed: 1370609)
  call_process (local in process.c) called from PC: $1291c (elapsed: 1370646)
  process_run (packetbuf.c) called from PC: $05edc (elapsed: 1373726)
 WARN [Thread-2] (MspMote.java:229) - 44: # Watchdog[EXECUTION]: illegal write to WDTCTL (0) from $103ca - reset!!!!
Watchdog: illegal write to WDTCTL (0) from $103ca - reset!!!!
Stack Trace: number of calls: 5 PC: $103ca
  watchdog_reboot (packetbuf.c) called from PC: $24c30 (elapsed: 5)
  restart_time_synchronisation (packetbuf.c) called from PC: $159f2 (elapsed: 30453)
  process_thread_foure_timesynch_process (local in 4emac-timesynch.c) called from PC: $12738 (elapsed: 564285)
  call_process (local in process.c) called from PC: $1291c (elapsed: 564322)
  process_run (packetbuf.c) called from PC: $05edc (elapsed: 567318)
 WARN [Thread-2] (MspMote.java:229) - 30: # Watchdog[EXECUTION]: illegal write to WDTCTL (0) from $103ca - reset!!!!
Watchdog: illegal write to WDTCTL (0) from $103ca - reset!!!!
Stack Trace: number of calls: 5 PC: $103ca
  watchdog_reboot (packetbuf.c) called from PC: $24c30 (elapsed: 5)
  restart_time_synchronisation (packetbuf.c) called from PC: $159f2 (elapsed: 30452)
  process_thread_foure_timesynch_process (local in 4emac-timesynch.c) called from PC: $12738 (elapsed: 944599)
  call_process (local in process.c) called from PC: $1291c (elapsed: 944636)
  process_run (packetbuf.c) called from PC: $05edc (elapsed: 974111)
 WARN [Thread-2] (MspMote.java:229) - 16: # Watchdog[EXECUTION]: illegal write to WDTCTL (0) from $103ca - reset!!!!
Watchdog: illegal write to WDTCTL (0) from $103ca - reset!!!!
Stack Trace: number of calls: 5 PC: $103ca
  watchdog_reboot (packetbuf.c) called from PC: $24c30 (elapsed: 5)
  restart_time_synchronisation (packetbuf.c) called from PC: $159f2 (elapsed: 30452)
  process_thread_foure_timesynch_process (local in 4emac-timesynch.c) called from PC: $12738 (elapsed: 805086)
  call_process (local in process.c) called from PC: $1291c (elapsed: 805123)
  process_run (packetbuf.c) called from PC: $05edc (elapsed: 808040)
 WARN [Thread-2] (MspMote.java:229) - 19: # Watchdog[EXECUTION]: illegal write to WDTCTL (0) from $103ca - reset!!!!
Watchdog: illegal write to WDTCTL (0) from $103ca - reset!!!!
Stack Trace: number of calls: 5 PC: $103ca
  watchdog_reboot (packetbuf.c) called from PC: $24c30 (elapsed: 5)
  restart_time_synchronisation (packetbuf.c) called from PC: $159f2 (elapsed: 30452)
  process_thread_foure_timesynch_process (local in 4emac-timesynch.c) called from PC: $12738 (elapsed: 1347389)
  call_process (local in process.c) called from PC: $1291c (elapsed: 1347426)
  process_run (packetbuf.c) called from PC: $05edc (elapsed: 1350418)
 WARN [Thread-2] (MspMote.java:229) - 8: # Watchdog[EXECUTION]: illegal write to WDTCTL (0) from $103ca - reset!!!!
Watchdog: illegal write to WDTCTL (0) from $103ca - reset!!!!
Stack Trace: number of calls: 5 PC: $103ca
  watchdog_reboot (packetbuf.c) called from PC: $24c30 (elapsed: 5)
  restart_time_synchronisation (packetbuf.c) called from PC: $159f2 (elapsed: 30452)
  process_thread_foure_timesynch_process (local in 4emac-timesynch.c) called from PC: $12738 (elapsed: 1117138)
  call_process (local in process.c) called from PC: $1291c (elapsed: 1117175)
  process_run (packetbuf.c) called from PC: $05edc (elapsed: 1120167)
 WARN [Thread-2] (MspMote.java:229) - 24: # Watchdog[EXECUTION]: illegal write to WDTCTL (0) from $103ca - reset!!!!
Watchdog: illegal write to WDTCTL (0) from $103ca - reset!!!!
Stack Trace: number of calls: 5 PC: $103ca
  watchdog_reboot (packetbuf.c) called from PC: $24c30 (elapsed: 5)
  restart_time_synchronisation (packetbuf.c) called from PC: $159f2 (elapsed: 30447)
  process_thread_foure_timesynch_process (local in 4emac-timesynch.c) called from PC: $12738 (elapsed: 808778)
  call_process (local in process.c) called from PC: $1291c (elapsed: 808815)
  process_run (packetbuf.c) called from PC: $05edc (elapsed: 811890)
 WARN [Thread-2] (MspMote.java:229) - 15: # Watchdog[EXECUTION]: illegal write to WDTCTL (0) from $103ca - reset!!!!
Watchdog: illegal write to WDTCTL (0) from $103ca - reset!!!!
Stack Trace: number of calls: 5 PC: $103ca
  watchdog_reboot (packetbuf.c) called from PC: $24c30 (elapsed: 5)
  restart_time_synchronisation (packetbuf.c) called from PC: $159f2 (elapsed: 30452)
  process_thread_foure_timesynch_process (local in 4emac-timesynch.c) called from PC: $12738 (elapsed: 671642)
  call_process (local in process.c) called from PC: $1291c (elapsed: 671679)
  process_run (packetbuf.c) called from PC: $05edc (elapsed: 674674)
 WARN [Thread-2] (MspMote.java:229) - 31: # Watchdog[EXECUTION]: illegal write to WDTCTL (0) from $103ca - reset!!!!
Watchdog: illegal write to WDTCTL (0) from $103ca - reset!!!!
Stack Trace: number of calls: 5 PC: $103ca
  watchdog_reboot (packetbuf.c) called from PC: $24c30 (elapsed: 5)
  restart_time_synchronisation (packetbuf.c) called from PC: $159f2 (elapsed: 30453)
  process_thread_foure_timesynch_process (local in 4emac-timesynch.c) called from PC: $12738 (elapsed: 941107)
  call_process (local in process.c) called from PC: $1291c (elapsed: 941144)
  process_run (packetbuf.c) called from PC: $05edc (elapsed: 944066)
 WARN [Thread-2] (MspMote.java:229) - 23: # Watchdog[EXECUTION]: illegal write to WDTCTL (0) from $103ca - reset!!!!
Watchdog: illegal write to WDTCTL (0) from $103ca - reset!!!!
Stack Trace: number of calls: 5 PC: $103ca
  watchdog_reboot (packetbuf.c) called from PC: $24c30 (elapsed: 5)
  restart_time_synchronisation (packetbuf.c) called from PC: $159f2 (elapsed: 30452)
  process_thread_foure_timesynch_process (local in 4emac-timesynch.c) called from PC: $12738 (elapsed: 1349205)
  call_process (local in process.c) called from PC: $1291c (elapsed: 1349242)
  process_run (packetbuf.c) called from PC: $05edc (elapsed: 1352392)
 WARN [Thread-2] (MspMote.java:229) - 3: # Watchdog[EXECUTION]: illegal write to WDTCTL (0) from $103ca - reset!!!!
Watchdog: illegal write to WDTCTL (0) from $103ca - reset!!!!
Stack Trace: number of calls: 5 PC: $103ca
  watchdog_reboot (packetbuf.c) called from PC: $24c30 (elapsed: 5)
  restart_time_synchronisation (packetbuf.c) called from PC: $159f2 (elapsed: 30585)
  process_thread_foure_timesynch_process (local in 4emac-timesynch.c) called from PC: $12738 (elapsed: 1400155)
  call_process (local in process.c) called from PC: $1291c (elapsed: 1400192)
  process_run (packetbuf.c) called from PC: $05edc (elapsed: 1403103)
 WARN [Thread-2] (MspMote.java:229) - 50: # Watchdog[EXECUTION]: illegal write to WDTCTL (0) from $103ca - reset!!!!
Watchdog: illegal write to WDTCTL (0) from $103ca - reset!!!!
Stack Trace: number of calls: 5 PC: $103ca
  watchdog_reboot (packetbuf.c) called from PC: $24c30 (elapsed: 5)
  restart_time_synchronisation (packetbuf.c) called from PC: $159f2 (elapsed: 59532)
  process_thread_foure_timesynch_process (local in 4emac-timesynch.c) called from PC: $12738 (elapsed: 811488)
  call_process (local in process.c) called from PC: $1291c (elapsed: 811525)
  process_run (packetbuf.c) called from PC: $05edc (elapsed: 814600)
 WARN [Thread-2] (MspMote.java:229) - 39: # Watchdog[EXECUTION]: illegal write to WDTCTL (0) from $103ca - reset!!!!
Watchdog: illegal write to WDTCTL (0) from $103ca - reset!!!!
Stack Trace: number of calls: 5 PC: $103ca
  watchdog_reboot (packetbuf.c) called from PC: $24c30 (elapsed: 5)
  restart_time_synchronisation (packetbuf.c) called from PC: $159f2 (elapsed: 30453)
  process_thread_foure_timesynch_process (local in 4emac-timesynch.c) called from PC: $12738 (elapsed: 1399367)
  call_process (local in process.c) called from PC: $1291c (elapsed: 1399404)
  process_run (packetbuf.c) called from PC: $05edc (elapsed: 1403515)
 WARN [Thread-2] (MspMote.java:229) - 45: # Watchdog[EXECUTION]: illegal write to WDTCTL (0) from $103ca - reset!!!!
Watchdog: illegal write to WDTCTL (0) from $103ca - reset!!!!
Stack Trace: number of calls: 5 PC: $103ca
  watchdog_reboot (packetbuf.c) called from PC: $24c30 (elapsed: 5)
  restart_time_synchronisation (packetbuf.c) called from PC: $159f2 (elapsed: 30452)
  process_thread_foure_timesynch_process (local in 4emac-timesynch.c) called from PC: $12738 (elapsed: 969829)
  call_process (local in process.c) called from PC: $1291c (elapsed: 969866)
  process_run (packetbuf.c) called from PC: $05edc (elapsed: 972862)
 WARN [Thread-2] (MspMote.java:229) - 40: # Watchdog[EXECUTION]: illegal write to WDTCTL (0) from $103ca - reset!!!!
Watchdog: illegal write to WDTCTL (0) from $103ca - reset!!!!
Stack Trace: number of calls: 5 PC: $103ca
  watchdog_reboot (packetbuf.c) called from PC: $24c30 (elapsed: 5)
  restart_time_synchronisation (packetbuf.c) called from PC: $159f2 (elapsed: 30452)
  process_thread_foure_timesynch_process (local in 4emac-timesynch.c) called from PC: $12738 (elapsed: 932660)
  call_process (local in process.c) called from PC: $1291c (elapsed: 932697)
  process_run (packetbuf.c) called from PC: $05edc (elapsed: 935612)
 WARN [Thread-2] (MspMote.java:229) - 11: # Watchdog[EXECUTION]: illegal write to WDTCTL (0) from $103ca - reset!!!!
Watchdog: illegal write to WDTCTL (0) from $103ca - reset!!!!
Stack Trace: number of calls: 5 PC: $103ca
  watchdog_reboot (packetbuf.c) called from PC: $24c30 (elapsed: 5)
  restart_time_synchronisation (packetbuf.c) called from PC: $159f2 (elapsed: 30452)
  process_thread_foure_timesynch_process (local in 4emac-timesynch.c) called from PC: $12738 (elapsed: 1406680)
  call_process (local in process.c) called from PC: $1291c (elapsed: 1406717)
  process_run (packetbuf.c) called from PC: $05edc (elapsed: 1410087)
 WARN [Thread-2] (MspMote.java:229) - 7: # Watchdog[EXECUTION]: illegal write to WDTCTL (0) from $103ca - reset!!!!
 INFO [Thread-2] (LogScriptEngine.java:389) - Test script at 80.00%, done in 2254.1 sec
Watchdog: illegal write to WDTCTL (0) from $103ca - reset!!!!
Stack Trace: number of calls: 11 PC: $103ca
  watchdog_reboot (packetbuf.c) called from PC: $24c30 (elapsed: 5)
  restart_time_synchronisation (packetbuf.c) called from PC: $14eee (elapsed: 31370)
  foure_timesynch_parent_switch_callback (packetbuf.c) called from PC: $1e95c (elapsed: 69452)
  rpl_set_preferred_parent (local in rpl-dag.c) called from PC: $1ef8c (elapsed: 163983)
  rpl_nullify_parent (packetbuf.c) called from PC: $1fc26 (elapsed: 382868)
  rpl_process_parent_event (packetbuf.c) called from PC: $1fcbe (elapsed: 478431)
  rpl_recalculate_ranks (packetbuf.c) called from PC: $23726 (elapsed: 479451)
  handle_periodic_timer (local in rpl-timers.c) called from PC: $1219c (elapsed: 479800)
  process_thread_ctimer_process (local in ctimer.c) called from PC: $12738 (elapsed: 480025)
  call_process (local in process.c) called from PC: $1291c (elapsed: 480062)
  process_run (packetbuf.c) called from PC: $05edc (elapsed: 483069)
 WARN [Thread-2] (MspMote.java:229) - 34: # Watchdog[EXECUTION]: illegal write to WDTCTL (0) from $103ca - reset!!!!
Watchdog: illegal write to WDTCTL (0) from $103ca - reset!!!!
Stack Trace: number of calls: 5 PC: $103ca
  watchdog_reboot (packetbuf.c) called from PC: $24c30 (elapsed: 5)
  restart_time_synchronisation (packetbuf.c) called from PC: $159f2 (elapsed: 30447)
  process_thread_foure_timesynch_process (local in 4emac-timesynch.c) called from PC: $12738 (elapsed: 949386)
  call_process (local in process.c) called from PC: $1291c (elapsed: 949423)
  process_run (packetbuf.c) called from PC: $05edc (elapsed: 952663)
 WARN [Thread-2] (MspMote.java:229) - 41: # Watchdog[EXECUTION]: illegal write to WDTCTL (0) from $103ca - reset!!!!
Watchdog: illegal write to WDTCTL (0) from $103ca - reset!!!!
Stack Trace: number of calls: 11 PC: $103ca
  watchdog_reboot (packetbuf.c) called from PC: $24c30 (elapsed: 5)
  restart_time_synchronisation (packetbuf.c) called from PC: $14eee (elapsed: 31365)
  foure_timesynch_parent_switch_callback (packetbuf.c) called from PC: $1e95c (elapsed: 69446)
  rpl_set_preferred_parent (local in rpl-dag.c) called from PC: $1ef8c (elapsed: 163988)
  rpl_nullify_parent (packetbuf.c) called from PC: $1fc26 (elapsed: 381949)
  rpl_process_parent_event (packetbuf.c) called from PC: $1fcbe (elapsed: 506743)
  rpl_recalculate_ranks (packetbuf.c) called from PC: $23726 (elapsed: 507787)
  handle_periodic_timer (local in rpl-timers.c) called from PC: $1219c (elapsed: 508054)
  process_thread_ctimer_process (local in ctimer.c) called from PC: $12738 (elapsed: 508279)
  call_process (local in process.c) called from PC: $1291c (elapsed: 508316)
  process_run (packetbuf.c) called from PC: $05edc (elapsed: 515153)
 WARN [Thread-2] (MspMote.java:229) - 51: # Watchdog[EXECUTION]: illegal write to WDTCTL (0) from $103ca - reset!!!!
Watchdog: illegal write to WDTCTL (0) from $103ca - reset!!!!
Stack Trace: number of calls: 5 PC: $103ca
  watchdog_reboot (packetbuf.c) called from PC: $24c30 (elapsed: 5)
  restart_time_synchronisation (packetbuf.c) called from PC: $159f2 (elapsed: 31365)
  process_thread_foure_timesynch_process (local in 4emac-timesynch.c) called from PC: $12738 (elapsed: 185429)
  call_process (local in process.c) called from PC: $1291c (elapsed: 185466)
  process_run (packetbuf.c) called from PC: $05edc (elapsed: 186753)
 WARN [Thread-2] (MspMote.java:229) - 23: # Watchdog[EXECUTION]: illegal write to WDTCTL (0) from $103ca - reset!!!!
Watchdog: illegal write to WDTCTL (0) from $103ca - reset!!!!
Stack Trace: number of calls: 5 PC: $103ca
  watchdog_reboot (packetbuf.c) called from PC: $24c30 (elapsed: 5)
  restart_time_synchronisation (packetbuf.c) called from PC: $159f2 (elapsed: 30447)
  process_thread_foure_timesynch_process (local in 4emac-timesynch.c) called from PC: $12738 (elapsed: 948351)
  call_process (local in process.c) called from PC: $1291c (elapsed: 948388)
  process_run (packetbuf.c) called from PC: $05edc (elapsed: 951301)
 WARN [Thread-2] (MspMote.java:229) - 45: # Watchdog[EXECUTION]: illegal write to WDTCTL (0) from $103ca - reset!!!!
Watchdog: illegal write to WDTCTL (0) from $103ca - reset!!!!
Stack Trace: number of calls: 5 PC: $103ca
  watchdog_reboot (packetbuf.c) called from PC: $24c30 (elapsed: 5)
  restart_time_synchronisation (packetbuf.c) called from PC: $159f2 (elapsed: 30453)
  process_thread_foure_timesynch_process (local in 4emac-timesynch.c) called from PC: $12738 (elapsed: 945787)
  call_process (local in process.c) called from PC: $1291c (elapsed: 945824)
  process_run (packetbuf.c) called from PC: $05edc (elapsed: 948816)
 WARN [Thread-2] (MspMote.java:229) - 40: # Watchdog[EXECUTION]: illegal write to WDTCTL (0) from $103ca - reset!!!!
Watchdog: illegal write to WDTCTL (0) from $103ca - reset!!!!
Stack Trace: number of calls: 5 PC: $103ca
  watchdog_reboot (packetbuf.c) called from PC: $24c30 (elapsed: 5)
  restart_time_synchronisation (packetbuf.c) called from PC: $159f2 (elapsed: 47489)
  process_thread_foure_timesynch_process (local in 4emac-timesynch.c) called from PC: $12738 (elapsed: 1238968)
  call_process (local in process.c) called from PC: $1291c (elapsed: 1239005)
  process_run (packetbuf.c) called from PC: $05edc (elapsed: 1242157)
 WARN [Thread-2] (MspMote.java:229) - 14: # Watchdog[EXECUTION]: illegal write to WDTCTL (0) from $103ca - reset!!!!
Watchdog: illegal write to WDTCTL (0) from $103ca - reset!!!!
Stack Trace: number of calls: 5 PC: $103ca
  watchdog_reboot (packetbuf.c) called from PC: $24c30 (elapsed: 5)
  restart_time_synchronisation (packetbuf.c) called from PC: $159f2 (elapsed: 30549)
  process_thread_foure_timesynch_process (local in 4emac-timesynch.c) called from PC: $12738 (elapsed: 1245831)
  call_process (local in process.c) called from PC: $1291c (elapsed: 1245868)
  process_run (packetbuf.c) called from PC: $05edc (elapsed: 1249050)
 WARN [Thread-2] (MspMote.java:229) - 2: # Watchdog[EXECUTION]: illegal write to WDTCTL (0) from $103ca - reset!!!!
Watchdog: illegal write to WDTCTL (0) from $103ca - reset!!!!
Stack Trace: number of calls: 5 PC: $103ca
  watchdog_reboot (packetbuf.c) called from PC: $24c30 (elapsed: 5)
  restart_time_synchronisation (packetbuf.c) called from PC: $159f2 (elapsed: 30452)
  process_thread_foure_timesynch_process (local in 4emac-timesynch.c) called from PC: $12738 (elapsed: 844967)
  call_process (local in process.c) called from PC: $1291c (elapsed: 845004)
  process_run (packetbuf.c) called from PC: $05edc (elapsed: 848075)
 WARN [Thread-2] (MspMote.java:229) - 29: # Watchdog[EXECUTION]: illegal write to WDTCTL (0) from $103ca - reset!!!!
Watchdog: illegal write to WDTCTL (0) from $103ca - reset!!!!
Stack Trace: number of calls: 5 PC: $103ca
  watchdog_reboot (packetbuf.c) called from PC: $24c30 (elapsed: 5)
  restart_time_synchronisation (packetbuf.c) called from PC: $159f2 (elapsed: 30453)
  process_thread_foure_timesynch_process (local in 4emac-timesynch.c) called from PC: $12738 (elapsed: 946062)
  call_process (local in process.c) called from PC: $1291c (elapsed: 946099)
  process_run (packetbuf.c) called from PC: $05edc (elapsed: 949253)
 WARN [Thread-2] (MspMote.java:229) - 19: # Watchdog[EXECUTION]: illegal write to WDTCTL (0) from $103ca - reset!!!!
Watchdog: illegal write to WDTCTL (0) from $103ca - reset!!!!
Stack Trace: number of calls: 5 PC: $103ca
  watchdog_reboot (packetbuf.c) called from PC: $24c30 (elapsed: 5)
  restart_time_synchronisation (packetbuf.c) called from PC: $159f2 (elapsed: 30452)
  process_thread_foure_timesynch_process (local in 4emac-timesynch.c) called from PC: $12738 (elapsed: 1259507)
  call_process (local in process.c) called from PC: $1291c (elapsed: 1259544)
  process_run (packetbuf.c) called from PC: $05edc (elapsed: 1262943)
 WARN [Thread-2] (MspMote.java:229) - 8: # Watchdog[EXECUTION]: illegal write to WDTCTL (0) from $103ca - reset!!!!
Watchdog: illegal write to WDTCTL (0) from $103ca - reset!!!!
Stack Trace: number of calls: 5 PC: $103ca
  watchdog_reboot (packetbuf.c) called from PC: $24c30 (elapsed: 5)
  restart_time_synchronisation (packetbuf.c) called from PC: $159f2 (elapsed: 31364)
  process_thread_foure_timesynch_process (local in 4emac-timesynch.c) called from PC: $12738 (elapsed: 185428)
  call_process (local in process.c) called from PC: $1291c (elapsed: 185465)
  process_run (packetbuf.c) called from PC: $05edc (elapsed: 187825)
 WARN [Thread-2] (MspMote.java:229) - 38: # Watchdog[EXECUTION]: illegal write to WDTCTL (0) from $103ca - reset!!!!
Watchdog: illegal write to WDTCTL (0) from $103ca - reset!!!!
Stack Trace: number of calls: 5 PC: $103ca
  watchdog_reboot (packetbuf.c) called from PC: $24c30 (elapsed: 5)
  restart_time_synchronisation (packetbuf.c) called from PC: $159f2 (elapsed: 30452)
  process_thread_foure_timesynch_process (local in 4emac-timesynch.c) called from PC: $12738 (elapsed: 534518)
  call_process (local in process.c) called from PC: $1291c (elapsed: 534555)
  process_run (packetbuf.c) called from PC: $05edc (elapsed: 537707)
 WARN [Thread-2] (MspMote.java:229) - 44: # Watchdog[EXECUTION]: illegal write to WDTCTL (0) from $103ca - reset!!!!
 INFO [Thread-2] (LogScriptEngine.java:389) - Test script at 85.00%, done in 1646.7 sec
Watchdog: illegal write to WDTCTL (0) from $103ca - reset!!!!
Stack Trace: number of calls: 5 PC: $103ca
  watchdog_reboot (packetbuf.c) called from PC: $24c30 (elapsed: 5)
  restart_time_synchronisation (packetbuf.c) called from PC: $159f2 (elapsed: 65223)
  process_thread_foure_timesynch_process (local in 4emac-timesynch.c) called from PC: $12738 (elapsed: 1238519)
  call_process (local in process.c) called from PC: $1291c (elapsed: 1238556)
  process_run (packetbuf.c) called from PC: $05edc (elapsed: 1241633)
 WARN [Thread-2] (MspMote.java:229) - 4: # Watchdog[EXECUTION]: illegal write to WDTCTL (0) from $103ca - reset!!!!
Watchdog: illegal write to WDTCTL (0) from $103ca - reset!!!!
Stack Trace: number of calls: 5 PC: $103ca
  watchdog_reboot (packetbuf.c) called from PC: $24c30 (elapsed: 5)
  restart_time_synchronisation (packetbuf.c) called from PC: $159f2 (elapsed: 30453)
  process_thread_foure_timesynch_process (local in 4emac-timesynch.c) called from PC: $12738 (elapsed: 1205954)
  call_process (local in process.c) called from PC: $1291c (elapsed: 1205991)
  process_run (packetbuf.c) called from PC: $05edc (elapsed: 1209152)
 WARN [Thread-2] (MspMote.java:229) - 18: # Watchdog[EXECUTION]: illegal write to WDTCTL (0) from $103ca - reset!!!!
Watchdog: illegal write to WDTCTL (0) from $103ca - reset!!!!
Stack Trace: number of calls: 5 PC: $103ca
  watchdog_reboot (packetbuf.c) called from PC: $24c30 (elapsed: 5)
  restart_time_synchronisation (packetbuf.c) called from PC: $159f2 (elapsed: 30452)
  process_thread_foure_timesynch_process (local in 4emac-timesynch.c) called from PC: $12738 (elapsed: 840316)
  call_process (local in process.c) called from PC: $1291c (elapsed: 840353)
  process_run (packetbuf.c) called from PC: $05edc (elapsed: 843347)
 WARN [Thread-2] (MspMote.java:229) - 7: # Watchdog[EXECUTION]: illegal write to WDTCTL (0) from $103ca - reset!!!!
Watchdog: illegal write to WDTCTL (0) from $103ca - reset!!!!
Stack Trace: number of calls: 5 PC: $103ca
  watchdog_reboot (packetbuf.c) called from PC: $24c30 (elapsed: 5)
  restart_time_synchronisation (packetbuf.c) called from PC: $159f2 (elapsed: 30651)
  process_thread_foure_timesynch_process (local in 4emac-timesynch.c) called from PC: $12738 (elapsed: 1374216)
  call_process (local in process.c) called from PC: $1291c (elapsed: 1374253)
  process_run (packetbuf.c) called from PC: $05edc (elapsed: 1377328)
 WARN [Thread-2] (MspMote.java:229) - 3: # Watchdog[EXECUTION]: illegal write to WDTCTL (0) from $103ca - reset!!!!
Watchdog: illegal write to WDTCTL (0) from $103ca - reset!!!!
Stack Trace: number of calls: 5 PC: $103ca
  watchdog_reboot (packetbuf.c) called from PC: $24c30 (elapsed: 5)
  restart_time_synchronisation (packetbuf.c) called from PC: $159f2 (elapsed: 30477)
  process_thread_foure_timesynch_process (local in 4emac-timesynch.c) called from PC: $12738 (elapsed: 774390)
  call_process (local in process.c) called from PC: $1291c (elapsed: 774427)
  process_run (packetbuf.c) called from PC: $05edc (elapsed: 777340)
 WARN [Thread-2] (MspMote.java:229) - 25: # Watchdog[EXECUTION]: illegal write to WDTCTL (0) from $103ca - reset!!!!
Watchdog: illegal write to WDTCTL (0) from $103ca - reset!!!!
Stack Trace: number of calls: 5 PC: $103ca
  watchdog_reboot (packetbuf.c) called from PC: $24c30 (elapsed: 5)
  restart_time_synchronisation (packetbuf.c) called from PC: $159f2 (elapsed: 30483)
  process_thread_foure_timesynch_process (local in 4emac-timesynch.c) called from PC: $12738 (elapsed: 1249375)
  call_process (local in process.c) called from PC: $1291c (elapsed: 1249412)
  process_run (packetbuf.c) called from PC: $05edc (elapsed: 1252406)
 WARN [Thread-2] (MspMote.java:229) - 13: # Watchdog[EXECUTION]: illegal write to WDTCTL (0) from $103ca - reset!!!!
Watchdog: illegal write to WDTCTL (0) from $103ca - reset!!!!
Stack Trace: number of calls: 5 PC: $103ca
  watchdog_reboot (packetbuf.c) called from PC: $24c30 (elapsed: 5)
  restart_time_synchronisation (packetbuf.c) called from PC: $159f2 (elapsed: 30615)
  process_thread_foure_timesynch_process (local in 4emac-timesynch.c) called from PC: $12738 (elapsed: 1392225)
  call_process (local in process.c) called from PC: $1291c (elapsed: 1392262)
  process_run (packetbuf.c) called from PC: $05edc (elapsed: 1395254)
 WARN [Thread-2] (MspMote.java:229) - 12: # Watchdog[EXECUTION]: illegal write to WDTCTL (0) from $103ca - reset!!!!
Watchdog: illegal write to WDTCTL (0) from $103ca - reset!!!!
Stack Trace: number of calls: 5 PC: $103ca
  watchdog_reboot (packetbuf.c) called from PC: $24c30 (elapsed: 5)
  restart_time_synchronisation (packetbuf.c) called from PC: $159f2 (elapsed: 60273)
  process_thread_foure_timesynch_process (local in 4emac-timesynch.c) called from PC: $12738 (elapsed: 1142178)
  call_process (local in process.c) called from PC: $1291c (elapsed: 1142215)
  process_run (packetbuf.c) called from PC: $05edc (elapsed: 1145211)
 WARN [Thread-2] (MspMote.java:229) - 10: # Watchdog[EXECUTION]: illegal write to WDTCTL (0) from $103ca - reset!!!!
Watchdog: illegal write to WDTCTL (0) from $103ca - reset!!!!
Stack Trace: number of calls: 5 PC: $103ca
  watchdog_reboot (packetbuf.c) called from PC: $24c30 (elapsed: 5)
  restart_time_synchronisation (packetbuf.c) called from PC: $159f2 (elapsed: 31365)
  process_thread_foure_timesynch_process (local in 4emac-timesynch.c) called from PC: $12738 (elapsed: 185611)
  call_process (local in process.c) called from PC: $1291c (elapsed: 185648)
  process_run (packetbuf.c) called from PC: $05edc (elapsed: 188908)
 WARN [Thread-2] (MspMote.java:229) - 1: # Watchdog[EXECUTION]: illegal write to WDTCTL (0) from $103ca - reset!!!!
Watchdog: illegal write to WDTCTL (0) from $103ca - reset!!!!
Stack Trace: number of calls: 5 PC: $103ca
  watchdog_reboot (packetbuf.c) called from PC: $24c30 (elapsed: 5)
  restart_time_synchronisation (packetbuf.c) called from PC: $159f2 (elapsed: 30447)
  process_thread_foure_timesynch_process (local in 4emac-timesynch.c) called from PC: $12738 (elapsed: 773384)
  call_process (local in process.c) called from PC: $1291c (elapsed: 773421)
  process_run (packetbuf.c) called from PC: $05edc (elapsed: 776424)
 WARN [Thread-2] (MspMote.java:229) - 21: # Watchdog[EXECUTION]: illegal write to WDTCTL (0) from $103ca - reset!!!!
Watchdog: illegal write to WDTCTL (0) from $103ca - reset!!!!
Stack Trace: number of calls: 5 PC: $103ca
  watchdog_reboot (packetbuf.c) called from PC: $24c30 (elapsed: 5)
  restart_time_synchronisation (packetbuf.c) called from PC: $159f2 (elapsed: 30447)
  process_thread_foure_timesynch_process (local in 4emac-timesynch.c) called from PC: $12738 (elapsed: 943095)
  call_process (local in process.c) called from PC: $1291c (elapsed: 943132)
  process_run (packetbuf.c) called from PC: $05edc (elapsed: 946392)
 WARN [Thread-2] (MspMote.java:229) - 16: # Watchdog[EXECUTION]: illegal write to WDTCTL (0) from $103ca - reset!!!!
Watchdog: illegal write to WDTCTL (0) from $103ca - reset!!!!
Stack Trace: number of calls: 5 PC: $103ca
  watchdog_reboot (packetbuf.c) called from PC: $24c30 (elapsed: 5)
  restart_time_synchronisation (packetbuf.c) called from PC: $159f2 (elapsed: 30447)
  process_thread_foure_timesynch_process (local in 4emac-timesynch.c) called from PC: $12738 (elapsed: 948137)
  call_process (local in process.c) called from PC: $1291c (elapsed: 948174)
  process_run (packetbuf.c) called from PC: $05edc (elapsed: 951324)
 WARN [Thread-2] (MspMote.java:229) - 40: # Watchdog[EXECUTION]: illegal write to WDTCTL (0) from $103ca - reset!!!!
Watchdog: illegal write to WDTCTL (0) from $103ca - reset!!!!
Stack Trace: number of calls: 5 PC: $103ca
  watchdog_reboot (packetbuf.c) called from PC: $24c30 (elapsed: 5)
  restart_time_synchronisation (packetbuf.c) called from PC: $159f2 (elapsed: 30452)
  process_thread_foure_timesynch_process (local in 4emac-timesynch.c) called from PC: $12738 (elapsed: 536634)
  call_process (local in process.c) called from PC: $1291c (elapsed: 536671)
  process_run (packetbuf.c) called from PC: $05edc (elapsed: 539825)
 WARN [Thread-2] (MspMote.java:229) - 24: # Watchdog[EXECUTION]: illegal write to WDTCTL (0) from $103ca - reset!!!!
Watchdog: illegal write to WDTCTL (0) from $103ca - reset!!!!
Stack Trace: number of calls: 5 PC: $103ca
  watchdog_reboot (packetbuf.c) called from PC: $24c30 (elapsed: 5)
  restart_time_synchronisation (packetbuf.c) called from PC: $159f2 (elapsed: 30453)
  process_thread_foure_timesynch_process (local in 4emac-timesynch.c) called from PC: $12738 (elapsed: 873851)
  call_process (local in process.c) called from PC: $1291c (elapsed: 873888)
  process_run (packetbuf.c) called from PC: $05edc (elapsed: 876814)
 WARN [Thread-2] (MspMote.java:229) - 37: # Watchdog[EXECUTION]: illegal write to WDTCTL (0) from $103ca - reset!!!!
Watchdog: illegal write to WDTCTL (0) from $103ca - reset!!!!
Stack Trace: number of calls: 5 PC: $103ca
  watchdog_reboot (packetbuf.c) called from PC: $24c30 (elapsed: 5)
  restart_time_synchronisation (packetbuf.c) called from PC: $159f2 (elapsed: 30447)
  process_thread_foure_timesynch_process (local in 4emac-timesynch.c) called from PC: $12738 (elapsed: 1085863)
  call_process (local in process.c) called from PC: $1291c (elapsed: 1085900)
  process_run (packetbuf.c) called from PC: $05edc (elapsed: 1088975)
 WARN [Thread-2] (MspMote.java:229) - 41: # Watchdog[EXECUTION]: illegal write to WDTCTL (0) from $103ca - reset!!!!
Watchdog: illegal write to WDTCTL (0) from $103ca - reset!!!!
Stack Trace: number of calls: 5 PC: $103ca
  watchdog_reboot (packetbuf.c) called from PC: $24c30 (elapsed: 5)
  restart_time_synchronisation (packetbuf.c) called from PC: $159f2 (elapsed: 30453)
  process_thread_foure_timesynch_process (local in 4emac-timesynch.c) called from PC: $12738 (elapsed: 813503)
  call_process (local in process.c) called from PC: $1291c (elapsed: 813540)
  process_run (packetbuf.c) called from PC: $05edc (elapsed: 816383)
 WARN [Thread-2] (MspMote.java:229) - 46: # Watchdog[EXECUTION]: illegal write to WDTCTL (0) from $103ca - reset!!!!
Watchdog: illegal write to WDTCTL (0) from $103ca - reset!!!!
Stack Trace: number of calls: 5 PC: $103ca
  watchdog_reboot (packetbuf.c) called from PC: $24c30 (elapsed: 5)
  restart_time_synchronisation (packetbuf.c) called from PC: $159f2 (elapsed: 30447)
  process_thread_foure_timesynch_process (local in 4emac-timesynch.c) called from PC: $12738 (elapsed: 1209958)
  call_process (local in process.c) called from PC: $1291c (elapsed: 1209995)
  process_run (packetbuf.c) called from PC: $05edc (elapsed: 1213205)
 WARN [Thread-2] (MspMote.java:229) - 11: # Watchdog[EXECUTION]: illegal write to WDTCTL (0) from $103ca - reset!!!!
Watchdog: illegal write to WDTCTL (0) from $103ca - reset!!!!
Stack Trace: number of calls: 5 PC: $103ca
  watchdog_reboot (packetbuf.c) called from PC: $24c30 (elapsed: 5)
  restart_time_synchronisation (packetbuf.c) called from PC: $159f2 (elapsed: 30453)
  process_thread_foure_timesynch_process (local in 4emac-timesynch.c) called from PC: $12738 (elapsed: 637563)
  call_process (local in process.c) called from PC: $1291c (elapsed: 637600)
  process_run (packetbuf.c) called from PC: $05edc (elapsed: 640594)
 WARN [Thread-2] (MspMote.java:229) - 14: # Watchdog[EXECUTION]: illegal write to WDTCTL (0) from $103ca - reset!!!!
Watchdog: illegal write to WDTCTL (0) from $103ca - reset!!!!
Stack Trace: number of calls: 5 PC: $103ca
  watchdog_reboot (packetbuf.c) called from PC: $24c30 (elapsed: 5)
  restart_time_synchronisation (packetbuf.c) called from PC: $159f2 (elapsed: 30453)
  process_thread_foure_timesynch_process (local in 4emac-timesynch.c) called from PC: $12738 (elapsed: 943990)
  call_process (local in process.c) called from PC: $1291c (elapsed: 944027)
  process_run (packetbuf.c) called from PC: $05edc (elapsed: 947100)
 WARN [Thread-2] (MspMote.java:229) - 15: # Watchdog[EXECUTION]: illegal write to WDTCTL (0) from $103ca - reset!!!!
Watchdog: illegal write to WDTCTL (0) from $103ca - reset!!!!
Stack Trace: number of calls: 5 PC: $103ca
  watchdog_reboot (packetbuf.c) called from PC: $24c30 (elapsed: 5)
  restart_time_synchronisation (packetbuf.c) called from PC: $159f2 (elapsed: 30452)
  process_thread_foure_timesynch_process (local in 4emac-timesynch.c) called from PC: $12738 (elapsed: 969558)
  call_process (local in process.c) called from PC: $1291c (elapsed: 969595)
  process_run (packetbuf.c) called from PC: $05edc (elapsed: 972594)
 WARN [Thread-2] (MspMote.java:229) - 20: # Watchdog[EXECUTION]: illegal write to WDTCTL (0) from $103ca - reset!!!!
Watchdog: illegal write to WDTCTL (0) from $103ca - reset!!!!
Stack Trace: number of calls: 5 PC: $103ca
  watchdog_reboot (packetbuf.c) called from PC: $24c30 (elapsed: 5)
  restart_time_synchronisation (packetbuf.c) called from PC: $159f2 (elapsed: 30452)
  process_thread_foure_timesynch_process (local in 4emac-timesynch.c) called from PC: $12738 (elapsed: 979805)
  call_process (local in process.c) called from PC: $1291c (elapsed: 979842)
  process_run (packetbuf.c) called from PC: $05edc (elapsed: 982913)
 WARN [Thread-2] (MspMote.java:229) - 23: # Watchdog[EXECUTION]: illegal write to WDTCTL (0) from $103ca - reset!!!!
Watchdog: illegal write to WDTCTL (0) from $103ca - reset!!!!
Stack Trace: number of calls: 5 PC: $103ca
  watchdog_reboot (packetbuf.c) called from PC: $24c30 (elapsed: 5)
  restart_time_synchronisation (packetbuf.c) called from PC: $159f2 (elapsed: 30561)
  process_thread_foure_timesynch_process (local in 4emac-timesynch.c) called from PC: $12738 (elapsed: 1391095)
  call_process (local in process.c) called from PC: $1291c (elapsed: 1391132)
  process_run (packetbuf.c) called from PC: $05edc (elapsed: 1394135)
 WARN [Thread-2] (MspMote.java:229) - 22: # Watchdog[EXECUTION]: illegal write to WDTCTL (0) from $103ca - reset!!!!
Watchdog: illegal write to WDTCTL (0) from $103ca - reset!!!!
Stack Trace: number of calls: 5 PC: $103ca
  watchdog_reboot (packetbuf.c) called from PC: $24c30 (elapsed: 5)
  restart_time_synchronisation (packetbuf.c) called from PC: $159f2 (elapsed: 30531)
  process_thread_foure_timesynch_process (local in 4emac-timesynch.c) called from PC: $12738 (elapsed: 504200)
  call_process (local in process.c) called from PC: $1291c (elapsed: 504237)
  process_run (packetbuf.c) called from PC: $05edc (elapsed: 507310)
 WARN [Thread-2] (MspMote.java:229) - 18: # Watchdog[EXECUTION]: illegal write to WDTCTL (0) from $103ca - reset!!!!
Watchdog: illegal write to WDTCTL (0) from $103ca - reset!!!!
Stack Trace: number of calls: 5 PC: $103ca
  watchdog_reboot (packetbuf.c) called from PC: $24c30 (elapsed: 5)
  restart_time_synchronisation (packetbuf.c) called from PC: $159f2 (elapsed: 30452)
  process_thread_foure_timesynch_process (local in 4emac-timesynch.c) called from PC: $12738 (elapsed: 1348250)
  call_process (local in process.c) called from PC: $1291c (elapsed: 1348287)
  process_run (packetbuf.c) called from PC: $05edc (elapsed: 1355170)
 WARN [Thread-2] (MspMote.java:229) - 17: # Watchdog[EXECUTION]: illegal write to WDTCTL (0) from $103ca - reset!!!!
Watchdog: illegal write to WDTCTL (0) from $103ca - reset!!!!
Stack Trace: number of calls: 5 PC: $103ca
  watchdog_reboot (packetbuf.c) called from PC: $24c30 (elapsed: 5)
  restart_time_synchronisation (packetbuf.c) called from PC: $159f2 (elapsed: 30453)
  process_thread_foure_timesynch_process (local in 4emac-timesynch.c) called from PC: $12738 (elapsed: 945448)
  call_process (local in process.c) called from PC: $1291c (elapsed: 945485)
  process_run (packetbuf.c) called from PC: $05edc (elapsed: 948561)
 WARN [Thread-2] (MspMote.java:229) - 9: # Watchdog[EXECUTION]: illegal write to WDTCTL (0) from $103ca - reset!!!!
Watchdog: illegal write to WDTCTL (0) from $103ca - reset!!!!
Stack Trace: number of calls: 5 PC: $103ca
  watchdog_reboot (packetbuf.c) called from PC: $24c30 (elapsed: 5)
  restart_time_synchronisation (packetbuf.c) called from PC: $159f2 (elapsed: 30452)
  process_thread_foure_timesynch_process (local in 4emac-timesynch.c) called from PC: $12738 (elapsed: 1116318)
  call_process (local in process.c) called from PC: $1291c (elapsed: 1116355)
  process_run (packetbuf.c) called from PC: $05edc (elapsed: 1119349)
 WARN [Thread-2] (MspMote.java:229) - 32: # Watchdog[EXECUTION]: illegal write to WDTCTL (0) from $103ca - reset!!!!
Watchdog: illegal write to WDTCTL (0) from $103ca - reset!!!!
Stack Trace: number of calls: 5 PC: $103ca
  watchdog_reboot (packetbuf.c) called from PC: $24c30 (elapsed: 5)
  restart_time_synchronisation (packetbuf.c) called from PC: $159f2 (elapsed: 30447)
  process_thread_foure_timesynch_process (local in 4emac-timesynch.c) called from PC: $12738 (elapsed: 1074931)
  call_process (local in process.c) called from PC: $1291c (elapsed: 1074968)
  process_run (packetbuf.c) called from PC: $05edc (elapsed: 1077965)
 WARN [Thread-2] (MspMote.java:229) - 5: # Watchdog[EXECUTION]: illegal write to WDTCTL (0) from $103ca - reset!!!!
Watchdog: illegal write to WDTCTL (0) from $103ca - reset!!!!
Stack Trace: number of calls: 5 PC: $103ca
  watchdog_reboot (packetbuf.c) called from PC: $24c30 (elapsed: 5)
  restart_time_synchronisation (packetbuf.c) called from PC: $159f2 (elapsed: 30453)
  process_thread_foure_timesynch_process (local in 4emac-timesynch.c) called from PC: $12738 (elapsed: 501522)
  call_process (local in process.c) called from PC: $1291c (elapsed: 501559)
  process_run (packetbuf.c) called from PC: $05edc (elapsed: 504556)
 WARN [Thread-2] (MspMote.java:229) - 31: # Watchdog[EXECUTION]: illegal write to WDTCTL (0) from $103ca - reset!!!!
Watchdog: illegal write to WDTCTL (0) from $103ca - reset!!!!
Stack Trace: number of calls: 5 PC: $103ca
  watchdog_reboot (packetbuf.c) called from PC: $24c30 (elapsed: 5)
  restart_time_synchronisation (packetbuf.c) called from PC: $159f2 (elapsed: 30452)
  process_thread_foure_timesynch_process (local in 4emac-timesynch.c) called from PC: $12738 (elapsed: 640396)
  call_process (local in process.c) called from PC: $1291c (elapsed: 640433)
  process_run (packetbuf.c) called from PC: $05edc (elapsed: 643679)
 WARN [Thread-2] (MspMote.java:229) - 27: # Watchdog[EXECUTION]: illegal write to WDTCTL (0) from $103ca - reset!!!!
Watchdog: illegal write to WDTCTL (0) from $103ca - reset!!!!
Stack Trace: number of calls: 5 PC: $103ca
  watchdog_reboot (packetbuf.c) called from PC: $24c30 (elapsed: 5)
  restart_time_synchronisation (packetbuf.c) called from PC: $159f2 (elapsed: 48319)
  process_thread_foure_timesynch_process (local in 4emac-timesynch.c) called from PC: $12738 (elapsed: 1092024)
  call_process (local in process.c) called from PC: $1291c (elapsed: 1092061)
  process_run (packetbuf.c) called from PC: $05edc (elapsed: 1095053)
 WARN [Thread-2] (MspMote.java:229) - 4: # Watchdog[EXECUTION]: illegal write to WDTCTL (0) from $103ca - reset!!!!
 INFO [Thread-2] (LogScriptEngine.java:389) - Test script at 90.00%, done in 1073.7 sec
Watchdog: illegal write to WDTCTL (0) from $103ca - reset!!!!
Stack Trace: number of calls: 5 PC: $103ca
  watchdog_reboot (packetbuf.c) called from PC: $24c30 (elapsed: 5)
  restart_time_synchronisation (packetbuf.c) called from PC: $159f2 (elapsed: 30452)
  process_thread_foure_timesynch_process (local in 4emac-timesynch.c) called from PC: $12738 (elapsed: 840169)
  call_process (local in process.c) called from PC: $1291c (elapsed: 840206)
  process_run (packetbuf.c) called from PC: $05edc (elapsed: 843385)
 WARN [Thread-2] (MspMote.java:229) - 23: # Watchdog[EXECUTION]: illegal write to WDTCTL (0) from $103ca - reset!!!!
Watchdog: illegal write to WDTCTL (0) from $103ca - reset!!!!
Stack Trace: number of calls: 5 PC: $103ca
  watchdog_reboot (packetbuf.c) called from PC: $24c30 (elapsed: 5)
  restart_time_synchronisation (packetbuf.c) called from PC: $159f2 (elapsed: 30453)
  process_thread_foure_timesynch_process (local in 4emac-timesynch.c) called from PC: $12738 (elapsed: 504803)
  call_process (local in process.c) called from PC: $1291c (elapsed: 504840)
  process_run (packetbuf.c) called from PC: $05edc (elapsed: 507994)
 WARN [Thread-2] (MspMote.java:229) - 1: # Watchdog[EXECUTION]: illegal write to WDTCTL (0) from $103ca - reset!!!!
Watchdog: illegal write to WDTCTL (0) from $103ca - reset!!!!
Stack Trace: number of calls: 5 PC: $103ca
  watchdog_reboot (packetbuf.c) called from PC: $24c30 (elapsed: 5)
  restart_time_synchronisation (packetbuf.c) called from PC: $159f2 (elapsed: 30453)
  process_thread_foure_timesynch_process (local in 4emac-timesynch.c) called from PC: $12738 (elapsed: 504285)
  call_process (local in process.c) called from PC: $1291c (elapsed: 504322)
  process_run (packetbuf.c) called from PC: $05edc (elapsed: 507395)
 WARN [Thread-2] (MspMote.java:229) - 38: # Watchdog[EXECUTION]: illegal write to WDTCTL (0) from $103ca - reset!!!!
Watchdog: illegal write to WDTCTL (0) from $103ca - reset!!!!
Stack Trace: number of calls: 5 PC: $103ca
  watchdog_reboot (packetbuf.c) called from PC: $24c30 (elapsed: 5)
  restart_time_synchronisation (packetbuf.c) called from PC: $159f2 (elapsed: 30651)
  process_thread_foure_timesynch_process (local in 4emac-timesynch.c) called from PC: $12738 (elapsed: 838993)
  call_process (local in process.c) called from PC: $1291c (elapsed: 839030)
  process_run (packetbuf.c) called from PC: $05edc (elapsed: 842184)
 WARN [Thread-2] (MspMote.java:229) - 44: # Watchdog[EXECUTION]: illegal write to WDTCTL (0) from $103ca - reset!!!!
Watchdog: illegal write to WDTCTL (0) from $103ca - reset!!!!
Stack Trace: number of calls: 5 PC: $103ca
  watchdog_reboot (packetbuf.c) called from PC: $24c30 (elapsed: 5)
  restart_time_synchronisation (packetbuf.c) called from PC: $159f2 (elapsed: 30452)
  process_thread_foure_timesynch_process (local in 4emac-timesynch.c) called from PC: $12738 (elapsed: 1361421)
  call_process (local in process.c) called from PC: $1291c (elapsed: 1361458)
  process_run (packetbuf.c) called from PC: $05edc (elapsed: 1364482)
 WARN [Thread-2] (MspMote.java:229) - 50: # Watchdog[EXECUTION]: illegal write to WDTCTL (0) from $103ca - reset!!!!
Watchdog: illegal write to WDTCTL (0) from $103ca - reset!!!!
Stack Trace: number of calls: 5 PC: $103ca
  watchdog_reboot (packetbuf.c) called from PC: $24c30 (elapsed: 5)
  restart_time_synchronisation (packetbuf.c) called from PC: $159f2 (elapsed: 30452)
  process_thread_foure_timesynch_process (local in 4emac-timesynch.c) called from PC: $12738 (elapsed: 1095015)
  call_process (local in process.c) called from PC: $1291c (elapsed: 1095052)
  process_run (packetbuf.c) called from PC: $05edc (elapsed: 1097976)
 WARN [Thread-2] (MspMote.java:229) - 49: # Watchdog[EXECUTION]: illegal write to WDTCTL (0) from $103ca - reset!!!!
Watchdog: illegal write to WDTCTL (0) from $103ca - reset!!!!
Stack Trace: number of calls: 5 PC: $103ca
  watchdog_reboot (packetbuf.c) called from PC: $24c30 (elapsed: 5)
  restart_time_synchronisation (packetbuf.c) called from PC: $159f2 (elapsed: 30452)
  process_thread_foure_timesynch_process (local in 4emac-timesynch.c) called from PC: $12738 (elapsed: 1227273)
  call_process (local in process.c) called from PC: $1291c (elapsed: 1227310)
  process_run (packetbuf.c) called from PC: $05edc (elapsed: 1231279)
 WARN [Thread-2] (MspMote.java:229) - 28: # Watchdog[EXECUTION]: illegal write to WDTCTL (0) from $103ca - reset!!!!
Watchdog: illegal write to WDTCTL (0) from $103ca - reset!!!!
Stack Trace: number of calls: 5 PC: $103ca
  watchdog_reboot (packetbuf.c) called from PC: $24c30 (elapsed: 5)
  restart_time_synchronisation (packetbuf.c) called from PC: $159f2 (elapsed: 30518)
  process_thread_foure_timesynch_process (local in 4emac-timesynch.c) called from PC: $12738 (elapsed: 946122)
  call_process (local in process.c) called from PC: $1291c (elapsed: 946159)
  process_run (packetbuf.c) called from PC: $05edc (elapsed: 949076)
 WARN [Thread-2] (MspMote.java:229) - 22: # Watchdog[EXECUTION]: illegal write to WDTCTL (0) from $103ca - reset!!!!
Watchdog: illegal write to WDTCTL (0) from $103ca - reset!!!!
Stack Trace: number of calls: 5 PC: $103ca
  watchdog_reboot (packetbuf.c) called from PC: $24c30 (elapsed: 5)
  restart_time_synchronisation (packetbuf.c) called from PC: $159f2 (elapsed: 31364)
  process_thread_foure_timesynch_process (local in 4emac-timesynch.c) called from PC: $12738 (elapsed: 216744)
  call_process (local in process.c) called from PC: $1291c (elapsed: 216781)
  process_run (packetbuf.c) called from PC: $05edc (elapsed: 217989)
 WARN [Thread-2] (MspMote.java:229) - 27: # Watchdog[EXECUTION]: illegal write to WDTCTL (0) from $103ca - reset!!!!
Watchdog: illegal write to WDTCTL (0) from $103ca - reset!!!!
Stack Trace: number of calls: 5 PC: $103ca
  watchdog_reboot (packetbuf.c) called from PC: $24c30 (elapsed: 5)
  restart_time_synchronisation (packetbuf.c) called from PC: $159f2 (elapsed: 30452)
  process_thread_foure_timesynch_process (local in 4emac-timesynch.c) called from PC: $12738 (elapsed: 779030)
  call_process (local in process.c) called from PC: $1291c (elapsed: 779067)
  process_run (packetbuf.c) called from PC: $05edc (elapsed: 782143)
 WARN [Thread-2] (MspMote.java:229) - 34: # Watchdog[EXECUTION]: illegal write to WDTCTL (0) from $103ca - reset!!!!
Watchdog: illegal write to WDTCTL (0) from $103ca - reset!!!!
Stack Trace: number of calls: 5 PC: $103ca
  watchdog_reboot (packetbuf.c) called from PC: $24c30 (elapsed: 5)
  restart_time_synchronisation (packetbuf.c) called from PC: $159f2 (elapsed: 30452)
  process_thread_foure_timesynch_process (local in 4emac-timesynch.c) called from PC: $12738 (elapsed: 1114368)
  call_process (local in process.c) called from PC: $1291c (elapsed: 1114405)
  process_run (packetbuf.c) called from PC: $05edc (elapsed: 1117479)
 WARN [Thread-2] (MspMote.java:229) - 51: # Watchdog[EXECUTION]: illegal write to WDTCTL (0) from $103ca - reset!!!!
Watchdog: illegal write to WDTCTL (0) from $103ca - reset!!!!
Stack Trace: number of calls: 5 PC: $103ca
  watchdog_reboot (packetbuf.c) called from PC: $24c30 (elapsed: 5)
  restart_time_synchronisation (packetbuf.c) called from PC: $159f2 (elapsed: 30495)
  process_thread_foure_timesynch_process (local in 4emac-timesynch.c) called from PC: $12738 (elapsed: 818731)
  call_process (local in process.c) called from PC: $1291c (elapsed: 818768)
  process_run (packetbuf.c) called from PC: $05edc (elapsed: 821871)
 WARN [Thread-2] (MspMote.java:229) - 45: # Watchdog[EXECUTION]: illegal write to WDTCTL (0) from $103ca - reset!!!!
Watchdog: illegal write to WDTCTL (0) from $103ca - reset!!!!
Stack Trace: number of calls: 5 PC: $103ca
  watchdog_reboot (packetbuf.c) called from PC: $24c30 (elapsed: 5)
  restart_time_synchronisation (packetbuf.c) called from PC: $159f2 (elapsed: 30453)
  process_thread_foure_timesynch_process (local in 4emac-timesynch.c) called from PC: $12738 (elapsed: 1121583)
  call_process (local in process.c) called from PC: $1291c (elapsed: 1121620)
  process_run (packetbuf.c) called from PC: $05edc (elapsed: 1124533)
 WARN [Thread-2] (MspMote.java:229) - 13: # Watchdog[EXECUTION]: illegal write to WDTCTL (0) from $103ca - reset!!!!
Watchdog: illegal write to WDTCTL (0) from $103ca - reset!!!!
Stack Trace: number of calls: 5 PC: $103ca
  watchdog_reboot (packetbuf.c) called from PC: $24c30 (elapsed: 5)
  restart_time_synchronisation (packetbuf.c) called from PC: $159f2 (elapsed: 30452)
  process_thread_foure_timesynch_process (local in 4emac-timesynch.c) called from PC: $12738 (elapsed: 1093459)
  call_process (local in process.c) called from PC: $1291c (elapsed: 1093496)
  process_run (packetbuf.c) called from PC: $05edc (elapsed: 1096418)
 WARN [Thread-2] (MspMote.java:229) - 39: # Watchdog[EXECUTION]: illegal write to WDTCTL (0) from $103ca - reset!!!!
Watchdog: illegal write to WDTCTL (0) from $103ca - reset!!!!
Stack Trace: number of calls: 5 PC: $103ca
  watchdog_reboot (packetbuf.c) called from PC: $24c30 (elapsed: 5)
  restart_time_synchronisation (packetbuf.c) called from PC: $159f2 (elapsed: 59059)
  process_thread_foure_timesynch_process (local in 4emac-timesynch.c) called from PC: $12738 (elapsed: 675244)
  call_process (local in process.c) called from PC: $1291c (elapsed: 675281)
  process_run (packetbuf.c) called from PC: $05edc (elapsed: 678464)
 WARN [Thread-2] (MspMote.java:229) - 40: # Watchdog[EXECUTION]: illegal write to WDTCTL (0) from $103ca - reset!!!!
Watchdog: illegal write to WDTCTL (0) from $103ca - reset!!!!
Stack Trace: number of calls: 5 PC: $103ca
  watchdog_reboot (packetbuf.c) called from PC: $24c30 (elapsed: 5)
  restart_time_synchronisation (packetbuf.c) called from PC: $159f2 (elapsed: 30452)
  process_thread_foure_timesynch_process (local in 4emac-timesynch.c) called from PC: $12738 (elapsed: 1013303)
  call_process (local in process.c) called from PC: $1291c (elapsed: 1013340)
  process_run (packetbuf.c) called from PC: $05edc (elapsed: 1016413)
 WARN [Thread-2] (MspMote.java:229) - 14: # Watchdog[EXECUTION]: illegal write to WDTCTL (0) from $103ca - reset!!!!
Watchdog: illegal write to WDTCTL (0) from $103ca - reset!!!!
Stack Trace: number of calls: 5 PC: $103ca
  watchdog_reboot (packetbuf.c) called from PC: $24c30 (elapsed: 5)
  restart_time_synchronisation (packetbuf.c) called from PC: $159f2 (elapsed: 30452)
  process_thread_foure_timesynch_process (local in 4emac-timesynch.c) called from PC: $12738 (elapsed: 1119558)
  call_process (local in process.c) called from PC: $1291c (elapsed: 1119595)
  process_run (packetbuf.c) called from PC: $05edc (elapsed: 1122517)
 WARN [Thread-2] (MspMote.java:229) - 30: # Watchdog[EXECUTION]: illegal write to WDTCTL (0) from $103ca - reset!!!!
Watchdog: illegal write to WDTCTL (0) from $103ca - reset!!!!
Stack Trace: number of calls: 5 PC: $103ca
  watchdog_reboot (packetbuf.c) called from PC: $24c30 (elapsed: 5)
  restart_time_synchronisation (packetbuf.c) called from PC: $159f2 (elapsed: 30452)
  process_thread_foure_timesynch_process (local in 4emac-timesynch.c) called from PC: $12738 (elapsed: 794519)
  call_process (local in process.c) called from PC: $1291c (elapsed: 794556)
  process_run (packetbuf.c) called from PC: $05edc (elapsed: 797577)
 WARN [Thread-2] (MspMote.java:229) - 7: # Watchdog[EXECUTION]: illegal write to WDTCTL (0) from $103ca - reset!!!!
Watchdog: illegal write to WDTCTL (0) from $103ca - reset!!!!
Stack Trace: number of calls: 5 PC: $103ca
  watchdog_reboot (packetbuf.c) called from PC: $24c30 (elapsed: 5)
  restart_time_synchronisation (packetbuf.c) called from PC: $159f2 (elapsed: 30453)
  process_thread_foure_timesynch_process (local in 4emac-timesynch.c) called from PC: $12738 (elapsed: 803779)
  call_process (local in process.c) called from PC: $1291c (elapsed: 803816)
  process_run (packetbuf.c) called from PC: $05edc (elapsed: 806889)
 WARN [Thread-2] (MspMote.java:229) - 12: # Watchdog[EXECUTION]: illegal write to WDTCTL (0) from $103ca - reset!!!!
Watchdog: illegal write to WDTCTL (0) from $103ca - reset!!!!
Stack Trace: number of calls: 5 PC: $103ca
  watchdog_reboot (packetbuf.c) called from PC: $24c30 (elapsed: 5)
  restart_time_synchronisation (packetbuf.c) called from PC: $159f2 (elapsed: 30555)
  process_thread_foure_timesynch_process (local in 4emac-timesynch.c) called from PC: $12738 (elapsed: 828917)
  call_process (local in process.c) called from PC: $1291c (elapsed: 828954)
  process_run (packetbuf.c) called from PC: $05edc (elapsed: 831957)
 WARN [Thread-2] (MspMote.java:229) - 36: # Watchdog[EXECUTION]: illegal write to WDTCTL (0) from $103ca - reset!!!!
Watchdog: illegal write to WDTCTL (0) from $103ca - reset!!!!
Stack Trace: number of calls: 5 PC: $103ca
  watchdog_reboot (packetbuf.c) called from PC: $24c30 (elapsed: 5)
  restart_time_synchronisation (packetbuf.c) called from PC: $159f2 (elapsed: 30447)
  process_thread_foure_timesynch_process (local in 4emac-timesynch.c) called from PC: $12738 (elapsed: 1086007)
  call_process (local in process.c) called from PC: $1291c (elapsed: 1086044)
  process_run (packetbuf.c) called from PC: $05edc (elapsed: 1089225)
 WARN [Thread-2] (MspMote.java:229) - 38: # Watchdog[EXECUTION]: illegal write to WDTCTL (0) from $103ca - reset!!!!
Watchdog: illegal write to WDTCTL (0) from $103ca - reset!!!!
Stack Trace: number of calls: 5 PC: $103ca
  watchdog_reboot (packetbuf.c) called from PC: $24c30 (elapsed: 5)
  restart_time_synchronisation (packetbuf.c) called from PC: $159f2 (elapsed: 30452)
  process_thread_foure_timesynch_process (local in 4emac-timesynch.c) called from PC: $12738 (elapsed: 1234031)
  call_process (local in process.c) called from PC: $1291c (elapsed: 1234068)
  process_run (packetbuf.c) called from PC: $05edc (elapsed: 1237782)
 WARN [Thread-2] (MspMote.java:229) - 3: # Watchdog[EXECUTION]: illegal write to WDTCTL (0) from $103ca - reset!!!!
Watchdog: illegal write to WDTCTL (0) from $103ca - reset!!!!
Stack Trace: number of calls: 5 PC: $103ca
  watchdog_reboot (packetbuf.c) called from PC: $24c30 (elapsed: 5)
  restart_time_synchronisation (packetbuf.c) called from PC: $159f2 (elapsed: 30452)
  process_thread_foure_timesynch_process (local in 4emac-timesynch.c) called from PC: $12738 (elapsed: 1285380)
  call_process (local in process.c) called from PC: $1291c (elapsed: 1285417)
  process_run (packetbuf.c) called from PC: $05edc (elapsed: 1288648)
 WARN [Thread-2] (MspMote.java:229) - 46: # Watchdog[EXECUTION]: illegal write to WDTCTL (0) from $103ca - reset!!!!
Watchdog: illegal write to WDTCTL (0) from $103ca - reset!!!!
Stack Trace: number of calls: 5 PC: $103ca
  watchdog_reboot (packetbuf.c) called from PC: $24c30 (elapsed: 5)
  restart_time_synchronisation (packetbuf.c) called from PC: $159f2 (elapsed: 30452)
  process_thread_foure_timesynch_process (local in 4emac-timesynch.c) called from PC: $12738 (elapsed: 841117)
  call_process (local in process.c) called from PC: $1291c (elapsed: 841154)
  process_run (packetbuf.c) called from PC: $05edc (elapsed: 844067)
 WARN [Thread-2] (MspMote.java:229) - 41: # Watchdog[EXECUTION]: illegal write to WDTCTL (0) from $103ca - reset!!!!
Watchdog: illegal write to WDTCTL (0) from $103ca - reset!!!!
Stack Trace: number of calls: 5 PC: $103ca
  watchdog_reboot (packetbuf.c) called from PC: $24c30 (elapsed: 5)
  restart_time_synchronisation (packetbuf.c) called from PC: $159f2 (elapsed: 30452)
  process_thread_foure_timesynch_process (local in 4emac-timesynch.c) called from PC: $12738 (elapsed: 979258)
  call_process (local in process.c) called from PC: $1291c (elapsed: 979295)
  process_run (packetbuf.c) called from PC: $05edc (elapsed: 982296)
 WARN [Thread-2] (MspMote.java:229) - 26: # Watchdog[EXECUTION]: illegal write to WDTCTL (0) from $103ca - reset!!!!
Watchdog: illegal write to WDTCTL (0) from $103ca - reset!!!!
Stack Trace: number of calls: 5 PC: $103ca
  watchdog_reboot (packetbuf.c) called from PC: $24c30 (elapsed: 5)
  restart_time_synchronisation (packetbuf.c) called from PC: $159f2 (elapsed: 30452)
  process_thread_foure_timesynch_process (local in 4emac-timesynch.c) called from PC: $12738 (elapsed: 913651)
  call_process (local in process.c) called from PC: $1291c (elapsed: 913688)
  process_run (packetbuf.c) called from PC: $05edc (elapsed: 916520)
 WARN [Thread-2] (MspMote.java:229) - 32: # Watchdog[EXECUTION]: illegal write to WDTCTL (0) from $103ca - reset!!!!
 INFO [Thread-2] (LogScriptEngine.java:389) - Test script at 95.00%, done in 526.7 sec
Watchdog: illegal write to WDTCTL (0) from $103ca - reset!!!!
Stack Trace: number of calls: 11 PC: $103ca
  watchdog_reboot (packetbuf.c) called from PC: $24c30 (elapsed: 5)
  restart_time_synchronisation (packetbuf.c) called from PC: $14eee (elapsed: 31371)
  foure_timesynch_parent_switch_callback (packetbuf.c) called from PC: $1e95c (elapsed: 69519)
  rpl_set_preferred_parent (local in rpl-dag.c) called from PC: $1ef8c (elapsed: 162386)
  rpl_nullify_parent (packetbuf.c) called from PC: $1fc26 (elapsed: 373785)
  rpl_process_parent_event (packetbuf.c) called from PC: $1fcbe (elapsed: 499213)
  rpl_recalculate_ranks (packetbuf.c) called from PC: $23726 (elapsed: 499640)
  handle_periodic_timer (local in rpl-timers.c) called from PC: $1219c (elapsed: 499907)
  process_thread_ctimer_process (local in ctimer.c) called from PC: $12738 (elapsed: 500132)
  call_process (local in process.c) called from PC: $1291c (elapsed: 500169)
  process_run (packetbuf.c) called from PC: $05edc (elapsed: 503159)
 WARN [Thread-2] (MspMote.java:229) - 4: # Watchdog[EXECUTION]: illegal write to WDTCTL (0) from $103ca - reset!!!!
Watchdog: illegal write to WDTCTL (0) from $103ca - reset!!!!
Stack Trace: number of calls: 5 PC: $103ca
  watchdog_reboot (packetbuf.c) called from PC: $24c30 (elapsed: 5)
  restart_time_synchronisation (packetbuf.c) called from PC: $159f2 (elapsed: 30452)
  process_thread_foure_timesynch_process (local in 4emac-timesynch.c) called from PC: $12738 (elapsed: 670543)
  call_process (local in process.c) called from PC: $1291c (elapsed: 670580)
  process_run (packetbuf.c) called from PC: $05edc (elapsed: 673662)
 WARN [Thread-2] (MspMote.java:229) - 35: # Watchdog[EXECUTION]: illegal write to WDTCTL (0) from $103ca - reset!!!!
Watchdog: illegal write to WDTCTL (0) from $103ca - reset!!!!
Stack Trace: number of calls: 5 PC: $103ca
  watchdog_reboot (packetbuf.c) called from PC: $24c30 (elapsed: 5)
  restart_time_synchronisation (packetbuf.c) called from PC: $159f2 (elapsed: 30452)
  process_thread_foure_timesynch_process (local in 4emac-timesynch.c) called from PC: $12738 (elapsed: 527942)
  call_process (local in process.c) called from PC: $1291c (elapsed: 527979)
  process_run (packetbuf.c) called from PC: $05edc (elapsed: 531052)
 WARN [Thread-2] (MspMote.java:229) - 51: # Watchdog[EXECUTION]: illegal write to WDTCTL (0) from $103ca - reset!!!!
Watchdog: illegal write to WDTCTL (0) from $103ca - reset!!!!
Stack Trace: number of calls: 5 PC: $103ca
  watchdog_reboot (packetbuf.c) called from PC: $24c30 (elapsed: 5)
  restart_time_synchronisation (packetbuf.c) called from PC: $159f2 (elapsed: 30452)
  process_thread_foure_timesynch_process (local in 4emac-timesynch.c) called from PC: $12738 (elapsed: 843245)
  call_process (local in process.c) called from PC: $1291c (elapsed: 843282)
  process_run (packetbuf.c) called from PC: $05edc (elapsed: 846276)
 WARN [Thread-2] (MspMote.java:229) - 31: # Watchdog[EXECUTION]: illegal write to WDTCTL (0) from $103ca - reset!!!!
Watchdog: illegal write to WDTCTL (0) from $103ca - reset!!!!
Stack Trace: number of calls: 5 PC: $103ca
  watchdog_reboot (packetbuf.c) called from PC: $24c30 (elapsed: 5)
  restart_time_synchronisation (packetbuf.c) called from PC: $159f2 (elapsed: 30452)
  process_thread_foure_timesynch_process (local in 4emac-timesynch.c) called from PC: $12738 (elapsed: 1089817)
  call_process (local in process.c) called from PC: $1291c (elapsed: 1089854)
  process_run (packetbuf.c) called from PC: $05edc (elapsed: 1094202)
 WARN [Thread-2] (MspMote.java:229) - 37: # Watchdog[EXECUTION]: illegal write to WDTCTL (0) from $103ca - reset!!!!
Watchdog: illegal write to WDTCTL (0) from $103ca - reset!!!!
Stack Trace: number of calls: 5 PC: $103ca
  watchdog_reboot (packetbuf.c) called from PC: $24c30 (elapsed: 5)
  restart_time_synchronisation (packetbuf.c) called from PC: $159f2 (elapsed: 30452)
  process_thread_foure_timesynch_process (local in 4emac-timesynch.c) called from PC: $12738 (elapsed: 1222001)
  call_process (local in process.c) called from PC: $1291c (elapsed: 1222038)
  process_run (packetbuf.c) called from PC: $05edc (elapsed: 1226082)
 WARN [Thread-2] (MspMote.java:229) - 47: # Watchdog[EXECUTION]: illegal write to WDTCTL (0) from $103ca - reset!!!!
Watchdog: illegal write to WDTCTL (0) from $103ca - reset!!!!
Stack Trace: number of calls: 5 PC: $103ca
  watchdog_reboot (packetbuf.c) called from PC: $24c30 (elapsed: 5)
  restart_time_synchronisation (packetbuf.c) called from PC: $159f2 (elapsed: 30447)
  process_thread_foure_timesynch_process (local in 4emac-timesynch.c) called from PC: $12738 (elapsed: 1085981)
  call_process (local in process.c) called from PC: $1291c (elapsed: 1086018)
  process_run (packetbuf.c) called from PC: $05edc (elapsed: 1089100)
 WARN [Thread-2] (MspMote.java:229) - 48: # Watchdog[EXECUTION]: illegal write to WDTCTL (0) from $103ca - reset!!!!
Watchdog: illegal write to WDTCTL (0) from $103ca - reset!!!!
Stack Trace: number of calls: 5 PC: $103ca
  watchdog_reboot (packetbuf.c) called from PC: $24c30 (elapsed: 5)
  restart_time_synchronisation (packetbuf.c) called from PC: $159f2 (elapsed: 30452)
  process_thread_foure_timesynch_process (local in 4emac-timesynch.c) called from PC: $12738 (elapsed: 1222414)
  call_process (local in process.c) called from PC: $1291c (elapsed: 1222451)
  process_run (packetbuf.c) called from PC: $05edc (elapsed: 1225366)
 WARN [Thread-2] (MspMote.java:229) - 43: # Watchdog[EXECUTION]: illegal write to WDTCTL (0) from $103ca - reset!!!!
Watchdog: illegal write to WDTCTL (0) from $103ca - reset!!!!
Stack Trace: number of calls: 5 PC: $103ca
  watchdog_reboot (packetbuf.c) called from PC: $24c30 (elapsed: 5)
  restart_time_synchronisation (packetbuf.c) called from PC: $159f2 (elapsed: 30452)
  process_thread_foure_timesynch_process (local in 4emac-timesynch.c) called from PC: $12738 (elapsed: 1415411)
  call_process (local in process.c) called from PC: $1291c (elapsed: 1415448)
  process_run (packetbuf.c) called from PC: $05edc (elapsed: 1418451)
 WARN [Thread-2] (MspMote.java:229) - 42: # Watchdog[EXECUTION]: illegal write to WDTCTL (0) from $103ca - reset!!!!
Watchdog: illegal write to WDTCTL (0) from $103ca - reset!!!!
Stack Trace: number of calls: 11 PC: $103ca
  watchdog_reboot (packetbuf.c) called from PC: $24c30 (elapsed: 5)
  restart_time_synchronisation (packetbuf.c) called from PC: $14eee (elapsed: 31370)
  foure_timesynch_parent_switch_callback (packetbuf.c) called from PC: $1e95c (elapsed: 69446)
  rpl_set_preferred_parent (local in rpl-dag.c) called from PC: $1ef8c (elapsed: 163809)
  rpl_nullify_parent (packetbuf.c) called from PC: $1fc26 (elapsed: 451964)
  rpl_process_parent_event (packetbuf.c) called from PC: $1fcbe (elapsed: 546242)
  rpl_recalculate_ranks (packetbuf.c) called from PC: $23726 (elapsed: 546669)
  handle_periodic_timer (local in rpl-timers.c) called from PC: $1219c (elapsed: 546936)
  process_thread_ctimer_process (local in ctimer.c) called from PC: $12738 (elapsed: 547185)
  call_process (local in process.c) called from PC: $1291c (elapsed: 547222)
  process_run (packetbuf.c) called from PC: $05edc (elapsed: 550291)
 WARN [Thread-2] (MspMote.java:229) - 37: # Watchdog[EXECUTION]: illegal write to WDTCTL (0) from $103ca - reset!!!!
Watchdog: illegal write to WDTCTL (0) from $103ca - reset!!!!
Stack Trace: number of calls: 5 PC: $103ca
  watchdog_reboot (packetbuf.c) called from PC: $24c30 (elapsed: 5)
  restart_time_synchronisation (packetbuf.c) called from PC: $159f2 (elapsed: 30447)
  process_thread_foure_timesynch_process (local in 4emac-timesynch.c) called from PC: $12738 (elapsed: 1260504)
  call_process (local in process.c) called from PC: $1291c (elapsed: 1260541)
  process_run (packetbuf.c) called from PC: $05edc (elapsed: 1263777)
 WARN [Thread-2] (MspMote.java:229) - 19: # Watchdog[EXECUTION]: illegal write to WDTCTL (0) from $103ca - reset!!!!
Watchdog: illegal write to WDTCTL (0) from $103ca - reset!!!!
Stack Trace: number of calls: 5 PC: $103ca
  watchdog_reboot (packetbuf.c) called from PC: $24c30 (elapsed: 5)
  restart_time_synchronisation (packetbuf.c) called from PC: $159f2 (elapsed: 30452)
  process_thread_foure_timesynch_process (local in 4emac-timesynch.c) called from PC: $12738 (elapsed: 993288)
  call_process (local in process.c) called from PC: $1291c (elapsed: 993325)
  process_run (packetbuf.c) called from PC: $05edc (elapsed: 997523)
 WARN [Thread-2] (MspMote.java:229) - 33: # Watchdog[EXECUTION]: illegal write to WDTCTL (0) from $103ca - reset!!!!
Watchdog: illegal write to WDTCTL (0) from $103ca - reset!!!!
Stack Trace: number of calls: 5 PC: $103ca
  watchdog_reboot (packetbuf.c) called from PC: $24c30 (elapsed: 5)
  restart_time_synchronisation (packetbuf.c) called from PC: $159f2 (elapsed: 30452)
  process_thread_foure_timesynch_process (local in 4emac-timesynch.c) called from PC: $12738 (elapsed: 1093260)
  call_process (local in process.c) called from PC: $1291c (elapsed: 1093297)
  process_run (packetbuf.c) called from PC: $05edc (elapsed: 1096403)
 WARN [Thread-2] (MspMote.java:229) - 38: # Watchdog[EXECUTION]: illegal write to WDTCTL (0) from $103ca - reset!!!!
Watchdog: illegal write to WDTCTL (0) from $103ca - reset!!!!
Stack Trace: number of calls: 5 PC: $103ca
  watchdog_reboot (packetbuf.c) called from PC: $24c30 (elapsed: 5)
  restart_time_synchronisation (packetbuf.c) called from PC: $159f2 (elapsed: 30452)
  process_thread_foure_timesynch_process (local in 4emac-timesynch.c) called from PC: $12738 (elapsed: 809093)
  call_process (local in process.c) called from PC: $1291c (elapsed: 809130)
  process_run (packetbuf.c) called from PC: $05edc (elapsed: 812043)
 WARN [Thread-2] (MspMote.java:229) - 1: # Watchdog[EXECUTION]: illegal write to WDTCTL (0) from $103ca - reset!!!!
Watchdog: illegal write to WDTCTL (0) from $103ca - reset!!!!
Stack Trace: number of calls: 5 PC: $103ca
  watchdog_reboot (packetbuf.c) called from PC: $24c30 (elapsed: 5)
  restart_time_synchronisation (packetbuf.c) called from PC: $159f2 (elapsed: 31365)
  process_thread_foure_timesynch_process (local in 4emac-timesynch.c) called from PC: $12738 (elapsed: 185623)
  call_process (local in process.c) called from PC: $1291c (elapsed: 185660)
  process_run (packetbuf.c) called from PC: $05edc (elapsed: 188908)
 WARN [Thread-2] (MspMote.java:229) - 34: # Watchdog[EXECUTION]: illegal write to WDTCTL (0) from $103ca - reset!!!!
Watchdog: illegal write to WDTCTL (0) from $103ca - reset!!!!
Stack Trace: number of calls: 5 PC: $103ca
  watchdog_reboot (packetbuf.c) called from PC: $24c30 (elapsed: 5)
  restart_time_synchronisation (packetbuf.c) called from PC: $159f2 (elapsed: 30453)
  process_thread_foure_timesynch_process (local in 4emac-timesynch.c) called from PC: $12738 (elapsed: 1084121)
  call_process (local in process.c) called from PC: $1291c (elapsed: 1084158)
  process_run (packetbuf.c) called from PC: $05edc (elapsed: 1091207)
 WARN [Thread-2] (MspMote.java:229) - 44: # Watchdog[EXECUTION]: illegal write to WDTCTL (0) from $103ca - reset!!!!
Watchdog: illegal write to WDTCTL (0) from $103ca - reset!!!!
Stack Trace: number of calls: 5 PC: $103ca
  watchdog_reboot (packetbuf.c) called from PC: $24c30 (elapsed: 5)
  restart_time_synchronisation (packetbuf.c) called from PC: $159f2 (elapsed: 30447)
  process_thread_foure_timesynch_process (local in 4emac-timesynch.c) called from PC: $12738 (elapsed: 1210554)
  call_process (local in process.c) called from PC: $1291c (elapsed: 1210591)
  process_run (packetbuf.c) called from PC: $05edc (elapsed: 1213508)
 WARN [Thread-2] (MspMote.java:229) - 14: # Watchdog[EXECUTION]: illegal write to WDTCTL (0) from $103ca - reset!!!!
Watchdog: illegal write to WDTCTL (0) from $103ca - reset!!!!
Stack Trace: number of calls: 5 PC: $103ca
  watchdog_reboot (packetbuf.c) called from PC: $24c30 (elapsed: 5)
  restart_time_synchronisation (packetbuf.c) called from PC: $159f2 (elapsed: 30452)
  process_thread_foure_timesynch_process (local in 4emac-timesynch.c) called from PC: $12738 (elapsed: 1307376)
  call_process (local in process.c) called from PC: $1291c (elapsed: 1307413)
  process_run (packetbuf.c) called from PC: $05edc (elapsed: 1310407)
 WARN [Thread-2] (MspMote.java:229) - 15: # Watchdog[EXECUTION]: illegal write to WDTCTL (0) from $103ca - reset!!!!
Watchdog: illegal write to WDTCTL (0) from $103ca - reset!!!!
Stack Trace: number of calls: 5 PC: $103ca
  watchdog_reboot (packetbuf.c) called from PC: $24c30 (elapsed: 5)
  restart_time_synchronisation (packetbuf.c) called from PC: $159f2 (elapsed: 30459)
  process_thread_foure_timesynch_process (local in 4emac-timesynch.c) called from PC: $12738 (elapsed: 953016)
  call_process (local in process.c) called from PC: $1291c (elapsed: 953053)
  process_run (packetbuf.c) called from PC: $05edc (elapsed: 956137)
 WARN [Thread-2] (MspMote.java:229) - 29: # Watchdog[EXECUTION]: illegal write to WDTCTL (0) from $103ca - reset!!!!
Watchdog: illegal write to WDTCTL (0) from $103ca - reset!!!!
Stack Trace: number of calls: 5 PC: $103ca
  watchdog_reboot (packetbuf.c) called from PC: $24c30 (elapsed: 5)
  restart_time_synchronisation (packetbuf.c) called from PC: $159f2 (elapsed: 30452)
  process_thread_foure_timesynch_process (local in 4emac-timesynch.c) called from PC: $12738 (elapsed: 1357811)
  call_process (local in process.c) called from PC: $1291c (elapsed: 1357848)
  process_run (packetbuf.c) called from PC: $05edc (elapsed: 1361000)
 WARN [Thread-2] (MspMote.java:229) - 9: # Watchdog[EXECUTION]: illegal write to WDTCTL (0) from $103ca - reset!!!!
Watchdog: illegal write to WDTCTL (0) from $103ca - reset!!!!
Stack Trace: number of calls: 5 PC: $103ca
  watchdog_reboot (packetbuf.c) called from PC: $24c30 (elapsed: 5)
  restart_time_synchronisation (packetbuf.c) called from PC: $159f2 (elapsed: 30452)
  process_thread_foure_timesynch_process (local in 4emac-timesynch.c) called from PC: $12738 (elapsed: 985357)
  call_process (local in process.c) called from PC: $1291c (elapsed: 985394)
  process_run (packetbuf.c) called from PC: $05edc (elapsed: 988496)
 WARN [Thread-2] (MspMote.java:229) - 43: # Watchdog[EXECUTION]: illegal write to WDTCTL (0) from $103ca - reset!!!!
Watchdog: illegal write to WDTCTL (0) from $103ca - reset!!!!
Stack Trace: number of calls: 5 PC: $103ca
  watchdog_reboot (packetbuf.c) called from PC: $24c30 (elapsed: 5)
  restart_time_synchronisation (packetbuf.c) called from PC: $159f2 (elapsed: 30452)
  process_thread_foure_timesynch_process (local in 4emac-timesynch.c) called from PC: $12738 (elapsed: 843591)
  call_process (local in process.c) called from PC: $1291c (elapsed: 843628)
  process_run (packetbuf.c) called from PC: $05edc (elapsed: 846934)
 WARN [Thread-2] (MspMote.java:229) - 40: # Watchdog[EXECUTION]: illegal write to WDTCTL (0) from $103ca - reset!!!!
Watchdog: illegal write to WDTCTL (0) from $103ca - reset!!!!
Stack Trace: number of calls: 11 PC: $103ca
  watchdog_reboot (packetbuf.c) called from PC: $24c30 (elapsed: 5)
  restart_time_synchronisation (packetbuf.c) called from PC: $14eee (elapsed: 31370)
  foure_timesynch_parent_switch_callback (packetbuf.c) called from PC: $1e95c (elapsed: 69451)
  rpl_set_preferred_parent (local in rpl-dag.c) called from PC: $1ef8c (elapsed: 162503)
  rpl_nullify_parent (packetbuf.c) called from PC: $1fc26 (elapsed: 373660)
  rpl_process_parent_event (packetbuf.c) called from PC: $1fcbe (elapsed: 468044)
  rpl_recalculate_ranks (packetbuf.c) called from PC: $23726 (elapsed: 468471)
  handle_periodic_timer (local in rpl-timers.c) called from PC: $1219c (elapsed: 468735)
  process_thread_ctimer_process (local in ctimer.c) called from PC: $12738 (elapsed: 468960)
  call_process (local in process.c) called from PC: $1291c (elapsed: 468997)
  process_run (packetbuf.c) called from PC: $05edc (elapsed: 471962)
 WARN [Thread-2] (MspMote.java:229) - 9: # Watchdog[EXECUTION]: illegal write to WDTCTL (0) from $103ca - reset!!!!
Watchdog: illegal write to WDTCTL (0) from $103ca - reset!!!!
Stack Trace: number of calls: 11 PC: $103ca
  watchdog_reboot (packetbuf.c) called from PC: $24c30 (elapsed: 5)
  restart_time_synchronisation (packetbuf.c) called from PC: $14eee (elapsed: 31370)
  foure_timesynch_parent_switch_callback (packetbuf.c) called from PC: $1e95c (elapsed: 69452)
  rpl_set_preferred_parent (local in rpl-dag.c) called from PC: $1ef8c (elapsed: 162481)
  rpl_nullify_parent (packetbuf.c) called from PC: $1fc26 (elapsed: 439233)
  rpl_process_parent_event (packetbuf.c) called from PC: $1fcbe (elapsed: 535050)
  rpl_recalculate_ranks (packetbuf.c) called from PC: $23726 (elapsed: 536094)
  handle_periodic_timer (local in rpl-timers.c) called from PC: $1219c (elapsed: 536446)
  process_thread_ctimer_process (local in ctimer.c) called from PC: $12738 (elapsed: 536671)
  call_process (local in process.c) called from PC: $1291c (elapsed: 536708)
  process_run (packetbuf.c) called from PC: $05edc (elapsed: 540047)
 WARN [Thread-2] (MspMote.java:229) - 3: # Watchdog[EXECUTION]: illegal write to WDTCTL (0) from $103ca - reset!!!!
Watchdog: illegal write to WDTCTL (0) from $103ca - reset!!!!
Stack Trace: number of calls: 5 PC: $103ca
  watchdog_reboot (packetbuf.c) called from PC: $24c30 (elapsed: 5)
  restart_time_synchronisation (packetbuf.c) called from PC: $159f2 (elapsed: 30651)
  process_thread_foure_timesynch_process (local in 4emac-timesynch.c) called from PC: $12738 (elapsed: 939212)
  call_process (local in process.c) called from PC: $1291c (elapsed: 939249)
  process_run (packetbuf.c) called from PC: $05edc (elapsed: 942323)
 WARN [Thread-2] (MspMote.java:229) - 11: # Watchdog[EXECUTION]: illegal write to WDTCTL (0) from $103ca - reset!!!!
Watchdog: illegal write to WDTCTL (0) from $103ca - reset!!!!
Stack Trace: number of calls: 5 PC: $103ca
  watchdog_reboot (packetbuf.c) called from PC: $24c30 (elapsed: 5)
  restart_time_synchronisation (packetbuf.c) called from PC: $159f2 (elapsed: 30453)
  process_thread_foure_timesynch_process (local in 4emac-timesynch.c) called from PC: $12738 (elapsed: 946239)
  call_process (local in process.c) called from PC: $1291c (elapsed: 946276)
  process_run (packetbuf.c) called from PC: $05edc (elapsed: 949352)
 WARN [Thread-2] (MspMote.java:229) - 21: # Watchdog[EXECUTION]: illegal write to WDTCTL (0) from $103ca - reset!!!!
Watchdog: illegal write to WDTCTL (0) from $103ca - reset!!!!
Stack Trace: number of calls: 5 PC: $103ca
  watchdog_reboot (packetbuf.c) called from PC: $24c30 (elapsed: 5)
  restart_time_synchronisation (packetbuf.c) called from PC: $159f2 (elapsed: 30507)
  process_thread_foure_timesynch_process (local in 4emac-timesynch.c) called from PC: $12738 (elapsed: 1249456)
  call_process (local in process.c) called from PC: $1291c (elapsed: 1249493)
  process_run (packetbuf.c) called from PC: $05edc (elapsed: 1252406)
 WARN [Thread-2] (MspMote.java:229) - 50: # Watchdog[EXECUTION]: illegal write to WDTCTL (0) from $103ca - reset!!!!
Watchdog: illegal write to WDTCTL (0) from $103ca - reset!!!!
Stack Trace: number of calls: 5 PC: $103ca
  watchdog_reboot (packetbuf.c) called from PC: $24c30 (elapsed: 5)
  restart_time_synchronisation (packetbuf.c) called from PC: $159f2 (elapsed: 30452)
  process_thread_foure_timesynch_process (local in 4emac-timesynch.c) called from PC: $12738 (elapsed: 787931)
  call_process (local in process.c) called from PC: $1291c (elapsed: 787968)
  process_run (packetbuf.c) called from PC: $05edc (elapsed: 790883)
 WARN [Thread-2] (MspMote.java:229) - 49: # Watchdog[EXECUTION]: illegal write to WDTCTL (0) from $103ca - reset!!!!
Watchdog: illegal write to WDTCTL (0) from $103ca - reset!!!!
Stack Trace: number of calls: 5 PC: $103ca
  watchdog_reboot (packetbuf.c) called from PC: $24c30 (elapsed: 5)
  restart_time_synchronisation (packetbuf.c) called from PC: $159f2 (elapsed: 34223)
  process_thread_foure_timesynch_process (local in 4emac-timesynch.c) called from PC: $12738 (elapsed: 936663)
  call_process (local in process.c) called from PC: $1291c (elapsed: 936700)
  process_run (packetbuf.c) called from PC: $05edc (elapsed: 939615)
 WARN [Thread-2] (MspMote.java:229) - 13: # Watchdog[EXECUTION]: illegal write to WDTCTL (0) from $103ca - reset!!!!
Watchdog: illegal write to WDTCTL (0) from $103ca - reset!!!!
Stack Trace: number of calls: 5 PC: $103ca
  watchdog_reboot (packetbuf.c) called from PC: $24c30 (elapsed: 5)
  restart_time_synchronisation (packetbuf.c) called from PC: $159f2 (elapsed: 30447)
  process_thread_foure_timesynch_process (local in 4emac-timesynch.c) called from PC: $12738 (elapsed: 1209841)
  call_process (local in process.c) called from PC: $1291c (elapsed: 1209878)
  process_run (packetbuf.c) called from PC: $05edc (elapsed: 1213070)
 WARN [Thread-2] (MspMote.java:229) - 10: # Watchdog[EXECUTION]: illegal write to WDTCTL (0) from $103ca - reset!!!!
Watchdog: illegal write to WDTCTL (0) from $103ca - reset!!!!
Stack Trace: number of calls: 5 PC: $103ca
  watchdog_reboot (packetbuf.c) called from PC: $24c30 (elapsed: 5)
  restart_time_synchronisation (packetbuf.c) called from PC: $159f2 (elapsed: 30453)
  process_thread_foure_timesynch_process (local in 4emac-timesynch.c) called from PC: $12738 (elapsed: 500085)
  call_process (local in process.c) called from PC: $1291c (elapsed: 500122)
  process_run (packetbuf.c) called from PC: $05edc (elapsed: 503039)
 WARN [Thread-2] (MspMote.java:229) - 42: # Watchdog[EXECUTION]: illegal write to WDTCTL (0) from $103ca - reset!!!!
 INFO [Thread-2] (LogScriptEngine.java:375) - Timeout event @ 3800000000
 INFO [Thread-1] (LogScriptEngine.java:309) - Test script finished
 INFO [Thread-2] (Simulation.java:312) - Simulation main loop stopped, system time: 1790430762827	Duration: 10270553 ms	Simulated time 3800000 ms	Ratio 0.36998981456986785
 INFO [AWT-EventQueue-1] (ScriptRunner.java:438) - Test script deactivated
