 INFO [main] (Cooja.java:1316) - > Starting Cooja
 INFO [main] (Cooja.java:2857) - External tools default settings: /external_tools_linux_64.config
 INFO [main] (Cooja.java:2887) - External tools user settings: /home/drhakanaydin/6tisch-ng-sra-v17-50-60-node-update/6tisch-ng-sra-v17/6tisch-ng-sra/results/rpl_root/random50node_high_coverange_20260926_140155/cooja_external_tools.properties
FATAL [main] (Cooja.java:1941) - No plugin class: class org.contikios.cooja.plugins.CollectViewFull: org/jfree/data/time/RegularTimePeriod
 INFO [main] (Simulation.java:422) - Simulation random seed: 710397
 INFO [main] (CompileContiki.java:140) - > make border-router-server_rpl.exp5438 TARGET=exp5438 
Message:
Message:> make border-router-server_rpl.exp5438 TARGET=exp5438 
Message:../../../../Makefile.gcc:23: Warning: you're using an old version of msp430-gcc.
Message:../../../../Makefile.gcc:24: Upgrade to 4.7.x is recommended for extended memory support and bugfixes.
Message:make: 'border-router-server_rpl.exp5438' is up to date.
 INFO [main] (CompileContiki.java:140) - > make border-router-client_rpl.exp5438 TARGET=exp5438 
Message:
Message:> make border-router-client_rpl.exp5438 TARGET=exp5438 
Message:../../../../Makefile.gcc:23: Warning: you're using an old version of msp430-gcc.
Message:../../../../Makefile.gcc:24: Upgrade to 4.7.x is recommended for extended memory support and bugfixes.
Message:make: 'border-router-client_rpl.exp5438' is up to date.
 INFO [main] (MspMote.java:235) - Loading firmware from: /home/drhakanaydin/6tisch-ng-sra-v17-50-60-node-update/6tisch-ng-sra-v17/6tisch-ng-sra/examples/tsch/rpl-udp/border-router-client_rpl/border-router-client_rpl.exp5438
 INFO [main] (MspMote.java:235) - Loading firmware from: /home/drhakanaydin/6tisch-ng-sra-v17-50-60-node-update/6tisch-ng-sra-v17/6tisch-ng-sra/examples/tsch/rpl-udp/border-router-client_rpl/border-router-client_rpl.exp5438
 INFO [main] (MspMote.java:235) - Loading firmware from: /home/drhakanaydin/6tisch-ng-sra-v17-50-60-node-update/6tisch-ng-sra-v17/6tisch-ng-sra/examples/tsch/rpl-udp/border-router-client_rpl/border-router-client_rpl.exp5438
 INFO [main] (MspMote.java:235) - Loading firmware from: /home/drhakanaydin/6tisch-ng-sra-v17-50-60-node-update/6tisch-ng-sra-v17/6tisch-ng-sra/examples/tsch/rpl-udp/border-router-client_rpl/border-router-client_rpl.exp5438
 INFO [main] (MspMote.java:235) - Loading firmware from: /home/drhakanaydin/6tisch-ng-sra-v17-50-60-node-update/6tisch-ng-sra-v17/6tisch-ng-sra/examples/tsch/rpl-udp/border-router-client_rpl/border-router-client_rpl.exp5438
 INFO [main] (MspMote.java:235) - Loading firmware from: /home/drhakanaydin/6tisch-ng-sra-v17-50-60-node-update/6tisch-ng-sra-v17/6tisch-ng-sra/examples/tsch/rpl-udp/border-router-client_rpl/border-router-client_rpl.exp5438
 INFO [main] (MspMote.java:235) - Loading firmware from: /home/drhakanaydin/6tisch-ng-sra-v17-50-60-node-update/6tisch-ng-sra-v17/6tisch-ng-sra/examples/tsch/rpl-udp/border-router-client_rpl/border-router-client_rpl.exp5438
 INFO [main] (MspMote.java:235) - Loading firmware from: /home/drhakanaydin/6tisch-ng-sra-v17-50-60-node-update/6tisch-ng-sra-v17/6tisch-ng-sra/examples/tsch/rpl-udp/border-router-server_rpl/border-router-server_rpl.exp5438
 INFO [main] (MspMote.java:235) - Loading firmware from: /home/drhakanaydin/6tisch-ng-sra-v17-50-60-node-update/6tisch-ng-sra-v17/6tisch-ng-sra/examples/tsch/rpl-udp/border-router-client_rpl/border-router-client_rpl.exp5438
 INFO [main] (MspMote.java:235) - Loading firmware from: /home/drhakanaydin/6tisch-ng-sra-v17-50-60-node-update/6tisch-ng-sra-v17/6tisch-ng-sra/examples/tsch/rpl-udp/border-router-client_rpl/border-router-client_rpl.exp5438
 INFO [main] (MspMote.java:235) - Loading firmware from: /home/drhakanaydin/6tisch-ng-sra-v17-50-60-node-update/6tisch-ng-sra-v17/6tisch-ng-sra/examples/tsch/rpl-udp/border-router-client_rpl/border-router-client_rpl.exp5438
 INFO [main] (MspMote.java:235) - Loading firmware from: /home/drhakanaydin/6tisch-ng-sra-v17-50-60-node-update/6tisch-ng-sra-v17/6tisch-ng-sra/examples/tsch/rpl-udp/border-router-client_rpl/border-router-client_rpl.exp5438
 INFO [main] (MspMote.java:235) - Loading firmware from: /home/drhakanaydin/6tisch-ng-sra-v17-50-60-node-update/6tisch-ng-sra-v17/6tisch-ng-sra/examples/tsch/rpl-udp/border-router-client_rpl/border-router-client_rpl.exp5438
 INFO [main] (MspMote.java:235) - Loading firmware from: /home/drhakanaydin/6tisch-ng-sra-v17-50-60-node-update/6tisch-ng-sra-v17/6tisch-ng-sra/examples/tsch/rpl-udp/border-router-client_rpl/border-router-client_rpl.exp5438
 INFO [main] (MspMote.java:235) - Loading firmware from: /home/drhakanaydin/6tisch-ng-sra-v17-50-60-node-update/6tisch-ng-sra-v17/6tisch-ng-sra/examples/tsch/rpl-udp/border-router-client_rpl/border-router-client_rpl.exp5438
 INFO [main] (MspMote.java:235) - Loading firmware from: /home/drhakanaydin/6tisch-ng-sra-v17-50-60-node-update/6tisch-ng-sra-v17/6tisch-ng-sra/examples/tsch/rpl-udp/border-router-client_rpl/border-router-client_rpl.exp5438
 INFO [main] (MspMote.java:235) - Loading firmware from: /home/drhakanaydin/6tisch-ng-sra-v17-50-60-node-update/6tisch-ng-sra-v17/6tisch-ng-sra/examples/tsch/rpl-udp/border-router-client_rpl/border-router-client_rpl.exp5438
 INFO [main] (MspMote.java:235) - Loading firmware from: /home/drhakanaydin/6tisch-ng-sra-v17-50-60-node-update/6tisch-ng-sra-v17/6tisch-ng-sra/examples/tsch/rpl-udp/border-router-client_rpl/border-router-client_rpl.exp5438
 INFO [main] (MspMote.java:235) - Loading firmware from: /home/drhakanaydin/6tisch-ng-sra-v17-50-60-node-update/6tisch-ng-sra-v17/6tisch-ng-sra/examples/tsch/rpl-udp/border-router-client_rpl/border-router-client_rpl.exp5438
 INFO [main] (MspMote.java:235) - Loading firmware from: /home/drhakanaydin/6tisch-ng-sra-v17-50-60-node-update/6tisch-ng-sra-v17/6tisch-ng-sra/examples/tsch/rpl-udp/border-router-client_rpl/border-router-client_rpl.exp5438
 INFO [main] (MspMote.java:235) - Loading firmware from: /home/drhakanaydin/6tisch-ng-sra-v17-50-60-node-update/6tisch-ng-sra-v17/6tisch-ng-sra/examples/tsch/rpl-udp/border-router-client_rpl/border-router-client_rpl.exp5438
 INFO [main] (MspMote.java:235) - Loading firmware from: /home/drhakanaydin/6tisch-ng-sra-v17-50-60-node-update/6tisch-ng-sra-v17/6tisch-ng-sra/examples/tsch/rpl-udp/border-router-client_rpl/border-router-client_rpl.exp5438
 INFO [main] (MspMote.java:235) - Loading firmware from: /home/drhakanaydin/6tisch-ng-sra-v17-50-60-node-update/6tisch-ng-sra-v17/6tisch-ng-sra/examples/tsch/rpl-udp/border-router-client_rpl/border-router-client_rpl.exp5438
 INFO [main] (MspMote.java:235) - Loading firmware from: /home/drhakanaydin/6tisch-ng-sra-v17-50-60-node-update/6tisch-ng-sra-v17/6tisch-ng-sra/examples/tsch/rpl-udp/border-router-client_rpl/border-router-client_rpl.exp5438
 INFO [main] (MspMote.java:235) - Loading firmware from: /home/drhakanaydin/6tisch-ng-sra-v17-50-60-node-update/6tisch-ng-sra-v17/6tisch-ng-sra/examples/tsch/rpl-udp/border-router-client_rpl/border-router-client_rpl.exp5438
 INFO [main] (MspMote.java:235) - Loading firmware from: /home/drhakanaydin/6tisch-ng-sra-v17-50-60-node-update/6tisch-ng-sra-v17/6tisch-ng-sra/examples/tsch/rpl-udp/border-router-client_rpl/border-router-client_rpl.exp5438
 INFO [main] (MspMote.java:235) - Loading firmware from: /home/drhakanaydin/6tisch-ng-sra-v17-50-60-node-update/6tisch-ng-sra-v17/6tisch-ng-sra/examples/tsch/rpl-udp/border-router-client_rpl/border-router-client_rpl.exp5438
 INFO [main] (MspMote.java:235) - Loading firmware from: /home/drhakanaydin/6tisch-ng-sra-v17-50-60-node-update/6tisch-ng-sra-v17/6tisch-ng-sra/examples/tsch/rpl-udp/border-router-client_rpl/border-router-client_rpl.exp5438
 INFO [main] (MspMote.java:235) - Loading firmware from: /home/drhakanaydin/6tisch-ng-sra-v17-50-60-node-update/6tisch-ng-sra-v17/6tisch-ng-sra/examples/tsch/rpl-udp/border-router-client_rpl/border-router-client_rpl.exp5438
 INFO [main] (MspMote.java:235) - Loading firmware from: /home/drhakanaydin/6tisch-ng-sra-v17-50-60-node-update/6tisch-ng-sra-v17/6tisch-ng-sra/examples/tsch/rpl-udp/border-router-client_rpl/border-router-client_rpl.exp5438
 INFO [main] (MspMote.java:235) - Loading firmware from: /home/drhakanaydin/6tisch-ng-sra-v17-50-60-node-update/6tisch-ng-sra-v17/6tisch-ng-sra/examples/tsch/rpl-udp/border-router-client_rpl/border-router-client_rpl.exp5438
 INFO [main] (MspMote.java:235) - Loading firmware from: /home/drhakanaydin/6tisch-ng-sra-v17-50-60-node-update/6tisch-ng-sra-v17/6tisch-ng-sra/examples/tsch/rpl-udp/border-router-client_rpl/border-router-client_rpl.exp5438
 INFO [main] (MspMote.java:235) - Loading firmware from: /home/drhakanaydin/6tisch-ng-sra-v17-50-60-node-update/6tisch-ng-sra-v17/6tisch-ng-sra/examples/tsch/rpl-udp/border-router-client_rpl/border-router-client_rpl.exp5438
 INFO [main] (MspMote.java:235) - Loading firmware from: /home/drhakanaydin/6tisch-ng-sra-v17-50-60-node-update/6tisch-ng-sra-v17/6tisch-ng-sra/examples/tsch/rpl-udp/border-router-client_rpl/border-router-client_rpl.exp5438
 INFO [main] (MspMote.java:235) - Loading firmware from: /home/drhakanaydin/6tisch-ng-sra-v17-50-60-node-update/6tisch-ng-sra-v17/6tisch-ng-sra/examples/tsch/rpl-udp/border-router-client_rpl/border-router-client_rpl.exp5438
 INFO [main] (MspMote.java:235) - Loading firmware from: /home/drhakanaydin/6tisch-ng-sra-v17-50-60-node-update/6tisch-ng-sra-v17/6tisch-ng-sra/examples/tsch/rpl-udp/border-router-client_rpl/border-router-client_rpl.exp5438
 INFO [main] (MspMote.java:235) - Loading firmware from: /home/drhakanaydin/6tisch-ng-sra-v17-50-60-node-update/6tisch-ng-sra-v17/6tisch-ng-sra/examples/tsch/rpl-udp/border-router-client_rpl/border-router-client_rpl.exp5438
 INFO [main] (MspMote.java:235) - Loading firmware from: /home/drhakanaydin/6tisch-ng-sra-v17-50-60-node-update/6tisch-ng-sra-v17/6tisch-ng-sra/examples/tsch/rpl-udp/border-router-client_rpl/border-router-client_rpl.exp5438
 INFO [main] (MspMote.java:235) - Loading firmware from: /home/drhakanaydin/6tisch-ng-sra-v17-50-60-node-update/6tisch-ng-sra-v17/6tisch-ng-sra/examples/tsch/rpl-udp/border-router-client_rpl/border-router-client_rpl.exp5438
 INFO [main] (MspMote.java:235) - Loading firmware from: /home/drhakanaydin/6tisch-ng-sra-v17-50-60-node-update/6tisch-ng-sra-v17/6tisch-ng-sra/examples/tsch/rpl-udp/border-router-client_rpl/border-router-client_rpl.exp5438
 INFO [main] (MspMote.java:235) - Loading firmware from: /home/drhakanaydin/6tisch-ng-sra-v17-50-60-node-update/6tisch-ng-sra-v17/6tisch-ng-sra/examples/tsch/rpl-udp/border-router-client_rpl/border-router-client_rpl.exp5438
 INFO [main] (MspMote.java:235) - Loading firmware from: /home/drhakanaydin/6tisch-ng-sra-v17-50-60-node-update/6tisch-ng-sra-v17/6tisch-ng-sra/examples/tsch/rpl-udp/border-router-client_rpl/border-router-client_rpl.exp5438
 INFO [main] (MspMote.java:235) - Loading firmware from: /home/drhakanaydin/6tisch-ng-sra-v17-50-60-node-update/6tisch-ng-sra-v17/6tisch-ng-sra/examples/tsch/rpl-udp/border-router-client_rpl/border-router-client_rpl.exp5438
 INFO [main] (MspMote.java:235) - Loading firmware from: /home/drhakanaydin/6tisch-ng-sra-v17-50-60-node-update/6tisch-ng-sra-v17/6tisch-ng-sra/examples/tsch/rpl-udp/border-router-client_rpl/border-router-client_rpl.exp5438
 INFO [main] (MspMote.java:235) - Loading firmware from: /home/drhakanaydin/6tisch-ng-sra-v17-50-60-node-update/6tisch-ng-sra-v17/6tisch-ng-sra/examples/tsch/rpl-udp/border-router-client_rpl/border-router-client_rpl.exp5438
 INFO [main] (MspMote.java:235) - Loading firmware from: /home/drhakanaydin/6tisch-ng-sra-v17-50-60-node-update/6tisch-ng-sra-v17/6tisch-ng-sra/examples/tsch/rpl-udp/border-router-client_rpl/border-router-client_rpl.exp5438
 INFO [main] (MspMote.java:235) - Loading firmware from: /home/drhakanaydin/6tisch-ng-sra-v17-50-60-node-update/6tisch-ng-sra-v17/6tisch-ng-sra/examples/tsch/rpl-udp/border-router-client_rpl/border-router-client_rpl.exp5438
 INFO [main] (MspMote.java:235) - Loading firmware from: /home/drhakanaydin/6tisch-ng-sra-v17-50-60-node-update/6tisch-ng-sra-v17/6tisch-ng-sra/examples/tsch/rpl-udp/border-router-client_rpl/border-router-client_rpl.exp5438
 INFO [main] (MspMote.java:235) - Loading firmware from: /home/drhakanaydin/6tisch-ng-sra-v17-50-60-node-update/6tisch-ng-sra-v17/6tisch-ng-sra/examples/tsch/rpl-udp/border-router-client_rpl/border-router-client_rpl.exp5438
 INFO [main] (MspMote.java:235) - Loading firmware from: /home/drhakanaydin/6tisch-ng-sra-v17-50-60-node-update/6tisch-ng-sra-v17/6tisch-ng-sra/examples/tsch/rpl-udp/border-router-client_rpl/border-router-client_rpl.exp5438
 INFO [main] (MspMote.java:235) - Loading firmware from: /home/drhakanaydin/6tisch-ng-sra-v17-50-60-node-update/6tisch-ng-sra-v17/6tisch-ng-sra/examples/tsch/rpl-udp/border-router-client_rpl/border-router-client_rpl.exp5438
 INFO [main] (Cooja.java:1782) - Visualized plugin was not started: class org.contikios.cooja.plugins.SimControl
 INFO [main] (Cooja.java:1782) - Visualized plugin was not started: class org.contikios.cooja.plugins.Visualizer
 INFO [main] (Cooja.java:1782) - Visualized plugin was not started: class org.contikios.cooja.plugins.LogListener
 INFO [main] (Cooja.java:1782) - Visualized plugin was not started: class org.contikios.cooja.plugins.TimeLine
 INFO [main] (ScriptRunner.java:438) - Test script deactivated
 INFO [main] (LogScriptEngine.java:265) - Script timeout in 3800000 ms
 INFO [main] (ScriptRunner.java:395) - Test script activated
 INFO [Thread-2] (Simulation.java:253) - Simulation main loop started, system time: 1790420528164
 INFO [main] (Mobility.java:84) - Mobility plugin started at (ms): 95
 INFO [main] (Mobility.java:116) - Parsing position file: /home/drhakanaydin/6tisch-ng-sra-v17-50-60-node-update/6tisch-ng-sra-v17/6tisch-ng-sra/tools/cooja/apps/mobility/random50node_high.dat
 INFO [main] (Mobility.java:141) - Loaded 3601 positions
 INFO [Thread-2] (LogScriptEngine.java:389) - Test script at 5.00%, done in 5276.1 sec
Watchdog: illegal write to WDTCTL (0) from $103ca - reset!!!!
Stack Trace: number of calls: 5 PC: $103ca
  watchdog_reboot (packetbuf.c) called from PC: $24c30 (elapsed: 5)
  restart_time_synchronisation (packetbuf.c) called from PC: $159f2 (elapsed: 30447)
  process_thread_foure_timesynch_process (local in 4emac-timesynch.c) called from PC: $12738 (elapsed: 1385910)
  call_process (local in process.c) called from PC: $1291c (elapsed: 1385947)
  process_run (packetbuf.c) called from PC: $05edc (elapsed: 1389018)
 WARN [Thread-2] (MspMote.java:229) - 38: # Watchdog[EXECUTION]: illegal write to WDTCTL (0) from $103ca - reset!!!!
Watchdog: illegal write to WDTCTL (0) from $103ca - reset!!!!
Stack Trace: number of calls: 5 PC: $103ca
  watchdog_reboot (packetbuf.c) called from PC: $24c30 (elapsed: 5)
  restart_time_synchronisation (packetbuf.c) called from PC: $159f2 (elapsed: 30447)
  process_thread_foure_timesynch_process (local in 4emac-timesynch.c) called from PC: $12738 (elapsed: 1392574)
  call_process (local in process.c) called from PC: $1291c (elapsed: 1392611)
  process_run (packetbuf.c) called from PC: $05edc (elapsed: 1396006)
 WARN [Thread-2] (MspMote.java:229) - 43: # Watchdog[EXECUTION]: illegal write to WDTCTL (0) from $103ca - reset!!!!
Watchdog: illegal write to WDTCTL (0) from $103ca - reset!!!!
Stack Trace: number of calls: 5 PC: $103ca
  watchdog_reboot (packetbuf.c) called from PC: $24c30 (elapsed: 5)
  restart_time_synchronisation (packetbuf.c) called from PC: $159f2 (elapsed: 30453)
  process_thread_foure_timesynch_process (local in 4emac-timesynch.c) called from PC: $12738 (elapsed: 504161)
  call_process (local in process.c) called from PC: $1291c (elapsed: 504198)
  process_run (packetbuf.c) called from PC: $05edc (elapsed: 507348)
 WARN [Thread-2] (MspMote.java:229) - 20: # Watchdog[EXECUTION]: illegal write to WDTCTL (0) from $103ca - reset!!!!
Watchdog: illegal write to WDTCTL (0) from $103ca - reset!!!!
Stack Trace: number of calls: 5 PC: $103ca
  watchdog_reboot (packetbuf.c) called from PC: $24c30 (elapsed: 5)
  restart_time_synchronisation (packetbuf.c) called from PC: $159f2 (elapsed: 30452)
  process_thread_foure_timesynch_process (local in 4emac-timesynch.c) called from PC: $12738 (elapsed: 1357448)
  call_process (local in process.c) called from PC: $1291c (elapsed: 1357485)
  process_run (packetbuf.c) called from PC: $05edc (elapsed: 1360585)
 WARN [Thread-2] (MspMote.java:229) - 15: # Watchdog[EXECUTION]: illegal write to WDTCTL (0) from $103ca - reset!!!!
Watchdog: illegal write to WDTCTL (0) from $103ca - reset!!!!
Stack Trace: number of calls: 5 PC: $103ca
  watchdog_reboot (packetbuf.c) called from PC: $24c30 (elapsed: 5)
  restart_time_synchronisation (packetbuf.c) called from PC: $159f2 (elapsed: 30452)
  process_thread_foure_timesynch_process (local in 4emac-timesynch.c) called from PC: $12738 (elapsed: 1405543)
  call_process (local in process.c) called from PC: $1291c (elapsed: 1405580)
  process_run (packetbuf.c) called from PC: $05edc (elapsed: 1408655)
 WARN [Thread-2] (MspMote.java:229) - 3: # Watchdog[EXECUTION]: illegal write to WDTCTL (0) from $103ca - reset!!!!
Watchdog: illegal write to WDTCTL (0) from $103ca - reset!!!!
Stack Trace: number of calls: 5 PC: $103ca
  watchdog_reboot (packetbuf.c) called from PC: $24c30 (elapsed: 5)
  restart_time_synchronisation (packetbuf.c) called from PC: $159f2 (elapsed: 30452)
  process_thread_foure_timesynch_process (local in 4emac-timesynch.c) called from PC: $12738 (elapsed: 671649)
  call_process (local in process.c) called from PC: $1291c (elapsed: 671686)
  process_run (packetbuf.c) called from PC: $05edc (elapsed: 674707)
 WARN [Thread-2] (MspMote.java:229) - 37: # Watchdog[EXECUTION]: illegal write to WDTCTL (0) from $103ca - reset!!!!
Watchdog: illegal write to WDTCTL (0) from $103ca - reset!!!!
Stack Trace: number of calls: 5 PC: $103ca
  watchdog_reboot (packetbuf.c) called from PC: $24c30 (elapsed: 5)
  restart_time_synchronisation (packetbuf.c) called from PC: $159f2 (elapsed: 30452)
  process_thread_foure_timesynch_process (local in 4emac-timesynch.c) called from PC: $12738 (elapsed: 534979)
  call_process (local in process.c) called from PC: $1291c (elapsed: 535016)
  process_run (packetbuf.c) called from PC: $05edc (elapsed: 541912)
 WARN [Thread-2] (MspMote.java:229) - 35: # Watchdog[EXECUTION]: illegal write to WDTCTL (0) from $103ca - reset!!!!
Watchdog: illegal write to WDTCTL (0) from $103ca - reset!!!!
Stack Trace: number of calls: 5 PC: $103ca
  watchdog_reboot (packetbuf.c) called from PC: $24c30 (elapsed: 5)
  restart_time_synchronisation (packetbuf.c) called from PC: $159f2 (elapsed: 30452)
  process_thread_foure_timesynch_process (local in 4emac-timesynch.c) called from PC: $12738 (elapsed: 655239)
  call_process (local in process.c) called from PC: $1291c (elapsed: 655276)
  process_run (packetbuf.c) called from PC: $05edc (elapsed: 658349)
 WARN [Thread-2] (MspMote.java:229) - 1: # Watchdog[EXECUTION]: illegal write to WDTCTL (0) from $103ca - reset!!!!
Watchdog: illegal write to WDTCTL (0) from $103ca - reset!!!!
Stack Trace: number of calls: 5 PC: $103ca
  watchdog_reboot (packetbuf.c) called from PC: $24c30 (elapsed: 5)
  restart_time_synchronisation (packetbuf.c) called from PC: $159f2 (elapsed: 30452)
  process_thread_foure_timesynch_process (local in 4emac-timesynch.c) called from PC: $12738 (elapsed: 1100875)
  call_process (local in process.c) called from PC: $1291c (elapsed: 1100912)
  process_run (packetbuf.c) called from PC: $05edc (elapsed: 1103906)
 WARN [Thread-2] (MspMote.java:229) - 22: # Watchdog[EXECUTION]: illegal write to WDTCTL (0) from $103ca - reset!!!!
Watchdog: illegal write to WDTCTL (0) from $103ca - reset!!!!
Stack Trace: number of calls: 5 PC: $103ca
  watchdog_reboot (packetbuf.c) called from PC: $24c30 (elapsed: 5)
  restart_time_synchronisation (packetbuf.c) called from PC: $159f2 (elapsed: 30452)
  process_thread_foure_timesynch_process (local in 4emac-timesynch.c) called from PC: $12738 (elapsed: 1155759)
  call_process (local in process.c) called from PC: $1291c (elapsed: 1155796)
  process_run (packetbuf.c) called from PC: $05edc (elapsed: 1158948)
 WARN [Thread-2] (MspMote.java:229) - 51: # Watchdog[EXECUTION]: illegal write to WDTCTL (0) from $103ca - reset!!!!
Watchdog: illegal write to WDTCTL (0) from $103ca - reset!!!!
Stack Trace: number of calls: 5 PC: $103ca
  watchdog_reboot (packetbuf.c) called from PC: $24c30 (elapsed: 5)
  restart_time_synchronisation (packetbuf.c) called from PC: $159f2 (elapsed: 30452)
  process_thread_foure_timesynch_process (local in 4emac-timesynch.c) called from PC: $12738 (elapsed: 1106455)
  call_process (local in process.c) called from PC: $1291c (elapsed: 1106492)
  process_run (packetbuf.c) called from PC: $05edc (elapsed: 1109644)
 WARN [Thread-2] (MspMote.java:229) - 47: # Watchdog[EXECUTION]: illegal write to WDTCTL (0) from $103ca - reset!!!!
Watchdog: illegal write to WDTCTL (0) from $103ca - reset!!!!
Stack Trace: number of calls: 5 PC: $103ca
  watchdog_reboot (packetbuf.c) called from PC: $24c30 (elapsed: 5)
  restart_time_synchronisation (packetbuf.c) called from PC: $159f2 (elapsed: 30452)
  process_thread_foure_timesynch_process (local in 4emac-timesynch.c) called from PC: $12738 (elapsed: 1053741)
  call_process (local in process.c) called from PC: $1291c (elapsed: 1053778)
  process_run (packetbuf.c) called from PC: $05edc (elapsed: 1057009)
 WARN [Thread-2] (MspMote.java:229) - 12: # Watchdog[EXECUTION]: illegal write to WDTCTL (0) from $103ca - reset!!!!
Watchdog: illegal write to WDTCTL (0) from $103ca - reset!!!!
Stack Trace: number of calls: 5 PC: $103ca
  watchdog_reboot (packetbuf.c) called from PC: $24c30 (elapsed: 5)
  restart_time_synchronisation (packetbuf.c) called from PC: $159f2 (elapsed: 30452)
  process_thread_foure_timesynch_process (local in 4emac-timesynch.c) called from PC: $12738 (elapsed: 1302956)
  call_process (local in process.c) called from PC: $1291c (elapsed: 1302993)
  process_run (packetbuf.c) called from PC: $05edc (elapsed: 1306232)
 WARN [Thread-2] (MspMote.java:229) - 9: # Watchdog[EXECUTION]: illegal write to WDTCTL (0) from $103ca - reset!!!!
Watchdog: illegal write to WDTCTL (0) from $103ca - reset!!!!
Stack Trace: number of calls: 5 PC: $103ca
  watchdog_reboot (packetbuf.c) called from PC: $24c30 (elapsed: 5)
  restart_time_synchronisation (packetbuf.c) called from PC: $159f2 (elapsed: 30452)
  process_thread_foure_timesynch_process (local in 4emac-timesynch.c) called from PC: $12738 (elapsed: 777862)
  call_process (local in process.c) called from PC: $1291c (elapsed: 777899)
  process_run (packetbuf.c) called from PC: $05edc (elapsed: 781078)
 WARN [Thread-2] (MspMote.java:229) - 11: # Watchdog[EXECUTION]: illegal write to WDTCTL (0) from $103ca - reset!!!!
Watchdog: illegal write to WDTCTL (0) from $103ca - reset!!!!
Stack Trace: number of calls: 5 PC: $103ca
  watchdog_reboot (packetbuf.c) called from PC: $24c30 (elapsed: 5)
  restart_time_synchronisation (packetbuf.c) called from PC: $159f2 (elapsed: 30452)
  process_thread_foure_timesynch_process (local in 4emac-timesynch.c) called from PC: $12738 (elapsed: 1052901)
  call_process (local in process.c) called from PC: $1291c (elapsed: 1052938)
  process_run (packetbuf.c) called from PC: $05edc (elapsed: 1055849)
 WARN [Thread-2] (MspMote.java:229) - 21: # Watchdog[EXECUTION]: illegal write to WDTCTL (0) from $103ca - reset!!!!
Watchdog: illegal write to WDTCTL (0) from $103ca - reset!!!!
Stack Trace: number of calls: 5 PC: $103ca
  watchdog_reboot (packetbuf.c) called from PC: $24c30 (elapsed: 5)
  restart_time_synchronisation (packetbuf.c) called from PC: $159f2 (elapsed: 30453)
  process_thread_foure_timesynch_process (local in 4emac-timesynch.c) called from PC: $12738 (elapsed: 771355)
  call_process (local in process.c) called from PC: $1291c (elapsed: 771392)
  process_run (packetbuf.c) called from PC: $05edc (elapsed: 774386)
 WARN [Thread-2] (MspMote.java:229) - 17: # Watchdog[EXECUTION]: illegal write to WDTCTL (0) from $103ca - reset!!!!
Watchdog: illegal write to WDTCTL (0) from $103ca - reset!!!!
Stack Trace: number of calls: 5 PC: $103ca
  watchdog_reboot (packetbuf.c) called from PC: $24c30 (elapsed: 5)
  restart_time_synchronisation (packetbuf.c) called from PC: $159f2 (elapsed: 30453)
  process_thread_foure_timesynch_process (local in 4emac-timesynch.c) called from PC: $12738 (elapsed: 946786)
  call_process (local in process.c) called from PC: $1291c (elapsed: 946823)
  process_run (packetbuf.c) called from PC: $05edc (elapsed: 949846)
 WARN [Thread-2] (MspMote.java:229) - 12: # Watchdog[EXECUTION]: illegal write to WDTCTL (0) from $103ca - reset!!!!
 INFO [Thread-2] (LogScriptEngine.java:389) - Test script at 10.00%, done in 5365.1 sec
Watchdog: illegal write to WDTCTL (0) from $103ca - reset!!!!
Stack Trace: number of calls: 5 PC: $103ca
  watchdog_reboot (packetbuf.c) called from PC: $24c30 (elapsed: 5)
  restart_time_synchronisation (packetbuf.c) called from PC: $159f2 (elapsed: 30452)
  process_thread_foure_timesynch_process (local in 4emac-timesynch.c) called from PC: $12738 (elapsed: 1356450)
  call_process (local in process.c) called from PC: $1291c (elapsed: 1356487)
  process_run (packetbuf.c) called from PC: $05edc (elapsed: 1359561)
 WARN [Thread-2] (MspMote.java:229) - 41: # Watchdog[EXECUTION]: illegal write to WDTCTL (0) from $103ca - reset!!!!
Watchdog: illegal write to WDTCTL (0) from $103ca - reset!!!!
Stack Trace: number of calls: 5 PC: $103ca
  watchdog_reboot (packetbuf.c) called from PC: $24c30 (elapsed: 5)
  restart_time_synchronisation (packetbuf.c) called from PC: $159f2 (elapsed: 30452)
  process_thread_foure_timesynch_process (local in 4emac-timesynch.c) called from PC: $12738 (elapsed: 660567)
  call_process (local in process.c) called from PC: $1291c (elapsed: 660604)
  process_run (packetbuf.c) called from PC: $05edc (elapsed: 663520)
 WARN [Thread-2] (MspMote.java:229) - 40: # Watchdog[EXECUTION]: illegal write to WDTCTL (0) from $103ca - reset!!!!
Watchdog: illegal write to WDTCTL (0) from $103ca - reset!!!!
Stack Trace: number of calls: 5 PC: $103ca
  watchdog_reboot (packetbuf.c) called from PC: $24c30 (elapsed: 5)
  restart_time_synchronisation (packetbuf.c) called from PC: $159f2 (elapsed: 30452)
  process_thread_foure_timesynch_process (local in 4emac-timesynch.c) called from PC: $12738 (elapsed: 1093509)
  call_process (local in process.c) called from PC: $1291c (elapsed: 1093546)
  process_run (packetbuf.c) called from PC: $05edc (elapsed: 1096624)
 WARN [Thread-2] (MspMote.java:229) - 14: # Watchdog[EXECUTION]: illegal write to WDTCTL (0) from $103ca - reset!!!!
Watchdog: illegal write to WDTCTL (0) from $103ca - reset!!!!
Stack Trace: number of calls: 5 PC: $103ca
  watchdog_reboot (packetbuf.c) called from PC: $24c30 (elapsed: 5)
  restart_time_synchronisation (packetbuf.c) called from PC: $159f2 (elapsed: 30453)
  process_thread_foure_timesynch_process (local in 4emac-timesynch.c) called from PC: $12738 (elapsed: 948007)
  call_process (local in process.c) called from PC: $1291c (elapsed: 948044)
  process_run (packetbuf.c) called from PC: $05edc (elapsed: 951278)
 WARN [Thread-2] (MspMote.java:229) - 45: # Watchdog[EXECUTION]: illegal write to WDTCTL (0) from $103ca - reset!!!!
Watchdog: illegal write to WDTCTL (0) from $103ca - reset!!!!
Stack Trace: number of calls: 5 PC: $103ca
  watchdog_reboot (packetbuf.c) called from PC: $24c30 (elapsed: 5)
  restart_time_synchronisation (packetbuf.c) called from PC: $159f2 (elapsed: 30452)
  process_thread_foure_timesynch_process (local in 4emac-timesynch.c) called from PC: $12738 (elapsed: 682693)
  call_process (local in process.c) called from PC: $1291c (elapsed: 682730)
  process_run (packetbuf.c) called from PC: $05edc (elapsed: 685648)
 WARN [Thread-2] (MspMote.java:229) - 31: # Watchdog[EXECUTION]: illegal write to WDTCTL (0) from $103ca - reset!!!!
Watchdog: illegal write to WDTCTL (0) from $103ca - reset!!!!
Stack Trace: number of calls: 5 PC: $103ca
  watchdog_reboot (packetbuf.c) called from PC: $24c30 (elapsed: 5)
  restart_time_synchronisation (packetbuf.c) called from PC: $159f2 (elapsed: 30453)
  process_thread_foure_timesynch_process (local in 4emac-timesynch.c) called from PC: $12738 (elapsed: 911643)
  call_process (local in process.c) called from PC: $1291c (elapsed: 911680)
  process_run (packetbuf.c) called from PC: $05edc (elapsed: 914596)
 WARN [Thread-2] (MspMote.java:229) - 50: # Watchdog[EXECUTION]: illegal write to WDTCTL (0) from $103ca - reset!!!!
Watchdog: illegal write to WDTCTL (0) from $103ca - reset!!!!
Stack Trace: number of calls: 5 PC: $103ca
  watchdog_reboot (packetbuf.c) called from PC: $24c30 (elapsed: 5)
  restart_time_synchronisation (packetbuf.c) called from PC: $159f2 (elapsed: 30452)
  process_thread_foure_timesynch_process (local in 4emac-timesynch.c) called from PC: $12738 (elapsed: 806825)
  call_process (local in process.c) called from PC: $1291c (elapsed: 806862)
  process_run (packetbuf.c) called from PC: $05edc (elapsed: 809940)
 WARN [Thread-2] (MspMote.java:229) - 2: # Watchdog[EXECUTION]: illegal write to WDTCTL (0) from $103ca - reset!!!!
Watchdog: illegal write to WDTCTL (0) from $103ca - reset!!!!
Stack Trace: number of calls: 5 PC: $103ca
  watchdog_reboot (packetbuf.c) called from PC: $24c30 (elapsed: 5)
  restart_time_synchronisation (packetbuf.c) called from PC: $159f2 (elapsed: 30453)
  process_thread_foure_timesynch_process (local in 4emac-timesynch.c) called from PC: $12738 (elapsed: 946785)
  call_process (local in process.c) called from PC: $1291c (elapsed: 946822)
  process_run (packetbuf.c) called from PC: $05edc (elapsed: 949819)
 WARN [Thread-2] (MspMote.java:229) - 39: # Watchdog[EXECUTION]: illegal write to WDTCTL (0) from $103ca - reset!!!!
Watchdog: illegal write to WDTCTL (0) from $103ca - reset!!!!
Stack Trace: number of calls: 5 PC: $103ca
  watchdog_reboot (packetbuf.c) called from PC: $24c30 (elapsed: 5)
  restart_time_synchronisation (packetbuf.c) called from PC: $159f2 (elapsed: 30447)
  process_thread_foure_timesynch_process (local in 4emac-timesynch.c) called from PC: $12738 (elapsed: 1388287)
  call_process (local in process.c) called from PC: $1291c (elapsed: 1388324)
  process_run (packetbuf.c) called from PC: $05edc (elapsed: 1391424)
 WARN [Thread-2] (MspMote.java:229) - 3: # Watchdog[EXECUTION]: illegal write to WDTCTL (0) from $103ca - reset!!!!
Watchdog: illegal write to WDTCTL (0) from $103ca - reset!!!!
Stack Trace: number of calls: 5 PC: $103ca
  watchdog_reboot (packetbuf.c) called from PC: $24c30 (elapsed: 5)
  restart_time_synchronisation (packetbuf.c) called from PC: $159f2 (elapsed: 30447)
  process_thread_foure_timesynch_process (local in 4emac-timesynch.c) called from PC: $12738 (elapsed: 1391344)
  call_process (local in process.c) called from PC: $1291c (elapsed: 1391381)
  process_run (packetbuf.c) called from PC: $05edc (elapsed: 1394481)
 WARN [Thread-2] (MspMote.java:229) - 51: # Watchdog[EXECUTION]: illegal write to WDTCTL (0) from $103ca - reset!!!!
 INFO [Thread-2] (LogScriptEngine.java:389) - Test script at 15.00%, done in 5699.5 sec
Watchdog: illegal write to WDTCTL (0) from $103ca - reset!!!!
Stack Trace: number of calls: 5 PC: $103ca
  watchdog_reboot (packetbuf.c) called from PC: $24c30 (elapsed: 5)
  restart_time_synchronisation (packetbuf.c) called from PC: $159f2 (elapsed: 30452)
  process_thread_foure_timesynch_process (local in 4emac-timesynch.c) called from PC: $12738 (elapsed: 1369938)
  call_process (local in process.c) called from PC: $1291c (elapsed: 1369975)
  process_run (packetbuf.c) called from PC: $05edc (elapsed: 1373165)
 WARN [Thread-2] (MspMote.java:229) - 26: # Watchdog[EXECUTION]: illegal write to WDTCTL (0) from $103ca - reset!!!!
Watchdog: illegal write to WDTCTL (0) from $103ca - reset!!!!
Stack Trace: number of calls: 5 PC: $103ca
  watchdog_reboot (packetbuf.c) called from PC: $24c30 (elapsed: 5)
  restart_time_synchronisation (packetbuf.c) called from PC: $159f2 (elapsed: 30452)
  process_thread_foure_timesynch_process (local in 4emac-timesynch.c) called from PC: $12738 (elapsed: 1426466)
  call_process (local in process.c) called from PC: $1291c (elapsed: 1426503)
  process_run (packetbuf.c) called from PC: $05edc (elapsed: 1429693)
 WARN [Thread-2] (MspMote.java:229) - 13: # Watchdog[EXECUTION]: illegal write to WDTCTL (0) from $103ca - reset!!!!
Watchdog: illegal write to WDTCTL (0) from $103ca - reset!!!!
Stack Trace: number of calls: 5 PC: $103ca
  watchdog_reboot (packetbuf.c) called from PC: $24c30 (elapsed: 5)
  restart_time_synchronisation (packetbuf.c) called from PC: $159f2 (elapsed: 30452)
  process_thread_foure_timesynch_process (local in 4emac-timesynch.c) called from PC: $12738 (elapsed: 1393834)
  call_process (local in process.c) called from PC: $1291c (elapsed: 1393871)
  process_run (packetbuf.c) called from PC: $05edc (elapsed: 1423206)
 WARN [Thread-2] (MspMote.java:229) - 22: # Watchdog[EXECUTION]: illegal write to WDTCTL (0) from $103ca - reset!!!!
Watchdog: illegal write to WDTCTL (0) from $103ca - reset!!!!
Stack Trace: number of calls: 5 PC: $103ca
  watchdog_reboot (packetbuf.c) called from PC: $24c30 (elapsed: 5)
  restart_time_synchronisation (packetbuf.c) called from PC: $159f2 (elapsed: 30465)
  process_thread_foure_timesynch_process (local in 4emac-timesynch.c) called from PC: $12738 (elapsed: 814658)
  call_process (local in process.c) called from PC: $1291c (elapsed: 814695)
  process_run (packetbuf.c) called from PC: $05edc (elapsed: 817770)
 WARN [Thread-2] (MspMote.java:229) - 17: # Watchdog[EXECUTION]: illegal write to WDTCTL (0) from $103ca - reset!!!!
Watchdog: illegal write to WDTCTL (0) from $103ca - reset!!!!
Stack Trace: number of calls: 5 PC: $103ca
  watchdog_reboot (packetbuf.c) called from PC: $24c30 (elapsed: 5)
  restart_time_synchronisation (packetbuf.c) called from PC: $159f2 (elapsed: 30453)
  process_thread_foure_timesynch_process (local in 4emac-timesynch.c) called from PC: $12738 (elapsed: 1126273)
  call_process (local in process.c) called from PC: $1291c (elapsed: 1126310)
  process_run (packetbuf.c) called from PC: $05edc (elapsed: 1129230)
 WARN [Thread-2] (MspMote.java:229) - 20: # Watchdog[EXECUTION]: illegal write to WDTCTL (0) from $103ca - reset!!!!
Watchdog: illegal write to WDTCTL (0) from $103ca - reset!!!!
Stack Trace: number of calls: 5 PC: $103ca
  watchdog_reboot (packetbuf.c) called from PC: $24c30 (elapsed: 5)
  restart_time_synchronisation (packetbuf.c) called from PC: $159f2 (elapsed: 30452)
  process_thread_foure_timesynch_process (local in 4emac-timesynch.c) called from PC: $12738 (elapsed: 1418433)
  call_process (local in process.c) called from PC: $1291c (elapsed: 1418470)
  process_run (packetbuf.c) called from PC: $05edc (elapsed: 1421543)
 WARN [Thread-2] (MspMote.java:229) - 50: # Watchdog[EXECUTION]: illegal write to WDTCTL (0) from $103ca - reset!!!!
Watchdog: illegal write to WDTCTL (0) from $103ca - reset!!!!
Stack Trace: number of calls: 5 PC: $103ca
  watchdog_reboot (packetbuf.c) called from PC: $24c30 (elapsed: 5)
  restart_time_synchronisation (packetbuf.c) called from PC: $159f2 (elapsed: 30447)
  process_thread_foure_timesynch_process (local in 4emac-timesynch.c) called from PC: $12738 (elapsed: 1084664)
  call_process (local in process.c) called from PC: $1291c (elapsed: 1084701)
  process_run (packetbuf.c) called from PC: $05edc (elapsed: 1087625)
 WARN [Thread-2] (MspMote.java:229) - 18: # Watchdog[EXECUTION]: illegal write to WDTCTL (0) from $103ca - reset!!!!
Watchdog: illegal write to WDTCTL (0) from $103ca - reset!!!!
Stack Trace: number of calls: 5 PC: $103ca
  watchdog_reboot (packetbuf.c) called from PC: $24c30 (elapsed: 5)
  restart_time_synchronisation (packetbuf.c) called from PC: $159f2 (elapsed: 30452)
  process_thread_foure_timesynch_process (local in 4emac-timesynch.c) called from PC: $12738 (elapsed: 1360744)
  call_process (local in process.c) called from PC: $1291c (elapsed: 1360781)
  process_run (packetbuf.c) called from PC: $05edc (elapsed: 1364023)
 WARN [Thread-2] (MspMote.java:229) - 25: # Watchdog[EXECUTION]: illegal write to WDTCTL (0) from $103ca - reset!!!!
Watchdog: illegal write to WDTCTL (0) from $103ca - reset!!!!
Stack Trace: number of calls: 5 PC: $103ca
  watchdog_reboot (packetbuf.c) called from PC: $24c30 (elapsed: 5)
  restart_time_synchronisation (packetbuf.c) called from PC: $159f2 (elapsed: 30452)
  process_thread_foure_timesynch_process (local in 4emac-timesynch.c) called from PC: $12738 (elapsed: 1217725)
  call_process (local in process.c) called from PC: $1291c (elapsed: 1217762)
  process_run (packetbuf.c) called from PC: $05edc (elapsed: 1220837)
 WARN [Thread-2] (MspMote.java:229) - 13: # Watchdog[EXECUTION]: illegal write to WDTCTL (0) from $103ca - reset!!!!
 INFO [Thread-2] (LogScriptEngine.java:389) - Test script at 20.00%, done in 6532.4 sec
Watchdog: illegal write to WDTCTL (0) from $103ca - reset!!!!
Stack Trace: number of calls: 5 PC: $103ca
  watchdog_reboot (packetbuf.c) called from PC: $24c30 (elapsed: 5)
  restart_time_synchronisation (packetbuf.c) called from PC: $159f2 (elapsed: 30447)
  process_thread_foure_timesynch_process (local in 4emac-timesynch.c) called from PC: $12738 (elapsed: 1080199)
  call_process (local in process.c) called from PC: $1291c (elapsed: 1080236)
  process_run (packetbuf.c) called from PC: $05edc (elapsed: 1083241)
 WARN [Thread-2] (MspMote.java:229) - 37: # Watchdog[EXECUTION]: illegal write to WDTCTL (0) from $103ca - reset!!!!
Watchdog: illegal write to WDTCTL (0) from $103ca - reset!!!!
Stack Trace: number of calls: 5 PC: $103ca
  watchdog_reboot (packetbuf.c) called from PC: $24c30 (elapsed: 5)
  restart_time_synchronisation (packetbuf.c) called from PC: $159f2 (elapsed: 30452)
  process_thread_foure_timesynch_process (local in 4emac-timesynch.c) called from PC: $12738 (elapsed: 1220415)
  call_process (local in process.c) called from PC: $1291c (elapsed: 1220452)
  process_run (packetbuf.c) called from PC: $05edc (elapsed: 1223552)
 WARN [Thread-2] (MspMote.java:229) - 26: # Watchdog[EXECUTION]: illegal write to WDTCTL (0) from $103ca - reset!!!!
Watchdog: illegal write to WDTCTL (0) from $103ca - reset!!!!
Stack Trace: number of calls: 5 PC: $103ca
  watchdog_reboot (packetbuf.c) called from PC: $24c30 (elapsed: 5)
  restart_time_synchronisation (packetbuf.c) called from PC: $159f2 (elapsed: 30452)
  process_thread_foure_timesynch_process (local in 4emac-timesynch.c) called from PC: $12738 (elapsed: 1218330)
  call_process (local in process.c) called from PC: $1291c (elapsed: 1218367)
  process_run (packetbuf.c) called from PC: $05edc (elapsed: 1221370)
 WARN [Thread-2] (MspMote.java:229) - 15: # Watchdog[EXECUTION]: illegal write to WDTCTL (0) from $103ca - reset!!!!
Watchdog: illegal write to WDTCTL (0) from $103ca - reset!!!!
Stack Trace: number of calls: 5 PC: $103ca
  watchdog_reboot (packetbuf.c) called from PC: $24c30 (elapsed: 5)
  restart_time_synchronisation (packetbuf.c) called from PC: $159f2 (elapsed: 30452)
  process_thread_foure_timesynch_process (local in 4emac-timesynch.c) called from PC: $12738 (elapsed: 914035)
  call_process (local in process.c) called from PC: $1291c (elapsed: 914072)
  process_run (packetbuf.c) called from PC: $05edc (elapsed: 916906)
 WARN [Thread-2] (MspMote.java:229) - 17: # Watchdog[EXECUTION]: illegal write to WDTCTL (0) from $103ca - reset!!!!
 INFO [Thread-2] (LogScriptEngine.java:389) - Test script at 25.00%, done in 7203.8 sec
Watchdog: illegal write to WDTCTL (0) from $103ca - reset!!!!
Stack Trace: number of calls: 5 PC: $103ca
  watchdog_reboot (packetbuf.c) called from PC: $24c30 (elapsed: 5)
  restart_time_synchronisation (packetbuf.c) called from PC: $159f2 (elapsed: 31365)
  process_thread_foure_timesynch_process (local in 4emac-timesynch.c) called from PC: $12738 (elapsed: 185785)
  call_process (local in process.c) called from PC: $1291c (elapsed: 185822)
  process_run (packetbuf.c) called from PC: $05edc (elapsed: 189003)
 WARN [Thread-2] (MspMote.java:229) - 1: # Watchdog[EXECUTION]: illegal write to WDTCTL (0) from $103ca - reset!!!!
 INFO [Thread-2] (LogScriptEngine.java:389) - Test script at 30.00%, done in 7640.9 sec
 INFO [Thread-2] (LogScriptEngine.java:389) - Test script at 35.00%, done in 7840.2 sec
Watchdog: illegal write to WDTCTL (0) from $103ca - reset!!!!
Stack Trace: number of calls: 5 PC: $103ca
  watchdog_reboot (packetbuf.c) called from PC: $24c30 (elapsed: 5)
  restart_time_synchronisation (packetbuf.c) called from PC: $159f2 (elapsed: 30447)
  process_thread_foure_timesynch_process (local in 4emac-timesynch.c) called from PC: $12738 (elapsed: 1078071)
  call_process (local in process.c) called from PC: $1291c (elapsed: 1078108)
  process_run (packetbuf.c) called from PC: $05edc (elapsed: 1081107)
 WARN [Thread-2] (MspMote.java:229) - 16: # Watchdog[EXECUTION]: illegal write to WDTCTL (0) from $103ca - reset!!!!
Watchdog: illegal write to WDTCTL (0) from $103ca - reset!!!!
Stack Trace: number of calls: 5 PC: $103ca
  watchdog_reboot (packetbuf.c) called from PC: $24c30 (elapsed: 5)
  restart_time_synchronisation (packetbuf.c) called from PC: $159f2 (elapsed: 30453)
  process_thread_foure_timesynch_process (local in 4emac-timesynch.c) called from PC: $12738 (elapsed: 1395396)
  call_process (local in process.c) called from PC: $1291c (elapsed: 1395433)
  process_run (packetbuf.c) called from PC: $05edc (elapsed: 1398348)
 WARN [Thread-2] (MspMote.java:229) - 9: # Watchdog[EXECUTION]: illegal write to WDTCTL (0) from $103ca - reset!!!!
Watchdog: illegal write to WDTCTL (0) from $103ca - reset!!!!
Stack Trace: number of calls: 5 PC: $103ca
  watchdog_reboot (packetbuf.c) called from PC: $24c30 (elapsed: 5)
  restart_time_synchronisation (packetbuf.c) called from PC: $159f2 (elapsed: 34028)
  process_thread_foure_timesynch_process (local in 4emac-timesynch.c) called from PC: $12738 (elapsed: 1443875)
  call_process (local in process.c) called from PC: $1291c (elapsed: 1443912)
  process_run (packetbuf.c) called from PC: $05edc (elapsed: 1446906)
 WARN [Thread-2] (MspMote.java:229) - 47: # Watchdog[EXECUTION]: illegal write to WDTCTL (0) from $103ca - reset!!!!
Watchdog: illegal write to WDTCTL (0) from $103ca - reset!!!!
Stack Trace: number of calls: 5 PC: $103ca
  watchdog_reboot (packetbuf.c) called from PC: $24c30 (elapsed: 5)
  restart_time_synchronisation (packetbuf.c) called from PC: $159f2 (elapsed: 30452)
  process_thread_foure_timesynch_process (local in 4emac-timesynch.c) called from PC: $12738 (elapsed: 1361562)
  call_process (local in process.c) called from PC: $1291c (elapsed: 1361599)
  process_run (packetbuf.c) called from PC: $05edc (elapsed: 1364860)
 WARN [Thread-2] (MspMote.java:229) - 1: # Watchdog[EXECUTION]: illegal write to WDTCTL (0) from $103ca - reset!!!!
Watchdog: illegal write to WDTCTL (0) from $103ca - reset!!!!
Stack Trace: number of calls: 5 PC: $103ca
  watchdog_reboot (packetbuf.c) called from PC: $24c30 (elapsed: 5)
  restart_time_synchronisation (packetbuf.c) called from PC: $159f2 (elapsed: 30452)
  process_thread_foure_timesynch_process (local in 4emac-timesynch.c) called from PC: $12738 (elapsed: 1541137)
  call_process (local in process.c) called from PC: $1291c (elapsed: 1541174)
  process_run (packetbuf.c) called from PC: $05edc (elapsed: 1544420)
 WARN [Thread-2] (MspMote.java:229) - 49: # Watchdog[EXECUTION]: illegal write to WDTCTL (0) from $103ca - reset!!!!
Watchdog: illegal write to WDTCTL (0) from $103ca - reset!!!!
Stack Trace: number of calls: 5 PC: $103ca
  watchdog_reboot (packetbuf.c) called from PC: $24c30 (elapsed: 5)
  restart_time_synchronisation (packetbuf.c) called from PC: $159f2 (elapsed: 30452)
  process_thread_foure_timesynch_process (local in 4emac-timesynch.c) called from PC: $12738 (elapsed: 1464084)
  call_process (local in process.c) called from PC: $1291c (elapsed: 1464121)
  process_run (packetbuf.c) called from PC: $05edc (elapsed: 1467525)
 WARN [Thread-2] (MspMote.java:229) - 6: # Watchdog[EXECUTION]: illegal write to WDTCTL (0) from $103ca - reset!!!!
Watchdog: illegal write to WDTCTL (0) from $103ca - reset!!!!
Stack Trace: number of calls: 5 PC: $103ca
  watchdog_reboot (packetbuf.c) called from PC: $24c30 (elapsed: 5)
  restart_time_synchronisation (packetbuf.c) called from PC: $159f2 (elapsed: 30452)
  process_thread_foure_timesynch_process (local in 4emac-timesynch.c) called from PC: $12738 (elapsed: 1424578)
  call_process (local in process.c) called from PC: $1291c (elapsed: 1424615)
  process_run (packetbuf.c) called from PC: $05edc (elapsed: 1427915)
 WARN [Thread-2] (MspMote.java:229) - 28: # Watchdog[EXECUTION]: illegal write to WDTCTL (0) from $103ca - reset!!!!
Watchdog: illegal write to WDTCTL (0) from $103ca - reset!!!!
Stack Trace: number of calls: 5 PC: $103ca
  watchdog_reboot (packetbuf.c) called from PC: $24c30 (elapsed: 5)
  restart_time_synchronisation (packetbuf.c) called from PC: $159f2 (elapsed: 30452)
  process_thread_foure_timesynch_process (local in 4emac-timesynch.c) called from PC: $12738 (elapsed: 1418603)
  call_process (local in process.c) called from PC: $1291c (elapsed: 1418640)
  process_run (packetbuf.c) called from PC: $05edc (elapsed: 1421661)
 WARN [Thread-2] (MspMote.java:229) - 21: # Watchdog[EXECUTION]: illegal write to WDTCTL (0) from $103ca - reset!!!!
Watchdog: illegal write to WDTCTL (0) from $103ca - reset!!!!
Stack Trace: number of calls: 5 PC: $103ca
  watchdog_reboot (packetbuf.c) called from PC: $24c30 (elapsed: 5)
  restart_time_synchronisation (packetbuf.c) called from PC: $159f2 (elapsed: 30453)
  process_thread_foure_timesynch_process (local in 4emac-timesynch.c) called from PC: $12738 (elapsed: 1395656)
  call_process (local in process.c) called from PC: $1291c (elapsed: 1395693)
  process_run (packetbuf.c) called from PC: $05edc (elapsed: 1398685)
 WARN [Thread-2] (MspMote.java:229) - 41: # Watchdog[EXECUTION]: illegal write to WDTCTL (0) from $103ca - reset!!!!
Watchdog: illegal write to WDTCTL (0) from $103ca - reset!!!!
Stack Trace: number of calls: 5 PC: $103ca
  watchdog_reboot (packetbuf.c) called from PC: $24c30 (elapsed: 5)
  restart_time_synchronisation (packetbuf.c) called from PC: $159f2 (elapsed: 30447)
  process_thread_foure_timesynch_process (local in 4emac-timesynch.c) called from PC: $12738 (elapsed: 1396572)
  call_process (local in process.c) called from PC: $1291c (elapsed: 1396609)
  process_run (packetbuf.c) called from PC: $05edc (elapsed: 1399768)
 WARN [Thread-2] (MspMote.java:229) - 32: # Watchdog[EXECUTION]: illegal write to WDTCTL (0) from $103ca - reset!!!!
 INFO [Thread-2] (LogScriptEngine.java:389) - Test script at 40.00%, done in 7634.8 sec
Watchdog: illegal write to WDTCTL (0) from $103ca - reset!!!!
Stack Trace: number of calls: 5 PC: $103ca
  watchdog_reboot (packetbuf.c) called from PC: $24c30 (elapsed: 5)
  restart_time_synchronisation (packetbuf.c) called from PC: $159f2 (elapsed: 30453)
  process_thread_foure_timesynch_process (local in 4emac-timesynch.c) called from PC: $12738 (elapsed: 770721)
  call_process (local in process.c) called from PC: $1291c (elapsed: 770758)
  process_run (packetbuf.c) called from PC: $05edc (elapsed: 774068)
 WARN [Thread-2] (MspMote.java:229) - 16: # Watchdog[EXECUTION]: illegal write to WDTCTL (0) from $103ca - reset!!!!
Watchdog: illegal write to WDTCTL (0) from $103ca - reset!!!!
Stack Trace: number of calls: 5 PC: $103ca
  watchdog_reboot (packetbuf.c) called from PC: $24c30 (elapsed: 5)
  restart_time_synchronisation (packetbuf.c) called from PC: $159f2 (elapsed: 30453)
  process_thread_foure_timesynch_process (local in 4emac-timesynch.c) called from PC: $12738 (elapsed: 1393338)
  call_process (local in process.c) called from PC: $1291c (elapsed: 1393375)
  process_run (packetbuf.c) called from PC: $05edc (elapsed: 1396478)
 WARN [Thread-2] (MspMote.java:229) - 43: # Watchdog[EXECUTION]: illegal write to WDTCTL (0) from $103ca - reset!!!!
Watchdog: illegal write to WDTCTL (0) from $103ca - reset!!!!
Stack Trace: number of calls: 5 PC: $103ca
  watchdog_reboot (packetbuf.c) called from PC: $24c30 (elapsed: 5)
  restart_time_synchronisation (packetbuf.c) called from PC: $159f2 (elapsed: 30447)
  process_thread_foure_timesynch_process (local in 4emac-timesynch.c) called from PC: $12738 (elapsed: 1441473)
  call_process (local in process.c) called from PC: $1291c (elapsed: 1441510)
  process_run (packetbuf.c) called from PC: $05edc (elapsed: 1444619)
 WARN [Thread-2] (MspMote.java:229) - 24: # Watchdog[EXECUTION]: illegal write to WDTCTL (0) from $103ca - reset!!!!
Watchdog: illegal write to WDTCTL (0) from $103ca - reset!!!!
Stack Trace: number of calls: 5 PC: $103ca
  watchdog_reboot (packetbuf.c) called from PC: $24c30 (elapsed: 5)
  restart_time_synchronisation (packetbuf.c) called from PC: $159f2 (elapsed: 30447)
  process_thread_foure_timesynch_process (local in 4emac-timesynch.c) called from PC: $12738 (elapsed: 825722)
  call_process (local in process.c) called from PC: $1291c (elapsed: 825759)
  process_run (packetbuf.c) called from PC: $05edc (elapsed: 828940)
 WARN [Thread-2] (MspMote.java:229) - 47: # Watchdog[EXECUTION]: illegal write to WDTCTL (0) from $103ca - reset!!!!
Watchdog: illegal write to WDTCTL (0) from $103ca - reset!!!!
Stack Trace: number of calls: 5 PC: $103ca
  watchdog_reboot (packetbuf.c) called from PC: $24c30 (elapsed: 5)
  restart_time_synchronisation (packetbuf.c) called from PC: $159f2 (elapsed: 30452)
  process_thread_foure_timesynch_process (local in 4emac-timesynch.c) called from PC: $12738 (elapsed: 1406596)
  call_process (local in process.c) called from PC: $1291c (elapsed: 1406633)
  process_run (packetbuf.c) called from PC: $05edc (elapsed: 1409684)
 WARN [Thread-2] (MspMote.java:229) - 38: # Watchdog[EXECUTION]: illegal write to WDTCTL (0) from $103ca - reset!!!!
Watchdog: illegal write to WDTCTL (0) from $103ca - reset!!!!
Stack Trace: number of calls: 5 PC: $103ca
  watchdog_reboot (packetbuf.c) called from PC: $24c30 (elapsed: 5)
  restart_time_synchronisation (packetbuf.c) called from PC: $159f2 (elapsed: 30453)
  process_thread_foure_timesynch_process (local in 4emac-timesynch.c) called from PC: $12738 (elapsed: 504150)
  call_process (local in process.c) called from PC: $1291c (elapsed: 504187)
  process_run (packetbuf.c) called from PC: $05edc (elapsed: 507341)
 WARN [Thread-2] (MspMote.java:229) - 49: # Watchdog[EXECUTION]: illegal write to WDTCTL (0) from $103ca - reset!!!!
Watchdog: illegal write to WDTCTL (0) from $103ca - reset!!!!
Stack Trace: number of calls: 5 PC: $103ca
  watchdog_reboot (packetbuf.c) called from PC: $24c30 (elapsed: 5)
  restart_time_synchronisation (packetbuf.c) called from PC: $159f2 (elapsed: 30452)
  process_thread_foure_timesynch_process (local in 4emac-timesynch.c) called from PC: $12738 (elapsed: 1356964)
  call_process (local in process.c) called from PC: $1291c (elapsed: 1357001)
  process_run (packetbuf.c) called from PC: $05edc (elapsed: 1413290)
 WARN [Thread-2] (MspMote.java:229) - 42: # Watchdog[EXECUTION]: illegal write to WDTCTL (0) from $103ca - reset!!!!
Watchdog: illegal write to WDTCTL (0) from $103ca - reset!!!!
Stack Trace: number of calls: 5 PC: $103ca
  watchdog_reboot (packetbuf.c) called from PC: $24c30 (elapsed: 5)
  restart_time_synchronisation (packetbuf.c) called from PC: $159f2 (elapsed: 30452)
  process_thread_foure_timesynch_process (local in 4emac-timesynch.c) called from PC: $12738 (elapsed: 1414904)
  call_process (local in process.c) called from PC: $1291c (elapsed: 1414941)
  process_run (packetbuf.c) called from PC: $05edc (elapsed: 1418054)
 WARN [Thread-2] (MspMote.java:229) - 23: # Watchdog[EXECUTION]: illegal write to WDTCTL (0) from $103ca - reset!!!!
Watchdog: illegal write to WDTCTL (0) from $103ca - reset!!!!
Stack Trace: number of calls: 5 PC: $103ca
  watchdog_reboot (packetbuf.c) called from PC: $24c30 (elapsed: 5)
  restart_time_synchronisation (packetbuf.c) called from PC: $159f2 (elapsed: 30452)
  process_thread_foure_timesynch_process (local in 4emac-timesynch.c) called from PC: $12738 (elapsed: 1214731)
  call_process (local in process.c) called from PC: $1291c (elapsed: 1214768)
  process_run (packetbuf.c) called from PC: $05edc (elapsed: 1217877)
 WARN [Thread-2] (MspMote.java:229) - 48: # Watchdog[EXECUTION]: illegal write to WDTCTL (0) from $103ca - reset!!!!
Watchdog: illegal write to WDTCTL (0) from $103ca - reset!!!!
Stack Trace: number of calls: 5 PC: $103ca
  watchdog_reboot (packetbuf.c) called from PC: $24c30 (elapsed: 5)
  restart_time_synchronisation (packetbuf.c) called from PC: $159f2 (elapsed: 30453)
  process_thread_foure_timesynch_process (local in 4emac-timesynch.c) called from PC: $12738 (elapsed: 811621)
  call_process (local in process.c) called from PC: $1291c (elapsed: 811658)
  process_run (packetbuf.c) called from PC: $05edc (elapsed: 814889)
 WARN [Thread-2] (MspMote.java:229) - 6: # Watchdog[EXECUTION]: illegal write to WDTCTL (0) from $103ca - reset!!!!
Watchdog: illegal write to WDTCTL (0) from $103ca - reset!!!!
Stack Trace: number of calls: 5 PC: $103ca
  watchdog_reboot (packetbuf.c) called from PC: $24c30 (elapsed: 5)
  restart_time_synchronisation (packetbuf.c) called from PC: $159f2 (elapsed: 30447)
  process_thread_foure_timesynch_process (local in 4emac-timesynch.c) called from PC: $12738 (elapsed: 1400012)
  call_process (local in process.c) called from PC: $1291c (elapsed: 1400049)
  process_run (packetbuf.c) called from PC: $05edc (elapsed: 1403230)
 WARN [Thread-2] (MspMote.java:229) - 3: # Watchdog[EXECUTION]: illegal write to WDTCTL (0) from $103ca - reset!!!!
Watchdog: illegal write to WDTCTL (0) from $103ca - reset!!!!
Stack Trace: number of calls: 5 PC: $103ca
  watchdog_reboot (packetbuf.c) called from PC: $24c30 (elapsed: 5)
  restart_time_synchronisation (packetbuf.c) called from PC: $159f2 (elapsed: 43811)
  process_thread_foure_timesynch_process (local in 4emac-timesynch.c) called from PC: $12738 (elapsed: 1597221)
  call_process (local in process.c) called from PC: $1291c (elapsed: 1597258)
  process_run (packetbuf.c) called from PC: $05edc (elapsed: 3394329)
 WARN [Thread-2] (MspMote.java:229) - 10: # Watchdog[EXECUTION]: illegal write to WDTCTL (0) from $103ca - reset!!!!
Watchdog: illegal write to WDTCTL (0) from $103ca - reset!!!!
Stack Trace: number of calls: 5 PC: $103ca
  watchdog_reboot (packetbuf.c) called from PC: $24c30 (elapsed: 5)
  restart_time_synchronisation (packetbuf.c) called from PC: $159f2 (elapsed: 30452)
  process_thread_foure_timesynch_process (local in 4emac-timesynch.c) called from PC: $12738 (elapsed: 1361651)
  call_process (local in process.c) called from PC: $1291c (elapsed: 1361688)
  process_run (packetbuf.c) called from PC: $05edc (elapsed: 1364603)
 WARN [Thread-2] (MspMote.java:229) - 13: # Watchdog[EXECUTION]: illegal write to WDTCTL (0) from $103ca - reset!!!!
Watchdog: illegal write to WDTCTL (0) from $103ca - reset!!!!
Stack Trace: number of calls: 5 PC: $103ca
  watchdog_reboot (packetbuf.c) called from PC: $24c30 (elapsed: 5)
  restart_time_synchronisation (packetbuf.c) called from PC: $159f2 (elapsed: 56291)
  process_thread_foure_timesynch_process (local in 4emac-timesynch.c) called from PC: $12738 (elapsed: 1639998)
  call_process (local in process.c) called from PC: $1291c (elapsed: 1640035)
  process_run (packetbuf.c) called from PC: $05edc (elapsed: 1643144)
 WARN [Thread-2] (MspMote.java:229) - 36: # Watchdog[EXECUTION]: illegal write to WDTCTL (0) from $103ca - reset!!!!
Watchdog: illegal write to WDTCTL (0) from $103ca - reset!!!!
Stack Trace: number of calls: 5 PC: $103ca
  watchdog_reboot (packetbuf.c) called from PC: $24c30 (elapsed: 5)
  restart_time_synchronisation (packetbuf.c) called from PC: $159f2 (elapsed: 30452)
  process_thread_foure_timesynch_process (local in 4emac-timesynch.c) called from PC: $12738 (elapsed: 1408974)
  call_process (local in process.c) called from PC: $1291c (elapsed: 1409011)
  process_run (packetbuf.c) called from PC: $05edc (elapsed: 1412012)
 WARN [Thread-2] (MspMote.java:229) - 33: # Watchdog[EXECUTION]: illegal write to WDTCTL (0) from $103ca - reset!!!!
Watchdog: illegal write to WDTCTL (0) from $103ca - reset!!!!
Stack Trace: number of calls: 5 PC: $103ca
  watchdog_reboot (packetbuf.c) called from PC: $24c30 (elapsed: 5)
  restart_time_synchronisation (packetbuf.c) called from PC: $159f2 (elapsed: 30447)
  process_thread_foure_timesynch_process (local in 4emac-timesynch.c) called from PC: $12738 (elapsed: 1082147)
  call_process (local in process.c) called from PC: $1291c (elapsed: 1082184)
  process_run (packetbuf.c) called from PC: $05edc (elapsed: 1084188)
 WARN [Thread-2] (MspMote.java:229) - 42: # Watchdog[EXECUTION]: illegal write to WDTCTL (0) from $103ca - reset!!!!
Watchdog: illegal write to WDTCTL (0) from $103ca - reset!!!!
Stack Trace: number of calls: 5 PC: $103ca
  watchdog_reboot (packetbuf.c) called from PC: $24c30 (elapsed: 5)
  restart_time_synchronisation (packetbuf.c) called from PC: $159f2 (elapsed: 30459)
  process_thread_foure_timesynch_process (local in 4emac-timesynch.c) called from PC: $12738 (elapsed: 1267668)
  call_process (local in process.c) called from PC: $1291c (elapsed: 1267705)
  process_run (packetbuf.c) called from PC: $05edc (elapsed: 1270701)
 WARN [Thread-2] (MspMote.java:229) - 21: # Watchdog[EXECUTION]: illegal write to WDTCTL (0) from $103ca - reset!!!!
Watchdog: illegal write to WDTCTL (0) from $103ca - reset!!!!
Stack Trace: number of calls: 5 PC: $103ca
  watchdog_reboot (packetbuf.c) called from PC: $24c30 (elapsed: 5)
  restart_time_synchronisation (packetbuf.c) called from PC: $159f2 (elapsed: 30452)
  process_thread_foure_timesynch_process (local in 4emac-timesynch.c) called from PC: $12738 (elapsed: 1221423)
  call_process (local in process.c) called from PC: $1291c (elapsed: 1221460)
  process_run (packetbuf.c) called from PC: $05edc (elapsed: 1224531)
 WARN [Thread-2] (MspMote.java:229) - 51: # Watchdog[EXECUTION]: illegal write to WDTCTL (0) from $103ca - reset!!!!
 INFO [Thread-2] (LogScriptEngine.java:389) - Test script at 45.00%, done in 7046.1 sec
Watchdog: illegal write to WDTCTL (0) from $103ca - reset!!!!
Stack Trace: number of calls: 5 PC: $103ca
  watchdog_reboot (packetbuf.c) called from PC: $24c30 (elapsed: 5)
  restart_time_synchronisation (packetbuf.c) called from PC: $159f2 (elapsed: 30447)
  process_thread_foure_timesynch_process (local in 4emac-timesynch.c) called from PC: $12738 (elapsed: 1087200)
  call_process (local in process.c) called from PC: $1291c (elapsed: 1087237)
  process_run (packetbuf.c) called from PC: $05edc (elapsed: 1090233)
 WARN [Thread-2] (MspMote.java:229) - 9: # Watchdog[EXECUTION]: illegal write to WDTCTL (0) from $103ca - reset!!!!
Watchdog: illegal write to WDTCTL (0) from $103ca - reset!!!!
Stack Trace: number of calls: 5 PC: $103ca
  watchdog_reboot (packetbuf.c) called from PC: $24c30 (elapsed: 5)
  restart_time_synchronisation (packetbuf.c) called from PC: $159f2 (elapsed: 30452)
  process_thread_foure_timesynch_process (local in 4emac-timesynch.c) called from PC: $12738 (elapsed: 1465917)
  call_process (local in process.c) called from PC: $1291c (elapsed: 1465954)
  process_run (packetbuf.c) called from PC: $05edc (elapsed: 1469329)
 WARN [Thread-2] (MspMote.java:229) - 17: # Watchdog[EXECUTION]: illegal write to WDTCTL (0) from $103ca - reset!!!!
Watchdog: illegal write to WDTCTL (0) from $103ca - reset!!!!
Stack Trace: number of calls: 5 PC: $103ca
  watchdog_reboot (packetbuf.c) called from PC: $24c30 (elapsed: 5)
  restart_time_synchronisation (packetbuf.c) called from PC: $159f2 (elapsed: 56013)
  process_thread_foure_timesynch_process (local in 4emac-timesynch.c) called from PC: $12738 (elapsed: 1392018)
  call_process (local in process.c) called from PC: $1291c (elapsed: 1392055)
  process_run (packetbuf.c) called from PC: $05edc (elapsed: 1395157)
 WARN [Thread-2] (MspMote.java:229) - 2: # Watchdog[EXECUTION]: illegal write to WDTCTL (0) from $103ca - reset!!!!
Watchdog: illegal write to WDTCTL (0) from $103ca - reset!!!!
Stack Trace: number of calls: 5 PC: $103ca
  watchdog_reboot (packetbuf.c) called from PC: $24c30 (elapsed: 5)
  restart_time_synchronisation (packetbuf.c) called from PC: $159f2 (elapsed: 30452)
  process_thread_foure_timesynch_process (local in 4emac-timesynch.c) called from PC: $12738 (elapsed: 1293497)
  call_process (local in process.c) called from PC: $1291c (elapsed: 1293534)
  process_run (packetbuf.c) called from PC: $05edc (elapsed: 1296528)
 WARN [Thread-2] (MspMote.java:229) - 41: # Watchdog[EXECUTION]: illegal write to WDTCTL (0) from $103ca - reset!!!!
Watchdog: illegal write to WDTCTL (0) from $103ca - reset!!!!
Stack Trace: number of calls: 5 PC: $103ca
  watchdog_reboot (packetbuf.c) called from PC: $24c30 (elapsed: 5)
  restart_time_synchronisation (packetbuf.c) called from PC: $159f2 (elapsed: 30453)
  process_thread_foure_timesynch_process (local in 4emac-timesynch.c) called from PC: $12738 (elapsed: 1400483)
  call_process (local in process.c) called from PC: $1291c (elapsed: 1400520)
  process_run (packetbuf.c) called from PC: $05edc (elapsed: 1403679)
 WARN [Thread-2] (MspMote.java:229) - 35: # Watchdog[EXECUTION]: illegal write to WDTCTL (0) from $103ca - reset!!!!
Watchdog: illegal write to WDTCTL (0) from $103ca - reset!!!!
Stack Trace: number of calls: 5 PC: $103ca
  watchdog_reboot (packetbuf.c) called from PC: $24c30 (elapsed: 5)
  restart_time_synchronisation (packetbuf.c) called from PC: $159f2 (elapsed: 30452)
  process_thread_foure_timesynch_process (local in 4emac-timesynch.c) called from PC: $12738 (elapsed: 1358756)
  call_process (local in process.c) called from PC: $1291c (elapsed: 1358793)
  process_run (packetbuf.c) called from PC: $05edc (elapsed: 1362009)
 WARN [Thread-2] (MspMote.java:229) - 37: # Watchdog[EXECUTION]: illegal write to WDTCTL (0) from $103ca - reset!!!!
Watchdog: illegal write to WDTCTL (0) from $103ca - reset!!!!
Stack Trace: number of calls: 5 PC: $103ca
  watchdog_reboot (packetbuf.c) called from PC: $24c30 (elapsed: 5)
  restart_time_synchronisation (packetbuf.c) called from PC: $159f2 (elapsed: 34338)
  process_thread_foure_timesynch_process (local in 4emac-timesynch.c) called from PC: $12738 (elapsed: 1356171)
  call_process (local in process.c) called from PC: $1291c (elapsed: 1356208)
  process_run (packetbuf.c) called from PC: $05edc (elapsed: 1359051)
 WARN [Thread-2] (MspMote.java:229) - 19: # Watchdog[EXECUTION]: illegal write to WDTCTL (0) from $103ca - reset!!!!
Watchdog: illegal write to WDTCTL (0) from $103ca - reset!!!!
Stack Trace: number of calls: 5 PC: $103ca
  watchdog_reboot (packetbuf.c) called from PC: $24c30 (elapsed: 5)
  restart_time_synchronisation (packetbuf.c) called from PC: $159f2 (elapsed: 30477)
  process_thread_foure_timesynch_process (local in 4emac-timesynch.c) called from PC: $12738 (elapsed: 1379516)
  call_process (local in process.c) called from PC: $1291c (elapsed: 1379553)
  process_run (packetbuf.c) called from PC: $05edc (elapsed: 1382925)
 WARN [Thread-2] (MspMote.java:229) - 25: # Watchdog[EXECUTION]: illegal write to WDTCTL (0) from $103ca - reset!!!!
Watchdog: illegal write to WDTCTL (0) from $103ca - reset!!!!
Stack Trace: number of calls: 5 PC: $103ca
  watchdog_reboot (packetbuf.c) called from PC: $24c30 (elapsed: 5)
  restart_time_synchronisation (packetbuf.c) called from PC: $159f2 (elapsed: 30452)
  process_thread_foure_timesynch_process (local in 4emac-timesynch.c) called from PC: $12738 (elapsed: 1406361)
  call_process (local in process.c) called from PC: $1291c (elapsed: 1406398)
  process_run (packetbuf.c) called from PC: $05edc (elapsed: 1409764)
 WARN [Thread-2] (MspMote.java:229) - 50: # Watchdog[EXECUTION]: illegal write to WDTCTL (0) from $103ca - reset!!!!
Watchdog: illegal write to WDTCTL (0) from $103ca - reset!!!!
Stack Trace: number of calls: 5 PC: $103ca
  watchdog_reboot (packetbuf.c) called from PC: $24c30 (elapsed: 5)
  restart_time_synchronisation (packetbuf.c) called from PC: $159f2 (elapsed: 30452)
  process_thread_foure_timesynch_process (local in 4emac-timesynch.c) called from PC: $12738 (elapsed: 1372804)
  call_process (local in process.c) called from PC: $1291c (elapsed: 1372841)
  process_run (packetbuf.c) called from PC: $05edc (elapsed: 2263346)
 WARN [Thread-2] (MspMote.java:229) - 26: # Watchdog[EXECUTION]: illegal write to WDTCTL (0) from $103ca - reset!!!!
Watchdog: illegal write to WDTCTL (0) from $103ca - reset!!!!
Stack Trace: number of calls: 5 PC: $103ca
  watchdog_reboot (packetbuf.c) called from PC: $24c30 (elapsed: 5)
  restart_time_synchronisation (packetbuf.c) called from PC: $159f2 (elapsed: 30537)
  process_thread_foure_timesynch_process (local in 4emac-timesynch.c) called from PC: $12738 (elapsed: 940185)
  call_process (local in process.c) called from PC: $1291c (elapsed: 940222)
  process_run (packetbuf.c) called from PC: $05edc (elapsed: 943443)
 WARN [Thread-2] (MspMote.java:229) - 34: # Watchdog[EXECUTION]: illegal write to WDTCTL (0) from $103ca - reset!!!!
Watchdog: illegal write to WDTCTL (0) from $103ca - reset!!!!
Stack Trace: number of calls: 5 PC: $103ca
  watchdog_reboot (packetbuf.c) called from PC: $24c30 (elapsed: 5)
  restart_time_synchronisation (packetbuf.c) called from PC: $159f2 (elapsed: 30651)
  process_thread_foure_timesynch_process (local in 4emac-timesynch.c) called from PC: $12738 (elapsed: 776528)
  call_process (local in process.c) called from PC: $1291c (elapsed: 776565)
  process_run (packetbuf.c) called from PC: $05edc (elapsed: 779640)
 WARN [Thread-2] (MspMote.java:229) - 49: # Watchdog[EXECUTION]: illegal write to WDTCTL (0) from $103ca - reset!!!!
Watchdog: illegal write to WDTCTL (0) from $103ca - reset!!!!
Stack Trace: number of calls: 5 PC: $103ca
  watchdog_reboot (packetbuf.c) called from PC: $24c30 (elapsed: 5)
  restart_time_synchronisation (packetbuf.c) called from PC: $159f2 (elapsed: 30452)
  process_thread_foure_timesynch_process (local in 4emac-timesynch.c) called from PC: $12738 (elapsed: 784782)
  call_process (local in process.c) called from PC: $1291c (elapsed: 784819)
  process_run (packetbuf.c) called from PC: $05edc (elapsed: 787903)
 WARN [Thread-2] (MspMote.java:229) - 7: # Watchdog[EXECUTION]: illegal write to WDTCTL (0) from $103ca - reset!!!!
Watchdog: illegal write to WDTCTL (0) from $103ca - reset!!!!
Stack Trace: number of calls: 5 PC: $103ca
  watchdog_reboot (packetbuf.c) called from PC: $24c30 (elapsed: 5)
  restart_time_synchronisation (packetbuf.c) called from PC: $159f2 (elapsed: 30447)
  process_thread_foure_timesynch_process (local in 4emac-timesynch.c) called from PC: $12738 (elapsed: 1455505)
  call_process (local in process.c) called from PC: $1291c (elapsed: 1455542)
  process_run (packetbuf.c) called from PC: $05edc (elapsed: 1458572)
 WARN [Thread-2] (MspMote.java:229) - 30: # Watchdog[EXECUTION]: illegal write to WDTCTL (0) from $103ca - reset!!!!
Watchdog: illegal write to WDTCTL (0) from $103ca - reset!!!!
Stack Trace: number of calls: 5 PC: $103ca
  watchdog_reboot (packetbuf.c) called from PC: $24c30 (elapsed: 5)
  restart_time_synchronisation (packetbuf.c) called from PC: $159f2 (elapsed: 61538)
  process_thread_foure_timesynch_process (local in 4emac-timesynch.c) called from PC: $12738 (elapsed: 1392906)
  call_process (local in process.c) called from PC: $1291c (elapsed: 1392943)
  process_run (packetbuf.c) called from PC: $05edc (elapsed: 1395779)
 WARN [Thread-2] (MspMote.java:229) - 46: # Watchdog[EXECUTION]: illegal write to WDTCTL (0) from $103ca - reset!!!!
Watchdog: illegal write to WDTCTL (0) from $103ca - reset!!!!
Stack Trace: number of calls: 5 PC: $103ca
  watchdog_reboot (packetbuf.c) called from PC: $24c30 (elapsed: 5)
  restart_time_synchronisation (packetbuf.c) called from PC: $159f2 (elapsed: 30459)
  process_thread_foure_timesynch_process (local in 4emac-timesynch.c) called from PC: $12738 (elapsed: 950943)
  call_process (local in process.c) called from PC: $1291c (elapsed: 950980)
  process_run (packetbuf.c) called from PC: $05edc (elapsed: 953893)
 WARN [Thread-2] (MspMote.java:229) - 32: # Watchdog[EXECUTION]: illegal write to WDTCTL (0) from $103ca - reset!!!!
Watchdog: illegal write to WDTCTL (0) from $103ca - reset!!!!
Stack Trace: number of calls: 5 PC: $103ca
  watchdog_reboot (packetbuf.c) called from PC: $24c30 (elapsed: 5)
  restart_time_synchronisation (packetbuf.c) called from PC: $159f2 (elapsed: 58862)
  process_thread_foure_timesynch_process (local in 4emac-timesynch.c) called from PC: $12738 (elapsed: 939042)
  call_process (local in process.c) called from PC: $1291c (elapsed: 939079)
  process_run (packetbuf.c) called from PC: $05edc (elapsed: 1173292)
 WARN [Thread-2] (MspMote.java:229) - 23: # Watchdog[EXECUTION]: illegal write to WDTCTL (0) from $103ca - reset!!!!
Watchdog: illegal write to WDTCTL (0) from $103ca - reset!!!!
Stack Trace: number of calls: 5 PC: $103ca
  watchdog_reboot (packetbuf.c) called from PC: $24c30 (elapsed: 5)
  restart_time_synchronisation (packetbuf.c) called from PC: $159f2 (elapsed: 31364)
  process_thread_foure_timesynch_process (local in 4emac-timesynch.c) called from PC: $12738 (elapsed: 213817)
  call_process (local in process.c) called from PC: $1291c (elapsed: 213854)
  process_run (packetbuf.c) called from PC: $05edc (elapsed: 215141)
 WARN [Thread-2] (MspMote.java:229) - 17: # Watchdog[EXECUTION]: illegal write to WDTCTL (0) from $103ca - reset!!!!
Watchdog: illegal write to WDTCTL (0) from $103ca - reset!!!!
Stack Trace: number of calls: 5 PC: $103ca
  watchdog_reboot (packetbuf.c) called from PC: $24c30 (elapsed: 5)
  restart_time_synchronisation (packetbuf.c) called from PC: $159f2 (elapsed: 30452)
  process_thread_foure_timesynch_process (local in 4emac-timesynch.c) called from PC: $12738 (elapsed: 1405387)
  call_process (local in process.c) called from PC: $1291c (elapsed: 1405424)
  process_run (packetbuf.c) called from PC: $05edc (elapsed: 1408423)
 WARN [Thread-2] (MspMote.java:229) - 39: # Watchdog[EXECUTION]: illegal write to WDTCTL (0) from $103ca - reset!!!!
Watchdog: illegal write to WDTCTL (0) from $103ca - reset!!!!
Stack Trace: number of calls: 5 PC: $103ca
  watchdog_reboot (packetbuf.c) called from PC: $24c30 (elapsed: 5)
  restart_time_synchronisation (packetbuf.c) called from PC: $159f2 (elapsed: 30452)
  process_thread_foure_timesynch_process (local in 4emac-timesynch.c) called from PC: $12738 (elapsed: 1350133)
  call_process (local in process.c) called from PC: $1291c (elapsed: 1350170)
  process_run (packetbuf.c) called from PC: $05edc (elapsed: 1352979)
 WARN [Thread-2] (MspMote.java:229) - 15: # Watchdog[EXECUTION]: illegal write to WDTCTL (0) from $103ca - reset!!!!
Watchdog: illegal write to WDTCTL (0) from $103ca - reset!!!!
Stack Trace: number of calls: 5 PC: $103ca
  watchdog_reboot (packetbuf.c) called from PC: $24c30 (elapsed: 5)
  restart_time_synchronisation (packetbuf.c) called from PC: $159f2 (elapsed: 30483)
  process_thread_foure_timesynch_process (local in 4emac-timesynch.c) called from PC: $12738 (elapsed: 563317)
  call_process (local in process.c) called from PC: $1291c (elapsed: 563354)
  process_run (packetbuf.c) called from PC: $05edc (elapsed: 566425)
 WARN [Thread-2] (MspMote.java:229) - 3: # Watchdog[EXECUTION]: illegal write to WDTCTL (0) from $103ca - reset!!!!
Watchdog: illegal write to WDTCTL (0) from $103ca - reset!!!!
Stack Trace: number of calls: 5 PC: $103ca
  watchdog_reboot (packetbuf.c) called from PC: $24c30 (elapsed: 5)
  restart_time_synchronisation (packetbuf.c) called from PC: $159f2 (elapsed: 34253)
  process_thread_foure_timesynch_process (local in 4emac-timesynch.c) called from PC: $12738 (elapsed: 781636)
  call_process (local in process.c) called from PC: $1291c (elapsed: 781673)
  process_run (packetbuf.c) called from PC: $05edc (elapsed: 784698)
 WARN [Thread-2] (MspMote.java:229) - 36: # Watchdog[EXECUTION]: illegal write to WDTCTL (0) from $103ca - reset!!!!
Watchdog: illegal write to WDTCTL (0) from $103ca - reset!!!!
Stack Trace: number of calls: 5 PC: $103ca
  watchdog_reboot (packetbuf.c) called from PC: $24c30 (elapsed: 5)
  restart_time_synchronisation (packetbuf.c) called from PC: $159f2 (elapsed: 30452)
  process_thread_foure_timesynch_process (local in 4emac-timesynch.c) called from PC: $12738 (elapsed: 1223065)
  call_process (local in process.c) called from PC: $1291c (elapsed: 1223102)
  process_run (packetbuf.c) called from PC: $05edc (elapsed: 1226175)
 WARN [Thread-2] (MspMote.java:229) - 1: # Watchdog[EXECUTION]: illegal write to WDTCTL (0) from $103ca - reset!!!!
Watchdog: illegal write to WDTCTL (0) from $103ca - reset!!!!
Stack Trace: number of calls: 5 PC: $103ca
  watchdog_reboot (packetbuf.c) called from PC: $24c30 (elapsed: 5)
  restart_time_synchronisation (packetbuf.c) called from PC: $159f2 (elapsed: 30452)
  process_thread_foure_timesynch_process (local in 4emac-timesynch.c) called from PC: $12738 (elapsed: 849006)
  call_process (local in process.c) called from PC: $1291c (elapsed: 849043)
  process_run (packetbuf.c) called from PC: $05edc (elapsed: 852222)
 WARN [Thread-2] (MspMote.java:229) - 9: # Watchdog[EXECUTION]: illegal write to WDTCTL (0) from $103ca - reset!!!!
Watchdog: illegal write to WDTCTL (0) from $103ca - reset!!!!
Stack Trace: number of calls: 5 PC: $103ca
  watchdog_reboot (packetbuf.c) called from PC: $24c30 (elapsed: 5)
  restart_time_synchronisation (packetbuf.c) called from PC: $159f2 (elapsed: 30453)
  process_thread_foure_timesynch_process (local in 4emac-timesynch.c) called from PC: $12738 (elapsed: 1441485)
  call_process (local in process.c) called from PC: $1291c (elapsed: 1441522)
  process_run (packetbuf.c) called from PC: $05edc (elapsed: 1444834)
 WARN [Thread-2] (MspMote.java:229) - 48: # Watchdog[EXECUTION]: illegal write to WDTCTL (0) from $103ca - reset!!!!
Watchdog: illegal write to WDTCTL (0) from $103ca - reset!!!!
Stack Trace: number of calls: 5 PC: $103ca
  watchdog_reboot (packetbuf.c) called from PC: $24c30 (elapsed: 5)
  restart_time_synchronisation (packetbuf.c) called from PC: $159f2 (elapsed: 30452)
  process_thread_foure_timesynch_process (local in 4emac-timesynch.c) called from PC: $12738 (elapsed: 1354367)
  call_process (local in process.c) called from PC: $1291c (elapsed: 1354404)
  process_run (packetbuf.c) called from PC: $05edc (elapsed: 1357612)
 WARN [Thread-2] (MspMote.java:229) - 28: # Watchdog[EXECUTION]: illegal write to WDTCTL (0) from $103ca - reset!!!!
Watchdog: illegal write to WDTCTL (0) from $103ca - reset!!!!
Stack Trace: number of calls: 5 PC: $103ca
  watchdog_reboot (packetbuf.c) called from PC: $24c30 (elapsed: 5)
  restart_time_synchronisation (packetbuf.c) called from PC: $159f2 (elapsed: 30452)
  process_thread_foure_timesynch_process (local in 4emac-timesynch.c) called from PC: $12738 (elapsed: 1552400)
  call_process (local in process.c) called from PC: $1291c (elapsed: 1552437)
  process_run (packetbuf.c) called from PC: $05edc (elapsed: 1556664)
 WARN [Thread-2] (MspMote.java:229) - 4: # Watchdog[EXECUTION]: illegal write to WDTCTL (0) from $103ca - reset!!!!
Watchdog: illegal write to WDTCTL (0) from $103ca - reset!!!!
Stack Trace: number of calls: 5 PC: $103ca
  watchdog_reboot (packetbuf.c) called from PC: $24c30 (elapsed: 5)
  restart_time_synchronisation (packetbuf.c) called from PC: $159f2 (elapsed: 31365)
  process_thread_foure_timesynch_process (local in 4emac-timesynch.c) called from PC: $12738 (elapsed: 185293)
  call_process (local in process.c) called from PC: $1291c (elapsed: 185330)
  process_run (packetbuf.c) called from PC: $05edc (elapsed: 186617)
 WARN [Thread-2] (MspMote.java:229) - 38: # Watchdog[EXECUTION]: illegal write to WDTCTL (0) from $103ca - reset!!!!
Watchdog: illegal write to WDTCTL (0) from $103ca - reset!!!!
Stack Trace: number of calls: 5 PC: $103ca
  watchdog_reboot (packetbuf.c) called from PC: $24c30 (elapsed: 5)
  restart_time_synchronisation (packetbuf.c) called from PC: $159f2 (elapsed: 30447)
  process_thread_foure_timesynch_process (local in 4emac-timesynch.c) called from PC: $12738 (elapsed: 1386505)
  call_process (local in process.c) called from PC: $1291c (elapsed: 1386542)
  process_run (packetbuf.c) called from PC: $05edc (elapsed: 1389644)
 WARN [Thread-2] (MspMote.java:229) - 29: # Watchdog[EXECUTION]: illegal write to WDTCTL (0) from $103ca - reset!!!!
Watchdog: illegal write to WDTCTL (0) from $103ca - reset!!!!
Stack Trace: number of calls: 5 PC: $103ca
  watchdog_reboot (packetbuf.c) called from PC: $24c30 (elapsed: 5)
  restart_time_synchronisation (packetbuf.c) called from PC: $159f2 (elapsed: 56400)
  process_thread_foure_timesynch_process (local in 4emac-timesynch.c) called from PC: $12738 (elapsed: 1217250)
  call_process (local in process.c) called from PC: $1291c (elapsed: 1217287)
  process_run (packetbuf.c) called from PC: $05edc (elapsed: 1220308)
 WARN [Thread-2] (MspMote.java:229) - 18: # Watchdog[EXECUTION]: illegal write to WDTCTL (0) from $103ca - reset!!!!
Watchdog: illegal write to WDTCTL (0) from $103ca - reset!!!!
Stack Trace: number of calls: 5 PC: $103ca
  watchdog_reboot (packetbuf.c) called from PC: $24c30 (elapsed: 5)
  restart_time_synchronisation (packetbuf.c) called from PC: $159f2 (elapsed: 30452)
  process_thread_foure_timesynch_process (local in 4emac-timesynch.c) called from PC: $12738 (elapsed: 1363104)
  call_process (local in process.c) called from PC: $1291c (elapsed: 1363141)
  process_run (packetbuf.c) called from PC: $05edc (elapsed: 1366144)
 WARN [Thread-2] (MspMote.java:229) - 11: # Watchdog[EXECUTION]: illegal write to WDTCTL (0) from $103ca - reset!!!!
Watchdog: illegal write to WDTCTL (0) from $103ca - reset!!!!
Stack Trace: number of calls: 5 PC: $103ca
  watchdog_reboot (packetbuf.c) called from PC: $24c30 (elapsed: 5)
  restart_time_synchronisation (packetbuf.c) called from PC: $159f2 (elapsed: 30453)
  process_thread_foure_timesynch_process (local in 4emac-timesynch.c) called from PC: $12738 (elapsed: 938289)
  call_process (local in process.c) called from PC: $1291c (elapsed: 938326)
  process_run (packetbuf.c) called from PC: $05edc (elapsed: 941507)
 WARN [Thread-2] (MspMote.java:229) - 41: # Watchdog[EXECUTION]: illegal write to WDTCTL (0) from $103ca - reset!!!!
 INFO [Thread-2] (LogScriptEngine.java:389) - Test script at 50.00%, done in 6231.5 sec
Watchdog: illegal write to WDTCTL (0) from $103ca - reset!!!!
Stack Trace: number of calls: 5 PC: $103ca
  watchdog_reboot (packetbuf.c) called from PC: $24c30 (elapsed: 5)
  restart_time_synchronisation (packetbuf.c) called from PC: $159f2 (elapsed: 58597)
  process_thread_foure_timesynch_process (local in 4emac-timesynch.c) called from PC: $12738 (elapsed: 815825)
  call_process (local in process.c) called from PC: $1291c (elapsed: 815862)
  process_run (packetbuf.c) called from PC: $05edc (elapsed: 818858)
 WARN [Thread-2] (MspMote.java:229) - 33: # Watchdog[EXECUTION]: illegal write to WDTCTL (0) from $103ca - reset!!!!
Watchdog: illegal write to WDTCTL (0) from $103ca - reset!!!!
Stack Trace: number of calls: 5 PC: $103ca
  watchdog_reboot (packetbuf.c) called from PC: $24c30 (elapsed: 5)
  restart_time_synchronisation (packetbuf.c) called from PC: $159f2 (elapsed: 30453)
  process_thread_foure_timesynch_process (local in 4emac-timesynch.c) called from PC: $12738 (elapsed: 1255382)
  call_process (local in process.c) called from PC: $1291c (elapsed: 1255419)
  process_run (packetbuf.c) called from PC: $05edc (elapsed: 1259457)
 WARN [Thread-2] (MspMote.java:229) - 47: # Watchdog[EXECUTION]: illegal write to WDTCTL (0) from $103ca - reset!!!!
Watchdog: illegal write to WDTCTL (0) from $103ca - reset!!!!
Stack Trace: number of calls: 5 PC: $103ca
  watchdog_reboot (packetbuf.c) called from PC: $24c30 (elapsed: 5)
  restart_time_synchronisation (packetbuf.c) called from PC: $159f2 (elapsed: 30452)
  process_thread_foure_timesynch_process (local in 4emac-timesynch.c) called from PC: $12738 (elapsed: 610245)
  call_process (local in process.c) called from PC: $1291c (elapsed: 610282)
  process_run (packetbuf.c) called from PC: $05edc (elapsed: 613355)
 WARN [Thread-2] (MspMote.java:229) - 37: # Watchdog[EXECUTION]: illegal write to WDTCTL (0) from $103ca - reset!!!!
Watchdog: illegal write to WDTCTL (0) from $103ca - reset!!!!
Stack Trace: number of calls: 5 PC: $103ca
  watchdog_reboot (packetbuf.c) called from PC: $24c30 (elapsed: 5)
  restart_time_synchronisation (packetbuf.c) called from PC: $159f2 (elapsed: 30452)
  process_thread_foure_timesynch_process (local in 4emac-timesynch.c) called from PC: $12738 (elapsed: 908526)
  call_process (local in process.c) called from PC: $1291c (elapsed: 908563)
  process_run (packetbuf.c) called from PC: $05edc (elapsed: 911636)
 WARN [Thread-2] (MspMote.java:229) - 46: # Watchdog[EXECUTION]: illegal write to WDTCTL (0) from $103ca - reset!!!!
Watchdog: illegal write to WDTCTL (0) from $103ca - reset!!!!
Stack Trace: number of calls: 5 PC: $103ca
  watchdog_reboot (packetbuf.c) called from PC: $24c30 (elapsed: 5)
  restart_time_synchronisation (packetbuf.c) called from PC: $159f2 (elapsed: 30452)
  process_thread_foure_timesynch_process (local in 4emac-timesynch.c) called from PC: $12738 (elapsed: 1356898)
  call_process (local in process.c) called from PC: $1291c (elapsed: 1356935)
  process_run (packetbuf.c) called from PC: $05edc (elapsed: 1359853)
 WARN [Thread-2] (MspMote.java:229) - 20: # Watchdog[EXECUTION]: illegal write to WDTCTL (0) from $103ca - reset!!!!
Watchdog: illegal write to WDTCTL (0) from $103ca - reset!!!!
Stack Trace: number of calls: 5 PC: $103ca
  watchdog_reboot (packetbuf.c) called from PC: $24c30 (elapsed: 5)
  restart_time_synchronisation (packetbuf.c) called from PC: $159f2 (elapsed: 30452)
  process_thread_foure_timesynch_process (local in 4emac-timesynch.c) called from PC: $12738 (elapsed: 1401868)
  call_process (local in process.c) called from PC: $1291c (elapsed: 1401905)
  process_run (packetbuf.c) called from PC: $05edc (elapsed: 1405124)
 WARN [Thread-2] (MspMote.java:229) - 12: # Watchdog[EXECUTION]: illegal write to WDTCTL (0) from $103ca - reset!!!!
Watchdog: illegal write to WDTCTL (0) from $103ca - reset!!!!
Stack Trace: number of calls: 5 PC: $103ca
  watchdog_reboot (packetbuf.c) called from PC: $24c30 (elapsed: 5)
  restart_time_synchronisation (packetbuf.c) called from PC: $159f2 (elapsed: 30452)
  process_thread_foure_timesynch_process (local in 4emac-timesynch.c) called from PC: $12738 (elapsed: 977891)
  call_process (local in process.c) called from PC: $1291c (elapsed: 977928)
  process_run (packetbuf.c) called from PC: $05edc (elapsed: 980870)
 WARN [Thread-2] (MspMote.java:229) - 21: # Watchdog[EXECUTION]: illegal write to WDTCTL (0) from $103ca - reset!!!!
Watchdog: illegal write to WDTCTL (0) from $103ca - reset!!!!
Stack Trace: number of calls: 5 PC: $103ca
  watchdog_reboot (packetbuf.c) called from PC: $24c30 (elapsed: 5)
  restart_time_synchronisation (packetbuf.c) called from PC: $159f2 (elapsed: 30452)
  process_thread_foure_timesynch_process (local in 4emac-timesynch.c) called from PC: $12738 (elapsed: 1444071)
  call_process (local in process.c) called from PC: $1291c (elapsed: 1444108)
  process_run (packetbuf.c) called from PC: $05edc (elapsed: 1472456)
 WARN [Thread-2] (MspMote.java:229) - 22: # Watchdog[EXECUTION]: illegal write to WDTCTL (0) from $103ca - reset!!!!
Watchdog: illegal write to WDTCTL (0) from $103ca - reset!!!!
Stack Trace: number of calls: 5 PC: $103ca
  watchdog_reboot (packetbuf.c) called from PC: $24c30 (elapsed: 5)
  restart_time_synchronisation (packetbuf.c) called from PC: $159f2 (elapsed: 30452)
  process_thread_foure_timesynch_process (local in 4emac-timesynch.c) called from PC: $12738 (elapsed: 1360334)
  call_process (local in process.c) called from PC: $1291c (elapsed: 1360371)
  process_run (packetbuf.c) called from PC: $05edc (elapsed: 1364710)
 WARN [Thread-2] (MspMote.java:229) - 31: # Watchdog[EXECUTION]: illegal write to WDTCTL (0) from $103ca - reset!!!!
Watchdog: illegal write to WDTCTL (0) from $103ca - reset!!!!
Stack Trace: number of calls: 5 PC: $103ca
  watchdog_reboot (packetbuf.c) called from PC: $24c30 (elapsed: 5)
  restart_time_synchronisation (packetbuf.c) called from PC: $159f2 (elapsed: 30615)
  process_thread_foure_timesynch_process (local in 4emac-timesynch.c) called from PC: $12738 (elapsed: 1078777)
  call_process (local in process.c) called from PC: $1291c (elapsed: 1078814)
  process_run (packetbuf.c) called from PC: $05edc (elapsed: 1081813)
 WARN [Thread-2] (MspMote.java:229) - 43: # Watchdog[EXECUTION]: illegal write to WDTCTL (0) from $103ca - reset!!!!
Watchdog: illegal write to WDTCTL (0) from $103ca - reset!!!!
Stack Trace: number of calls: 5 PC: $103ca
  watchdog_reboot (packetbuf.c) called from PC: $24c30 (elapsed: 5)
  restart_time_synchronisation (packetbuf.c) called from PC: $159f2 (elapsed: 30453)
  process_thread_foure_timesynch_process (local in 4emac-timesynch.c) called from PC: $12738 (elapsed: 1393731)
  call_process (local in process.c) called from PC: $1291c (elapsed: 1393768)
  process_run (packetbuf.c) called from PC: $05edc (elapsed: 1396791)
 WARN [Thread-2] (MspMote.java:229) - 27: # Watchdog[EXECUTION]: illegal write to WDTCTL (0) from $103ca - reset!!!!
Watchdog: illegal write to WDTCTL (0) from $103ca - reset!!!!
Stack Trace: number of calls: 5 PC: $103ca
  watchdog_reboot (packetbuf.c) called from PC: $24c30 (elapsed: 5)
  restart_time_synchronisation (packetbuf.c) called from PC: $159f2 (elapsed: 30453)
  process_thread_foure_timesynch_process (local in 4emac-timesynch.c) called from PC: $12738 (elapsed: 939348)
  call_process (local in process.c) called from PC: $1291c (elapsed: 939385)
  process_run (packetbuf.c) called from PC: $05edc (elapsed: 942516)
 WARN [Thread-2] (MspMote.java:229) - 42: # Watchdog[EXECUTION]: illegal write to WDTCTL (0) from $103ca - reset!!!!
Watchdog: illegal write to WDTCTL (0) from $103ca - reset!!!!
Stack Trace: number of calls: 5 PC: $103ca
  watchdog_reboot (packetbuf.c) called from PC: $24c30 (elapsed: 5)
  restart_time_synchronisation (packetbuf.c) called from PC: $159f2 (elapsed: 30452)
  process_thread_foure_timesynch_process (local in 4emac-timesynch.c) called from PC: $12738 (elapsed: 848806)
  call_process (local in process.c) called from PC: $1291c (elapsed: 848843)
  process_run (packetbuf.c) called from PC: $05edc (elapsed: 851758)
 WARN [Thread-2] (MspMote.java:229) - 13: # Watchdog[EXECUTION]: illegal write to WDTCTL (0) from $103ca - reset!!!!
Watchdog: illegal write to WDTCTL (0) from $103ca - reset!!!!
Stack Trace: number of calls: 5 PC: $103ca
  watchdog_reboot (packetbuf.c) called from PC: $24c30 (elapsed: 5)
  restart_time_synchronisation (packetbuf.c) called from PC: $159f2 (elapsed: 30452)
  process_thread_foure_timesynch_process (local in 4emac-timesynch.c) called from PC: $12738 (elapsed: 977482)
  call_process (local in process.c) called from PC: $1291c (elapsed: 977519)
  process_run (packetbuf.c) called from PC: $05edc (elapsed: 980675)
 WARN [Thread-2] (MspMote.java:229) - 2: # Watchdog[EXECUTION]: illegal write to WDTCTL (0) from $103ca - reset!!!!
Watchdog: illegal write to WDTCTL (0) from $103ca - reset!!!!
Stack Trace: number of calls: 5 PC: $103ca
  watchdog_reboot (packetbuf.c) called from PC: $24c30 (elapsed: 5)
  restart_time_synchronisation (packetbuf.c) called from PC: $159f2 (elapsed: 31364)
  process_thread_foure_timesynch_process (local in 4emac-timesynch.c) called from PC: $12738 (elapsed: 185464)
  call_process (local in process.c) called from PC: $1291c (elapsed: 185501)
  process_run (packetbuf.c) called from PC: $05edc (elapsed: 187784)
 WARN [Thread-2] (MspMote.java:229) - 30: # Watchdog[EXECUTION]: illegal write to WDTCTL (0) from $103ca - reset!!!!
Watchdog: illegal write to WDTCTL (0) from $103ca - reset!!!!
Stack Trace: number of calls: 5 PC: $103ca
  watchdog_reboot (packetbuf.c) called from PC: $24c30 (elapsed: 5)
  restart_time_synchronisation (packetbuf.c) called from PC: $159f2 (elapsed: 30452)
  process_thread_foure_timesynch_process (local in 4emac-timesynch.c) called from PC: $12738 (elapsed: 970636)
  call_process (local in process.c) called from PC: $1291c (elapsed: 970673)
  process_run (packetbuf.c) called from PC: $05edc (elapsed: 973744)
 WARN [Thread-2] (MspMote.java:229) - 32: # Watchdog[EXECUTION]: illegal write to WDTCTL (0) from $103ca - reset!!!!
Watchdog: illegal write to WDTCTL (0) from $103ca - reset!!!!
Stack Trace: number of calls: 5 PC: $103ca
  watchdog_reboot (packetbuf.c) called from PC: $24c30 (elapsed: 5)
  restart_time_synchronisation (packetbuf.c) called from PC: $159f2 (elapsed: 30452)
  process_thread_foure_timesynch_process (local in 4emac-timesynch.c) called from PC: $12738 (elapsed: 1354508)
  call_process (local in process.c) called from PC: $1291c (elapsed: 1354545)
  process_run (packetbuf.c) called from PC: $05edc (elapsed: 1357755)
 WARN [Thread-2] (MspMote.java:229) - 22: # Watchdog[EXECUTION]: illegal write to WDTCTL (0) from $103ca - reset!!!!
Watchdog: illegal write to WDTCTL (0) from $103ca - reset!!!!
Stack Trace: number of calls: 5 PC: $103ca
  watchdog_reboot (packetbuf.c) called from PC: $24c30 (elapsed: 5)
  restart_time_synchronisation (packetbuf.c) called from PC: $159f2 (elapsed: 30465)
  process_thread_foure_timesynch_process (local in 4emac-timesynch.c) called from PC: $12738 (elapsed: 1250039)
  call_process (local in process.c) called from PC: $1291c (elapsed: 1250076)
  process_run (packetbuf.c) called from PC: $05edc (elapsed: 1253525)
 WARN [Thread-2] (MspMote.java:229) - 29: # Watchdog[EXECUTION]: illegal write to WDTCTL (0) from $103ca - reset!!!!
Watchdog: illegal write to WDTCTL (0) from $103ca - reset!!!!
Stack Trace: number of calls: 5 PC: $103ca
  watchdog_reboot (packetbuf.c) called from PC: $24c30 (elapsed: 5)
  restart_time_synchronisation (packetbuf.c) called from PC: $159f2 (elapsed: 30447)
  process_thread_foure_timesynch_process (local in 4emac-timesynch.c) called from PC: $12738 (elapsed: 1142280)
  call_process (local in process.c) called from PC: $1291c (elapsed: 1142317)
  process_run (packetbuf.c) called from PC: $05edc (elapsed: 1146274)
 WARN [Thread-2] (MspMote.java:229) - 51: # Watchdog[EXECUTION]: illegal write to WDTCTL (0) from $103ca - reset!!!!
Watchdog: illegal write to WDTCTL (0) from $103ca - reset!!!!
Stack Trace: number of calls: 5 PC: $103ca
  watchdog_reboot (packetbuf.c) called from PC: $24c30 (elapsed: 5)
  restart_time_synchronisation (packetbuf.c) called from PC: $159f2 (elapsed: 30561)
  process_thread_foure_timesynch_process (local in 4emac-timesynch.c) called from PC: $12738 (elapsed: 1078783)
  call_process (local in process.c) called from PC: $1291c (elapsed: 1078820)
  process_run (packetbuf.c) called from PC: $05edc (elapsed: 1081814)
 WARN [Thread-2] (MspMote.java:229) - 35: # Watchdog[EXECUTION]: illegal write to WDTCTL (0) from $103ca - reset!!!!
Watchdog: illegal write to WDTCTL (0) from $103ca - reset!!!!
Stack Trace: number of calls: 5 PC: $103ca
  watchdog_reboot (packetbuf.c) called from PC: $24c30 (elapsed: 5)
  restart_time_synchronisation (packetbuf.c) called from PC: $159f2 (elapsed: 30453)
  process_thread_foure_timesynch_process (local in 4emac-timesynch.c) called from PC: $12738 (elapsed: 771198)
  call_process (local in process.c) called from PC: $1291c (elapsed: 771235)
  process_run (packetbuf.c) called from PC: $05edc (elapsed: 774387)
 WARN [Thread-2] (MspMote.java:229) - 19: # Watchdog[EXECUTION]: illegal write to WDTCTL (0) from $103ca - reset!!!!
Watchdog: illegal write to WDTCTL (0) from $103ca - reset!!!!
Stack Trace: number of calls: 5 PC: $103ca
  watchdog_reboot (packetbuf.c) called from PC: $24c30 (elapsed: 5)
  restart_time_synchronisation (packetbuf.c) called from PC: $159f2 (elapsed: 30453)
  process_thread_foure_timesynch_process (local in 4emac-timesynch.c) called from PC: $12738 (elapsed: 1082308)
  call_process (local in process.c) called from PC: $1291c (elapsed: 1082345)
  process_run (packetbuf.c) called from PC: $05edc (elapsed: 1085364)
 WARN [Thread-2] (MspMote.java:229) - 47: # Watchdog[EXECUTION]: illegal write to WDTCTL (0) from $103ca - reset!!!!
Watchdog: illegal write to WDTCTL (0) from $103ca - reset!!!!
Stack Trace: number of calls: 5 PC: $103ca
  watchdog_reboot (packetbuf.c) called from PC: $24c30 (elapsed: 5)
  restart_time_synchronisation (packetbuf.c) called from PC: $159f2 (elapsed: 30453)
  process_thread_foure_timesynch_process (local in 4emac-timesynch.c) called from PC: $12738 (elapsed: 941527)
  call_process (local in process.c) called from PC: $1291c (elapsed: 941564)
  process_run (packetbuf.c) called from PC: $05edc (elapsed: 944558)
 WARN [Thread-2] (MspMote.java:229) - 20: # Watchdog[EXECUTION]: illegal write to WDTCTL (0) from $103ca - reset!!!!
Watchdog: illegal write to WDTCTL (0) from $103ca - reset!!!!
Stack Trace: number of calls: 5 PC: $103ca
  watchdog_reboot (packetbuf.c) called from PC: $24c30 (elapsed: 5)
  restart_time_synchronisation (packetbuf.c) called from PC: $159f2 (elapsed: 30452)
  process_thread_foure_timesynch_process (local in 4emac-timesynch.c) called from PC: $12738 (elapsed: 672481)
  call_process (local in process.c) called from PC: $1291c (elapsed: 672518)
  process_run (packetbuf.c) called from PC: $05edc (elapsed: 675747)
 WARN [Thread-2] (MspMote.java:229) - 28: # Watchdog[EXECUTION]: illegal write to WDTCTL (0) from $103ca - reset!!!!
Watchdog: illegal write to WDTCTL (0) from $103ca - reset!!!!
Stack Trace: number of calls: 5 PC: $103ca
  watchdog_reboot (packetbuf.c) called from PC: $24c30 (elapsed: 5)
  restart_time_synchronisation (packetbuf.c) called from PC: $159f2 (elapsed: 30453)
  process_thread_foure_timesynch_process (local in 4emac-timesynch.c) called from PC: $12738 (elapsed: 940477)
  call_process (local in process.c) called from PC: $1291c (elapsed: 940514)
  process_run (packetbuf.c) called from PC: $05edc (elapsed: 943508)
 WARN [Thread-2] (MspMote.java:229) - 10: # Watchdog[EXECUTION]: illegal write to WDTCTL (0) from $103ca - reset!!!!
Watchdog: illegal write to WDTCTL (0) from $103ca - reset!!!!
Stack Trace: number of calls: 5 PC: $103ca
  watchdog_reboot (packetbuf.c) called from PC: $24c30 (elapsed: 5)
  restart_time_synchronisation (packetbuf.c) called from PC: $159f2 (elapsed: 30453)
  process_thread_foure_timesynch_process (local in 4emac-timesynch.c) called from PC: $12738 (elapsed: 1310939)
  call_process (local in process.c) called from PC: $1291c (elapsed: 1310976)
  process_run (packetbuf.c) called from PC: $05edc (elapsed: 1314207)
 WARN [Thread-2] (MspMote.java:229) - 12: # Watchdog[EXECUTION]: illegal write to WDTCTL (0) from $103ca - reset!!!!
Watchdog: illegal write to WDTCTL (0) from $103ca - reset!!!!
Stack Trace: number of calls: 11 PC: $103ca
  watchdog_reboot (packetbuf.c) called from PC: $24c30 (elapsed: 5)
  restart_time_synchronisation (packetbuf.c) called from PC: $14eee (elapsed: 31370)
  foure_timesynch_parent_switch_callback (packetbuf.c) called from PC: $1e95c (elapsed: 69446)
  rpl_set_preferred_parent (local in rpl-dag.c) called from PC: $1ef8c (elapsed: 164473)
  rpl_nullify_parent (packetbuf.c) called from PC: $1fc26 (elapsed: 386768)
  rpl_process_parent_event (packetbuf.c) called from PC: $1fcbe (elapsed: 488708)
  rpl_recalculate_ranks (packetbuf.c) called from PC: $23726 (elapsed: 491619)
  handle_periodic_timer (local in rpl-timers.c) called from PC: $1219c (elapsed: 492396)
  process_thread_ctimer_process (local in ctimer.c) called from PC: $12738 (elapsed: 492621)
  call_process (local in process.c) called from PC: $1291c (elapsed: 492658)
  process_run (packetbuf.c) called from PC: $05edc (elapsed: 495580)
 WARN [Thread-2] (MspMote.java:229) - 14: # Watchdog[EXECUTION]: illegal write to WDTCTL (0) from $103ca - reset!!!!
Watchdog: illegal write to WDTCTL (0) from $103ca - reset!!!!
Stack Trace: number of calls: 5 PC: $103ca
  watchdog_reboot (packetbuf.c) called from PC: $24c30 (elapsed: 5)
  restart_time_synchronisation (packetbuf.c) called from PC: $159f2 (elapsed: 30452)
  process_thread_foure_timesynch_process (local in 4emac-timesynch.c) called from PC: $12738 (elapsed: 1241646)
  call_process (local in process.c) called from PC: $1291c (elapsed: 1241683)
  process_run (packetbuf.c) called from PC: $05edc (elapsed: 1245112)
 WARN [Thread-2] (MspMote.java:229) - 40: # Watchdog[EXECUTION]: illegal write to WDTCTL (0) from $103ca - reset!!!!
 INFO [Thread-2] (LogScriptEngine.java:389) - Test script at 55.00%, done in 5400.5 sec
Watchdog: illegal write to WDTCTL (0) from $103ca - reset!!!!
Stack Trace: number of calls: 5 PC: $103ca
  watchdog_reboot (packetbuf.c) called from PC: $24c30 (elapsed: 5)
  restart_time_synchronisation (packetbuf.c) called from PC: $159f2 (elapsed: 30452)
  process_thread_foure_timesynch_process (local in 4emac-timesynch.c) called from PC: $12738 (elapsed: 840042)
  call_process (local in process.c) called from PC: $1291c (elapsed: 840079)
  process_run (packetbuf.c) called from PC: $05edc (elapsed: 843181)
 WARN [Thread-2] (MspMote.java:229) - 43: # Watchdog[EXECUTION]: illegal write to WDTCTL (0) from $103ca - reset!!!!
Watchdog: illegal write to WDTCTL (0) from $103ca - reset!!!!
Stack Trace: number of calls: 5 PC: $103ca
  watchdog_reboot (packetbuf.c) called from PC: $24c30 (elapsed: 5)
  restart_time_synchronisation (packetbuf.c) called from PC: $159f2 (elapsed: 30452)
  process_thread_foure_timesynch_process (local in 4emac-timesynch.c) called from PC: $12738 (elapsed: 1242882)
  call_process (local in process.c) called from PC: $1291c (elapsed: 1242919)
  process_run (packetbuf.c) called from PC: $05edc (elapsed: 1246152)
 WARN [Thread-2] (MspMote.java:229) - 3: # Watchdog[EXECUTION]: illegal write to WDTCTL (0) from $103ca - reset!!!!
Watchdog: illegal write to WDTCTL (0) from $103ca - reset!!!!
Stack Trace: number of calls: 5 PC: $103ca
  watchdog_reboot (packetbuf.c) called from PC: $24c30 (elapsed: 5)
  restart_time_synchronisation (packetbuf.c) called from PC: $159f2 (elapsed: 30452)
  process_thread_foure_timesynch_process (local in 4emac-timesynch.c) called from PC: $12738 (elapsed: 1235416)
  call_process (local in process.c) called from PC: $1291c (elapsed: 1235453)
  process_run (packetbuf.c) called from PC: $05edc (elapsed: 1238555)
 WARN [Thread-2] (MspMote.java:229) - 23: # Watchdog[EXECUTION]: illegal write to WDTCTL (0) from $103ca - reset!!!!
Watchdog: illegal write to WDTCTL (0) from $103ca - reset!!!!
Stack Trace: number of calls: 5 PC: $103ca
  watchdog_reboot (packetbuf.c) called from PC: $24c30 (elapsed: 5)
  restart_time_synchronisation (packetbuf.c) called from PC: $159f2 (elapsed: 30452)
  process_thread_foure_timesynch_process (local in 4emac-timesynch.c) called from PC: $12738 (elapsed: 1353735)
  call_process (local in process.c) called from PC: $1291c (elapsed: 1353772)
  process_run (packetbuf.c) called from PC: $05edc (elapsed: 1356793)
 WARN [Thread-2] (MspMote.java:229) - 36: # Watchdog[EXECUTION]: illegal write to WDTCTL (0) from $103ca - reset!!!!
Watchdog: illegal write to WDTCTL (0) from $103ca - reset!!!!
Stack Trace: number of calls: 5 PC: $103ca
  watchdog_reboot (packetbuf.c) called from PC: $24c30 (elapsed: 5)
  restart_time_synchronisation (packetbuf.c) called from PC: $159f2 (elapsed: 30452)
  process_thread_foure_timesynch_process (local in 4emac-timesynch.c) called from PC: $12738 (elapsed: 1224056)
  call_process (local in process.c) called from PC: $1291c (elapsed: 1224093)
  process_run (packetbuf.c) called from PC: $05edc (elapsed: 1226929)
 WARN [Thread-2] (MspMote.java:229) - 18: # Watchdog[EXECUTION]: illegal write to WDTCTL (0) from $103ca - reset!!!!
Watchdog: illegal write to WDTCTL (0) from $103ca - reset!!!!
Stack Trace: number of calls: 5 PC: $103ca
  watchdog_reboot (packetbuf.c) called from PC: $24c30 (elapsed: 5)
  restart_time_synchronisation (packetbuf.c) called from PC: $159f2 (elapsed: 30453)
  process_thread_foure_timesynch_process (local in 4emac-timesynch.c) called from PC: $12738 (elapsed: 1248405)
  call_process (local in process.c) called from PC: $1291c (elapsed: 1248442)
  process_run (packetbuf.c) called from PC: $05edc (elapsed: 1251513)
 WARN [Thread-2] (MspMote.java:229) - 15: # Watchdog[EXECUTION]: illegal write to WDTCTL (0) from $103ca - reset!!!!
Watchdog: illegal write to WDTCTL (0) from $103ca - reset!!!!
Stack Trace: number of calls: 5 PC: $103ca
  watchdog_reboot (packetbuf.c) called from PC: $24c30 (elapsed: 5)
  restart_time_synchronisation (packetbuf.c) called from PC: $159f2 (elapsed: 30453)
  process_thread_foure_timesynch_process (local in 4emac-timesynch.c) called from PC: $12738 (elapsed: 837386)
  call_process (local in process.c) called from PC: $1291c (elapsed: 837423)
  process_run (packetbuf.c) called from PC: $05edc (elapsed: 840336)
 WARN [Thread-2] (MspMote.java:229) - 7: # Watchdog[EXECUTION]: illegal write to WDTCTL (0) from $103ca - reset!!!!
Watchdog: illegal write to WDTCTL (0) from $103ca - reset!!!!
Stack Trace: number of calls: 11 PC: $103ca
  watchdog_reboot (packetbuf.c) called from PC: $24c30 (elapsed: 5)
  restart_time_synchronisation (packetbuf.c) called from PC: $14eee (elapsed: 31371)
  foure_timesynch_parent_switch_callback (packetbuf.c) called from PC: $1e95c (elapsed: 99866)
  rpl_set_preferred_parent (local in rpl-dag.c) called from PC: $1ef8c (elapsed: 199433)
  rpl_nullify_parent (packetbuf.c) called from PC: $1fc26 (elapsed: 465607)
  rpl_process_parent_event (packetbuf.c) called from PC: $1fcbe (elapsed: 565714)
  rpl_recalculate_ranks (packetbuf.c) called from PC: $23726 (elapsed: 567353)
  handle_periodic_timer (local in rpl-timers.c) called from PC: $1219c (elapsed: 567620)
  process_thread_ctimer_process (local in ctimer.c) called from PC: $12738 (elapsed: 567845)
  call_process (local in process.c) called from PC: $1291c (elapsed: 567882)
  process_run (packetbuf.c) called from PC: $05edc (elapsed: 570608)
 WARN [Thread-2] (MspMote.java:229) - 9: # Watchdog[EXECUTION]: illegal write to WDTCTL (0) from $103ca - reset!!!!
Watchdog: illegal write to WDTCTL (0) from $103ca - reset!!!!
Stack Trace: number of calls: 5 PC: $103ca
  watchdog_reboot (packetbuf.c) called from PC: $24c30 (elapsed: 5)
  restart_time_synchronisation (packetbuf.c) called from PC: $159f2 (elapsed: 30453)
  process_thread_foure_timesynch_process (local in 4emac-timesynch.c) called from PC: $12738 (elapsed: 1395571)
  call_process (local in process.c) called from PC: $1291c (elapsed: 1395608)
  process_run (packetbuf.c) called from PC: $05edc (elapsed: 1399082)
 WARN [Thread-2] (MspMote.java:229) - 50: # Watchdog[EXECUTION]: illegal write to WDTCTL (0) from $103ca - reset!!!!
Watchdog: illegal write to WDTCTL (0) from $103ca - reset!!!!
Stack Trace: number of calls: 11 PC: $103ca
  watchdog_reboot (packetbuf.c) called from PC: $24c30 (elapsed: 5)
  restart_time_synchronisation (packetbuf.c) called from PC: $14eee (elapsed: 31370)
  foure_timesynch_parent_switch_callback (packetbuf.c) called from PC: $1e95c (elapsed: 69451)
  rpl_set_preferred_parent (local in rpl-dag.c) called from PC: $1ef8c (elapsed: 164319)
  rpl_nullify_parent (packetbuf.c) called from PC: $1fc26 (elapsed: 416232)
  rpl_process_parent_event (packetbuf.c) called from PC: $1fcbe (elapsed: 517678)
  rpl_recalculate_ranks (packetbuf.c) called from PC: $23726 (elapsed: 519910)
  handle_periodic_timer (local in rpl-timers.c) called from PC: $1219c (elapsed: 520262)
  process_thread_ctimer_process (local in ctimer.c) called from PC: $12738 (elapsed: 520487)
  call_process (local in process.c) called from PC: $1291c (elapsed: 520524)
  process_run (packetbuf.c) called from PC: $05edc (elapsed: 523448)
 WARN [Thread-2] (MspMote.java:229) - 24: # Watchdog[EXECUTION]: illegal write to WDTCTL (0) from $103ca - reset!!!!
Watchdog: illegal write to WDTCTL (0) from $103ca - reset!!!!
Stack Trace: number of calls: 5 PC: $103ca
  watchdog_reboot (packetbuf.c) called from PC: $24c30 (elapsed: 5)
  restart_time_synchronisation (packetbuf.c) called from PC: $159f2 (elapsed: 30452)
  process_thread_foure_timesynch_process (local in 4emac-timesynch.c) called from PC: $12738 (elapsed: 1407516)
  call_process (local in process.c) called from PC: $1291c (elapsed: 1407553)
  process_run (packetbuf.c) called from PC: $05edc (elapsed: 1410468)
 WARN [Thread-2] (MspMote.java:229) - 44: # Watchdog[EXECUTION]: illegal write to WDTCTL (0) from $103ca - reset!!!!
Watchdog: illegal write to WDTCTL (0) from $103ca - reset!!!!
Stack Trace: number of calls: 5 PC: $103ca
  watchdog_reboot (packetbuf.c) called from PC: $24c30 (elapsed: 5)
  restart_time_synchronisation (packetbuf.c) called from PC: $159f2 (elapsed: 30495)
  process_thread_foure_timesynch_process (local in 4emac-timesynch.c) called from PC: $12738 (elapsed: 1392854)
  call_process (local in process.c) called from PC: $1291c (elapsed: 1392891)
  process_run (packetbuf.c) called from PC: $05edc (elapsed: 1396376)
 WARN [Thread-2] (MspMote.java:229) - 45: # Watchdog[EXECUTION]: illegal write to WDTCTL (0) from $103ca - reset!!!!
Watchdog: illegal write to WDTCTL (0) from $103ca - reset!!!!
Stack Trace: number of calls: 5 PC: $103ca
  watchdog_reboot (packetbuf.c) called from PC: $24c30 (elapsed: 5)
  restart_time_synchronisation (packetbuf.c) called from PC: $159f2 (elapsed: 30525)
  process_thread_foure_timesynch_process (local in 4emac-timesynch.c) called from PC: $12738 (elapsed: 774148)
  call_process (local in process.c) called from PC: $1291c (elapsed: 774185)
  process_run (packetbuf.c) called from PC: $05edc (elapsed: 777340)
 WARN [Thread-2] (MspMote.java:229) - 49: # Watchdog[EXECUTION]: illegal write to WDTCTL (0) from $103ca - reset!!!!
Watchdog: illegal write to WDTCTL (0) from $103ca - reset!!!!
Stack Trace: number of calls: 5 PC: $103ca
  watchdog_reboot (packetbuf.c) called from PC: $24c30 (elapsed: 5)
  restart_time_synchronisation (packetbuf.c) called from PC: $159f2 (elapsed: 30452)
  process_thread_foure_timesynch_process (local in 4emac-timesynch.c) called from PC: $12738 (elapsed: 976569)
  call_process (local in process.c) called from PC: $1291c (elapsed: 976606)
  process_run (packetbuf.c) called from PC: $05edc (elapsed: 979638)
 WARN [Thread-2] (MspMote.java:229) - 16: # Watchdog[EXECUTION]: illegal write to WDTCTL (0) from $103ca - reset!!!!
Watchdog: illegal write to WDTCTL (0) from $103ca - reset!!!!
Stack Trace: number of calls: 5 PC: $103ca
  watchdog_reboot (packetbuf.c) called from PC: $24c30 (elapsed: 5)
  restart_time_synchronisation (packetbuf.c) called from PC: $159f2 (elapsed: 30447)
  process_thread_foure_timesynch_process (local in 4emac-timesynch.c) called from PC: $12738 (elapsed: 1086177)
  call_process (local in process.c) called from PC: $1291c (elapsed: 1086214)
  process_run (packetbuf.c) called from PC: $05edc (elapsed: 1090487)
 WARN [Thread-2] (MspMote.java:229) - 31: # Watchdog[EXECUTION]: illegal write to WDTCTL (0) from $103ca - reset!!!!
Watchdog: illegal write to WDTCTL (0) from $103ca - reset!!!!
Stack Trace: number of calls: 5 PC: $103ca
  watchdog_reboot (packetbuf.c) called from PC: $24c30 (elapsed: 5)
  restart_time_synchronisation (packetbuf.c) called from PC: $159f2 (elapsed: 30447)
  process_thread_foure_timesynch_process (local in 4emac-timesynch.c) called from PC: $12738 (elapsed: 1263446)
  call_process (local in process.c) called from PC: $1291c (elapsed: 1263483)
  process_run (packetbuf.c) called from PC: $05edc (elapsed: 1266554)
 WARN [Thread-2] (MspMote.java:229) - 29: # Watchdog[EXECUTION]: illegal write to WDTCTL (0) from $103ca - reset!!!!
Watchdog: illegal write to WDTCTL (0) from $103ca - reset!!!!
Stack Trace: number of calls: 5 PC: $103ca
  watchdog_reboot (packetbuf.c) called from PC: $24c30 (elapsed: 5)
  restart_time_synchronisation (packetbuf.c) called from PC: $159f2 (elapsed: 35006)
  process_thread_foure_timesynch_process (local in 4emac-timesynch.c) called from PC: $12738 (elapsed: 188840)
  call_process (local in process.c) called from PC: $1291c (elapsed: 188877)
  process_run (packetbuf.c) called from PC: $05edc (elapsed: 190164)
 WARN [Thread-2] (MspMote.java:229) - 42: # Watchdog[EXECUTION]: illegal write to WDTCTL (0) from $103ca - reset!!!!
Watchdog: illegal write to WDTCTL (0) from $103ca - reset!!!!
Stack Trace: number of calls: 5 PC: $103ca
  watchdog_reboot (packetbuf.c) called from PC: $24c30 (elapsed: 5)
  restart_time_synchronisation (packetbuf.c) called from PC: $159f2 (elapsed: 87447)
  process_thread_foure_timesynch_process (local in 4emac-timesynch.c) called from PC: $12738 (elapsed: 1001617)
  call_process (local in process.c) called from PC: $1291c (elapsed: 1001654)
  process_run (packetbuf.c) called from PC: $05edc (elapsed: 1004885)
 WARN [Thread-2] (MspMote.java:229) - 4: # Watchdog[EXECUTION]: illegal write to WDTCTL (0) from $103ca - reset!!!!
Watchdog: illegal write to WDTCTL (0) from $103ca - reset!!!!
Stack Trace: number of calls: 5 PC: $103ca
  watchdog_reboot (packetbuf.c) called from PC: $24c30 (elapsed: 5)
  restart_time_synchronisation (packetbuf.c) called from PC: $159f2 (elapsed: 30452)
  process_thread_foure_timesynch_process (local in 4emac-timesynch.c) called from PC: $12738 (elapsed: 843207)
  call_process (local in process.c) called from PC: $1291c (elapsed: 843244)
  process_run (packetbuf.c) called from PC: $05edc (elapsed: 846394)
 WARN [Thread-2] (MspMote.java:229) - 27: # Watchdog[EXECUTION]: illegal write to WDTCTL (0) from $103ca - reset!!!!
Watchdog: illegal write to WDTCTL (0) from $103ca - reset!!!!
Stack Trace: number of calls: 5 PC: $103ca
  watchdog_reboot (packetbuf.c) called from PC: $24c30 (elapsed: 5)
  restart_time_synchronisation (packetbuf.c) called from PC: $159f2 (elapsed: 30579)
  process_thread_foure_timesynch_process (local in 4emac-timesynch.c) called from PC: $12738 (elapsed: 808584)
  call_process (local in process.c) called from PC: $1291c (elapsed: 808621)
  process_run (packetbuf.c) called from PC: $05edc (elapsed: 811803)
 WARN [Thread-2] (MspMote.java:229) - 34: # Watchdog[EXECUTION]: illegal write to WDTCTL (0) from $103ca - reset!!!!
Watchdog: illegal write to WDTCTL (0) from $103ca - reset!!!!
Stack Trace: number of calls: 5 PC: $103ca
  watchdog_reboot (packetbuf.c) called from PC: $24c30 (elapsed: 5)
  restart_time_synchronisation (packetbuf.c) called from PC: $159f2 (elapsed: 30452)
  process_thread_foure_timesynch_process (local in 4emac-timesynch.c) called from PC: $12738 (elapsed: 1425913)
  call_process (local in process.c) called from PC: $1291c (elapsed: 1425950)
  process_run (packetbuf.c) called from PC: $05edc (elapsed: 1429182)
 WARN [Thread-2] (MspMote.java:229) - 5: # Watchdog[EXECUTION]: illegal write to WDTCTL (0) from $103ca - reset!!!!
Watchdog: illegal write to WDTCTL (0) from $103ca - reset!!!!
Stack Trace: number of calls: 5 PC: $103ca
  watchdog_reboot (packetbuf.c) called from PC: $24c30 (elapsed: 5)
  restart_time_synchronisation (packetbuf.c) called from PC: $159f2 (elapsed: 30447)
  process_thread_foure_timesynch_process (local in 4emac-timesynch.c) called from PC: $12738 (elapsed: 829138)
  call_process (local in process.c) called from PC: $1291c (elapsed: 829175)
  process_run (packetbuf.c) called from PC: $05edc (elapsed: 832250)
 WARN [Thread-2] (MspMote.java:229) - 41: # Watchdog[EXECUTION]: illegal write to WDTCTL (0) from $103ca - reset!!!!
Watchdog: illegal write to WDTCTL (0) from $103ca - reset!!!!
Stack Trace: number of calls: 5 PC: $103ca
  watchdog_reboot (packetbuf.c) called from PC: $24c30 (elapsed: 5)
  restart_time_synchronisation (packetbuf.c) called from PC: $159f2 (elapsed: 31359)
  process_thread_foure_timesynch_process (local in 4emac-timesynch.c) called from PC: $12738 (elapsed: 185451)
  call_process (local in process.c) called from PC: $1291c (elapsed: 185488)
  process_run (packetbuf.c) called from PC: $05edc (elapsed: 187848)
 WARN [Thread-2] (MspMote.java:229) - 51: # Watchdog[EXECUTION]: illegal write to WDTCTL (0) from $103ca - reset!!!!
Watchdog: illegal write to WDTCTL (0) from $103ca - reset!!!!
Stack Trace: number of calls: 5 PC: $103ca
  watchdog_reboot (packetbuf.c) called from PC: $24c30 (elapsed: 5)
  restart_time_synchronisation (packetbuf.c) called from PC: $159f2 (elapsed: 30447)
  process_thread_foure_timesynch_process (local in 4emac-timesynch.c) called from PC: $12738 (elapsed: 1389785)
  call_process (local in process.c) called from PC: $1291c (elapsed: 1389822)
  process_run (packetbuf.c) called from PC: $05edc (elapsed: 1393055)
 WARN [Thread-2] (MspMote.java:229) - 47: # Watchdog[EXECUTION]: illegal write to WDTCTL (0) from $103ca - reset!!!!
Watchdog: illegal write to WDTCTL (0) from $103ca - reset!!!!
Stack Trace: number of calls: 5 PC: $103ca
  watchdog_reboot (packetbuf.c) called from PC: $24c30 (elapsed: 5)
  restart_time_synchronisation (packetbuf.c) called from PC: $159f2 (elapsed: 30453)
  process_thread_foure_timesynch_process (local in 4emac-timesynch.c) called from PC: $12738 (elapsed: 1262043)
  call_process (local in process.c) called from PC: $1291c (elapsed: 1262080)
  process_run (packetbuf.c) called from PC: $05edc (elapsed: 1265234)
 WARN [Thread-2] (MspMote.java:229) - 10: # Watchdog[EXECUTION]: illegal write to WDTCTL (0) from $103ca - reset!!!!
Watchdog: illegal write to WDTCTL (0) from $103ca - reset!!!!
Stack Trace: number of calls: 5 PC: $103ca
  watchdog_reboot (packetbuf.c) called from PC: $24c30 (elapsed: 5)
  restart_time_synchronisation (packetbuf.c) called from PC: $159f2 (elapsed: 30452)
  process_thread_foure_timesynch_process (local in 4emac-timesynch.c) called from PC: $12738 (elapsed: 1219899)
  call_process (local in process.c) called from PC: $1291c (elapsed: 1219936)
  process_run (packetbuf.c) called from PC: $05edc (elapsed: 1222930)
 WARN [Thread-2] (MspMote.java:229) - 22: # Watchdog[EXECUTION]: illegal write to WDTCTL (0) from $103ca - reset!!!!
Watchdog: illegal write to WDTCTL (0) from $103ca - reset!!!!
Stack Trace: number of calls: 5 PC: $103ca
  watchdog_reboot (packetbuf.c) called from PC: $24c30 (elapsed: 5)
  restart_time_synchronisation (packetbuf.c) called from PC: $159f2 (elapsed: 30452)
  process_thread_foure_timesynch_process (local in 4emac-timesynch.c) called from PC: $12738 (elapsed: 667265)
  call_process (local in process.c) called from PC: $1291c (elapsed: 667302)
  process_run (packetbuf.c) called from PC: $05edc (elapsed: 670296)
 WARN [Thread-2] (MspMote.java:229) - 48: # Watchdog[EXECUTION]: illegal write to WDTCTL (0) from $103ca - reset!!!!
Watchdog: illegal write to WDTCTL (0) from $103ca - reset!!!!
Stack Trace: number of calls: 5 PC: $103ca
  watchdog_reboot (packetbuf.c) called from PC: $24c30 (elapsed: 5)
  restart_time_synchronisation (packetbuf.c) called from PC: $159f2 (elapsed: 59431)
  process_thread_foure_timesynch_process (local in 4emac-timesynch.c) called from PC: $12738 (elapsed: 672527)
  call_process (local in process.c) called from PC: $1291c (elapsed: 672564)
  process_run (packetbuf.c) called from PC: $05edc (elapsed: 675716)
 WARN [Thread-2] (MspMote.java:229) - 13: # Watchdog[EXECUTION]: illegal write to WDTCTL (0) from $103ca - reset!!!!
Watchdog: illegal write to WDTCTL (0) from $103ca - reset!!!!
Stack Trace: number of calls: 5 PC: $103ca
  watchdog_reboot (packetbuf.c) called from PC: $24c30 (elapsed: 5)
  restart_time_synchronisation (packetbuf.c) called from PC: $159f2 (elapsed: 30452)
  process_thread_foure_timesynch_process (local in 4emac-timesynch.c) called from PC: $12738 (elapsed: 779602)
  call_process (local in process.c) called from PC: $1291c (elapsed: 779639)
  process_run (packetbuf.c) called from PC: $05edc (elapsed: 782638)
 WARN [Thread-2] (MspMote.java:229) - 17: # Watchdog[EXECUTION]: illegal write to WDTCTL (0) from $103ca - reset!!!!
Watchdog: illegal write to WDTCTL (0) from $103ca - reset!!!!
Stack Trace: number of calls: 5 PC: $103ca
  watchdog_reboot (packetbuf.c) called from PC: $24c30 (elapsed: 5)
  restart_time_synchronisation (packetbuf.c) called from PC: $159f2 (elapsed: 30452)
  process_thread_foure_timesynch_process (local in 4emac-timesynch.c) called from PC: $12738 (elapsed: 1092930)
  call_process (local in process.c) called from PC: $1291c (elapsed: 1092967)
  process_run (packetbuf.c) called from PC: $05edc (elapsed: 1096042)
 WARN [Thread-2] (MspMote.java:229) - 20: # Watchdog[EXECUTION]: illegal write to WDTCTL (0) from $103ca - reset!!!!
Watchdog: illegal write to WDTCTL (0) from $103ca - reset!!!!
Stack Trace: number of calls: 5 PC: $103ca
  watchdog_reboot (packetbuf.c) called from PC: $24c30 (elapsed: 5)
  restart_time_synchronisation (packetbuf.c) called from PC: $159f2 (elapsed: 30453)
  process_thread_foure_timesynch_process (local in 4emac-timesynch.c) called from PC: $12738 (elapsed: 1082330)
  call_process (local in process.c) called from PC: $1291c (elapsed: 1082367)
  process_run (packetbuf.c) called from PC: $05edc (elapsed: 1085708)
 WARN [Thread-2] (MspMote.java:229) - 12: # Watchdog[EXECUTION]: illegal write to WDTCTL (0) from $103ca - reset!!!!
Watchdog: illegal write to WDTCTL (0) from $103ca - reset!!!!
Stack Trace: number of calls: 5 PC: $103ca
  watchdog_reboot (packetbuf.c) called from PC: $24c30 (elapsed: 5)
  restart_time_synchronisation (packetbuf.c) called from PC: $159f2 (elapsed: 30453)
  process_thread_foure_timesynch_process (local in 4emac-timesynch.c) called from PC: $12738 (elapsed: 938840)
  call_process (local in process.c) called from PC: $1291c (elapsed: 938877)
  process_run (packetbuf.c) called from PC: $05edc (elapsed: 941793)
 WARN [Thread-2] (MspMote.java:229) - 26: # Watchdog[EXECUTION]: illegal write to WDTCTL (0) from $103ca - reset!!!!
Watchdog: illegal write to WDTCTL (0) from $103ca - reset!!!!
Stack Trace: number of calls: 5 PC: $103ca
  watchdog_reboot (packetbuf.c) called from PC: $24c30 (elapsed: 5)
  restart_time_synchronisation (packetbuf.c) called from PC: $159f2 (elapsed: 30452)
  process_thread_foure_timesynch_process (local in 4emac-timesynch.c) called from PC: $12738 (elapsed: 1219012)
  call_process (local in process.c) called from PC: $1291c (elapsed: 1219049)
  process_run (packetbuf.c) called from PC: $05edc (elapsed: 1222124)
 WARN [Thread-2] (MspMote.java:229) - 43: # Watchdog[EXECUTION]: illegal write to WDTCTL (0) from $103ca - reset!!!!
Watchdog: illegal write to WDTCTL (0) from $103ca - reset!!!!
Stack Trace: number of calls: 5 PC: $103ca
  watchdog_reboot (packetbuf.c) called from PC: $24c30 (elapsed: 5)
  restart_time_synchronisation (packetbuf.c) called from PC: $159f2 (elapsed: 30447)
  process_thread_foure_timesynch_process (local in 4emac-timesynch.c) called from PC: $12738 (elapsed: 953939)
  call_process (local in process.c) called from PC: $1291c (elapsed: 953976)
  process_run (packetbuf.c) called from PC: $05edc (elapsed: 956891)
 WARN [Thread-2] (MspMote.java:229) - 2: # Watchdog[EXECUTION]: illegal write to WDTCTL (0) from $103ca - reset!!!!
 INFO [Thread-2] (LogScriptEngine.java:389) - Test script at 60.00%, done in 4636.3 sec
Watchdog: illegal write to WDTCTL (0) from $103ca - reset!!!!
Stack Trace: number of calls: 5 PC: $103ca
  watchdog_reboot (packetbuf.c) called from PC: $24c30 (elapsed: 5)
  restart_time_synchronisation (packetbuf.c) called from PC: $159f2 (elapsed: 30452)
  process_thread_foure_timesynch_process (local in 4emac-timesynch.c) called from PC: $12738 (elapsed: 966312)
  call_process (local in process.c) called from PC: $1291c (elapsed: 966349)
  process_run (packetbuf.c) called from PC: $05edc (elapsed: 969264)
 WARN [Thread-2] (MspMote.java:229) - 9: # Watchdog[EXECUTION]: illegal write to WDTCTL (0) from $103ca - reset!!!!
Watchdog: illegal write to WDTCTL (0) from $103ca - reset!!!!
Stack Trace: number of calls: 5 PC: $103ca
  watchdog_reboot (packetbuf.c) called from PC: $24c30 (elapsed: 5)
  restart_time_synchronisation (packetbuf.c) called from PC: $159f2 (elapsed: 30452)
  process_thread_foure_timesynch_process (local in 4emac-timesynch.c) called from PC: $12738 (elapsed: 1113586)
  call_process (local in process.c) called from PC: $1291c (elapsed: 1113623)
  process_run (packetbuf.c) called from PC: $05edc (elapsed: 1116754)
 WARN [Thread-2] (MspMote.java:229) - 36: # Watchdog[EXECUTION]: illegal write to WDTCTL (0) from $103ca - reset!!!!
Watchdog: illegal write to WDTCTL (0) from $103ca - reset!!!!
Stack Trace: number of calls: 5 PC: $103ca
  watchdog_reboot (packetbuf.c) called from PC: $24c30 (elapsed: 5)
  restart_time_synchronisation (packetbuf.c) called from PC: $159f2 (elapsed: 30453)
  process_thread_foure_timesynch_process (local in 4emac-timesynch.c) called from PC: $12738 (elapsed: 940691)
  call_process (local in process.c) called from PC: $1291c (elapsed: 940728)
  process_run (packetbuf.c) called from PC: $05edc (elapsed: 943645)
 WARN [Thread-2] (MspMote.java:229) - 40: # Watchdog[EXECUTION]: illegal write to WDTCTL (0) from $103ca - reset!!!!
Watchdog: illegal write to WDTCTL (0) from $103ca - reset!!!!
Stack Trace: number of calls: 5 PC: $103ca
  watchdog_reboot (packetbuf.c) called from PC: $24c30 (elapsed: 5)
  restart_time_synchronisation (packetbuf.c) called from PC: $159f2 (elapsed: 30452)
  process_thread_foure_timesynch_process (local in 4emac-timesynch.c) called from PC: $12738 (elapsed: 807632)
  call_process (local in process.c) called from PC: $1291c (elapsed: 807669)
  process_run (packetbuf.c) called from PC: $05edc (elapsed: 810665)
 WARN [Thread-2] (MspMote.java:229) - 21: # Watchdog[EXECUTION]: illegal write to WDTCTL (0) from $103ca - reset!!!!
Watchdog: illegal write to WDTCTL (0) from $103ca - reset!!!!
Stack Trace: number of calls: 5 PC: $103ca
  watchdog_reboot (packetbuf.c) called from PC: $24c30 (elapsed: 5)
  restart_time_synchronisation (packetbuf.c) called from PC: $159f2 (elapsed: 30447)
  process_thread_foure_timesynch_process (local in 4emac-timesynch.c) called from PC: $12738 (elapsed: 1389259)
  call_process (local in process.c) called from PC: $1291c (elapsed: 1389296)
  process_run (packetbuf.c) called from PC: $05edc (elapsed: 1392484)
 WARN [Thread-2] (MspMote.java:229) - 25: # Watchdog[EXECUTION]: illegal write to WDTCTL (0) from $103ca - reset!!!!
Watchdog: illegal write to WDTCTL (0) from $103ca - reset!!!!
Stack Trace: number of calls: 5 PC: $103ca
  watchdog_reboot (packetbuf.c) called from PC: $24c30 (elapsed: 5)
  restart_time_synchronisation (packetbuf.c) called from PC: $159f2 (elapsed: 30476)
  process_thread_foure_timesynch_process (local in 4emac-timesynch.c) called from PC: $12738 (elapsed: 812174)
  call_process (local in process.c) called from PC: $1291c (elapsed: 812211)
  process_run (packetbuf.c) called from PC: $05edc (elapsed: 815203)
 WARN [Thread-2] (MspMote.java:229) - 14: # Watchdog[EXECUTION]: illegal write to WDTCTL (0) from $103ca - reset!!!!
Watchdog: illegal write to WDTCTL (0) from $103ca - reset!!!!
Stack Trace: number of calls: 5 PC: $103ca
  watchdog_reboot (packetbuf.c) called from PC: $24c30 (elapsed: 5)
  restart_time_synchronisation (packetbuf.c) called from PC: $159f2 (elapsed: 30452)
  process_thread_foure_timesynch_process (local in 4emac-timesynch.c) called from PC: $12738 (elapsed: 1218338)
  call_process (local in process.c) called from PC: $1291c (elapsed: 1218375)
  process_run (packetbuf.c) called from PC: $05edc (elapsed: 1221700)
 WARN [Thread-2] (MspMote.java:229) - 6: # Watchdog[EXECUTION]: illegal write to WDTCTL (0) from $103ca - reset!!!!
Watchdog: illegal write to WDTCTL (0) from $103ca - reset!!!!
Stack Trace: number of calls: 5 PC: $103ca
  watchdog_reboot (packetbuf.c) called from PC: $24c30 (elapsed: 5)
  restart_time_synchronisation (packetbuf.c) called from PC: $159f2 (elapsed: 30447)
  process_thread_foure_timesynch_process (local in 4emac-timesynch.c) called from PC: $12738 (elapsed: 1253574)
  call_process (local in process.c) called from PC: $1291c (elapsed: 1253611)
  process_run (packetbuf.c) called from PC: $05edc (elapsed: 1257996)
 WARN [Thread-2] (MspMote.java:229) - 43: # Watchdog[EXECUTION]: illegal write to WDTCTL (0) from $103ca - reset!!!!
Watchdog: illegal write to WDTCTL (0) from $103ca - reset!!!!
Stack Trace: number of calls: 5 PC: $103ca
  watchdog_reboot (packetbuf.c) called from PC: $24c30 (elapsed: 5)
  restart_time_synchronisation (packetbuf.c) called from PC: $159f2 (elapsed: 30452)
  process_thread_foure_timesynch_process (local in 4emac-timesynch.c) called from PC: $12738 (elapsed: 807658)
  call_process (local in process.c) called from PC: $1291c (elapsed: 807695)
  process_run (packetbuf.c) called from PC: $05edc (elapsed: 810770)
 WARN [Thread-2] (MspMote.java:229) - 22: # Watchdog[EXECUTION]: illegal write to WDTCTL (0) from $103ca - reset!!!!
Watchdog: illegal write to WDTCTL (0) from $103ca - reset!!!!
Stack Trace: number of calls: 5 PC: $103ca
  watchdog_reboot (packetbuf.c) called from PC: $24c30 (elapsed: 5)
  restart_time_synchronisation (packetbuf.c) called from PC: $159f2 (elapsed: 30452)
  process_thread_foure_timesynch_process (local in 4emac-timesynch.c) called from PC: $12738 (elapsed: 777805)
  call_process (local in process.c) called from PC: $1291c (elapsed: 777842)
  process_run (packetbuf.c) called from PC: $05edc (elapsed: 780920)
 WARN [Thread-2] (MspMote.java:229) - 1: # Watchdog[EXECUTION]: illegal write to WDTCTL (0) from $103ca - reset!!!!
Watchdog: illegal write to WDTCTL (0) from $103ca - reset!!!!
Stack Trace: number of calls: 5 PC: $103ca
  watchdog_reboot (packetbuf.c) called from PC: $24c30 (elapsed: 5)
  restart_time_synchronisation (packetbuf.c) called from PC: $159f2 (elapsed: 31359)
  process_thread_foure_timesynch_process (local in 4emac-timesynch.c) called from PC: $12738 (elapsed: 185451)
  call_process (local in process.c) called from PC: $1291c (elapsed: 185488)
  process_run (packetbuf.c) called from PC: $05edc (elapsed: 187769)
 WARN [Thread-2] (MspMote.java:229) - 26: # Watchdog[EXECUTION]: illegal write to WDTCTL (0) from $103ca - reset!!!!
Watchdog: illegal write to WDTCTL (0) from $103ca - reset!!!!
Stack Trace: number of calls: 5 PC: $103ca
  watchdog_reboot (packetbuf.c) called from PC: $24c30 (elapsed: 5)
  restart_time_synchronisation (packetbuf.c) called from PC: $159f2 (elapsed: 30452)
  process_thread_foure_timesynch_process (local in 4emac-timesynch.c) called from PC: $12738 (elapsed: 1087275)
  call_process (local in process.c) called from PC: $1291c (elapsed: 1087312)
  process_run (packetbuf.c) called from PC: $05edc (elapsed: 1090869)
 WARN [Thread-2] (MspMote.java:229) - 50: # Watchdog[EXECUTION]: illegal write to WDTCTL (0) from $103ca - reset!!!!
Watchdog: illegal write to WDTCTL (0) from $103ca - reset!!!!
Stack Trace: number of calls: 5 PC: $103ca
  watchdog_reboot (packetbuf.c) called from PC: $24c30 (elapsed: 5)
  restart_time_synchronisation (packetbuf.c) called from PC: $159f2 (elapsed: 30453)
  process_thread_foure_timesynch_process (local in 4emac-timesynch.c) called from PC: $12738 (elapsed: 563432)
  call_process (local in process.c) called from PC: $1291c (elapsed: 563469)
  process_run (packetbuf.c) called from PC: $05edc (elapsed: 566542)
 WARN [Thread-2] (MspMote.java:229) - 10: # Watchdog[EXECUTION]: illegal write to WDTCTL (0) from $103ca - reset!!!!
Watchdog: illegal write to WDTCTL (0) from $103ca - reset!!!!
Stack Trace: number of calls: 5 PC: $103ca
  watchdog_reboot (packetbuf.c) called from PC: $24c30 (elapsed: 5)
  restart_time_synchronisation (packetbuf.c) called from PC: $159f2 (elapsed: 30452)
  process_thread_foure_timesynch_process (local in 4emac-timesynch.c) called from PC: $12738 (elapsed: 539806)
  call_process (local in process.c) called from PC: $1291c (elapsed: 539843)
  process_run (packetbuf.c) called from PC: $05edc (elapsed: 542923)
 WARN [Thread-2] (MspMote.java:229) - 38: # Watchdog[EXECUTION]: illegal write to WDTCTL (0) from $103ca - reset!!!!
Watchdog: illegal write to WDTCTL (0) from $103ca - reset!!!!
Stack Trace: number of calls: 5 PC: $103ca
  watchdog_reboot (packetbuf.c) called from PC: $24c30 (elapsed: 5)
  restart_time_synchronisation (packetbuf.c) called from PC: $159f2 (elapsed: 30452)
  process_thread_foure_timesynch_process (local in 4emac-timesynch.c) called from PC: $12738 (elapsed: 781504)
  call_process (local in process.c) called from PC: $1291c (elapsed: 781541)
  process_run (packetbuf.c) called from PC: $05edc (elapsed: 784463)
 WARN [Thread-2] (MspMote.java:229) - 39: # Watchdog[EXECUTION]: illegal write to WDTCTL (0) from $103ca - reset!!!!
Watchdog: illegal write to WDTCTL (0) from $103ca - reset!!!!
Stack Trace: number of calls: 5 PC: $103ca
  watchdog_reboot (packetbuf.c) called from PC: $24c30 (elapsed: 5)
  restart_time_synchronisation (packetbuf.c) called from PC: $159f2 (elapsed: 30452)
  process_thread_foure_timesynch_process (local in 4emac-timesynch.c) called from PC: $12738 (elapsed: 1116131)
  call_process (local in process.c) called from PC: $1291c (elapsed: 1116168)
  process_run (packetbuf.c) called from PC: $05edc (elapsed: 1119320)
 WARN [Thread-2] (MspMote.java:229) - 4: # Watchdog[EXECUTION]: illegal write to WDTCTL (0) from $103ca - reset!!!!
Watchdog: illegal write to WDTCTL (0) from $103ca - reset!!!!
Stack Trace: number of calls: 5 PC: $103ca
  watchdog_reboot (packetbuf.c) called from PC: $24c30 (elapsed: 5)
  restart_time_synchronisation (packetbuf.c) called from PC: $159f2 (elapsed: 30453)
  process_thread_foure_timesynch_process (local in 4emac-timesynch.c) called from PC: $12738 (elapsed: 808422)
  call_process (local in process.c) called from PC: $1291c (elapsed: 808459)
  process_run (packetbuf.c) called from PC: $05edc (elapsed: 813137)
 WARN [Thread-2] (MspMote.java:229) - 37: # Watchdog[EXECUTION]: illegal write to WDTCTL (0) from $103ca - reset!!!!
Watchdog: illegal write to WDTCTL (0) from $103ca - reset!!!!
Stack Trace: number of calls: 5 PC: $103ca
  watchdog_reboot (packetbuf.c) called from PC: $24c30 (elapsed: 5)
  restart_time_synchronisation (packetbuf.c) called from PC: $159f2 (elapsed: 30447)
  process_thread_foure_timesynch_process (local in 4emac-timesynch.c) called from PC: $12738 (elapsed: 1074211)
  call_process (local in process.c) called from PC: $1291c (elapsed: 1074248)
  process_run (packetbuf.c) called from PC: $05edc (elapsed: 1077405)
 WARN [Thread-2] (MspMote.java:229) - 30: # Watchdog[EXECUTION]: illegal write to WDTCTL (0) from $103ca - reset!!!!
Watchdog: illegal write to WDTCTL (0) from $103ca - reset!!!!
Stack Trace: number of calls: 5 PC: $103ca
  watchdog_reboot (packetbuf.c) called from PC: $24c30 (elapsed: 5)
  restart_time_synchronisation (packetbuf.c) called from PC: $159f2 (elapsed: 30447)
  process_thread_foure_timesynch_process (local in 4emac-timesynch.c) called from PC: $12738 (elapsed: 640583)
  call_process (local in process.c) called from PC: $1291c (elapsed: 640620)
  process_run (packetbuf.c) called from PC: $05edc (elapsed: 643724)
 WARN [Thread-2] (MspMote.java:229) - 24: # Watchdog[EXECUTION]: illegal write to WDTCTL (0) from $103ca - reset!!!!
Watchdog: illegal write to WDTCTL (0) from $103ca - reset!!!!
Stack Trace: number of calls: 5 PC: $103ca
  watchdog_reboot (packetbuf.c) called from PC: $24c30 (elapsed: 5)
  restart_time_synchronisation (packetbuf.c) called from PC: $159f2 (elapsed: 30447)
  process_thread_foure_timesynch_process (local in 4emac-timesynch.c) called from PC: $12738 (elapsed: 640602)
  call_process (local in process.c) called from PC: $1291c (elapsed: 640639)
  process_run (packetbuf.c) called from PC: $05edc (elapsed: 644729)
 WARN [Thread-2] (MspMote.java:229) - 9: # Watchdog[EXECUTION]: illegal write to WDTCTL (0) from $103ca - reset!!!!
Watchdog: illegal write to WDTCTL (0) from $103ca - reset!!!!
Stack Trace: number of calls: 5 PC: $103ca
  watchdog_reboot (packetbuf.c) called from PC: $24c30 (elapsed: 5)
  restart_time_synchronisation (packetbuf.c) called from PC: $159f2 (elapsed: 30452)
  process_thread_foure_timesynch_process (local in 4emac-timesynch.c) called from PC: $12738 (elapsed: 670330)
  call_process (local in process.c) called from PC: $1291c (elapsed: 670367)
  process_run (packetbuf.c) called from PC: $05edc (elapsed: 673471)
 WARN [Thread-2] (MspMote.java:229) - 14: # Watchdog[EXECUTION]: illegal write to WDTCTL (0) from $103ca - reset!!!!
Watchdog: illegal write to WDTCTL (0) from $103ca - reset!!!!
Stack Trace: number of calls: 5 PC: $103ca
  watchdog_reboot (packetbuf.c) called from PC: $24c30 (elapsed: 5)
  restart_time_synchronisation (packetbuf.c) called from PC: $159f2 (elapsed: 56710)
  process_thread_foure_timesynch_process (local in 4emac-timesynch.c) called from PC: $12738 (elapsed: 215179)
  call_process (local in process.c) called from PC: $1291c (elapsed: 215216)
  process_run (packetbuf.c) called from PC: $05edc (elapsed: 218306)
 WARN [Thread-2] (MspMote.java:229) - 23: # Watchdog[EXECUTION]: illegal write to WDTCTL (0) from $103ca - reset!!!!
Watchdog: illegal write to WDTCTL (0) from $103ca - reset!!!!
Stack Trace: number of calls: 5 PC: $103ca
  watchdog_reboot (packetbuf.c) called from PC: $24c30 (elapsed: 5)
  restart_time_synchronisation (packetbuf.c) called from PC: $159f2 (elapsed: 55770)
  process_thread_foure_timesynch_process (local in 4emac-timesynch.c) called from PC: $12738 (elapsed: 800361)
  call_process (local in process.c) called from PC: $1291c (elapsed: 800398)
  process_run (packetbuf.c) called from PC: $05edc (elapsed: 803471)
 WARN [Thread-2] (MspMote.java:229) - 20: # Watchdog[EXECUTION]: illegal write to WDTCTL (0) from $103ca - reset!!!!
Watchdog: illegal write to WDTCTL (0) from $103ca - reset!!!!
Stack Trace: number of calls: 5 PC: $103ca
  watchdog_reboot (packetbuf.c) called from PC: $24c30 (elapsed: 5)
  restart_time_synchronisation (packetbuf.c) called from PC: $159f2 (elapsed: 30452)
  process_thread_foure_timesynch_process (local in 4emac-timesynch.c) called from PC: $12738 (elapsed: 675881)
  call_process (local in process.c) called from PC: $1291c (elapsed: 675918)
  process_run (packetbuf.c) called from PC: $05edc (elapsed: 679072)
 WARN [Thread-2] (MspMote.java:229) - 41: # Watchdog[EXECUTION]: illegal write to WDTCTL (0) from $103ca - reset!!!!
Watchdog: illegal write to WDTCTL (0) from $103ca - reset!!!!
Stack Trace: number of calls: 5 PC: $103ca
  watchdog_reboot (packetbuf.c) called from PC: $24c30 (elapsed: 5)
  restart_time_synchronisation (packetbuf.c) called from PC: $159f2 (elapsed: 30567)
  process_thread_foure_timesynch_process (local in 4emac-timesynch.c) called from PC: $12738 (elapsed: 1129878)
  call_process (local in process.c) called from PC: $1291c (elapsed: 1129915)
  process_run (packetbuf.c) called from PC: $05edc (elapsed: 1133067)
 WARN [Thread-2] (MspMote.java:229) - 18: # Watchdog[EXECUTION]: illegal write to WDTCTL (0) from $103ca - reset!!!!
 INFO [Thread-2] (LogScriptEngine.java:389) - Test script at 65.00%, done in 3903.5 sec
Watchdog: illegal write to WDTCTL (0) from $103ca - reset!!!!
Stack Trace: number of calls: 5 PC: $103ca
  watchdog_reboot (packetbuf.c) called from PC: $24c30 (elapsed: 5)
  restart_time_synchronisation (packetbuf.c) called from PC: $159f2 (elapsed: 30507)
  process_thread_foure_timesynch_process (local in 4emac-timesynch.c) called from PC: $12738 (elapsed: 1421747)
  call_process (local in process.c) called from PC: $1291c (elapsed: 1421784)
  process_run (packetbuf.c) called from PC: $05edc (elapsed: 2840016)
 WARN [Thread-2] (MspMote.java:229) - 31: # Watchdog[EXECUTION]: illegal write to WDTCTL (0) from $103ca - reset!!!!
Watchdog: illegal write to WDTCTL (0) from $103ca - reset!!!!
Stack Trace: number of calls: 5 PC: $103ca
  watchdog_reboot (packetbuf.c) called from PC: $24c30 (elapsed: 5)
  restart_time_synchronisation (packetbuf.c) called from PC: $159f2 (elapsed: 34511)
  process_thread_foure_timesynch_process (local in 4emac-timesynch.c) called from PC: $12738 (elapsed: 538413)
  call_process (local in process.c) called from PC: $1291c (elapsed: 538450)
  process_run (packetbuf.c) called from PC: $05edc (elapsed: 541365)
 WARN [Thread-2] (MspMote.java:229) - 49: # Watchdog[EXECUTION]: illegal write to WDTCTL (0) from $103ca - reset!!!!
Watchdog: illegal write to WDTCTL (0) from $103ca - reset!!!!
Stack Trace: number of calls: 5 PC: $103ca
  watchdog_reboot (packetbuf.c) called from PC: $24c30 (elapsed: 5)
  restart_time_synchronisation (packetbuf.c) called from PC: $159f2 (elapsed: 31364)
  process_thread_foure_timesynch_process (local in 4emac-timesynch.c) called from PC: $12738 (elapsed: 185460)
  call_process (local in process.c) called from PC: $1291c (elapsed: 185497)
  process_run (packetbuf.c) called from PC: $05edc (elapsed: 187780)
 WARN [Thread-2] (MspMote.java:229) - 2: # Watchdog[EXECUTION]: illegal write to WDTCTL (0) from $103ca - reset!!!!
Watchdog: illegal write to WDTCTL (0) from $103ca - reset!!!!
Stack Trace: number of calls: 5 PC: $103ca
  watchdog_reboot (packetbuf.c) called from PC: $24c30 (elapsed: 5)
  restart_time_synchronisation (packetbuf.c) called from PC: $159f2 (elapsed: 56334)
  process_thread_foure_timesynch_process (local in 4emac-timesynch.c) called from PC: $12738 (elapsed: 1085954)
  call_process (local in process.c) called from PC: $1291c (elapsed: 1085991)
  process_run (packetbuf.c) called from PC: $05edc (elapsed: 1088913)
 WARN [Thread-2] (MspMote.java:229) - 46: # Watchdog[EXECUTION]: illegal write to WDTCTL (0) from $103ca - reset!!!!
Watchdog: illegal write to WDTCTL (0) from $103ca - reset!!!!
Stack Trace: number of calls: 5 PC: $103ca
  watchdog_reboot (packetbuf.c) called from PC: $24c30 (elapsed: 5)
  restart_time_synchronisation (packetbuf.c) called from PC: $159f2 (elapsed: 30591)
  process_thread_foure_timesynch_process (local in 4emac-timesynch.c) called from PC: $12738 (elapsed: 951613)
  call_process (local in process.c) called from PC: $1291c (elapsed: 951650)
  process_run (packetbuf.c) called from PC: $05edc (elapsed: 954644)
 WARN [Thread-2] (MspMote.java:229) - 51: # Watchdog[EXECUTION]: illegal write to WDTCTL (0) from $103ca - reset!!!!
Watchdog: illegal write to WDTCTL (0) from $103ca - reset!!!!
Stack Trace: number of calls: 5 PC: $103ca
  watchdog_reboot (packetbuf.c) called from PC: $24c30 (elapsed: 5)
  restart_time_synchronisation (packetbuf.c) called from PC: $159f2 (elapsed: 30452)
  process_thread_foure_timesynch_process (local in 4emac-timesynch.c) called from PC: $12738 (elapsed: 540079)
  call_process (local in process.c) called from PC: $1291c (elapsed: 540116)
  process_run (packetbuf.c) called from PC: $05edc (elapsed: 543277)
 WARN [Thread-2] (MspMote.java:229) - 33: # Watchdog[EXECUTION]: illegal write to WDTCTL (0) from $103ca - reset!!!!
Watchdog: illegal write to WDTCTL (0) from $103ca - reset!!!!
Stack Trace: number of calls: 5 PC: $103ca
  watchdog_reboot (packetbuf.c) called from PC: $24c30 (elapsed: 5)
  restart_time_synchronisation (packetbuf.c) called from PC: $159f2 (elapsed: 30453)
  process_thread_foure_timesynch_process (local in 4emac-timesynch.c) called from PC: $12738 (elapsed: 1251755)
  call_process (local in process.c) called from PC: $1291c (elapsed: 1251792)
  process_run (packetbuf.c) called from PC: $05edc (elapsed: 1254863)
 WARN [Thread-2] (MspMote.java:229) - 21: # Watchdog[EXECUTION]: illegal write to WDTCTL (0) from $103ca - reset!!!!
Watchdog: illegal write to WDTCTL (0) from $103ca - reset!!!!
Stack Trace: number of calls: 5 PC: $103ca
  watchdog_reboot (packetbuf.c) called from PC: $24c30 (elapsed: 5)
  restart_time_synchronisation (packetbuf.c) called from PC: $159f2 (elapsed: 30453)
  process_thread_foure_timesynch_process (local in 4emac-timesynch.c) called from PC: $12738 (elapsed: 698920)
  call_process (local in process.c) called from PC: $1291c (elapsed: 698957)
  process_run (packetbuf.c) called from PC: $05edc (elapsed: 701949)
 WARN [Thread-2] (MspMote.java:229) - 42: # Watchdog[EXECUTION]: illegal write to WDTCTL (0) from $103ca - reset!!!!
Watchdog: illegal write to WDTCTL (0) from $103ca - reset!!!!
Stack Trace: number of calls: 5 PC: $103ca
  watchdog_reboot (packetbuf.c) called from PC: $24c30 (elapsed: 5)
  restart_time_synchronisation (packetbuf.c) called from PC: $159f2 (elapsed: 30549)
  process_thread_foure_timesynch_process (local in 4emac-timesynch.c) called from PC: $12738 (elapsed: 685923)
  call_process (local in process.c) called from PC: $1291c (elapsed: 685960)
  process_run (packetbuf.c) called from PC: $05edc (elapsed: 689115)
 WARN [Thread-2] (MspMote.java:229) - 32: # Watchdog[EXECUTION]: illegal write to WDTCTL (0) from $103ca - reset!!!!
Watchdog: illegal write to WDTCTL (0) from $103ca - reset!!!!
Stack Trace: number of calls: 5 PC: $103ca
  watchdog_reboot (packetbuf.c) called from PC: $24c30 (elapsed: 5)
  restart_time_synchronisation (packetbuf.c) called from PC: $159f2 (elapsed: 30452)
  process_thread_foure_timesynch_process (local in 4emac-timesynch.c) called from PC: $12738 (elapsed: 1221964)
  call_process (local in process.c) called from PC: $1291c (elapsed: 1222001)
  process_run (packetbuf.c) called from PC: $05edc (elapsed: 1226031)
 WARN [Thread-2] (MspMote.java:229) - 44: # Watchdog[EXECUTION]: illegal write to WDTCTL (0) from $103ca - reset!!!!
Watchdog: illegal write to WDTCTL (0) from $103ca - reset!!!!
Stack Trace: number of calls: 5 PC: $103ca
  watchdog_reboot (packetbuf.c) called from PC: $24c30 (elapsed: 5)
  restart_time_synchronisation (packetbuf.c) called from PC: $159f2 (elapsed: 30452)
  process_thread_foure_timesynch_process (local in 4emac-timesynch.c) called from PC: $12738 (elapsed: 1421718)
  call_process (local in process.c) called from PC: $1291c (elapsed: 1421755)
  process_run (packetbuf.c) called from PC: $05edc (elapsed: 1424751)
 WARN [Thread-2] (MspMote.java:229) - 27: # Watchdog[EXECUTION]: illegal write to WDTCTL (0) from $103ca - reset!!!!
Watchdog: illegal write to WDTCTL (0) from $103ca - reset!!!!
Stack Trace: number of calls: 5 PC: $103ca
  watchdog_reboot (packetbuf.c) called from PC: $24c30 (elapsed: 5)
  restart_time_synchronisation (packetbuf.c) called from PC: $159f2 (elapsed: 30477)
  process_thread_foure_timesynch_process (local in 4emac-timesynch.c) called from PC: $12738 (elapsed: 684966)
  call_process (local in process.c) called from PC: $1291c (elapsed: 685003)
  process_run (packetbuf.c) called from PC: $05edc (elapsed: 687999)
 WARN [Thread-2] (MspMote.java:229) - 17: # Watchdog[EXECUTION]: illegal write to WDTCTL (0) from $103ca - reset!!!!
Watchdog: illegal write to WDTCTL (0) from $103ca - reset!!!!
Stack Trace: number of calls: 5 PC: $103ca
  watchdog_reboot (packetbuf.c) called from PC: $24c30 (elapsed: 5)
  restart_time_synchronisation (packetbuf.c) called from PC: $159f2 (elapsed: 30447)
  process_thread_foure_timesynch_process (local in 4emac-timesynch.c) called from PC: $12738 (elapsed: 1273155)
  call_process (local in process.c) called from PC: $1291c (elapsed: 1273192)
  process_run (packetbuf.c) called from PC: $05edc (elapsed: 1276186)
 WARN [Thread-2] (MspMote.java:229) - 22: # Watchdog[EXECUTION]: illegal write to WDTCTL (0) from $103ca - reset!!!!
Watchdog: illegal write to WDTCTL (0) from $103ca - reset!!!!
Stack Trace: number of calls: 5 PC: $103ca
  watchdog_reboot (packetbuf.c) called from PC: $24c30 (elapsed: 5)
  restart_time_synchronisation (packetbuf.c) called from PC: $159f2 (elapsed: 30452)
  process_thread_foure_timesynch_process (local in 4emac-timesynch.c) called from PC: $12738 (elapsed: 1356329)
  call_process (local in process.c) called from PC: $1291c (elapsed: 1356366)
  process_run (packetbuf.c) called from PC: $05edc (elapsed: 1359441)
 WARN [Thread-2] (MspMote.java:229) - 45: # Watchdog[EXECUTION]: illegal write to WDTCTL (0) from $103ca - reset!!!!
Watchdog: illegal write to WDTCTL (0) from $103ca - reset!!!!
Stack Trace: number of calls: 5 PC: $103ca
  watchdog_reboot (packetbuf.c) called from PC: $24c30 (elapsed: 5)
  restart_time_synchronisation (packetbuf.c) called from PC: $159f2 (elapsed: 34852)
  process_thread_foure_timesynch_process (local in 4emac-timesynch.c) called from PC: $12738 (elapsed: 814321)
  call_process (local in process.c) called from PC: $1291c (elapsed: 814358)
  process_run (packetbuf.c) called from PC: $05edc (elapsed: 817514)
 WARN [Thread-2] (MspMote.java:229) - 13: # Watchdog[EXECUTION]: illegal write to WDTCTL (0) from $103ca - reset!!!!
Watchdog: illegal write to WDTCTL (0) from $103ca - reset!!!!
Stack Trace: number of calls: 5 PC: $103ca
  watchdog_reboot (packetbuf.c) called from PC: $24c30 (elapsed: 5)
  restart_time_synchronisation (packetbuf.c) called from PC: $159f2 (elapsed: 30447)
  process_thread_foure_timesynch_process (local in 4emac-timesynch.c) called from PC: $12738 (elapsed: 951026)
  call_process (local in process.c) called from PC: $1291c (elapsed: 951063)
  process_run (packetbuf.c) called from PC: $05edc (elapsed: 954213)
 WARN [Thread-2] (MspMote.java:229) - 29: # Watchdog[EXECUTION]: illegal write to WDTCTL (0) from $103ca - reset!!!!
Watchdog: illegal write to WDTCTL (0) from $103ca - reset!!!!
Stack Trace: number of calls: 5 PC: $103ca
  watchdog_reboot (packetbuf.c) called from PC: $24c30 (elapsed: 5)
  restart_time_synchronisation (packetbuf.c) called from PC: $159f2 (elapsed: 30579)
  process_thread_foure_timesynch_process (local in 4emac-timesynch.c) called from PC: $12738 (elapsed: 948246)
  call_process (local in process.c) called from PC: $1291c (elapsed: 948283)
  process_run (packetbuf.c) called from PC: $05edc (elapsed: 951277)
 WARN [Thread-2] (MspMote.java:229) - 36: # Watchdog[EXECUTION]: illegal write to WDTCTL (0) from $103ca - reset!!!!
Watchdog: illegal write to WDTCTL (0) from $103ca - reset!!!!
Stack Trace: number of calls: 5 PC: $103ca
  watchdog_reboot (packetbuf.c) called from PC: $24c30 (elapsed: 5)
  restart_time_synchronisation (packetbuf.c) called from PC: $159f2 (elapsed: 30452)
  process_thread_foure_timesynch_process (local in 4emac-timesynch.c) called from PC: $12738 (elapsed: 677845)
  call_process (local in process.c) called from PC: $1291c (elapsed: 677882)
  process_run (packetbuf.c) called from PC: $05edc (elapsed: 681997)
 WARN [Thread-2] (MspMote.java:229) - 43: # Watchdog[EXECUTION]: illegal write to WDTCTL (0) from $103ca - reset!!!!
Watchdog: illegal write to WDTCTL (0) from $103ca - reset!!!!
Stack Trace: number of calls: 5 PC: $103ca
  watchdog_reboot (packetbuf.c) called from PC: $24c30 (elapsed: 5)
  restart_time_synchronisation (packetbuf.c) called from PC: $159f2 (elapsed: 70732)
  process_thread_foure_timesynch_process (local in 4emac-timesynch.c) called from PC: $12738 (elapsed: 959140)
  call_process (local in process.c) called from PC: $1291c (elapsed: 959177)
  process_run (packetbuf.c) called from PC: $05edc (elapsed: 962175)
 WARN [Thread-2] (MspMote.java:229) - 4: # Watchdog[EXECUTION]: illegal write to WDTCTL (0) from $103ca - reset!!!!
Watchdog: illegal write to WDTCTL (0) from $103ca - reset!!!!
Stack Trace: number of calls: 5 PC: $103ca
  watchdog_reboot (packetbuf.c) called from PC: $24c30 (elapsed: 5)
  restart_time_synchronisation (packetbuf.c) called from PC: $159f2 (elapsed: 30452)
  process_thread_foure_timesynch_process (local in 4emac-timesynch.c) called from PC: $12738 (elapsed: 776720)
  call_process (local in process.c) called from PC: $1291c (elapsed: 776757)
  process_run (packetbuf.c) called from PC: $05edc (elapsed: 779991)
 WARN [Thread-2] (MspMote.java:229) - 7: # Watchdog[EXECUTION]: illegal write to WDTCTL (0) from $103ca - reset!!!!
Watchdog: illegal write to WDTCTL (0) from $103ca - reset!!!!
Stack Trace: number of calls: 5 PC: $103ca
  watchdog_reboot (packetbuf.c) called from PC: $24c30 (elapsed: 5)
  restart_time_synchronisation (packetbuf.c) called from PC: $159f2 (elapsed: 30452)
  process_thread_foure_timesynch_process (local in 4emac-timesynch.c) called from PC: $12738 (elapsed: 975012)
  call_process (local in process.c) called from PC: $1291c (elapsed: 975049)
  process_run (packetbuf.c) called from PC: $05edc (elapsed: 978125)
 WARN [Thread-2] (MspMote.java:229) - 16: # Watchdog[EXECUTION]: illegal write to WDTCTL (0) from $103ca - reset!!!!
Watchdog: illegal write to WDTCTL (0) from $103ca - reset!!!!
Stack Trace: number of calls: 5 PC: $103ca
  watchdog_reboot (packetbuf.c) called from PC: $24c30 (elapsed: 5)
  restart_time_synchronisation (packetbuf.c) called from PC: $159f2 (elapsed: 30452)
  process_thread_foure_timesynch_process (local in 4emac-timesynch.c) called from PC: $12738 (elapsed: 979945)
  call_process (local in process.c) called from PC: $1291c (elapsed: 979982)
  process_run (packetbuf.c) called from PC: $05edc (elapsed: 982978)
 WARN [Thread-2] (MspMote.java:229) - 47: # Watchdog[EXECUTION]: illegal write to WDTCTL (0) from $103ca - reset!!!!
Watchdog: illegal write to WDTCTL (0) from $103ca - reset!!!!
Stack Trace: number of calls: 5 PC: $103ca
  watchdog_reboot (packetbuf.c) called from PC: $24c30 (elapsed: 5)
  restart_time_synchronisation (packetbuf.c) called from PC: $159f2 (elapsed: 30573)
  process_thread_foure_timesynch_process (local in 4emac-timesynch.c) called from PC: $12738 (elapsed: 810085)
  call_process (local in process.c) called from PC: $1291c (elapsed: 810122)
  process_run (packetbuf.c) called from PC: $05edc (elapsed: 813523)
 WARN [Thread-2] (MspMote.java:229) - 12: # Watchdog[EXECUTION]: illegal write to WDTCTL (0) from $103ca - reset!!!!
Watchdog: illegal write to WDTCTL (0) from $103ca - reset!!!!
Stack Trace: number of calls: 5 PC: $103ca
  watchdog_reboot (packetbuf.c) called from PC: $24c30 (elapsed: 5)
  restart_time_synchronisation (packetbuf.c) called from PC: $159f2 (elapsed: 30452)
  process_thread_foure_timesynch_process (local in 4emac-timesynch.c) called from PC: $12738 (elapsed: 800836)
  call_process (local in process.c) called from PC: $1291c (elapsed: 800873)
  process_run (packetbuf.c) called from PC: $05edc (elapsed: 803868)
 WARN [Thread-2] (MspMote.java:229) - 34: # Watchdog[EXECUTION]: illegal write to WDTCTL (0) from $103ca - reset!!!!
Watchdog: illegal write to WDTCTL (0) from $103ca - reset!!!!
Stack Trace: number of calls: 5 PC: $103ca
  watchdog_reboot (packetbuf.c) called from PC: $24c30 (elapsed: 5)
  restart_time_synchronisation (packetbuf.c) called from PC: $159f2 (elapsed: 30452)
  process_thread_foure_timesynch_process (local in 4emac-timesynch.c) called from PC: $12738 (elapsed: 668914)
  call_process (local in process.c) called from PC: $1291c (elapsed: 668951)
  process_run (packetbuf.c) called from PC: $05edc (elapsed: 671948)
 WARN [Thread-2] (MspMote.java:229) - 5: # Watchdog[EXECUTION]: illegal write to WDTCTL (0) from $103ca - reset!!!!
Watchdog: illegal write to WDTCTL (0) from $103ca - reset!!!!
Stack Trace: number of calls: 5 PC: $103ca
  watchdog_reboot (packetbuf.c) called from PC: $24c30 (elapsed: 5)
  restart_time_synchronisation (packetbuf.c) called from PC: $159f2 (elapsed: 30447)
  process_thread_foure_timesynch_process (local in 4emac-timesynch.c) called from PC: $12738 (elapsed: 948765)
  call_process (local in process.c) called from PC: $1291c (elapsed: 948802)
  process_run (packetbuf.c) called from PC: $05edc (elapsed: 952033)
 WARN [Thread-2] (MspMote.java:229) - 22: # Watchdog[EXECUTION]: illegal write to WDTCTL (0) from $103ca - reset!!!!
Watchdog: illegal write to WDTCTL (0) from $103ca - reset!!!!
Stack Trace: number of calls: 5 PC: $103ca
  watchdog_reboot (packetbuf.c) called from PC: $24c30 (elapsed: 5)
  restart_time_synchronisation (packetbuf.c) called from PC: $159f2 (elapsed: 30453)
  process_thread_foure_timesynch_process (local in 4emac-timesynch.c) called from PC: $12738 (elapsed: 1081115)
  call_process (local in process.c) called from PC: $1291c (elapsed: 1081152)
  process_run (packetbuf.c) called from PC: $05edc (elapsed: 1084148)
 WARN [Thread-2] (MspMote.java:229) - 43: # Watchdog[EXECUTION]: illegal write to WDTCTL (0) from $103ca - reset!!!!
Watchdog: illegal write to WDTCTL (0) from $103ca - reset!!!!
Stack Trace: number of calls: 11 PC: $103ca
  watchdog_reboot (packetbuf.c) called from PC: $24c30 (elapsed: 5)
  restart_time_synchronisation (packetbuf.c) called from PC: $14eee (elapsed: 31370)
  foure_timesynch_parent_switch_callback (packetbuf.c) called from PC: $1e95c (elapsed: 69452)
  rpl_set_preferred_parent (local in rpl-dag.c) called from PC: $1ef8c (elapsed: 163821)
  rpl_nullify_parent (packetbuf.c) called from PC: $1fc26 (elapsed: 380947)
  rpl_process_parent_event (packetbuf.c) called from PC: $1fcbe (elapsed: 475270)
  rpl_recalculate_ranks (packetbuf.c) called from PC: $23726 (elapsed: 475697)
  handle_periodic_timer (local in rpl-timers.c) called from PC: $1219c (elapsed: 475964)
  process_thread_ctimer_process (local in ctimer.c) called from PC: $12738 (elapsed: 476189)
  call_process (local in process.c) called from PC: $1291c (elapsed: 476226)
  process_run (packetbuf.c) called from PC: $05edc (elapsed: 479303)
 WARN [Thread-2] (MspMote.java:229) - 51: # Watchdog[EXECUTION]: illegal write to WDTCTL (0) from $103ca - reset!!!!
Watchdog: illegal write to WDTCTL (0) from $103ca - reset!!!!
Stack Trace: number of calls: 5 PC: $103ca
  watchdog_reboot (packetbuf.c) called from PC: $24c30 (elapsed: 5)
  restart_time_synchronisation (packetbuf.c) called from PC: $159f2 (elapsed: 30452)
  process_thread_foure_timesynch_process (local in 4emac-timesynch.c) called from PC: $12738 (elapsed: 1116274)
  call_process (local in process.c) called from PC: $1291c (elapsed: 1116311)
  process_run (packetbuf.c) called from PC: $05edc (elapsed: 1119411)
 WARN [Thread-2] (MspMote.java:229) - 38: # Watchdog[EXECUTION]: illegal write to WDTCTL (0) from $103ca - reset!!!!
 INFO [Thread-2] (LogScriptEngine.java:389) - Test script at 70.00%, done in 3234.0 sec
Watchdog: illegal write to WDTCTL (0) from $103ca - reset!!!!
Stack Trace: number of calls: 5 PC: $103ca
  watchdog_reboot (packetbuf.c) called from PC: $24c30 (elapsed: 5)
  restart_time_synchronisation (packetbuf.c) called from PC: $159f2 (elapsed: 30453)
  process_thread_foure_timesynch_process (local in 4emac-timesynch.c) called from PC: $12738 (elapsed: 1256370)
  call_process (local in process.c) called from PC: $1291c (elapsed: 1256407)
  process_run (packetbuf.c) called from PC: $05edc (elapsed: 1259320)
 WARN [Thread-2] (MspMote.java:229) - 4: # Watchdog[EXECUTION]: illegal write to WDTCTL (0) from $103ca - reset!!!!
Watchdog: illegal write to WDTCTL (0) from $103ca - reset!!!!
Stack Trace: number of calls: 5 PC: $103ca
  watchdog_reboot (packetbuf.c) called from PC: $24c30 (elapsed: 5)
  restart_time_synchronisation (packetbuf.c) called from PC: $159f2 (elapsed: 61397)
  process_thread_foure_timesynch_process (local in 4emac-timesynch.c) called from PC: $12738 (elapsed: 1264008)
  call_process (local in process.c) called from PC: $1291c (elapsed: 1264045)
  process_run (packetbuf.c) called from PC: $05edc (elapsed: 1266960)
 WARN [Thread-2] (MspMote.java:229) - 18: # Watchdog[EXECUTION]: illegal write to WDTCTL (0) from $103ca - reset!!!!
Watchdog: illegal write to WDTCTL (0) from $103ca - reset!!!!
Stack Trace: number of calls: 5 PC: $103ca
  watchdog_reboot (packetbuf.c) called from PC: $24c30 (elapsed: 5)
  restart_time_synchronisation (packetbuf.c) called from PC: $159f2 (elapsed: 30573)
  process_thread_foure_timesynch_process (local in 4emac-timesynch.c) called from PC: $12738 (elapsed: 1397719)
  call_process (local in process.c) called from PC: $1291c (elapsed: 1397756)
  process_run (packetbuf.c) called from PC: $05edc (elapsed: 1400858)
 WARN [Thread-2] (MspMote.java:229) - 44: # Watchdog[EXECUTION]: illegal write to WDTCTL (0) from $103ca - reset!!!!
Watchdog: illegal write to WDTCTL (0) from $103ca - reset!!!!
Stack Trace: number of calls: 5 PC: $103ca
  watchdog_reboot (packetbuf.c) called from PC: $24c30 (elapsed: 5)
  restart_time_synchronisation (packetbuf.c) called from PC: $159f2 (elapsed: 55893)
  process_thread_foure_timesynch_process (local in 4emac-timesynch.c) called from PC: $12738 (elapsed: 807256)
  call_process (local in process.c) called from PC: $1291c (elapsed: 807293)
  process_run (packetbuf.c) called from PC: $05edc (elapsed: 810206)
 WARN [Thread-2] (MspMote.java:229) - 46: # Watchdog[EXECUTION]: illegal write to WDTCTL (0) from $103ca - reset!!!!
Watchdog: illegal write to WDTCTL (0) from $103ca - reset!!!!
Stack Trace: number of calls: 5 PC: $103ca
  watchdog_reboot (packetbuf.c) called from PC: $24c30 (elapsed: 5)
  restart_time_synchronisation (packetbuf.c) called from PC: $159f2 (elapsed: 30452)
  process_thread_foure_timesynch_process (local in 4emac-timesynch.c) called from PC: $12738 (elapsed: 779956)
  call_process (local in process.c) called from PC: $1291c (elapsed: 779993)
  process_run (packetbuf.c) called from PC: $05edc (elapsed: 782906)
 WARN [Thread-2] (MspMote.java:229) - 41: # Watchdog[EXECUTION]: illegal write to WDTCTL (0) from $103ca - reset!!!!
Watchdog: illegal write to WDTCTL (0) from $103ca - reset!!!!
Stack Trace: number of calls: 5 PC: $103ca
  watchdog_reboot (packetbuf.c) called from PC: $24c30 (elapsed: 5)
  restart_time_synchronisation (packetbuf.c) called from PC: $159f2 (elapsed: 30452)
  process_thread_foure_timesynch_process (local in 4emac-timesynch.c) called from PC: $12738 (elapsed: 1092985)
  call_process (local in process.c) called from PC: $1291c (elapsed: 1093022)
  process_run (packetbuf.c) called from PC: $05edc (elapsed: 1096097)
 WARN [Thread-2] (MspMote.java:229) - 49: # Watchdog[EXECUTION]: illegal write to WDTCTL (0) from $103ca - reset!!!!
Watchdog: illegal write to WDTCTL (0) from $103ca - reset!!!!
Stack Trace: number of calls: 5 PC: $103ca
  watchdog_reboot (packetbuf.c) called from PC: $24c30 (elapsed: 5)
  restart_time_synchronisation (packetbuf.c) called from PC: $159f2 (elapsed: 30452)
  process_thread_foure_timesynch_process (local in 4emac-timesynch.c) called from PC: $12738 (elapsed: 788153)
  call_process (local in process.c) called from PC: $1291c (elapsed: 788190)
  process_run (packetbuf.c) called from PC: $05edc (elapsed: 792222)
 WARN [Thread-2] (MspMote.java:229) - 9: # Watchdog[EXECUTION]: illegal write to WDTCTL (0) from $103ca - reset!!!!
Watchdog: illegal write to WDTCTL (0) from $103ca - reset!!!!
Stack Trace: number of calls: 5 PC: $103ca
  watchdog_reboot (packetbuf.c) called from PC: $24c30 (elapsed: 5)
  restart_time_synchronisation (packetbuf.c) called from PC: $159f2 (elapsed: 30453)
  process_thread_foure_timesynch_process (local in 4emac-timesynch.c) called from PC: $12738 (elapsed: 955929)
  call_process (local in process.c) called from PC: $1291c (elapsed: 955966)
  process_run (packetbuf.c) called from PC: $05edc (elapsed: 959255)
 WARN [Thread-2] (MspMote.java:229) - 31: # Watchdog[EXECUTION]: illegal write to WDTCTL (0) from $103ca - reset!!!!
Watchdog: illegal write to WDTCTL (0) from $103ca - reset!!!!
Stack Trace: number of calls: 5 PC: $103ca
  watchdog_reboot (packetbuf.c) called from PC: $24c30 (elapsed: 5)
  restart_time_synchronisation (packetbuf.c) called from PC: $159f2 (elapsed: 30447)
  process_thread_foure_timesynch_process (local in 4emac-timesynch.c) called from PC: $12738 (elapsed: 1141595)
  call_process (local in process.c) called from PC: $1291c (elapsed: 1141632)
  process_run (packetbuf.c) called from PC: $05edc (elapsed: 1144628)
 WARN [Thread-2] (MspMote.java:229) - 50: # Watchdog[EXECUTION]: illegal write to WDTCTL (0) from $103ca - reset!!!!
Watchdog: illegal write to WDTCTL (0) from $103ca - reset!!!!
Stack Trace: number of calls: 5 PC: $103ca
  watchdog_reboot (packetbuf.c) called from PC: $24c30 (elapsed: 5)
  restart_time_synchronisation (packetbuf.c) called from PC: $159f2 (elapsed: 30452)
  process_thread_foure_timesynch_process (local in 4emac-timesynch.c) called from PC: $12738 (elapsed: 1119087)
  call_process (local in process.c) called from PC: $1291c (elapsed: 1119124)
  process_run (packetbuf.c) called from PC: $05edc (elapsed: 1122276)
 WARN [Thread-2] (MspMote.java:229) - 51: # Watchdog[EXECUTION]: illegal write to WDTCTL (0) from $103ca - reset!!!!
Watchdog: illegal write to WDTCTL (0) from $103ca - reset!!!!
Stack Trace: number of calls: 5 PC: $103ca
  watchdog_reboot (packetbuf.c) called from PC: $24c30 (elapsed: 5)
  restart_time_synchronisation (packetbuf.c) called from PC: $159f2 (elapsed: 30447)
  process_thread_foure_timesynch_process (local in 4emac-timesynch.c) called from PC: $12738 (elapsed: 1077405)
  call_process (local in process.c) called from PC: $1291c (elapsed: 1077442)
  process_run (packetbuf.c) called from PC: $05edc (elapsed: 1080440)
 WARN [Thread-2] (MspMote.java:229) - 30: # Watchdog[EXECUTION]: illegal write to WDTCTL (0) from $103ca - reset!!!!
Watchdog: illegal write to WDTCTL (0) from $103ca - reset!!!!
Stack Trace: number of calls: 5 PC: $103ca
  watchdog_reboot (packetbuf.c) called from PC: $24c30 (elapsed: 5)
  restart_time_synchronisation (packetbuf.c) called from PC: $159f2 (elapsed: 30452)
  process_thread_foure_timesynch_process (local in 4emac-timesynch.c) called from PC: $12738 (elapsed: 531125)
  call_process (local in process.c) called from PC: $1291c (elapsed: 531162)
  process_run (packetbuf.c) called from PC: $05edc (elapsed: 534154)
 WARN [Thread-2] (MspMote.java:229) - 42: # Watchdog[EXECUTION]: illegal write to WDTCTL (0) from $103ca - reset!!!!
Watchdog: illegal write to WDTCTL (0) from $103ca - reset!!!!
Stack Trace: number of calls: 5 PC: $103ca
  watchdog_reboot (packetbuf.c) called from PC: $24c30 (elapsed: 5)
  restart_time_synchronisation (packetbuf.c) called from PC: $159f2 (elapsed: 30452)
  process_thread_foure_timesynch_process (local in 4emac-timesynch.c) called from PC: $12738 (elapsed: 1219240)
  call_process (local in process.c) called from PC: $1291c (elapsed: 1219277)
  process_run (packetbuf.c) called from PC: $05edc (elapsed: 1222429)
 WARN [Thread-2] (MspMote.java:229) - 43: # Watchdog[EXECUTION]: illegal write to WDTCTL (0) from $103ca - reset!!!!
Watchdog: illegal write to WDTCTL (0) from $103ca - reset!!!!
Stack Trace: number of calls: 5 PC: $103ca
  watchdog_reboot (packetbuf.c) called from PC: $24c30 (elapsed: 5)
  restart_time_synchronisation (packetbuf.c) called from PC: $159f2 (elapsed: 30452)
  process_thread_foure_timesynch_process (local in 4emac-timesynch.c) called from PC: $12738 (elapsed: 913018)
  call_process (local in process.c) called from PC: $1291c (elapsed: 913055)
  process_run (packetbuf.c) called from PC: $05edc (elapsed: 915977)
 WARN [Thread-2] (MspMote.java:229) - 15: # Watchdog[EXECUTION]: illegal write to WDTCTL (0) from $103ca - reset!!!!
Watchdog: illegal write to WDTCTL (0) from $103ca - reset!!!!
Stack Trace: number of calls: 5 PC: $103ca
  watchdog_reboot (packetbuf.c) called from PC: $24c30 (elapsed: 5)
  restart_time_synchronisation (packetbuf.c) called from PC: $159f2 (elapsed: 30452)
  process_thread_foure_timesynch_process (local in 4emac-timesynch.c) called from PC: $12738 (elapsed: 537611)
  call_process (local in process.c) called from PC: $1291c (elapsed: 537648)
  process_run (packetbuf.c) called from PC: $05edc (elapsed: 540645)
 WARN [Thread-2] (MspMote.java:229) - 26: # Watchdog[EXECUTION]: illegal write to WDTCTL (0) from $103ca - reset!!!!
Watchdog: illegal write to WDTCTL (0) from $103ca - reset!!!!
Stack Trace: number of calls: 5 PC: $103ca
  watchdog_reboot (packetbuf.c) called from PC: $24c30 (elapsed: 5)
  restart_time_synchronisation (packetbuf.c) called from PC: $159f2 (elapsed: 30452)
  process_thread_foure_timesynch_process (local in 4emac-timesynch.c) called from PC: $12738 (elapsed: 1161228)
  call_process (local in process.c) called from PC: $1291c (elapsed: 1161265)
  process_run (packetbuf.c) called from PC: $05edc (elapsed: 1164502)
 WARN [Thread-2] (MspMote.java:229) - 23: # Watchdog[EXECUTION]: illegal write to WDTCTL (0) from $103ca - reset!!!!
Watchdog: illegal write to WDTCTL (0) from $103ca - reset!!!!
Stack Trace: number of calls: 5 PC: $103ca
  watchdog_reboot (packetbuf.c) called from PC: $24c30 (elapsed: 5)
  restart_time_synchronisation (packetbuf.c) called from PC: $159f2 (elapsed: 30453)
  process_thread_foure_timesynch_process (local in 4emac-timesynch.c) called from PC: $12738 (elapsed: 945396)
  call_process (local in process.c) called from PC: $1291c (elapsed: 945433)
  process_run (packetbuf.c) called from PC: $05edc (elapsed: 948616)
 WARN [Thread-2] (MspMote.java:229) - 21: # Watchdog[EXECUTION]: illegal write to WDTCTL (0) from $103ca - reset!!!!
Watchdog: illegal write to WDTCTL (0) from $103ca - reset!!!!
Stack Trace: number of calls: 5 PC: $103ca
  watchdog_reboot (packetbuf.c) called from PC: $24c30 (elapsed: 5)
  restart_time_synchronisation (packetbuf.c) called from PC: $159f2 (elapsed: 30452)
  process_thread_foure_timesynch_process (local in 4emac-timesynch.c) called from PC: $12738 (elapsed: 1224002)
  call_process (local in process.c) called from PC: $1291c (elapsed: 1224039)
  process_run (packetbuf.c) called from PC: $05edc (elapsed: 1227168)
 WARN [Thread-2] (MspMote.java:229) - 36: # Watchdog[EXECUTION]: illegal write to WDTCTL (0) from $103ca - reset!!!!
Watchdog: illegal write to WDTCTL (0) from $103ca - reset!!!!
Stack Trace: number of calls: 5 PC: $103ca
  watchdog_reboot (packetbuf.c) called from PC: $24c30 (elapsed: 5)
  restart_time_synchronisation (packetbuf.c) called from PC: $159f2 (elapsed: 31359)
  process_thread_foure_timesynch_process (local in 4emac-timesynch.c) called from PC: $12738 (elapsed: 185427)
  call_process (local in process.c) called from PC: $1291c (elapsed: 185464)
  process_run (packetbuf.c) called from PC: $05edc (elapsed: 187827)
 WARN [Thread-2] (MspMote.java:229) - 25: # Watchdog[EXECUTION]: illegal write to WDTCTL (0) from $103ca - reset!!!!
Watchdog: illegal write to WDTCTL (0) from $103ca - reset!!!!
Stack Trace: number of calls: 5 PC: $103ca
  watchdog_reboot (packetbuf.c) called from PC: $24c30 (elapsed: 5)
  restart_time_synchronisation (packetbuf.c) called from PC: $159f2 (elapsed: 30447)
  process_thread_foure_timesynch_process (local in 4emac-timesynch.c) called from PC: $12738 (elapsed: 1112694)
  call_process (local in process.c) called from PC: $1291c (elapsed: 1112731)
  process_run (packetbuf.c) called from PC: $05edc (elapsed: 1119592)
 WARN [Thread-2] (MspMote.java:229) - 44: # Watchdog[EXECUTION]: illegal write to WDTCTL (0) from $103ca - reset!!!!
Watchdog: illegal write to WDTCTL (0) from $103ca - reset!!!!
Stack Trace: number of calls: 5 PC: $103ca
  watchdog_reboot (packetbuf.c) called from PC: $24c30 (elapsed: 5)
  restart_time_synchronisation (packetbuf.c) called from PC: $159f2 (elapsed: 63287)
  process_thread_foure_timesynch_process (local in 4emac-timesynch.c) called from PC: $12738 (elapsed: 1141488)
  call_process (local in process.c) called from PC: $1291c (elapsed: 1141525)
  process_run (packetbuf.c) called from PC: $05edc (elapsed: 1144598)
 WARN [Thread-2] (MspMote.java:229) - 27: # Watchdog[EXECUTION]: illegal write to WDTCTL (0) from $103ca - reset!!!!
Watchdog: illegal write to WDTCTL (0) from $103ca - reset!!!!
Stack Trace: number of calls: 5 PC: $103ca
  watchdog_reboot (packetbuf.c) called from PC: $24c30 (elapsed: 5)
  restart_time_synchronisation (packetbuf.c) called from PC: $159f2 (elapsed: 34845)
  process_thread_foure_timesynch_process (local in 4emac-timesynch.c) called from PC: $12738 (elapsed: 948182)
  call_process (local in process.c) called from PC: $1291c (elapsed: 948219)
  process_run (packetbuf.c) called from PC: $05edc (elapsed: 951292)
 WARN [Thread-2] (MspMote.java:229) - 45: # Watchdog[EXECUTION]: illegal write to WDTCTL (0) from $103ca - reset!!!!
Watchdog: illegal write to WDTCTL (0) from $103ca - reset!!!!
Stack Trace: number of calls: 5 PC: $103ca
  watchdog_reboot (packetbuf.c) called from PC: $24c30 (elapsed: 5)
  restart_time_synchronisation (packetbuf.c) called from PC: $159f2 (elapsed: 30651)
  process_thread_foure_timesynch_process (local in 4emac-timesynch.c) called from PC: $12738 (elapsed: 704049)
  call_process (local in process.c) called from PC: $1291c (elapsed: 704086)
  process_run (packetbuf.c) called from PC: $05edc (elapsed: 707028)
 WARN [Thread-2] (MspMote.java:229) - 4: # Watchdog[EXECUTION]: illegal write to WDTCTL (0) from $103ca - reset!!!!
Watchdog: illegal write to WDTCTL (0) from $103ca - reset!!!!
Stack Trace: number of calls: 5 PC: $103ca
  watchdog_reboot (packetbuf.c) called from PC: $24c30 (elapsed: 5)
  restart_time_synchronisation (packetbuf.c) called from PC: $159f2 (elapsed: 30452)
  process_thread_foure_timesynch_process (local in 4emac-timesynch.c) called from PC: $12738 (elapsed: 976052)
  call_process (local in process.c) called from PC: $1291c (elapsed: 976089)
  process_run (packetbuf.c) called from PC: $05edc (elapsed: 979218)
 WARN [Thread-2] (MspMote.java:229) - 18: # Watchdog[EXECUTION]: illegal write to WDTCTL (0) from $103ca - reset!!!!
Watchdog: illegal write to WDTCTL (0) from $103ca - reset!!!!
Stack Trace: number of calls: 5 PC: $103ca
  watchdog_reboot (packetbuf.c) called from PC: $24c30 (elapsed: 5)
  restart_time_synchronisation (packetbuf.c) called from PC: $159f2 (elapsed: 30452)
  process_thread_foure_timesynch_process (local in 4emac-timesynch.c) called from PC: $12738 (elapsed: 1370069)
  call_process (local in process.c) called from PC: $1291c (elapsed: 1370106)
  process_run (packetbuf.c) called from PC: $05edc (elapsed: 1373447)
 WARN [Thread-2] (MspMote.java:229) - 47: # Watchdog[EXECUTION]: illegal write to WDTCTL (0) from $103ca - reset!!!!
Watchdog: illegal write to WDTCTL (0) from $103ca - reset!!!!
Stack Trace: number of calls: 5 PC: $103ca
  watchdog_reboot (packetbuf.c) called from PC: $24c30 (elapsed: 5)
  restart_time_synchronisation (packetbuf.c) called from PC: $159f2 (elapsed: 62580)
  process_thread_foure_timesynch_process (local in 4emac-timesynch.c) called from PC: $12738 (elapsed: 811779)
  call_process (local in process.c) called from PC: $1291c (elapsed: 811816)
  process_run (packetbuf.c) called from PC: $05edc (elapsed: 814889)
 WARN [Thread-2] (MspMote.java:229) - 38: # Watchdog[EXECUTION]: illegal write to WDTCTL (0) from $103ca - reset!!!!
Watchdog: illegal write to WDTCTL (0) from $103ca - reset!!!!
Stack Trace: number of calls: 5 PC: $103ca
  watchdog_reboot (packetbuf.c) called from PC: $24c30 (elapsed: 5)
  restart_time_synchronisation (packetbuf.c) called from PC: $159f2 (elapsed: 30447)
  process_thread_foure_timesynch_process (local in 4emac-timesynch.c) called from PC: $12738 (elapsed: 836350)
  call_process (local in process.c) called from PC: $1291c (elapsed: 836387)
  process_run (packetbuf.c) called from PC: $05edc (elapsed: 839383)
 WARN [Thread-2] (MspMote.java:229) - 22: # Watchdog[EXECUTION]: illegal write to WDTCTL (0) from $103ca - reset!!!!
Watchdog: illegal write to WDTCTL (0) from $103ca - reset!!!!
Stack Trace: number of calls: 5 PC: $103ca
  watchdog_reboot (packetbuf.c) called from PC: $24c30 (elapsed: 5)
  restart_time_synchronisation (packetbuf.c) called from PC: $159f2 (elapsed: 30452)
  process_thread_foure_timesynch_process (local in 4emac-timesynch.c) called from PC: $12738 (elapsed: 1234238)
  call_process (local in process.c) called from PC: $1291c (elapsed: 1234275)
  process_run (packetbuf.c) called from PC: $05edc (elapsed: 1237346)
 WARN [Thread-2] (MspMote.java:229) - 12: # Watchdog[EXECUTION]: illegal write to WDTCTL (0) from $103ca - reset!!!!
Watchdog: illegal write to WDTCTL (0) from $103ca - reset!!!!
Stack Trace: number of calls: 5 PC: $103ca
  watchdog_reboot (packetbuf.c) called from PC: $24c30 (elapsed: 5)
  restart_time_synchronisation (packetbuf.c) called from PC: $159f2 (elapsed: 30452)
  process_thread_foure_timesynch_process (local in 4emac-timesynch.c) called from PC: $12738 (elapsed: 778292)
  call_process (local in process.c) called from PC: $1291c (elapsed: 778329)
  process_run (packetbuf.c) called from PC: $05edc (elapsed: 781407)
 WARN [Thread-2] (MspMote.java:229) - 10: # Watchdog[EXECUTION]: illegal write to WDTCTL (0) from $103ca - reset!!!!
Watchdog: illegal write to WDTCTL (0) from $103ca - reset!!!!
Stack Trace: number of calls: 5 PC: $103ca
  watchdog_reboot (packetbuf.c) called from PC: $24c30 (elapsed: 5)
  restart_time_synchronisation (packetbuf.c) called from PC: $159f2 (elapsed: 30447)
  process_thread_foure_timesynch_process (local in 4emac-timesynch.c) called from PC: $12738 (elapsed: 1142009)
  call_process (local in process.c) called from PC: $1291c (elapsed: 1142046)
  process_run (packetbuf.c) called from PC: $05edc (elapsed: 1145502)
 WARN [Thread-2] (MspMote.java:229) - 24: # Watchdog[EXECUTION]: illegal write to WDTCTL (0) from $103ca - reset!!!!
Watchdog: illegal write to WDTCTL (0) from $103ca - reset!!!!
Stack Trace: number of calls: 5 PC: $103ca
  watchdog_reboot (packetbuf.c) called from PC: $24c30 (elapsed: 5)
  restart_time_synchronisation (packetbuf.c) called from PC: $159f2 (elapsed: 30447)
  process_thread_foure_timesynch_process (local in 4emac-timesynch.c) called from PC: $12738 (elapsed: 1080425)
  call_process (local in process.c) called from PC: $1291c (elapsed: 1080462)
  process_run (packetbuf.c) called from PC: $05edc (elapsed: 1083614)
 WARN [Thread-2] (MspMote.java:229) - 46: # Watchdog[EXECUTION]: illegal write to WDTCTL (0) from $103ca - reset!!!!
Watchdog: illegal write to WDTCTL (0) from $103ca - reset!!!!
Stack Trace: number of calls: 5 PC: $103ca
  watchdog_reboot (packetbuf.c) called from PC: $24c30 (elapsed: 5)
  restart_time_synchronisation (packetbuf.c) called from PC: $159f2 (elapsed: 30452)
  process_thread_foure_timesynch_process (local in 4emac-timesynch.c) called from PC: $12738 (elapsed: 913774)
  call_process (local in process.c) called from PC: $1291c (elapsed: 913811)
  process_run (packetbuf.c) called from PC: $05edc (elapsed: 916803)
 WARN [Thread-2] (MspMote.java:229) - 33: # Watchdog[EXECUTION]: illegal write to WDTCTL (0) from $103ca - reset!!!!
Watchdog: illegal write to WDTCTL (0) from $103ca - reset!!!!
Stack Trace: number of calls: 5 PC: $103ca
  watchdog_reboot (packetbuf.c) called from PC: $24c30 (elapsed: 5)
  restart_time_synchronisation (packetbuf.c) called from PC: $159f2 (elapsed: 30452)
  process_thread_foure_timesynch_process (local in 4emac-timesynch.c) called from PC: $12738 (elapsed: 978484)
  call_process (local in process.c) called from PC: $1291c (elapsed: 978521)
  process_run (packetbuf.c) called from PC: $05edc (elapsed: 981515)
 WARN [Thread-2] (MspMote.java:229) - 13: # Watchdog[EXECUTION]: illegal write to WDTCTL (0) from $103ca - reset!!!!
Watchdog: illegal write to WDTCTL (0) from $103ca - reset!!!!
Stack Trace: number of calls: 5 PC: $103ca
  watchdog_reboot (packetbuf.c) called from PC: $24c30 (elapsed: 5)
  restart_time_synchronisation (packetbuf.c) called from PC: $159f2 (elapsed: 30452)
  process_thread_foure_timesynch_process (local in 4emac-timesynch.c) called from PC: $12738 (elapsed: 947279)
  call_process (local in process.c) called from PC: $1291c (elapsed: 947316)
  process_run (packetbuf.c) called from PC: $05edc (elapsed: 949162)
 WARN [Thread-2] (MspMote.java:229) - 32: # Watchdog[EXECUTION]: illegal write to WDTCTL (0) from $103ca - reset!!!!
Watchdog: illegal write to WDTCTL (0) from $103ca - reset!!!!
Stack Trace: number of calls: 5 PC: $103ca
  watchdog_reboot (packetbuf.c) called from PC: $24c30 (elapsed: 5)
  restart_time_synchronisation (packetbuf.c) called from PC: $159f2 (elapsed: 30453)
  process_thread_foure_timesynch_process (local in 4emac-timesynch.c) called from PC: $12738 (elapsed: 1081757)
  call_process (local in process.c) called from PC: $1291c (elapsed: 1081794)
  process_run (packetbuf.c) called from PC: $05edc (elapsed: 1084870)
 WARN [Thread-2] (MspMote.java:229) - 39: # Watchdog[EXECUTION]: illegal write to WDTCTL (0) from $103ca - reset!!!!
Watchdog: illegal write to WDTCTL (0) from $103ca - reset!!!!
Stack Trace: number of calls: 5 PC: $103ca
  watchdog_reboot (packetbuf.c) called from PC: $24c30 (elapsed: 5)
  restart_time_synchronisation (packetbuf.c) called from PC: $159f2 (elapsed: 30447)
  process_thread_foure_timesynch_process (local in 4emac-timesynch.c) called from PC: $12738 (elapsed: 949395)
  call_process (local in process.c) called from PC: $1291c (elapsed: 949432)
  process_run (packetbuf.c) called from PC: $05edc (elapsed: 952582)
 WARN [Thread-2] (MspMote.java:229) - 29: # Watchdog[EXECUTION]: illegal write to WDTCTL (0) from $103ca - reset!!!!
 INFO [Thread-2] (LogScriptEngine.java:389) - Test script at 75.00%, done in 2616.3 sec
Watchdog: illegal write to WDTCTL (0) from $103ca - reset!!!!
Stack Trace: number of calls: 5 PC: $103ca
  watchdog_reboot (packetbuf.c) called from PC: $24c30 (elapsed: 5)
  restart_time_synchronisation (packetbuf.c) called from PC: $159f2 (elapsed: 30452)
  process_thread_foure_timesynch_process (local in 4emac-timesynch.c) called from PC: $12738 (elapsed: 1364965)
  call_process (local in process.c) called from PC: $1291c (elapsed: 1365002)
  process_run (packetbuf.c) called from PC: $05edc (elapsed: 1368262)
 WARN [Thread-2] (MspMote.java:229) - 21: # Watchdog[EXECUTION]: illegal write to WDTCTL (0) from $103ca - reset!!!!
Watchdog: illegal write to WDTCTL (0) from $103ca - reset!!!!
Stack Trace: number of calls: 5 PC: $103ca
  watchdog_reboot (packetbuf.c) called from PC: $24c30 (elapsed: 5)
  restart_time_synchronisation (packetbuf.c) called from PC: $159f2 (elapsed: 31364)
  process_thread_foure_timesynch_process (local in 4emac-timesynch.c) called from PC: $12738 (elapsed: 185317)
  call_process (local in process.c) called from PC: $1291c (elapsed: 185354)
  process_run (packetbuf.c) called from PC: $05edc (elapsed: 188529)
 WARN [Thread-2] (MspMote.java:229) - 20: # Watchdog[EXECUTION]: illegal write to WDTCTL (0) from $103ca - reset!!!!
Watchdog: illegal write to WDTCTL (0) from $103ca - reset!!!!
Stack Trace: number of calls: 5 PC: $103ca
  watchdog_reboot (packetbuf.c) called from PC: $24c30 (elapsed: 5)
  restart_time_synchronisation (packetbuf.c) called from PC: $159f2 (elapsed: 30447)
  process_thread_foure_timesynch_process (local in 4emac-timesynch.c) called from PC: $12738 (elapsed: 948210)
  call_process (local in process.c) called from PC: $1291c (elapsed: 948247)
  process_run (packetbuf.c) called from PC: $05edc (elapsed: 951171)
 WARN [Thread-2] (MspMote.java:229) - 6: # Watchdog[EXECUTION]: illegal write to WDTCTL (0) from $103ca - reset!!!!
Watchdog: illegal write to WDTCTL (0) from $103ca - reset!!!!
Stack Trace: number of calls: 5 PC: $103ca
  watchdog_reboot (packetbuf.c) called from PC: $24c30 (elapsed: 5)
  restart_time_synchronisation (packetbuf.c) called from PC: $159f2 (elapsed: 30452)
  process_thread_foure_timesynch_process (local in 4emac-timesynch.c) called from PC: $12738 (elapsed: 1216798)
  call_process (local in process.c) called from PC: $1291c (elapsed: 1216835)
  process_run (packetbuf.c) called from PC: $05edc (elapsed: 1219911)
 WARN [Thread-2] (MspMote.java:229) - 37: # Watchdog[EXECUTION]: illegal write to WDTCTL (0) from $103ca - reset!!!!
Watchdog: illegal write to WDTCTL (0) from $103ca - reset!!!!
Stack Trace: number of calls: 5 PC: $103ca
  watchdog_reboot (packetbuf.c) called from PC: $24c30 (elapsed: 5)
  restart_time_synchronisation (packetbuf.c) called from PC: $159f2 (elapsed: 30633)
  process_thread_foure_timesynch_process (local in 4emac-timesynch.c) called from PC: $12738 (elapsed: 775240)
  call_process (local in process.c) called from PC: $1291c (elapsed: 775277)
  process_run (packetbuf.c) called from PC: $05edc (elapsed: 778461)
 WARN [Thread-2] (MspMote.java:229) - 2: # Watchdog[EXECUTION]: illegal write to WDTCTL (0) from $103ca - reset!!!!
Watchdog: illegal write to WDTCTL (0) from $103ca - reset!!!!
Stack Trace: number of calls: 5 PC: $103ca
  watchdog_reboot (packetbuf.c) called from PC: $24c30 (elapsed: 5)
  restart_time_synchronisation (packetbuf.c) called from PC: $159f2 (elapsed: 30453)
  process_thread_foure_timesynch_process (local in 4emac-timesynch.c) called from PC: $12738 (elapsed: 939299)
  call_process (local in process.c) called from PC: $1291c (elapsed: 939336)
  process_run (packetbuf.c) called from PC: $05edc (elapsed: 942578)
 WARN [Thread-2] (MspMote.java:229) - 48: # Watchdog[EXECUTION]: illegal write to WDTCTL (0) from $103ca - reset!!!!
Watchdog: illegal write to WDTCTL (0) from $103ca - reset!!!!
Stack Trace: number of calls: 5 PC: $103ca
  watchdog_reboot (packetbuf.c) called from PC: $24c30 (elapsed: 5)
  restart_time_synchronisation (packetbuf.c) called from PC: $159f2 (elapsed: 30452)
  process_thread_foure_timesynch_process (local in 4emac-timesynch.c) called from PC: $12738 (elapsed: 1081038)
  call_process (local in process.c) called from PC: $1291c (elapsed: 1081075)
  process_run (packetbuf.c) called from PC: $05edc (elapsed: 1084148)
 WARN [Thread-2] (MspMote.java:229) - 9: # Watchdog[EXECUTION]: illegal write to WDTCTL (0) from $103ca - reset!!!!
Watchdog: illegal write to WDTCTL (0) from $103ca - reset!!!!
Stack Trace: number of calls: 5 PC: $103ca
  watchdog_reboot (packetbuf.c) called from PC: $24c30 (elapsed: 5)
  restart_time_synchronisation (packetbuf.c) called from PC: $159f2 (elapsed: 30452)
  process_thread_foure_timesynch_process (local in 4emac-timesynch.c) called from PC: $12738 (elapsed: 967925)
  call_process (local in process.c) called from PC: $1291c (elapsed: 967962)
  process_run (packetbuf.c) called from PC: $05edc (elapsed: 971035)
 WARN [Thread-2] (MspMote.java:229) - 27: # Watchdog[EXECUTION]: illegal write to WDTCTL (0) from $103ca - reset!!!!
Watchdog: illegal write to WDTCTL (0) from $103ca - reset!!!!
Stack Trace: number of calls: 5 PC: $103ca
  watchdog_reboot (packetbuf.c) called from PC: $24c30 (elapsed: 5)
  restart_time_synchronisation (packetbuf.c) called from PC: $159f2 (elapsed: 30452)
  process_thread_foure_timesynch_process (local in 4emac-timesynch.c) called from PC: $12738 (elapsed: 1227607)
  call_process (local in process.c) called from PC: $1291c (elapsed: 1227644)
  process_run (packetbuf.c) called from PC: $05edc (elapsed: 1230642)
 WARN [Thread-2] (MspMote.java:229) - 41: # Watchdog[EXECUTION]: illegal write to WDTCTL (0) from $103ca - reset!!!!
Watchdog: illegal write to WDTCTL (0) from $103ca - reset!!!!
Stack Trace: number of calls: 5 PC: $103ca
  watchdog_reboot (packetbuf.c) called from PC: $24c30 (elapsed: 5)
  restart_time_synchronisation (packetbuf.c) called from PC: $159f2 (elapsed: 31370)
  process_thread_foure_timesynch_process (local in 4emac-timesynch.c) called from PC: $12738 (elapsed: 185444)
  call_process (local in process.c) called from PC: $1291c (elapsed: 185481)
  process_run (packetbuf.c) called from PC: $05edc (elapsed: 188654)
 WARN [Thread-2] (MspMote.java:229) - 18: # Watchdog[EXECUTION]: illegal write to WDTCTL (0) from $103ca - reset!!!!
 INFO [Thread-2] (LogScriptEngine.java:389) - Test script at 80.00%, done in 2043.1 sec
Watchdog: illegal write to WDTCTL (0) from $103ca - reset!!!!
Stack Trace: number of calls: 5 PC: $103ca
  watchdog_reboot (packetbuf.c) called from PC: $24c30 (elapsed: 5)
  restart_time_synchronisation (packetbuf.c) called from PC: $159f2 (elapsed: 33736)
  process_thread_foure_timesynch_process (local in 4emac-timesynch.c) called from PC: $12738 (elapsed: 1263686)
  call_process (local in process.c) called from PC: $1291c (elapsed: 1263723)
  process_run (packetbuf.c) called from PC: $05edc (elapsed: 1267122)
 WARN [Thread-2] (MspMote.java:229) - 49: # Watchdog[EXECUTION]: illegal write to WDTCTL (0) from $103ca - reset!!!!
Watchdog: illegal write to WDTCTL (0) from $103ca - reset!!!!
Stack Trace: number of calls: 5 PC: $103ca
  watchdog_reboot (packetbuf.c) called from PC: $24c30 (elapsed: 5)
  restart_time_synchronisation (packetbuf.c) called from PC: $159f2 (elapsed: 30452)
  process_thread_foure_timesynch_process (local in 4emac-timesynch.c) called from PC: $12738 (elapsed: 678604)
  call_process (local in process.c) called from PC: $1291c (elapsed: 678641)
  process_run (packetbuf.c) called from PC: $05edc (elapsed: 681642)
 WARN [Thread-2] (MspMote.java:229) - 1: # Watchdog[EXECUTION]: illegal write to WDTCTL (0) from $103ca - reset!!!!
Watchdog: illegal write to WDTCTL (0) from $103ca - reset!!!!
Stack Trace: number of calls: 5 PC: $103ca
  watchdog_reboot (packetbuf.c) called from PC: $24c30 (elapsed: 5)
  restart_time_synchronisation (packetbuf.c) called from PC: $159f2 (elapsed: 30452)
  process_thread_foure_timesynch_process (local in 4emac-timesynch.c) called from PC: $12738 (elapsed: 1222661)
  call_process (local in process.c) called from PC: $1291c (elapsed: 1222698)
  process_run (packetbuf.c) called from PC: $05edc (elapsed: 1225692)
 WARN [Thread-2] (MspMote.java:229) - 25: # Watchdog[EXECUTION]: illegal write to WDTCTL (0) from $103ca - reset!!!!
Watchdog: illegal write to WDTCTL (0) from $103ca - reset!!!!
Stack Trace: number of calls: 5 PC: $103ca
  watchdog_reboot (packetbuf.c) called from PC: $24c30 (elapsed: 5)
  restart_time_synchronisation (packetbuf.c) called from PC: $159f2 (elapsed: 30453)
  process_thread_foure_timesynch_process (local in 4emac-timesynch.c) called from PC: $12738 (elapsed: 1130412)
  call_process (local in process.c) called from PC: $1291c (elapsed: 1130449)
  process_run (packetbuf.c) called from PC: $05edc (elapsed: 1133441)
 WARN [Thread-2] (MspMote.java:229) - 50: # Watchdog[EXECUTION]: illegal write to WDTCTL (0) from $103ca - reset!!!!
Watchdog: illegal write to WDTCTL (0) from $103ca - reset!!!!
Stack Trace: number of calls: 5 PC: $103ca
  watchdog_reboot (packetbuf.c) called from PC: $24c30 (elapsed: 5)
  restart_time_synchronisation (packetbuf.c) called from PC: $159f2 (elapsed: 30452)
  process_thread_foure_timesynch_process (local in 4emac-timesynch.c) called from PC: $12738 (elapsed: 1298674)
  call_process (local in process.c) called from PC: $1291c (elapsed: 1298711)
  process_run (packetbuf.c) called from PC: $05edc (elapsed: 1301626)
 WARN [Thread-2] (MspMote.java:229) - 45: # Watchdog[EXECUTION]: illegal write to WDTCTL (0) from $103ca - reset!!!!
Watchdog: illegal write to WDTCTL (0) from $103ca - reset!!!!
Stack Trace: number of calls: 5 PC: $103ca
  watchdog_reboot (packetbuf.c) called from PC: $24c30 (elapsed: 5)
  restart_time_synchronisation (packetbuf.c) called from PC: $159f2 (elapsed: 30452)
  process_thread_foure_timesynch_process (local in 4emac-timesynch.c) called from PC: $12738 (elapsed: 1346315)
  call_process (local in process.c) called from PC: $1291c (elapsed: 1346352)
  process_run (packetbuf.c) called from PC: $05edc (elapsed: 1349346)
 WARN [Thread-2] (MspMote.java:229) - 42: # Watchdog[EXECUTION]: illegal write to WDTCTL (0) from $103ca - reset!!!!
Watchdog: illegal write to WDTCTL (0) from $103ca - reset!!!!
Stack Trace: number of calls: 5 PC: $103ca
  watchdog_reboot (packetbuf.c) called from PC: $24c30 (elapsed: 5)
  restart_time_synchronisation (packetbuf.c) called from PC: $159f2 (elapsed: 31365)
  process_thread_foure_timesynch_process (local in 4emac-timesynch.c) called from PC: $12738 (elapsed: 185419)
  call_process (local in process.c) called from PC: $1291c (elapsed: 185456)
  process_run (packetbuf.c) called from PC: $05edc (elapsed: 186670)
 WARN [Thread-2] (MspMote.java:229) - 16: # Watchdog[EXECUTION]: illegal write to WDTCTL (0) from $103ca - reset!!!!
Watchdog: illegal write to WDTCTL (0) from $103ca - reset!!!!
Stack Trace: number of calls: 5 PC: $103ca
  watchdog_reboot (packetbuf.c) called from PC: $24c30 (elapsed: 5)
  restart_time_synchronisation (packetbuf.c) called from PC: $159f2 (elapsed: 30453)
  process_thread_foure_timesynch_process (local in 4emac-timesynch.c) called from PC: $12738 (elapsed: 946583)
  call_process (local in process.c) called from PC: $1291c (elapsed: 946620)
  process_run (packetbuf.c) called from PC: $05edc (elapsed: 949619)
 WARN [Thread-2] (MspMote.java:229) - 5: # Watchdog[EXECUTION]: illegal write to WDTCTL (0) from $103ca - reset!!!!
Watchdog: illegal write to WDTCTL (0) from $103ca - reset!!!!
Stack Trace: number of calls: 5 PC: $103ca
  watchdog_reboot (packetbuf.c) called from PC: $24c30 (elapsed: 5)
  restart_time_synchronisation (packetbuf.c) called from PC: $159f2 (elapsed: 56625)
  process_thread_foure_timesynch_process (local in 4emac-timesynch.c) called from PC: $12738 (elapsed: 1220665)
  call_process (local in process.c) called from PC: $1291c (elapsed: 1220702)
  process_run (packetbuf.c) called from PC: $05edc (elapsed: 1223696)
 WARN [Thread-2] (MspMote.java:229) - 36: # Watchdog[EXECUTION]: illegal write to WDTCTL (0) from $103ca - reset!!!!
Watchdog: illegal write to WDTCTL (0) from $103ca - reset!!!!
Stack Trace: number of calls: 5 PC: $103ca
  watchdog_reboot (packetbuf.c) called from PC: $24c30 (elapsed: 5)
  restart_time_synchronisation (packetbuf.c) called from PC: $159f2 (elapsed: 30453)
  process_thread_foure_timesynch_process (local in 4emac-timesynch.c) called from PC: $12738 (elapsed: 1131630)
  call_process (local in process.c) called from PC: $1291c (elapsed: 1131667)
  process_run (packetbuf.c) called from PC: $05edc (elapsed: 1134977)
 WARN [Thread-2] (MspMote.java:229) - 38: # Watchdog[EXECUTION]: illegal write to WDTCTL (0) from $103ca - reset!!!!
Watchdog: illegal write to WDTCTL (0) from $103ca - reset!!!!
Stack Trace: number of calls: 5 PC: $103ca
  watchdog_reboot (packetbuf.c) called from PC: $24c30 (elapsed: 5)
  restart_time_synchronisation (packetbuf.c) called from PC: $159f2 (elapsed: 30452)
  process_thread_foure_timesynch_process (local in 4emac-timesynch.c) called from PC: $12738 (elapsed: 1361370)
  call_process (local in process.c) called from PC: $1291c (elapsed: 1361407)
  process_run (packetbuf.c) called from PC: $05edc (elapsed: 1364322)
 WARN [Thread-2] (MspMote.java:229) - 10: # Watchdog[EXECUTION]: illegal write to WDTCTL (0) from $103ca - reset!!!!
Watchdog: illegal write to WDTCTL (0) from $103ca - reset!!!!
Stack Trace: number of calls: 5 PC: $103ca
  watchdog_reboot (packetbuf.c) called from PC: $24c30 (elapsed: 5)
  restart_time_synchronisation (packetbuf.c) called from PC: $159f2 (elapsed: 30543)
  process_thread_foure_timesynch_process (local in 4emac-timesynch.c) called from PC: $12738 (elapsed: 1075434)
  call_process (local in process.c) called from PC: $1291c (elapsed: 1075471)
  process_run (packetbuf.c) called from PC: $05edc (elapsed: 1078663)
 WARN [Thread-2] (MspMote.java:229) - 40: # Watchdog[EXECUTION]: illegal write to WDTCTL (0) from $103ca - reset!!!!
Watchdog: illegal write to WDTCTL (0) from $103ca - reset!!!!
Stack Trace: number of calls: 5 PC: $103ca
  watchdog_reboot (packetbuf.c) called from PC: $24c30 (elapsed: 5)
  restart_time_synchronisation (packetbuf.c) called from PC: $159f2 (elapsed: 30447)
  process_thread_foure_timesynch_process (local in 4emac-timesynch.c) called from PC: $12738 (elapsed: 1121067)
  call_process (local in process.c) called from PC: $1291c (elapsed: 1121104)
  process_run (packetbuf.c) called from PC: $05edc (elapsed: 1124177)
 WARN [Thread-2] (MspMote.java:229) - 27: # Watchdog[EXECUTION]: illegal write to WDTCTL (0) from $103ca - reset!!!!
Watchdog: illegal write to WDTCTL (0) from $103ca - reset!!!!
Stack Trace: number of calls: 5 PC: $103ca
  watchdog_reboot (packetbuf.c) called from PC: $24c30 (elapsed: 5)
  restart_time_synchronisation (packetbuf.c) called from PC: $159f2 (elapsed: 30447)
  process_thread_foure_timesynch_process (local in 4emac-timesynch.c) called from PC: $12738 (elapsed: 1260940)
  call_process (local in process.c) called from PC: $1291c (elapsed: 1260977)
  process_run (packetbuf.c) called from PC: $05edc (elapsed: 1264050)
 WARN [Thread-2] (MspMote.java:229) - 13: # Watchdog[EXECUTION]: illegal write to WDTCTL (0) from $103ca - reset!!!!
Watchdog: illegal write to WDTCTL (0) from $103ca - reset!!!!
Stack Trace: number of calls: 5 PC: $103ca
  watchdog_reboot (packetbuf.c) called from PC: $24c30 (elapsed: 5)
  restart_time_synchronisation (packetbuf.c) called from PC: $159f2 (elapsed: 30452)
  process_thread_foure_timesynch_process (local in 4emac-timesynch.c) called from PC: $12738 (elapsed: 980404)
  call_process (local in process.c) called from PC: $1291c (elapsed: 980441)
  process_run (packetbuf.c) called from PC: $05edc (elapsed: 983514)
 WARN [Thread-2] (MspMote.java:229) - 23: # Watchdog[EXECUTION]: illegal write to WDTCTL (0) from $103ca - reset!!!!
Watchdog: illegal write to WDTCTL (0) from $103ca - reset!!!!
Stack Trace: number of calls: 5 PC: $103ca
  watchdog_reboot (packetbuf.c) called from PC: $24c30 (elapsed: 5)
  restart_time_synchronisation (packetbuf.c) called from PC: $159f2 (elapsed: 30452)
  process_thread_foure_timesynch_process (local in 4emac-timesynch.c) called from PC: $12738 (elapsed: 1223619)
  call_process (local in process.c) called from PC: $1291c (elapsed: 1223656)
  process_run (packetbuf.c) called from PC: $05edc (elapsed: 1226810)
 WARN [Thread-2] (MspMote.java:229) - 12: # Watchdog[EXECUTION]: illegal write to WDTCTL (0) from $103ca - reset!!!!
Watchdog: illegal write to WDTCTL (0) from $103ca - reset!!!!
Stack Trace: number of calls: 5 PC: $103ca
  watchdog_reboot (packetbuf.c) called from PC: $24c30 (elapsed: 5)
  restart_time_synchronisation (packetbuf.c) called from PC: $159f2 (elapsed: 30452)
  process_thread_foure_timesynch_process (local in 4emac-timesynch.c) called from PC: $12738 (elapsed: 1413690)
  call_process (local in process.c) called from PC: $1291c (elapsed: 1413727)
  process_run (packetbuf.c) called from PC: $05edc (elapsed: 1416721)
 WARN [Thread-2] (MspMote.java:229) - 51: # Watchdog[EXECUTION]: illegal write to WDTCTL (0) from $103ca - reset!!!!
Watchdog: illegal write to WDTCTL (0) from $103ca - reset!!!!
Stack Trace: number of calls: 5 PC: $103ca
  watchdog_reboot (packetbuf.c) called from PC: $24c30 (elapsed: 5)
  restart_time_synchronisation (packetbuf.c) called from PC: $159f2 (elapsed: 30453)
  process_thread_foure_timesynch_process (local in 4emac-timesynch.c) called from PC: $12738 (elapsed: 1081150)
  call_process (local in process.c) called from PC: $1291c (elapsed: 1081187)
  process_run (packetbuf.c) called from PC: $05edc (elapsed: 1084339)
 WARN [Thread-2] (MspMote.java:229) - 43: # Watchdog[EXECUTION]: illegal write to WDTCTL (0) from $103ca - reset!!!!
Watchdog: illegal write to WDTCTL (0) from $103ca - reset!!!!
Stack Trace: number of calls: 5 PC: $103ca
  watchdog_reboot (packetbuf.c) called from PC: $24c30 (elapsed: 5)
  restart_time_synchronisation (packetbuf.c) called from PC: $159f2 (elapsed: 30452)
  process_thread_foure_timesynch_process (local in 4emac-timesynch.c) called from PC: $12738 (elapsed: 1120680)
  call_process (local in process.c) called from PC: $1291c (elapsed: 1120717)
  process_run (packetbuf.c) called from PC: $05edc (elapsed: 1123630)
 WARN [Thread-2] (MspMote.java:229) - 44: # Watchdog[EXECUTION]: illegal write to WDTCTL (0) from $103ca - reset!!!!
Watchdog: illegal write to WDTCTL (0) from $103ca - reset!!!!
Stack Trace: number of calls: 5 PC: $103ca
  watchdog_reboot (packetbuf.c) called from PC: $24c30 (elapsed: 5)
  restart_time_synchronisation (packetbuf.c) called from PC: $159f2 (elapsed: 30452)
  process_thread_foure_timesynch_process (local in 4emac-timesynch.c) called from PC: $12738 (elapsed: 800181)
  call_process (local in process.c) called from PC: $1291c (elapsed: 800218)
  process_run (packetbuf.c) called from PC: $05edc (elapsed: 804264)
 WARN [Thread-2] (MspMote.java:229) - 34: # Watchdog[EXECUTION]: illegal write to WDTCTL (0) from $103ca - reset!!!!
Watchdog: illegal write to WDTCTL (0) from $103ca - reset!!!!
Stack Trace: number of calls: 5 PC: $103ca
  watchdog_reboot (packetbuf.c) called from PC: $24c30 (elapsed: 5)
  restart_time_synchronisation (packetbuf.c) called from PC: $159f2 (elapsed: 30452)
  process_thread_foure_timesynch_process (local in 4emac-timesynch.c) called from PC: $12738 (elapsed: 1356778)
  call_process (local in process.c) called from PC: $1291c (elapsed: 1356815)
  process_run (packetbuf.c) called from PC: $05edc (elapsed: 1359732)
 WARN [Thread-2] (MspMote.java:229) - 29: # Watchdog[EXECUTION]: illegal write to WDTCTL (0) from $103ca - reset!!!!
Watchdog: illegal write to WDTCTL (0) from $103ca - reset!!!!
Stack Trace: number of calls: 5 PC: $103ca
  watchdog_reboot (packetbuf.c) called from PC: $24c30 (elapsed: 5)
  restart_time_synchronisation (packetbuf.c) called from PC: $159f2 (elapsed: 30453)
  process_thread_foure_timesynch_process (local in 4emac-timesynch.c) called from PC: $12738 (elapsed: 1252048)
  call_process (local in process.c) called from PC: $1291c (elapsed: 1252085)
  process_run (packetbuf.c) called from PC: $05edc (elapsed: 1255156)
 WARN [Thread-2] (MspMote.java:229) - 22: # Watchdog[EXECUTION]: illegal write to WDTCTL (0) from $103ca - reset!!!!
Watchdog: illegal write to WDTCTL (0) from $103ca - reset!!!!
Stack Trace: number of calls: 5 PC: $103ca
  watchdog_reboot (packetbuf.c) called from PC: $24c30 (elapsed: 5)
  restart_time_synchronisation (packetbuf.c) called from PC: $159f2 (elapsed: 30452)
  process_thread_foure_timesynch_process (local in 4emac-timesynch.c) called from PC: $12738 (elapsed: 1142567)
  call_process (local in process.c) called from PC: $1291c (elapsed: 1142604)
  process_run (packetbuf.c) called from PC: $05edc (elapsed: 1927831)
 WARN [Thread-2] (MspMote.java:229) - 18: # Watchdog[EXECUTION]: illegal write to WDTCTL (0) from $103ca - reset!!!!
Watchdog: illegal write to WDTCTL (0) from $103ca - reset!!!!
Stack Trace: number of calls: 5 PC: $103ca
  watchdog_reboot (packetbuf.c) called from PC: $24c30 (elapsed: 5)
  restart_time_synchronisation (packetbuf.c) called from PC: $159f2 (elapsed: 30452)
  process_thread_foure_timesynch_process (local in 4emac-timesynch.c) called from PC: $12738 (elapsed: 983000)
  call_process (local in process.c) called from PC: $1291c (elapsed: 983037)
  process_run (packetbuf.c) called from PC: $05edc (elapsed: 986406)
 WARN [Thread-2] (MspMote.java:229) - 31: # Watchdog[EXECUTION]: illegal write to WDTCTL (0) from $103ca - reset!!!!
Watchdog: illegal write to WDTCTL (0) from $103ca - reset!!!!
Stack Trace: number of calls: 5 PC: $103ca
  watchdog_reboot (packetbuf.c) called from PC: $24c30 (elapsed: 5)
  restart_time_synchronisation (packetbuf.c) called from PC: $159f2 (elapsed: 30447)
  process_thread_foure_timesynch_process (local in 4emac-timesynch.c) called from PC: $12738 (elapsed: 640650)
  call_process (local in process.c) called from PC: $1291c (elapsed: 640687)
  process_run (packetbuf.c) called from PC: $05edc (elapsed: 643690)
 WARN [Thread-2] (MspMote.java:229) - 17: # Watchdog[EXECUTION]: illegal write to WDTCTL (0) from $103ca - reset!!!!
Watchdog: illegal write to WDTCTL (0) from $103ca - reset!!!!
Stack Trace: number of calls: 11 PC: $103ca
  watchdog_reboot (packetbuf.c) called from PC: $24c30 (elapsed: 5)
  restart_time_synchronisation (packetbuf.c) called from PC: $14eee (elapsed: 31365)
  foure_timesynch_parent_switch_callback (packetbuf.c) called from PC: $1e95c (elapsed: 69495)
  rpl_set_preferred_parent (local in rpl-dag.c) called from PC: $1ef8c (elapsed: 163864)
  rpl_nullify_parent (packetbuf.c) called from PC: $1fc26 (elapsed: 380077)
  rpl_process_parent_event (packetbuf.c) called from PC: $1fcbe (elapsed: 474386)
  rpl_recalculate_ranks (packetbuf.c) called from PC: $23726 (elapsed: 474813)
  handle_periodic_timer (local in rpl-timers.c) called from PC: $1219c (elapsed: 475080)
  process_thread_ctimer_process (local in ctimer.c) called from PC: $12738 (elapsed: 475305)
  call_process (local in process.c) called from PC: $1291c (elapsed: 475342)
  process_run (packetbuf.c) called from PC: $05edc (elapsed: 673802)
 WARN [Thread-2] (MspMote.java:229) - 48: # Watchdog[EXECUTION]: illegal write to WDTCTL (0) from $103ca - reset!!!!
Watchdog: illegal write to WDTCTL (0) from $103ca - reset!!!!
Stack Trace: number of calls: 5 PC: $103ca
  watchdog_reboot (packetbuf.c) called from PC: $24c30 (elapsed: 5)
  restart_time_synchronisation (packetbuf.c) called from PC: $159f2 (elapsed: 30453)
  process_thread_foure_timesynch_process (local in 4emac-timesynch.c) called from PC: $12738 (elapsed: 1435900)
  call_process (local in process.c) called from PC: $1291c (elapsed: 1435937)
  process_run (packetbuf.c) called from PC: $05edc (elapsed: 1438931)
 WARN [Thread-2] (MspMote.java:229) - 47: # Watchdog[EXECUTION]: illegal write to WDTCTL (0) from $103ca - reset!!!!
Watchdog: illegal write to WDTCTL (0) from $103ca - reset!!!!
Stack Trace: number of calls: 5 PC: $103ca
  watchdog_reboot (packetbuf.c) called from PC: $24c30 (elapsed: 5)
  restart_time_synchronisation (packetbuf.c) called from PC: $159f2 (elapsed: 30452)
  process_thread_foure_timesynch_process (local in 4emac-timesynch.c) called from PC: $12738 (elapsed: 1220359)
  call_process (local in process.c) called from PC: $1291c (elapsed: 1220396)
  process_run (packetbuf.c) called from PC: $05edc (elapsed: 1223313)
 WARN [Thread-2] (MspMote.java:229) - 45: # Watchdog[EXECUTION]: illegal write to WDTCTL (0) from $103ca - reset!!!!
Watchdog: illegal write to WDTCTL (0) from $103ca - reset!!!!
Stack Trace: number of calls: 11 PC: $103ca
  watchdog_reboot (packetbuf.c) called from PC: $24c30 (elapsed: 5)
  restart_time_synchronisation (packetbuf.c) called from PC: $14eee (elapsed: 31371)
  foure_timesynch_parent_switch_callback (packetbuf.c) called from PC: $1e95c (elapsed: 69452)
  rpl_set_preferred_parent (local in rpl-dag.c) called from PC: $1ef8c (elapsed: 164148)
  rpl_nullify_parent (packetbuf.c) called from PC: $1fc26 (elapsed: 420210)
  rpl_process_parent_event (packetbuf.c) called from PC: $1fcbe (elapsed: 517519)
  rpl_recalculate_ranks (packetbuf.c) called from PC: $23726 (elapsed: 519182)
  handle_periodic_timer (local in rpl-timers.c) called from PC: $1219c (elapsed: 519449)
  process_thread_ctimer_process (local in ctimer.c) called from PC: $12738 (elapsed: 519602)
  call_process (local in process.c) called from PC: $1291c (elapsed: 519639)
  process_run (packetbuf.c) called from PC: $05edc (elapsed: 523330)
 WARN [Thread-2] (MspMote.java:229) - 7: # Watchdog[EXECUTION]: illegal write to WDTCTL (0) from $103ca - reset!!!!
Watchdog: illegal write to WDTCTL (0) from $103ca - reset!!!!
Stack Trace: number of calls: 5 PC: $103ca
  watchdog_reboot (packetbuf.c) called from PC: $24c30 (elapsed: 5)
  restart_time_synchronisation (packetbuf.c) called from PC: $159f2 (elapsed: 30447)
  process_thread_foure_timesynch_process (local in 4emac-timesynch.c) called from PC: $12738 (elapsed: 951775)
  call_process (local in process.c) called from PC: $1291c (elapsed: 951812)
  process_run (packetbuf.c) called from PC: $05edc (elapsed: 954968)
 WARN [Thread-2] (MspMote.java:229) - 21: # Watchdog[EXECUTION]: illegal write to WDTCTL (0) from $103ca - reset!!!!
Watchdog: illegal write to WDTCTL (0) from $103ca - reset!!!!
Stack Trace: number of calls: 5 PC: $103ca
  watchdog_reboot (packetbuf.c) called from PC: $24c30 (elapsed: 5)
  restart_time_synchronisation (packetbuf.c) called from PC: $159f2 (elapsed: 30452)
  process_thread_foure_timesynch_process (local in 4emac-timesynch.c) called from PC: $12738 (elapsed: 851337)
  call_process (local in process.c) called from PC: $1291c (elapsed: 851374)
  process_run (packetbuf.c) called from PC: $05edc (elapsed: 854369)
 WARN [Thread-2] (MspMote.java:229) - 26: # Watchdog[EXECUTION]: illegal write to WDTCTL (0) from $103ca - reset!!!!
Watchdog: illegal write to WDTCTL (0) from $103ca - reset!!!!
Stack Trace: number of calls: 5 PC: $103ca
  watchdog_reboot (packetbuf.c) called from PC: $24c30 (elapsed: 5)
  restart_time_synchronisation (packetbuf.c) called from PC: $159f2 (elapsed: 30585)
  process_thread_foure_timesynch_process (local in 4emac-timesynch.c) called from PC: $12738 (elapsed: 941373)
  call_process (local in process.c) called from PC: $1291c (elapsed: 941410)
  process_run (packetbuf.c) called from PC: $05edc (elapsed: 945677)
 WARN [Thread-2] (MspMote.java:229) - 39: # Watchdog[EXECUTION]: illegal write to WDTCTL (0) from $103ca - reset!!!!
Watchdog: illegal write to WDTCTL (0) from $103ca - reset!!!!
Stack Trace: number of calls: 5 PC: $103ca
  watchdog_reboot (packetbuf.c) called from PC: $24c30 (elapsed: 5)
  restart_time_synchronisation (packetbuf.c) called from PC: $159f2 (elapsed: 30452)
  process_thread_foure_timesynch_process (local in 4emac-timesynch.c) called from PC: $12738 (elapsed: 1159374)
  call_process (local in process.c) called from PC: $1291c (elapsed: 1159411)
  process_run (packetbuf.c) called from PC: $05edc (elapsed: 1163765)
 WARN [Thread-2] (MspMote.java:229) - 4: # Watchdog[EXECUTION]: illegal write to WDTCTL (0) from $103ca - reset!!!!
Watchdog: illegal write to WDTCTL (0) from $103ca - reset!!!!
Stack Trace: number of calls: 5 PC: $103ca
  watchdog_reboot (packetbuf.c) called from PC: $24c30 (elapsed: 5)
  restart_time_synchronisation (packetbuf.c) called from PC: $159f2 (elapsed: 30447)
  process_thread_foure_timesynch_process (local in 4emac-timesynch.c) called from PC: $12738 (elapsed: 955511)
  call_process (local in process.c) called from PC: $1291c (elapsed: 955548)
  process_run (packetbuf.c) called from PC: $05edc (elapsed: 958700)
 WARN [Thread-2] (MspMote.java:229) - 32: # Watchdog[EXECUTION]: illegal write to WDTCTL (0) from $103ca - reset!!!!
Watchdog: illegal write to WDTCTL (0) from $103ca - reset!!!!
Stack Trace: number of calls: 5 PC: $103ca
  watchdog_reboot (packetbuf.c) called from PC: $24c30 (elapsed: 5)
  restart_time_synchronisation (packetbuf.c) called from PC: $159f2 (elapsed: 30447)
  process_thread_foure_timesynch_process (local in 4emac-timesynch.c) called from PC: $12738 (elapsed: 636594)
  call_process (local in process.c) called from PC: $1291c (elapsed: 636631)
  process_run (packetbuf.c) called from PC: $05edc (elapsed: 639783)
 WARN [Thread-2] (MspMote.java:229) - 29: # Watchdog[EXECUTION]: illegal write to WDTCTL (0) from $103ca - reset!!!!
Watchdog: illegal write to WDTCTL (0) from $103ca - reset!!!!
Stack Trace: number of calls: 5 PC: $103ca
  watchdog_reboot (packetbuf.c) called from PC: $24c30 (elapsed: 5)
  restart_time_synchronisation (packetbuf.c) called from PC: $159f2 (elapsed: 30452)
  process_thread_foure_timesynch_process (local in 4emac-timesynch.c) called from PC: $12738 (elapsed: 532570)
  call_process (local in process.c) called from PC: $1291c (elapsed: 532607)
  process_run (packetbuf.c) called from PC: $05edc (elapsed: 535682)
 WARN [Thread-2] (MspMote.java:229) - 27: # Watchdog[EXECUTION]: illegal write to WDTCTL (0) from $103ca - reset!!!!
 INFO [Thread-2] (LogScriptEngine.java:389) - Test script at 85.00%, done in 1494.1 sec
Watchdog: illegal write to WDTCTL (0) from $103ca - reset!!!!
Stack Trace: number of calls: 5 PC: $103ca
  watchdog_reboot (packetbuf.c) called from PC: $24c30 (elapsed: 5)
  restart_time_synchronisation (packetbuf.c) called from PC: $159f2 (elapsed: 30447)
  process_thread_foure_timesynch_process (local in 4emac-timesynch.c) called from PC: $12738 (elapsed: 948455)
  call_process (local in process.c) called from PC: $1291c (elapsed: 948492)
  process_run (packetbuf.c) called from PC: $05edc (elapsed: 951407)
 WARN [Thread-2] (MspMote.java:229) - 9: # Watchdog[EXECUTION]: illegal write to WDTCTL (0) from $103ca - reset!!!!
Watchdog: illegal write to WDTCTL (0) from $103ca - reset!!!!
Stack Trace: number of calls: 5 PC: $103ca
  watchdog_reboot (packetbuf.c) called from PC: $24c30 (elapsed: 5)
  restart_time_synchronisation (packetbuf.c) called from PC: $159f2 (elapsed: 30615)
  process_thread_foure_timesynch_process (local in 4emac-timesynch.c) called from PC: $12738 (elapsed: 871232)
  call_process (local in process.c) called from PC: $1291c (elapsed: 871269)
  process_run (packetbuf.c) called from PC: $05edc (elapsed: 874264)
 WARN [Thread-2] (MspMote.java:229) - 33: # Watchdog[EXECUTION]: illegal write to WDTCTL (0) from $103ca - reset!!!!
Watchdog: illegal write to WDTCTL (0) from $103ca - reset!!!!
Stack Trace: number of calls: 5 PC: $103ca
  watchdog_reboot (packetbuf.c) called from PC: $24c30 (elapsed: 5)
  restart_time_synchronisation (packetbuf.c) called from PC: $159f2 (elapsed: 30452)
  process_thread_foure_timesynch_process (local in 4emac-timesynch.c) called from PC: $12738 (elapsed: 1217740)
  call_process (local in process.c) called from PC: $1291c (elapsed: 1217777)
  process_run (packetbuf.c) called from PC: $05edc (elapsed: 1220882)
 WARN [Thread-2] (MspMote.java:229) - 24: # Watchdog[EXECUTION]: illegal write to WDTCTL (0) from $103ca - reset!!!!
Watchdog: illegal write to WDTCTL (0) from $103ca - reset!!!!
Stack Trace: number of calls: 5 PC: $103ca
  watchdog_reboot (packetbuf.c) called from PC: $24c30 (elapsed: 5)
  restart_time_synchronisation (packetbuf.c) called from PC: $159f2 (elapsed: 30447)
  process_thread_foure_timesynch_process (local in 4emac-timesynch.c) called from PC: $12738 (elapsed: 951805)
  call_process (local in process.c) called from PC: $1291c (elapsed: 951842)
  process_run (packetbuf.c) called from PC: $05edc (elapsed: 954757)
 WARN [Thread-2] (MspMote.java:229) - 34: # Watchdog[EXECUTION]: illegal write to WDTCTL (0) from $103ca - reset!!!!
Watchdog: illegal write to WDTCTL (0) from $103ca - reset!!!!
Stack Trace: number of calls: 5 PC: $103ca
  watchdog_reboot (packetbuf.c) called from PC: $24c30 (elapsed: 5)
  restart_time_synchronisation (packetbuf.c) called from PC: $159f2 (elapsed: 30452)
  process_thread_foure_timesynch_process (local in 4emac-timesynch.c) called from PC: $12738 (elapsed: 1105243)
  call_process (local in process.c) called from PC: $1291c (elapsed: 1105280)
  process_run (packetbuf.c) called from PC: $05edc (elapsed: 1108430)
 WARN [Thread-2] (MspMote.java:229) - 16: # Watchdog[EXECUTION]: illegal write to WDTCTL (0) from $103ca - reset!!!!
Watchdog: illegal write to WDTCTL (0) from $103ca - reset!!!!
Stack Trace: number of calls: 5 PC: $103ca
  watchdog_reboot (packetbuf.c) called from PC: $24c30 (elapsed: 5)
  restart_time_synchronisation (packetbuf.c) called from PC: $159f2 (elapsed: 30453)
  process_thread_foure_timesynch_process (local in 4emac-timesynch.c) called from PC: $12738 (elapsed: 811309)
  call_process (local in process.c) called from PC: $1291c (elapsed: 811346)
  process_run (packetbuf.c) called from PC: $05edc (elapsed: 814505)
 WARN [Thread-2] (MspMote.java:229) - 2: # Watchdog[EXECUTION]: illegal write to WDTCTL (0) from $103ca - reset!!!!
Watchdog: illegal write to WDTCTL (0) from $103ca - reset!!!!
Stack Trace: number of calls: 5 PC: $103ca
  watchdog_reboot (packetbuf.c) called from PC: $24c30 (elapsed: 5)
  restart_time_synchronisation (packetbuf.c) called from PC: $159f2 (elapsed: 30447)
  process_thread_foure_timesynch_process (local in 4emac-timesynch.c) called from PC: $12738 (elapsed: 836846)
  call_process (local in process.c) called from PC: $1291c (elapsed: 836883)
  process_run (packetbuf.c) called from PC: $05edc (elapsed: 839902)
 WARN [Thread-2] (MspMote.java:229) - 7: # Watchdog[EXECUTION]: illegal write to WDTCTL (0) from $103ca - reset!!!!
Watchdog: illegal write to WDTCTL (0) from $103ca - reset!!!!
Stack Trace: number of calls: 5 PC: $103ca
  watchdog_reboot (packetbuf.c) called from PC: $24c30 (elapsed: 5)
  restart_time_synchronisation (packetbuf.c) called from PC: $159f2 (elapsed: 30452)
  process_thread_foure_timesynch_process (local in 4emac-timesynch.c) called from PC: $12738 (elapsed: 1077310)
  call_process (local in process.c) called from PC: $1291c (elapsed: 1077347)
  process_run (packetbuf.c) called from PC: $05edc (elapsed: 1081462)
 WARN [Thread-2] (MspMote.java:229) - 5: # Watchdog[EXECUTION]: illegal write to WDTCTL (0) from $103ca - reset!!!!
Watchdog: illegal write to WDTCTL (0) from $103ca - reset!!!!
Stack Trace: number of calls: 5 PC: $103ca
  watchdog_reboot (packetbuf.c) called from PC: $24c30 (elapsed: 5)
  restart_time_synchronisation (packetbuf.c) called from PC: $159f2 (elapsed: 30452)
  process_thread_foure_timesynch_process (local in 4emac-timesynch.c) called from PC: $12738 (elapsed: 913123)
  call_process (local in process.c) called from PC: $1291c (elapsed: 913160)
  process_run (packetbuf.c) called from PC: $05edc (elapsed: 916449)
 WARN [Thread-2] (MspMote.java:229) - 1: # Watchdog[EXECUTION]: illegal write to WDTCTL (0) from $103ca - reset!!!!
Watchdog: illegal write to WDTCTL (0) from $103ca - reset!!!!
Stack Trace: number of calls: 5 PC: $103ca
  watchdog_reboot (packetbuf.c) called from PC: $24c30 (elapsed: 5)
  restart_time_synchronisation (packetbuf.c) called from PC: $159f2 (elapsed: 30452)
  process_thread_foure_timesynch_process (local in 4emac-timesynch.c) called from PC: $12738 (elapsed: 1081139)
  call_process (local in process.c) called from PC: $1291c (elapsed: 1081176)
  process_run (packetbuf.c) called from PC: $05edc (elapsed: 1084174)
 WARN [Thread-2] (MspMote.java:229) - 32: # Watchdog[EXECUTION]: illegal write to WDTCTL (0) from $103ca - reset!!!!
Watchdog: illegal write to WDTCTL (0) from $103ca - reset!!!!
Stack Trace: number of calls: 5 PC: $103ca
  watchdog_reboot (packetbuf.c) called from PC: $24c30 (elapsed: 5)
  restart_time_synchronisation (packetbuf.c) called from PC: $159f2 (elapsed: 30447)
  process_thread_foure_timesynch_process (local in 4emac-timesynch.c) called from PC: $12738 (elapsed: 1078746)
  call_process (local in process.c) called from PC: $1291c (elapsed: 1078783)
  process_run (packetbuf.c) called from PC: $05edc (elapsed: 1081933)
 WARN [Thread-2] (MspMote.java:229) - 17: # Watchdog[EXECUTION]: illegal write to WDTCTL (0) from $103ca - reset!!!!
Watchdog: illegal write to WDTCTL (0) from $103ca - reset!!!!
Stack Trace: number of calls: 11 PC: $103ca
  watchdog_reboot (packetbuf.c) called from PC: $24c30 (elapsed: 5)
  restart_time_synchronisation (packetbuf.c) called from PC: $14eee (elapsed: 31370)
  foure_timesynch_parent_switch_callback (packetbuf.c) called from PC: $1e95c (elapsed: 69451)
  rpl_set_preferred_parent (local in rpl-dag.c) called from PC: $1ef8c (elapsed: 162805)
  rpl_nullify_parent (packetbuf.c) called from PC: $1fc26 (elapsed: 381436)
  rpl_process_parent_event (packetbuf.c) called from PC: $1fcbe (elapsed: 479734)
  rpl_recalculate_ranks (packetbuf.c) called from PC: $23726 (elapsed: 481942)
  handle_periodic_timer (local in rpl-timers.c) called from PC: $1219c (elapsed: 482379)
  process_thread_ctimer_process (local in ctimer.c) called from PC: $12738 (elapsed: 482580)
  call_process (local in process.c) called from PC: $1291c (elapsed: 482617)
  process_run (packetbuf.c) called from PC: $05edc (elapsed: 486954)
 WARN [Thread-2] (MspMote.java:229) - 37: # Watchdog[EXECUTION]: illegal write to WDTCTL (0) from $103ca - reset!!!!
Watchdog: illegal write to WDTCTL (0) from $103ca - reset!!!!
Stack Trace: number of calls: 5 PC: $103ca
  watchdog_reboot (packetbuf.c) called from PC: $24c30 (elapsed: 5)
  restart_time_synchronisation (packetbuf.c) called from PC: $159f2 (elapsed: 30447)
  process_thread_foure_timesynch_process (local in 4emac-timesynch.c) called from PC: $12738 (elapsed: 1080489)
  call_process (local in process.c) called from PC: $1291c (elapsed: 1080526)
  process_run (packetbuf.c) called from PC: $05edc (elapsed: 1083813)
 WARN [Thread-2] (MspMote.java:229) - 42: # Watchdog[EXECUTION]: illegal write to WDTCTL (0) from $103ca - reset!!!!
Watchdog: illegal write to WDTCTL (0) from $103ca - reset!!!!
Stack Trace: number of calls: 5 PC: $103ca
  watchdog_reboot (packetbuf.c) called from PC: $24c30 (elapsed: 5)
  restart_time_synchronisation (packetbuf.c) called from PC: $159f2 (elapsed: 30452)
  process_thread_foure_timesynch_process (local in 4emac-timesynch.c) called from PC: $12738 (elapsed: 1230066)
  call_process (local in process.c) called from PC: $1291c (elapsed: 1230103)
  process_run (packetbuf.c) called from PC: $05edc (elapsed: 1233126)
 WARN [Thread-2] (MspMote.java:229) - 10: # Watchdog[EXECUTION]: illegal write to WDTCTL (0) from $103ca - reset!!!!
Watchdog: illegal write to WDTCTL (0) from $103ca - reset!!!!
Stack Trace: number of calls: 5 PC: $103ca
  watchdog_reboot (packetbuf.c) called from PC: $24c30 (elapsed: 5)
  restart_time_synchronisation (packetbuf.c) called from PC: $159f2 (elapsed: 30453)
  process_thread_foure_timesynch_process (local in 4emac-timesynch.c) called from PC: $12738 (elapsed: 819180)
  call_process (local in process.c) called from PC: $1291c (elapsed: 819217)
  process_run (packetbuf.c) called from PC: $05edc (elapsed: 822295)
 WARN [Thread-2] (MspMote.java:229) - 35: # Watchdog[EXECUTION]: illegal write to WDTCTL (0) from $103ca - reset!!!!
Watchdog: illegal write to WDTCTL (0) from $103ca - reset!!!!
Stack Trace: number of calls: 5 PC: $103ca
  watchdog_reboot (packetbuf.c) called from PC: $24c30 (elapsed: 5)
  restart_time_synchronisation (packetbuf.c) called from PC: $159f2 (elapsed: 30453)
  process_thread_foure_timesynch_process (local in 4emac-timesynch.c) called from PC: $12738 (elapsed: 956326)
  call_process (local in process.c) called from PC: $1291c (elapsed: 956363)
  process_run (packetbuf.c) called from PC: $05edc (elapsed: 959249)
 WARN [Thread-2] (MspMote.java:229) - 18: # Watchdog[EXECUTION]: illegal write to WDTCTL (0) from $103ca - reset!!!!
Watchdog: illegal write to WDTCTL (0) from $103ca - reset!!!!
Stack Trace: number of calls: 5 PC: $103ca
  watchdog_reboot (packetbuf.c) called from PC: $24c30 (elapsed: 5)
  restart_time_synchronisation (packetbuf.c) called from PC: $159f2 (elapsed: 30453)
  process_thread_foure_timesynch_process (local in 4emac-timesynch.c) called from PC: $12738 (elapsed: 945206)
  call_process (local in process.c) called from PC: $1291c (elapsed: 945243)
  process_run (packetbuf.c) called from PC: $05edc (elapsed: 948555)
 WARN [Thread-2] (MspMote.java:229) - 3: # Watchdog[EXECUTION]: illegal write to WDTCTL (0) from $103ca - reset!!!!
Watchdog: illegal write to WDTCTL (0) from $103ca - reset!!!!
Stack Trace: number of calls: 5 PC: $103ca
  watchdog_reboot (packetbuf.c) called from PC: $24c30 (elapsed: 5)
  restart_time_synchronisation (packetbuf.c) called from PC: $159f2 (elapsed: 30452)
  process_thread_foure_timesynch_process (local in 4emac-timesynch.c) called from PC: $12738 (elapsed: 803633)
  call_process (local in process.c) called from PC: $1291c (elapsed: 803670)
  process_run (packetbuf.c) called from PC: $05edc (elapsed: 806664)
 WARN [Thread-2] (MspMote.java:229) - 25: # Watchdog[EXECUTION]: illegal write to WDTCTL (0) from $103ca - reset!!!!
Watchdog: illegal write to WDTCTL (0) from $103ca - reset!!!!
Stack Trace: number of calls: 5 PC: $103ca
  watchdog_reboot (packetbuf.c) called from PC: $24c30 (elapsed: 5)
  restart_time_synchronisation (packetbuf.c) called from PC: $159f2 (elapsed: 30453)
  process_thread_foure_timesynch_process (local in 4emac-timesynch.c) called from PC: $12738 (elapsed: 945747)
  call_process (local in process.c) called from PC: $1291c (elapsed: 945784)
  process_run (packetbuf.c) called from PC: $05edc (elapsed: 948776)
 WARN [Thread-2] (MspMote.java:229) - 26: # Watchdog[EXECUTION]: illegal write to WDTCTL (0) from $103ca - reset!!!!
Watchdog: illegal write to WDTCTL (0) from $103ca - reset!!!!
Stack Trace: number of calls: 5 PC: $103ca
  watchdog_reboot (packetbuf.c) called from PC: $24c30 (elapsed: 5)
  restart_time_synchronisation (packetbuf.c) called from PC: $159f2 (elapsed: 30453)
  process_thread_foure_timesynch_process (local in 4emac-timesynch.c) called from PC: $12738 (elapsed: 1083373)
  call_process (local in process.c) called from PC: $1291c (elapsed: 1083410)
  process_run (packetbuf.c) called from PC: $05edc (elapsed: 1086510)
 WARN [Thread-2] (MspMote.java:229) - 9: # Watchdog[EXECUTION]: illegal write to WDTCTL (0) from $103ca - reset!!!!
Watchdog: illegal write to WDTCTL (0) from $103ca - reset!!!!
Stack Trace: number of calls: 5 PC: $103ca
  watchdog_reboot (packetbuf.c) called from PC: $24c30 (elapsed: 5)
  restart_time_synchronisation (packetbuf.c) called from PC: $159f2 (elapsed: 30603)
  process_thread_foure_timesynch_process (local in 4emac-timesynch.c) called from PC: $12738 (elapsed: 642815)
  call_process (local in process.c) called from PC: $1291c (elapsed: 642852)
  process_run (packetbuf.c) called from PC: $05edc (elapsed: 645686)
 WARN [Thread-2] (MspMote.java:229) - 38: # Watchdog[EXECUTION]: illegal write to WDTCTL (0) from $103ca - reset!!!!
Watchdog: illegal write to WDTCTL (0) from $103ca - reset!!!!
Stack Trace: number of calls: 5 PC: $103ca
  watchdog_reboot (packetbuf.c) called from PC: $24c30 (elapsed: 5)
  restart_time_synchronisation (packetbuf.c) called from PC: $159f2 (elapsed: 30453)
  process_thread_foure_timesynch_process (local in 4emac-timesynch.c) called from PC: $12738 (elapsed: 872562)
  call_process (local in process.c) called from PC: $1291c (elapsed: 872599)
  process_run (packetbuf.c) called from PC: $05edc (elapsed: 875591)
 WARN [Thread-2] (MspMote.java:229) - 12: # Watchdog[EXECUTION]: illegal write to WDTCTL (0) from $103ca - reset!!!!
Watchdog: illegal write to WDTCTL (0) from $103ca - reset!!!!
Stack Trace: number of calls: 5 PC: $103ca
  watchdog_reboot (packetbuf.c) called from PC: $24c30 (elapsed: 5)
  restart_time_synchronisation (packetbuf.c) called from PC: $159f2 (elapsed: 30453)
  process_thread_foure_timesynch_process (local in 4emac-timesynch.c) called from PC: $12738 (elapsed: 1131821)
  call_process (local in process.c) called from PC: $1291c (elapsed: 1131858)
  process_run (packetbuf.c) called from PC: $05edc (elapsed: 1134771)
 WARN [Thread-2] (MspMote.java:229) - 21: # Watchdog[EXECUTION]: illegal write to WDTCTL (0) from $103ca - reset!!!!
Watchdog: illegal write to WDTCTL (0) from $103ca - reset!!!!
Stack Trace: number of calls: 5 PC: $103ca
  watchdog_reboot (packetbuf.c) called from PC: $24c30 (elapsed: 5)
  restart_time_synchronisation (packetbuf.c) called from PC: $159f2 (elapsed: 30452)
  process_thread_foure_timesynch_process (local in 4emac-timesynch.c) called from PC: $12738 (elapsed: 839677)
  call_process (local in process.c) called from PC: $1291c (elapsed: 839714)
  process_run (packetbuf.c) called from PC: $05edc (elapsed: 842789)
 WARN [Thread-2] (MspMote.java:229) - 47: # Watchdog[EXECUTION]: illegal write to WDTCTL (0) from $103ca - reset!!!!
Watchdog: illegal write to WDTCTL (0) from $103ca - reset!!!!
Stack Trace: number of calls: 11 PC: $103ca
  watchdog_reboot (packetbuf.c) called from PC: $24c30 (elapsed: 5)
  restart_time_synchronisation (packetbuf.c) called from PC: $14eee (elapsed: 31370)
  foure_timesynch_parent_switch_callback (packetbuf.c) called from PC: $1e95c (elapsed: 69655)
  rpl_set_preferred_parent (local in rpl-dag.c) called from PC: $1ef8c (elapsed: 162841)
  rpl_nullify_parent (packetbuf.c) called from PC: $1fc26 (elapsed: 380860)
  rpl_process_parent_event (packetbuf.c) called from PC: $1fcbe (elapsed: 477638)
  rpl_recalculate_ranks (packetbuf.c) called from PC: $23726 (elapsed: 479225)
  handle_periodic_timer (local in rpl-timers.c) called from PC: $1219c (elapsed: 479492)
  process_thread_ctimer_process (local in ctimer.c) called from PC: $12738 (elapsed: 479693)
  call_process (local in process.c) called from PC: $1291c (elapsed: 479730)
  process_run (packetbuf.c) called from PC: $05edc (elapsed: 482963)
 WARN [Thread-2] (MspMote.java:229) - 37: # Watchdog[EXECUTION]: illegal write to WDTCTL (0) from $103ca - reset!!!!
Watchdog: illegal write to WDTCTL (0) from $103ca - reset!!!!
Stack Trace: number of calls: 5 PC: $103ca
  watchdog_reboot (packetbuf.c) called from PC: $24c30 (elapsed: 5)
  restart_time_synchronisation (packetbuf.c) called from PC: $159f2 (elapsed: 30449)
  process_thread_foure_timesynch_process (local in 4emac-timesynch.c) called from PC: $12738 (elapsed: 944399)
  call_process (local in process.c) called from PC: $1291c (elapsed: 944436)
  process_run (packetbuf.c) called from PC: $05edc (elapsed: 947511)
 WARN [Thread-2] (MspMote.java:229) - 22: # Watchdog[EXECUTION]: illegal write to WDTCTL (0) from $103ca - reset!!!!
Watchdog: illegal write to WDTCTL (0) from $103ca - reset!!!!
Stack Trace: number of calls: 11 PC: $103ca
  watchdog_reboot (packetbuf.c) called from PC: $24c30 (elapsed: 5)
  restart_time_synchronisation (packetbuf.c) called from PC: $14eee (elapsed: 31370)
  foure_timesynch_parent_switch_callback (packetbuf.c) called from PC: $1e95c (elapsed: 69451)
  rpl_set_preferred_parent (local in rpl-dag.c) called from PC: $1ef8c (elapsed: 193946)
  rpl_nullify_parent (packetbuf.c) called from PC: $1fc26 (elapsed: 418060)
  rpl_process_parent_event (packetbuf.c) called from PC: $1fcbe (elapsed: 519078)
  rpl_recalculate_ranks (packetbuf.c) called from PC: $23726 (elapsed: 522424)
  handle_periodic_timer (local in rpl-timers.c) called from PC: $1219c (elapsed: 522776)
  process_thread_ctimer_process (local in ctimer.c) called from PC: $12738 (elapsed: 523001)
  call_process (local in process.c) called from PC: $1291c (elapsed: 523038)
  process_run (packetbuf.c) called from PC: $05edc (elapsed: 525874)
 WARN [Thread-2] (MspMote.java:229) - 1: # Watchdog[EXECUTION]: illegal write to WDTCTL (0) from $103ca - reset!!!!
 INFO [Thread-2] (LogScriptEngine.java:389) - Test script at 90.00%, done in 974.0 sec
Watchdog: illegal write to WDTCTL (0) from $103ca - reset!!!!
Stack Trace: number of calls: 5 PC: $103ca
  watchdog_reboot (packetbuf.c) called from PC: $24c30 (elapsed: 5)
  restart_time_synchronisation (packetbuf.c) called from PC: $159f2 (elapsed: 30452)
  process_thread_foure_timesynch_process (local in 4emac-timesynch.c) called from PC: $12738 (elapsed: 1230701)
  call_process (local in process.c) called from PC: $1291c (elapsed: 1230738)
  process_run (packetbuf.c) called from PC: $05edc (elapsed: 2073069)
 WARN [Thread-2] (MspMote.java:229) - 49: # Watchdog[EXECUTION]: illegal write to WDTCTL (0) from $103ca - reset!!!!
Watchdog: illegal write to WDTCTL (0) from $103ca - reset!!!!
Stack Trace: number of calls: 11 PC: $103ca
  watchdog_reboot (packetbuf.c) called from PC: $24c30 (elapsed: 5)
  restart_time_synchronisation (packetbuf.c) called from PC: $14eee (elapsed: 31365)
  foure_timesynch_parent_switch_callback (packetbuf.c) called from PC: $1e95c (elapsed: 69446)
  rpl_set_preferred_parent (local in rpl-dag.c) called from PC: $1ef8c (elapsed: 162802)
  rpl_nullify_parent (packetbuf.c) called from PC: $1fc26 (elapsed: 410074)
  rpl_process_parent_event (packetbuf.c) called from PC: $1fcbe (elapsed: 511827)
  rpl_recalculate_ranks (packetbuf.c) called from PC: $23726 (elapsed: 514035)
  handle_periodic_timer (local in rpl-timers.c) called from PC: $1219c (elapsed: 514387)
  process_thread_ctimer_process (local in ctimer.c) called from PC: $12738 (elapsed: 514612)
  call_process (local in process.c) called from PC: $1291c (elapsed: 514649)
  process_run (packetbuf.c) called from PC: $05edc (elapsed: 517670)
 WARN [Thread-2] (MspMote.java:229) - 42: # Watchdog[EXECUTION]: illegal write to WDTCTL (0) from $103ca - reset!!!!
Watchdog: illegal write to WDTCTL (0) from $103ca - reset!!!!
Stack Trace: number of calls: 5 PC: $103ca
  watchdog_reboot (packetbuf.c) called from PC: $24c30 (elapsed: 5)
  restart_time_synchronisation (packetbuf.c) called from PC: $159f2 (elapsed: 30452)
  process_thread_foure_timesynch_process (local in 4emac-timesynch.c) called from PC: $12738 (elapsed: 815459)
  call_process (local in process.c) called from PC: $1291c (elapsed: 815496)
  process_run (packetbuf.c) called from PC: $05edc (elapsed: 818569)
 WARN [Thread-2] (MspMote.java:229) - 13: # Watchdog[EXECUTION]: illegal write to WDTCTL (0) from $103ca - reset!!!!
Watchdog: illegal write to WDTCTL (0) from $103ca - reset!!!!
Stack Trace: number of calls: 5 PC: $103ca
  watchdog_reboot (packetbuf.c) called from PC: $24c30 (elapsed: 5)
  restart_time_synchronisation (packetbuf.c) called from PC: $159f2 (elapsed: 30453)
  process_thread_foure_timesynch_process (local in 4emac-timesynch.c) called from PC: $12738 (elapsed: 503553)
  call_process (local in process.c) called from PC: $1291c (elapsed: 503590)
  process_run (packetbuf.c) called from PC: $05edc (elapsed: 506672)
 WARN [Thread-2] (MspMote.java:229) - 28: # Watchdog[EXECUTION]: illegal write to WDTCTL (0) from $103ca - reset!!!!
Watchdog: illegal write to WDTCTL (0) from $103ca - reset!!!!
Stack Trace: number of calls: 5 PC: $103ca
  watchdog_reboot (packetbuf.c) called from PC: $24c30 (elapsed: 5)
  restart_time_synchronisation (packetbuf.c) called from PC: $159f2 (elapsed: 30488)
  process_thread_foure_timesynch_process (local in 4emac-timesynch.c) called from PC: $12738 (elapsed: 673054)
  call_process (local in process.c) called from PC: $1291c (elapsed: 673091)
  process_run (packetbuf.c) called from PC: $05edc (elapsed: 2055257)
 WARN [Thread-2] (MspMote.java:229) - 20: # Watchdog[EXECUTION]: illegal write to WDTCTL (0) from $103ca - reset!!!!
Watchdog: illegal write to WDTCTL (0) from $103ca - reset!!!!
Stack Trace: number of calls: 5 PC: $103ca
  watchdog_reboot (packetbuf.c) called from PC: $24c30 (elapsed: 5)
  restart_time_synchronisation (packetbuf.c) called from PC: $159f2 (elapsed: 30453)
  process_thread_foure_timesynch_process (local in 4emac-timesynch.c) called from PC: $12738 (elapsed: 809917)
  call_process (local in process.c) called from PC: $1291c (elapsed: 809954)
  process_run (packetbuf.c) called from PC: $05edc (elapsed: 813067)
 WARN [Thread-2] (MspMote.java:229) - 11: # Watchdog[EXECUTION]: illegal write to WDTCTL (0) from $103ca - reset!!!!
Watchdog: illegal write to WDTCTL (0) from $103ca - reset!!!!
Stack Trace: number of calls: 5 PC: $103ca
  watchdog_reboot (packetbuf.c) called from PC: $24c30 (elapsed: 5)
  restart_time_synchronisation (packetbuf.c) called from PC: $159f2 (elapsed: 30453)
  process_thread_foure_timesynch_process (local in 4emac-timesynch.c) called from PC: $12738 (elapsed: 1088149)
  call_process (local in process.c) called from PC: $1291c (elapsed: 1088186)
  process_run (packetbuf.c) called from PC: $05edc (elapsed: 1091182)
 WARN [Thread-2] (MspMote.java:229) - 36: # Watchdog[EXECUTION]: illegal write to WDTCTL (0) from $103ca - reset!!!!
Watchdog: illegal write to WDTCTL (0) from $103ca - reset!!!!
Stack Trace: number of calls: 5 PC: $103ca
  watchdog_reboot (packetbuf.c) called from PC: $24c30 (elapsed: 5)
  restart_time_synchronisation (packetbuf.c) called from PC: $159f2 (elapsed: 30447)
  process_thread_foure_timesynch_process (local in 4emac-timesynch.c) called from PC: $12738 (elapsed: 772378)
  call_process (local in process.c) called from PC: $1291c (elapsed: 772415)
  process_run (packetbuf.c) called from PC: $05edc (elapsed: 775486)
 WARN [Thread-2] (MspMote.java:229) - 2: # Watchdog[EXECUTION]: illegal write to WDTCTL (0) from $103ca - reset!!!!
Watchdog: illegal write to WDTCTL (0) from $103ca - reset!!!!
Stack Trace: number of calls: 5 PC: $103ca
  watchdog_reboot (packetbuf.c) called from PC: $24c30 (elapsed: 5)
  restart_time_synchronisation (packetbuf.c) called from PC: $159f2 (elapsed: 30452)
  process_thread_foure_timesynch_process (local in 4emac-timesynch.c) called from PC: $12738 (elapsed: 1089830)
  call_process (local in process.c) called from PC: $1291c (elapsed: 1089867)
  process_run (packetbuf.c) called from PC: $05edc (elapsed: 1092942)
 WARN [Thread-2] (MspMote.java:229) - 1: # Watchdog[EXECUTION]: illegal write to WDTCTL (0) from $103ca - reset!!!!
Watchdog: illegal write to WDTCTL (0) from $103ca - reset!!!!
Stack Trace: number of calls: 5 PC: $103ca
  watchdog_reboot (packetbuf.c) called from PC: $24c30 (elapsed: 5)
  restart_time_synchronisation (packetbuf.c) called from PC: $159f2 (elapsed: 30447)
  process_thread_foure_timesynch_process (local in 4emac-timesynch.c) called from PC: $12738 (elapsed: 639142)
  call_process (local in process.c) called from PC: $1291c (elapsed: 639179)
  process_run (packetbuf.c) called from PC: $05edc (elapsed: 642338)
 WARN [Thread-2] (MspMote.java:229) - 15: # Watchdog[EXECUTION]: illegal write to WDTCTL (0) from $103ca - reset!!!!
Watchdog: illegal write to WDTCTL (0) from $103ca - reset!!!!
Stack Trace: number of calls: 5 PC: $103ca
  watchdog_reboot (packetbuf.c) called from PC: $24c30 (elapsed: 5)
  restart_time_synchronisation (packetbuf.c) called from PC: $159f2 (elapsed: 30447)
  process_thread_foure_timesynch_process (local in 4emac-timesynch.c) called from PC: $12738 (elapsed: 1084481)
  call_process (local in process.c) called from PC: $1291c (elapsed: 1084518)
  process_run (packetbuf.c) called from PC: $05edc (elapsed: 1087515)
 WARN [Thread-2] (MspMote.java:229) - 43: # Watchdog[EXECUTION]: illegal write to WDTCTL (0) from $103ca - reset!!!!
Watchdog: illegal write to WDTCTL (0) from $103ca - reset!!!!
Stack Trace: number of calls: 5 PC: $103ca
  watchdog_reboot (packetbuf.c) called from PC: $24c30 (elapsed: 5)
  restart_time_synchronisation (packetbuf.c) called from PC: $159f2 (elapsed: 30447)
  process_thread_foure_timesynch_process (local in 4emac-timesynch.c) called from PC: $12738 (elapsed: 773507)
  call_process (local in process.c) called from PC: $1291c (elapsed: 773544)
  process_run (packetbuf.c) called from PC: $05edc (elapsed: 776538)
 WARN [Thread-2] (MspMote.java:229) - 18: # Watchdog[EXECUTION]: illegal write to WDTCTL (0) from $103ca - reset!!!!
Watchdog: illegal write to WDTCTL (0) from $103ca - reset!!!!
Stack Trace: number of calls: 5 PC: $103ca
  watchdog_reboot (packetbuf.c) called from PC: $24c30 (elapsed: 5)
  restart_time_synchronisation (packetbuf.c) called from PC: $159f2 (elapsed: 30489)
  process_thread_foure_timesynch_process (local in 4emac-timesynch.c) called from PC: $12738 (elapsed: 1139803)
  call_process (local in process.c) called from PC: $1291c (elapsed: 1139840)
  process_run (packetbuf.c) called from PC: $05edc (elapsed: 1143158)
 WARN [Thread-2] (MspMote.java:229) - 35: # Watchdog[EXECUTION]: illegal write to WDTCTL (0) from $103ca - reset!!!!
Watchdog: illegal write to WDTCTL (0) from $103ca - reset!!!!
Stack Trace: number of calls: 11 PC: $103ca
  watchdog_reboot (packetbuf.c) called from PC: $24c30 (elapsed: 5)
  restart_time_synchronisation (packetbuf.c) called from PC: $14eee (elapsed: 31370)
  foure_timesynch_parent_switch_callback (packetbuf.c) called from PC: $1e95c (elapsed: 69452)
  rpl_set_preferred_parent (local in rpl-dag.c) called from PC: $1ef8c (elapsed: 164109)
  rpl_nullify_parent (packetbuf.c) called from PC: $1fc26 (elapsed: 382720)
  rpl_process_parent_event (packetbuf.c) called from PC: $1fcbe (elapsed: 535787)
  rpl_recalculate_ranks (packetbuf.c) called from PC: $23726 (elapsed: 536807)
  handle_periodic_timer (local in rpl-timers.c) called from PC: $1219c (elapsed: 537074)
  process_thread_ctimer_process (local in ctimer.c) called from PC: $12738 (elapsed: 537299)
  call_process (local in process.c) called from PC: $1291c (elapsed: 537336)
  process_run (packetbuf.c) called from PC: $05edc (elapsed: 540301)
 WARN [Thread-2] (MspMote.java:229) - 22: # Watchdog[EXECUTION]: illegal write to WDTCTL (0) from $103ca - reset!!!!
Watchdog: illegal write to WDTCTL (0) from $103ca - reset!!!!
Stack Trace: number of calls: 5 PC: $103ca
  watchdog_reboot (packetbuf.c) called from PC: $24c30 (elapsed: 5)
  restart_time_synchronisation (packetbuf.c) called from PC: $159f2 (elapsed: 30447)
  process_thread_foure_timesynch_process (local in 4emac-timesynch.c) called from PC: $12738 (elapsed: 635985)
  call_process (local in process.c) called from PC: $1291c (elapsed: 636022)
  process_run (packetbuf.c) called from PC: $05edc (elapsed: 639014)
 WARN [Thread-2] (MspMote.java:229) - 49: # Watchdog[EXECUTION]: illegal write to WDTCTL (0) from $103ca - reset!!!!
Watchdog: illegal write to WDTCTL (0) from $103ca - reset!!!!
Stack Trace: number of calls: 11 PC: $103ca
  watchdog_reboot (packetbuf.c) called from PC: $24c30 (elapsed: 5)
  restart_time_synchronisation (packetbuf.c) called from PC: $14eee (elapsed: 31370)
  foure_timesynch_parent_switch_callback (packetbuf.c) called from PC: $1e95c (elapsed: 69451)
  rpl_set_preferred_parent (local in rpl-dag.c) called from PC: $1ef8c (elapsed: 164067)
  rpl_nullify_parent (packetbuf.c) called from PC: $1fc26 (elapsed: 383069)
  rpl_process_parent_event (packetbuf.c) called from PC: $1fcbe (elapsed: 541985)
  rpl_recalculate_ranks (packetbuf.c) called from PC: $23726 (elapsed: 543029)
  handle_periodic_timer (local in rpl-timers.c) called from PC: $1219c (elapsed: 543296)
  process_thread_ctimer_process (local in ctimer.c) called from PC: $12738 (elapsed: 543521)
  call_process (local in process.c) called from PC: $1291c (elapsed: 543558)
  process_run (packetbuf.c) called from PC: $05edc (elapsed: 745261)
 WARN [Thread-2] (MspMote.java:229) - 36: # Watchdog[EXECUTION]: illegal write to WDTCTL (0) from $103ca - reset!!!!
Watchdog: illegal write to WDTCTL (0) from $103ca - reset!!!!
Stack Trace: number of calls: 5 PC: $103ca
  watchdog_reboot (packetbuf.c) called from PC: $24c30 (elapsed: 5)
  restart_time_synchronisation (packetbuf.c) called from PC: $159f2 (elapsed: 30452)
  process_thread_foure_timesynch_process (local in 4emac-timesynch.c) called from PC: $12738 (elapsed: 528046)
  call_process (local in process.c) called from PC: $1291c (elapsed: 528083)
  process_run (packetbuf.c) called from PC: $05edc (elapsed: 531321)
 WARN [Thread-2] (MspMote.java:229) - 45: # Watchdog[EXECUTION]: illegal write to WDTCTL (0) from $103ca - reset!!!!
 INFO [Thread-2] (LogScriptEngine.java:389) - Test script at 95.00%, done in 474.9 sec
Watchdog: illegal write to WDTCTL (0) from $103ca - reset!!!!
Stack Trace: number of calls: 5 PC: $103ca
  watchdog_reboot (packetbuf.c) called from PC: $24c30 (elapsed: 5)
  restart_time_synchronisation (packetbuf.c) called from PC: $159f2 (elapsed: 30651)
  process_thread_foure_timesynch_process (local in 4emac-timesynch.c) called from PC: $12738 (elapsed: 768538)
  call_process (local in process.c) called from PC: $1291c (elapsed: 768575)
  process_run (packetbuf.c) called from PC: $05edc (elapsed: 771729)
 WARN [Thread-2] (MspMote.java:229) - 34: # Watchdog[EXECUTION]: illegal write to WDTCTL (0) from $103ca - reset!!!!
Watchdog: illegal write to WDTCTL (0) from $103ca - reset!!!!
Stack Trace: number of calls: 5 PC: $103ca
  watchdog_reboot (packetbuf.c) called from PC: $24c30 (elapsed: 5)
  restart_time_synchronisation (packetbuf.c) called from PC: $159f2 (elapsed: 30573)
  process_thread_foure_timesynch_process (local in 4emac-timesynch.c) called from PC: $12738 (elapsed: 812020)
  call_process (local in process.c) called from PC: $1291c (elapsed: 812057)
  process_run (packetbuf.c) called from PC: $05edc (elapsed: 815159)
 WARN [Thread-2] (MspMote.java:229) - 5: # Watchdog[EXECUTION]: illegal write to WDTCTL (0) from $103ca - reset!!!!
Watchdog: illegal write to WDTCTL (0) from $103ca - reset!!!!
Stack Trace: number of calls: 5 PC: $103ca
  watchdog_reboot (packetbuf.c) called from PC: $24c30 (elapsed: 5)
  restart_time_synchronisation (packetbuf.c) called from PC: $159f2 (elapsed: 30447)
  process_thread_foure_timesynch_process (local in 4emac-timesynch.c) called from PC: $12738 (elapsed: 1142465)
  call_process (local in process.c) called from PC: $1291c (elapsed: 1142502)
  process_run (packetbuf.c) called from PC: $05edc (elapsed: 1145613)
 WARN [Thread-2] (MspMote.java:229) - 40: # Watchdog[EXECUTION]: illegal write to WDTCTL (0) from $103ca - reset!!!!
Watchdog: illegal write to WDTCTL (0) from $103ca - reset!!!!
Stack Trace: number of calls: 5 PC: $103ca
  watchdog_reboot (packetbuf.c) called from PC: $24c30 (elapsed: 5)
  restart_time_synchronisation (packetbuf.c) called from PC: $159f2 (elapsed: 30453)
  process_thread_foure_timesynch_process (local in 4emac-timesynch.c) called from PC: $12738 (elapsed: 642648)
  call_process (local in process.c) called from PC: $1291c (elapsed: 642685)
  process_run (packetbuf.c) called from PC: $05edc (elapsed: 645688)
 WARN [Thread-2] (MspMote.java:229) - 51: # Watchdog[EXECUTION]: illegal write to WDTCTL (0) from $103ca - reset!!!!
Watchdog: illegal write to WDTCTL (0) from $103ca - reset!!!!
Stack Trace: number of calls: 5 PC: $103ca
  watchdog_reboot (packetbuf.c) called from PC: $24c30 (elapsed: 5)
  restart_time_synchronisation (packetbuf.c) called from PC: $159f2 (elapsed: 64494)
  process_thread_foure_timesynch_process (local in 4emac-timesynch.c) called from PC: $12738 (elapsed: 807885)
  call_process (local in process.c) called from PC: $1291c (elapsed: 807922)
  process_run (packetbuf.c) called from PC: $05edc (elapsed: 810839)
 WARN [Thread-2] (MspMote.java:229) - 42: # Watchdog[EXECUTION]: illegal write to WDTCTL (0) from $103ca - reset!!!!
Watchdog: illegal write to WDTCTL (0) from $103ca - reset!!!!
Stack Trace: number of calls: 5 PC: $103ca
  watchdog_reboot (packetbuf.c) called from PC: $24c30 (elapsed: 5)
  restart_time_synchronisation (packetbuf.c) called from PC: $159f2 (elapsed: 30452)
  process_thread_foure_timesynch_process (local in 4emac-timesynch.c) called from PC: $12738 (elapsed: 781173)
  call_process (local in process.c) called from PC: $1291c (elapsed: 781210)
  process_run (packetbuf.c) called from PC: $05edc (elapsed: 784204)
 WARN [Thread-2] (MspMote.java:229) - 14: # Watchdog[EXECUTION]: illegal write to WDTCTL (0) from $103ca - reset!!!!
Watchdog: illegal write to WDTCTL (0) from $103ca - reset!!!!
Stack Trace: number of calls: 5 PC: $103ca
  watchdog_reboot (packetbuf.c) called from PC: $24c30 (elapsed: 5)
  restart_time_synchronisation (packetbuf.c) called from PC: $159f2 (elapsed: 30447)
  process_thread_foure_timesynch_process (local in 4emac-timesynch.c) called from PC: $12738 (elapsed: 834919)
  call_process (local in process.c) called from PC: $1291c (elapsed: 834956)
  process_run (packetbuf.c) called from PC: $05edc (elapsed: 838108)
 WARN [Thread-2] (MspMote.java:229) - 25: # Watchdog[EXECUTION]: illegal write to WDTCTL (0) from $103ca - reset!!!!
Watchdog: illegal write to WDTCTL (0) from $103ca - reset!!!!
Stack Trace: number of calls: 5 PC: $103ca
  watchdog_reboot (packetbuf.c) called from PC: $24c30 (elapsed: 5)
  restart_time_synchronisation (packetbuf.c) called from PC: $159f2 (elapsed: 30507)
  process_thread_foure_timesynch_process (local in 4emac-timesynch.c) called from PC: $12738 (elapsed: 1384453)
  call_process (local in process.c) called from PC: $1291c (elapsed: 1384490)
  process_run (packetbuf.c) called from PC: $05edc (elapsed: 1387405)
 WARN [Thread-2] (MspMote.java:229) - 22: # Watchdog[EXECUTION]: illegal write to WDTCTL (0) from $103ca - reset!!!!
Watchdog: illegal write to WDTCTL (0) from $103ca - reset!!!!
Stack Trace: number of calls: 5 PC: $103ca
  watchdog_reboot (packetbuf.c) called from PC: $24c30 (elapsed: 5)
  restart_time_synchronisation (packetbuf.c) called from PC: $159f2 (elapsed: 30452)
  process_thread_foure_timesynch_process (local in 4emac-timesynch.c) called from PC: $12738 (elapsed: 1289792)
  call_process (local in process.c) called from PC: $1291c (elapsed: 1289829)
  process_run (packetbuf.c) called from PC: $05edc (elapsed: 1292825)
 WARN [Thread-2] (MspMote.java:229) - 47: # Watchdog[EXECUTION]: illegal write to WDTCTL (0) from $103ca - reset!!!!
Watchdog: illegal write to WDTCTL (0) from $103ca - reset!!!!
Stack Trace: number of calls: 5 PC: $103ca
  watchdog_reboot (packetbuf.c) called from PC: $24c30 (elapsed: 5)
  restart_time_synchronisation (packetbuf.c) called from PC: $159f2 (elapsed: 58965)
  process_thread_foure_timesynch_process (local in 4emac-timesynch.c) called from PC: $12738 (elapsed: 671413)
  call_process (local in process.c) called from PC: $1291c (elapsed: 671450)
  process_run (packetbuf.c) called from PC: $05edc (elapsed: 674609)
 WARN [Thread-2] (MspMote.java:229) - 50: # Watchdog[EXECUTION]: illegal write to WDTCTL (0) from $103ca - reset!!!!
Watchdog: illegal write to WDTCTL (0) from $103ca - reset!!!!
Stack Trace: number of calls: 5 PC: $103ca
  watchdog_reboot (packetbuf.c) called from PC: $24c30 (elapsed: 5)
  restart_time_synchronisation (packetbuf.c) called from PC: $159f2 (elapsed: 30471)
  process_thread_foure_timesynch_process (local in 4emac-timesynch.c) called from PC: $12738 (elapsed: 705015)
  call_process (local in process.c) called from PC: $1291c (elapsed: 705052)
  process_run (packetbuf.c) called from PC: $05edc (elapsed: 708150)
 WARN [Thread-2] (MspMote.java:229) - 13: # Watchdog[EXECUTION]: illegal write to WDTCTL (0) from $103ca - reset!!!!
Watchdog: illegal write to WDTCTL (0) from $103ca - reset!!!!
Stack Trace: number of calls: 5 PC: $103ca
  watchdog_reboot (packetbuf.c) called from PC: $24c30 (elapsed: 5)
  restart_time_synchronisation (packetbuf.c) called from PC: $159f2 (elapsed: 30452)
  process_thread_foure_timesynch_process (local in 4emac-timesynch.c) called from PC: $12738 (elapsed: 668616)
  call_process (local in process.c) called from PC: $1291c (elapsed: 668653)
  process_run (packetbuf.c) called from PC: $05edc (elapsed: 671737)
 WARN [Thread-2] (MspMote.java:229) - 23: # Watchdog[EXECUTION]: illegal write to WDTCTL (0) from $103ca - reset!!!!
 INFO [Thread-2] (LogScriptEngine.java:375) - Timeout event @ 3800000000
 INFO [Thread-1] (LogScriptEngine.java:309) - Test script finished
 INFO [Thread-2] (Simulation.java:312) - Simulation main loop stopped, system time: 1790429847767	Duration: 9319603 ms	Simulated time 3800000 ms	Ratio 0.407742690327045
 INFO [AWT-EventQueue-1] (ScriptRunner.java:438) - Test script deactivated
