 INFO [main] (Cooja.java:1316) - > Starting Cooja
 INFO [main] (Cooja.java:2857) - External tools default settings: /external_tools_linux_64.config
 INFO [main] (Cooja.java:2887) - External tools user settings: /home/drhakanaydin/6tisch-ng-sra-v17-50-60-node-update/6tisch-ng-sra-v17/6tisch-ng-sra/results/rpl_root_gossip/grid60node_high_coverange_20260926_183508/cooja_external_tools.properties
FATAL [main] (Cooja.java:1941) - No plugin class: class org.contikios.cooja.plugins.CollectViewFull: org/jfree/data/time/RegularTimePeriod
 INFO [main] (Simulation.java:422) - Simulation random seed: 997117
 INFO [main] (CompileContiki.java:140) - > make border-router-server.exp5438 TARGET=exp5438 
Message:
Message:> make border-router-server.exp5438 TARGET=exp5438 
Message:../../../../Makefile.gcc:23: Warning: you're using an old version of msp430-gcc.
Message:../../../../Makefile.gcc:24: Upgrade to 4.7.x is recommended for extended memory support and bugfixes.
Message:make: 'border-router-server.exp5438' is up to date.
 INFO [main] (CompileContiki.java:140) - > make border-router-client.exp5438 TARGET=exp5438 
Message:
Message:> make border-router-client.exp5438 TARGET=exp5438 
Message:../../../../Makefile.gcc:23: Warning: you're using an old version of msp430-gcc.
Message:../../../../Makefile.gcc:24: Upgrade to 4.7.x is recommended for extended memory support and bugfixes.
Message:make: 'border-router-client.exp5438' is up to date.
 INFO [main] (MspMote.java:235) - Loading firmware from: /home/drhakanaydin/6tisch-ng-sra-v17-50-60-node-update/6tisch-ng-sra-v17/6tisch-ng-sra/examples/tsch/rpl-udp/border-router-client/border-router-client.exp5438
 INFO [main] (MspMote.java:235) - Loading firmware from: /home/drhakanaydin/6tisch-ng-sra-v17-50-60-node-update/6tisch-ng-sra-v17/6tisch-ng-sra/examples/tsch/rpl-udp/border-router-client/border-router-client.exp5438
 INFO [main] (MspMote.java:235) - Loading firmware from: /home/drhakanaydin/6tisch-ng-sra-v17-50-60-node-update/6tisch-ng-sra-v17/6tisch-ng-sra/examples/tsch/rpl-udp/border-router-client/border-router-client.exp5438
 INFO [main] (MspMote.java:235) - Loading firmware from: /home/drhakanaydin/6tisch-ng-sra-v17-50-60-node-update/6tisch-ng-sra-v17/6tisch-ng-sra/examples/tsch/rpl-udp/border-router-client/border-router-client.exp5438
 INFO [main] (MspMote.java:235) - Loading firmware from: /home/drhakanaydin/6tisch-ng-sra-v17-50-60-node-update/6tisch-ng-sra-v17/6tisch-ng-sra/examples/tsch/rpl-udp/border-router-client/border-router-client.exp5438
 INFO [main] (MspMote.java:235) - Loading firmware from: /home/drhakanaydin/6tisch-ng-sra-v17-50-60-node-update/6tisch-ng-sra-v17/6tisch-ng-sra/examples/tsch/rpl-udp/border-router-client/border-router-client.exp5438
 INFO [main] (MspMote.java:235) - Loading firmware from: /home/drhakanaydin/6tisch-ng-sra-v17-50-60-node-update/6tisch-ng-sra-v17/6tisch-ng-sra/examples/tsch/rpl-udp/border-router-server/border-router-server.exp5438
 INFO [main] (MspMote.java:235) - Loading firmware from: /home/drhakanaydin/6tisch-ng-sra-v17-50-60-node-update/6tisch-ng-sra-v17/6tisch-ng-sra/examples/tsch/rpl-udp/border-router-client/border-router-client.exp5438
 INFO [main] (MspMote.java:235) - Loading firmware from: /home/drhakanaydin/6tisch-ng-sra-v17-50-60-node-update/6tisch-ng-sra-v17/6tisch-ng-sra/examples/tsch/rpl-udp/border-router-client/border-router-client.exp5438
 INFO [main] (MspMote.java:235) - Loading firmware from: /home/drhakanaydin/6tisch-ng-sra-v17-50-60-node-update/6tisch-ng-sra-v17/6tisch-ng-sra/examples/tsch/rpl-udp/border-router-client/border-router-client.exp5438
 INFO [main] (MspMote.java:235) - Loading firmware from: /home/drhakanaydin/6tisch-ng-sra-v17-50-60-node-update/6tisch-ng-sra-v17/6tisch-ng-sra/examples/tsch/rpl-udp/border-router-client/border-router-client.exp5438
 INFO [main] (MspMote.java:235) - Loading firmware from: /home/drhakanaydin/6tisch-ng-sra-v17-50-60-node-update/6tisch-ng-sra-v17/6tisch-ng-sra/examples/tsch/rpl-udp/border-router-client/border-router-client.exp5438
 INFO [main] (MspMote.java:235) - Loading firmware from: /home/drhakanaydin/6tisch-ng-sra-v17-50-60-node-update/6tisch-ng-sra-v17/6tisch-ng-sra/examples/tsch/rpl-udp/border-router-client/border-router-client.exp5438
 INFO [main] (MspMote.java:235) - Loading firmware from: /home/drhakanaydin/6tisch-ng-sra-v17-50-60-node-update/6tisch-ng-sra-v17/6tisch-ng-sra/examples/tsch/rpl-udp/border-router-client/border-router-client.exp5438
 INFO [main] (MspMote.java:235) - Loading firmware from: /home/drhakanaydin/6tisch-ng-sra-v17-50-60-node-update/6tisch-ng-sra-v17/6tisch-ng-sra/examples/tsch/rpl-udp/border-router-client/border-router-client.exp5438
 INFO [main] (MspMote.java:235) - Loading firmware from: /home/drhakanaydin/6tisch-ng-sra-v17-50-60-node-update/6tisch-ng-sra-v17/6tisch-ng-sra/examples/tsch/rpl-udp/border-router-client/border-router-client.exp5438
 INFO [main] (MspMote.java:235) - Loading firmware from: /home/drhakanaydin/6tisch-ng-sra-v17-50-60-node-update/6tisch-ng-sra-v17/6tisch-ng-sra/examples/tsch/rpl-udp/border-router-client/border-router-client.exp5438
 INFO [main] (MspMote.java:235) - Loading firmware from: /home/drhakanaydin/6tisch-ng-sra-v17-50-60-node-update/6tisch-ng-sra-v17/6tisch-ng-sra/examples/tsch/rpl-udp/border-router-client/border-router-client.exp5438
 INFO [main] (MspMote.java:235) - Loading firmware from: /home/drhakanaydin/6tisch-ng-sra-v17-50-60-node-update/6tisch-ng-sra-v17/6tisch-ng-sra/examples/tsch/rpl-udp/border-router-client/border-router-client.exp5438
 INFO [main] (MspMote.java:235) - Loading firmware from: /home/drhakanaydin/6tisch-ng-sra-v17-50-60-node-update/6tisch-ng-sra-v17/6tisch-ng-sra/examples/tsch/rpl-udp/border-router-client/border-router-client.exp5438
 INFO [main] (MspMote.java:235) - Loading firmware from: /home/drhakanaydin/6tisch-ng-sra-v17-50-60-node-update/6tisch-ng-sra-v17/6tisch-ng-sra/examples/tsch/rpl-udp/border-router-client/border-router-client.exp5438
 INFO [main] (MspMote.java:235) - Loading firmware from: /home/drhakanaydin/6tisch-ng-sra-v17-50-60-node-update/6tisch-ng-sra-v17/6tisch-ng-sra/examples/tsch/rpl-udp/border-router-client/border-router-client.exp5438
 INFO [main] (MspMote.java:235) - Loading firmware from: /home/drhakanaydin/6tisch-ng-sra-v17-50-60-node-update/6tisch-ng-sra-v17/6tisch-ng-sra/examples/tsch/rpl-udp/border-router-client/border-router-client.exp5438
 INFO [main] (MspMote.java:235) - Loading firmware from: /home/drhakanaydin/6tisch-ng-sra-v17-50-60-node-update/6tisch-ng-sra-v17/6tisch-ng-sra/examples/tsch/rpl-udp/border-router-client/border-router-client.exp5438
 INFO [main] (MspMote.java:235) - Loading firmware from: /home/drhakanaydin/6tisch-ng-sra-v17-50-60-node-update/6tisch-ng-sra-v17/6tisch-ng-sra/examples/tsch/rpl-udp/border-router-client/border-router-client.exp5438
 INFO [main] (MspMote.java:235) - Loading firmware from: /home/drhakanaydin/6tisch-ng-sra-v17-50-60-node-update/6tisch-ng-sra-v17/6tisch-ng-sra/examples/tsch/rpl-udp/border-router-client/border-router-client.exp5438
 INFO [main] (MspMote.java:235) - Loading firmware from: /home/drhakanaydin/6tisch-ng-sra-v17-50-60-node-update/6tisch-ng-sra-v17/6tisch-ng-sra/examples/tsch/rpl-udp/border-router-client/border-router-client.exp5438
 INFO [main] (MspMote.java:235) - Loading firmware from: /home/drhakanaydin/6tisch-ng-sra-v17-50-60-node-update/6tisch-ng-sra-v17/6tisch-ng-sra/examples/tsch/rpl-udp/border-router-client/border-router-client.exp5438
 INFO [main] (MspMote.java:235) - Loading firmware from: /home/drhakanaydin/6tisch-ng-sra-v17-50-60-node-update/6tisch-ng-sra-v17/6tisch-ng-sra/examples/tsch/rpl-udp/border-router-client/border-router-client.exp5438
 INFO [main] (MspMote.java:235) - Loading firmware from: /home/drhakanaydin/6tisch-ng-sra-v17-50-60-node-update/6tisch-ng-sra-v17/6tisch-ng-sra/examples/tsch/rpl-udp/border-router-client/border-router-client.exp5438
 INFO [main] (MspMote.java:235) - Loading firmware from: /home/drhakanaydin/6tisch-ng-sra-v17-50-60-node-update/6tisch-ng-sra-v17/6tisch-ng-sra/examples/tsch/rpl-udp/border-router-client/border-router-client.exp5438
 INFO [main] (MspMote.java:235) - Loading firmware from: /home/drhakanaydin/6tisch-ng-sra-v17-50-60-node-update/6tisch-ng-sra-v17/6tisch-ng-sra/examples/tsch/rpl-udp/border-router-client/border-router-client.exp5438
 INFO [main] (MspMote.java:235) - Loading firmware from: /home/drhakanaydin/6tisch-ng-sra-v17-50-60-node-update/6tisch-ng-sra-v17/6tisch-ng-sra/examples/tsch/rpl-udp/border-router-client/border-router-client.exp5438
 INFO [main] (MspMote.java:235) - Loading firmware from: /home/drhakanaydin/6tisch-ng-sra-v17-50-60-node-update/6tisch-ng-sra-v17/6tisch-ng-sra/examples/tsch/rpl-udp/border-router-client/border-router-client.exp5438
 INFO [main] (MspMote.java:235) - Loading firmware from: /home/drhakanaydin/6tisch-ng-sra-v17-50-60-node-update/6tisch-ng-sra-v17/6tisch-ng-sra/examples/tsch/rpl-udp/border-router-client/border-router-client.exp5438
 INFO [main] (MspMote.java:235) - Loading firmware from: /home/drhakanaydin/6tisch-ng-sra-v17-50-60-node-update/6tisch-ng-sra-v17/6tisch-ng-sra/examples/tsch/rpl-udp/border-router-client/border-router-client.exp5438
 INFO [main] (MspMote.java:235) - Loading firmware from: /home/drhakanaydin/6tisch-ng-sra-v17-50-60-node-update/6tisch-ng-sra-v17/6tisch-ng-sra/examples/tsch/rpl-udp/border-router-client/border-router-client.exp5438
 INFO [main] (MspMote.java:235) - Loading firmware from: /home/drhakanaydin/6tisch-ng-sra-v17-50-60-node-update/6tisch-ng-sra-v17/6tisch-ng-sra/examples/tsch/rpl-udp/border-router-client/border-router-client.exp5438
 INFO [main] (MspMote.java:235) - Loading firmware from: /home/drhakanaydin/6tisch-ng-sra-v17-50-60-node-update/6tisch-ng-sra-v17/6tisch-ng-sra/examples/tsch/rpl-udp/border-router-client/border-router-client.exp5438
 INFO [main] (MspMote.java:235) - Loading firmware from: /home/drhakanaydin/6tisch-ng-sra-v17-50-60-node-update/6tisch-ng-sra-v17/6tisch-ng-sra/examples/tsch/rpl-udp/border-router-client/border-router-client.exp5438
 INFO [main] (MspMote.java:235) - Loading firmware from: /home/drhakanaydin/6tisch-ng-sra-v17-50-60-node-update/6tisch-ng-sra-v17/6tisch-ng-sra/examples/tsch/rpl-udp/border-router-client/border-router-client.exp5438
 INFO [main] (MspMote.java:235) - Loading firmware from: /home/drhakanaydin/6tisch-ng-sra-v17-50-60-node-update/6tisch-ng-sra-v17/6tisch-ng-sra/examples/tsch/rpl-udp/border-router-client/border-router-client.exp5438
 INFO [main] (MspMote.java:235) - Loading firmware from: /home/drhakanaydin/6tisch-ng-sra-v17-50-60-node-update/6tisch-ng-sra-v17/6tisch-ng-sra/examples/tsch/rpl-udp/border-router-client/border-router-client.exp5438
 INFO [main] (MspMote.java:235) - Loading firmware from: /home/drhakanaydin/6tisch-ng-sra-v17-50-60-node-update/6tisch-ng-sra-v17/6tisch-ng-sra/examples/tsch/rpl-udp/border-router-client/border-router-client.exp5438
 INFO [main] (MspMote.java:235) - Loading firmware from: /home/drhakanaydin/6tisch-ng-sra-v17-50-60-node-update/6tisch-ng-sra-v17/6tisch-ng-sra/examples/tsch/rpl-udp/border-router-client/border-router-client.exp5438
 INFO [main] (MspMote.java:235) - Loading firmware from: /home/drhakanaydin/6tisch-ng-sra-v17-50-60-node-update/6tisch-ng-sra-v17/6tisch-ng-sra/examples/tsch/rpl-udp/border-router-client/border-router-client.exp5438
 INFO [main] (MspMote.java:235) - Loading firmware from: /home/drhakanaydin/6tisch-ng-sra-v17-50-60-node-update/6tisch-ng-sra-v17/6tisch-ng-sra/examples/tsch/rpl-udp/border-router-client/border-router-client.exp5438
 INFO [main] (MspMote.java:235) - Loading firmware from: /home/drhakanaydin/6tisch-ng-sra-v17-50-60-node-update/6tisch-ng-sra-v17/6tisch-ng-sra/examples/tsch/rpl-udp/border-router-client/border-router-client.exp5438
 INFO [main] (MspMote.java:235) - Loading firmware from: /home/drhakanaydin/6tisch-ng-sra-v17-50-60-node-update/6tisch-ng-sra-v17/6tisch-ng-sra/examples/tsch/rpl-udp/border-router-client/border-router-client.exp5438
 INFO [main] (MspMote.java:235) - Loading firmware from: /home/drhakanaydin/6tisch-ng-sra-v17-50-60-node-update/6tisch-ng-sra-v17/6tisch-ng-sra/examples/tsch/rpl-udp/border-router-client/border-router-client.exp5438
 INFO [main] (MspMote.java:235) - Loading firmware from: /home/drhakanaydin/6tisch-ng-sra-v17-50-60-node-update/6tisch-ng-sra-v17/6tisch-ng-sra/examples/tsch/rpl-udp/border-router-client/border-router-client.exp5438
 INFO [main] (MspMote.java:235) - Loading firmware from: /home/drhakanaydin/6tisch-ng-sra-v17-50-60-node-update/6tisch-ng-sra-v17/6tisch-ng-sra/examples/tsch/rpl-udp/border-router-client/border-router-client.exp5438
 INFO [main] (MspMote.java:235) - Loading firmware from: /home/drhakanaydin/6tisch-ng-sra-v17-50-60-node-update/6tisch-ng-sra-v17/6tisch-ng-sra/examples/tsch/rpl-udp/border-router-client/border-router-client.exp5438
 INFO [main] (MspMote.java:235) - Loading firmware from: /home/drhakanaydin/6tisch-ng-sra-v17-50-60-node-update/6tisch-ng-sra-v17/6tisch-ng-sra/examples/tsch/rpl-udp/border-router-client/border-router-client.exp5438
 INFO [main] (MspMote.java:235) - Loading firmware from: /home/drhakanaydin/6tisch-ng-sra-v17-50-60-node-update/6tisch-ng-sra-v17/6tisch-ng-sra/examples/tsch/rpl-udp/border-router-client/border-router-client.exp5438
 INFO [main] (MspMote.java:235) - Loading firmware from: /home/drhakanaydin/6tisch-ng-sra-v17-50-60-node-update/6tisch-ng-sra-v17/6tisch-ng-sra/examples/tsch/rpl-udp/border-router-client/border-router-client.exp5438
 INFO [main] (MspMote.java:235) - Loading firmware from: /home/drhakanaydin/6tisch-ng-sra-v17-50-60-node-update/6tisch-ng-sra-v17/6tisch-ng-sra/examples/tsch/rpl-udp/border-router-client/border-router-client.exp5438
 INFO [main] (MspMote.java:235) - Loading firmware from: /home/drhakanaydin/6tisch-ng-sra-v17-50-60-node-update/6tisch-ng-sra-v17/6tisch-ng-sra/examples/tsch/rpl-udp/border-router-client/border-router-client.exp5438
 INFO [main] (MspMote.java:235) - Loading firmware from: /home/drhakanaydin/6tisch-ng-sra-v17-50-60-node-update/6tisch-ng-sra-v17/6tisch-ng-sra/examples/tsch/rpl-udp/border-router-client/border-router-client.exp5438
 INFO [main] (MspMote.java:235) - Loading firmware from: /home/drhakanaydin/6tisch-ng-sra-v17-50-60-node-update/6tisch-ng-sra-v17/6tisch-ng-sra/examples/tsch/rpl-udp/border-router-client/border-router-client.exp5438
 INFO [main] (MspMote.java:235) - Loading firmware from: /home/drhakanaydin/6tisch-ng-sra-v17-50-60-node-update/6tisch-ng-sra-v17/6tisch-ng-sra/examples/tsch/rpl-udp/border-router-client/border-router-client.exp5438
 INFO [main] (Cooja.java:1782) - Visualized plugin was not started: class org.contikios.cooja.plugins.SimControl
 INFO [main] (Cooja.java:1782) - Visualized plugin was not started: class org.contikios.cooja.plugins.Visualizer
 INFO [main] (Cooja.java:1782) - Visualized plugin was not started: class org.contikios.cooja.plugins.LogListener
 INFO [main] (Cooja.java:1782) - Visualized plugin was not started: class org.contikios.cooja.plugins.TimeLine
 INFO [main] (ScriptRunner.java:438) - Test script deactivated
 INFO [main] (LogScriptEngine.java:265) - Script timeout in 3800000 ms
 INFO [main] (ScriptRunner.java:395) - Test script activated
 INFO [Thread-2] (Simulation.java:253) - Simulation main loop started, system time: 1790436924906
 INFO [main] (Mobility.java:84) - Mobility plugin started at (ms): 142
 INFO [main] (Mobility.java:116) - Parsing position file: /home/drhakanaydin/6tisch-ng-sra-v17-50-60-node-update/6tisch-ng-sra-v17/6tisch-ng-sra/tools/cooja/apps/mobility/grid60node_high.dat
 INFO [main] (Mobility.java:141) - Loaded 3601 positions
Watchdog: illegal write to WDTCTL (0) from $103ca - reset!!!!
Stack Trace: number of calls: 5 PC: $103ca
  watchdog_reboot (packetbuf.c) called from PC: $24d44 (elapsed: 5)
  restart_time_synchronisation (packetbuf.c) called from PC: $15abe (elapsed: 30452)
  process_thread_foure_timesynch_process (local in 4emac-timesynch.c) called from PC: $12738 (elapsed: 803418)
  call_process (local in process.c) called from PC: $1291c (elapsed: 803455)
  process_run (packetbuf.c) called from PC: $05edc (elapsed: 806727)
 WARN [Thread-2] (MspMote.java:229) - 22: # Watchdog[EXECUTION]: illegal write to WDTCTL (0) from $103ca - reset!!!!
Watchdog: illegal write to WDTCTL (0) from $103ca - reset!!!!
Stack Trace: number of calls: 5 PC: $103ca
  watchdog_reboot (packetbuf.c) called from PC: $24d44 (elapsed: 5)
  restart_time_synchronisation (packetbuf.c) called from PC: $15abe (elapsed: 30447)
  process_thread_foure_timesynch_process (local in 4emac-timesynch.c) called from PC: $12738 (elapsed: 1120589)
  call_process (local in process.c) called from PC: $1291c (elapsed: 1120626)
  process_run (packetbuf.c) called from PC: $05edc (elapsed: 1124726)
 WARN [Thread-2] (MspMote.java:229) - 15: # Watchdog[EXECUTION]: illegal write to WDTCTL (0) from $103ca - reset!!!!
Watchdog: illegal write to WDTCTL (0) from $103ca - reset!!!!
Stack Trace: number of calls: 5 PC: $103ca
  watchdog_reboot (packetbuf.c) called from PC: $24d44 (elapsed: 5)
  restart_time_synchronisation (packetbuf.c) called from PC: $15abe (elapsed: 30455)
  process_thread_foure_timesynch_process (local in 4emac-timesynch.c) called from PC: $12738 (elapsed: 1383232)
  call_process (local in process.c) called from PC: $1291c (elapsed: 1383269)
  process_run (packetbuf.c) called from PC: $05edc (elapsed: 1386676)
 WARN [Thread-2] (MspMote.java:229) - 6: # Watchdog[EXECUTION]: illegal write to WDTCTL (0) from $103ca - reset!!!!
Watchdog: illegal write to WDTCTL (0) from $103ca - reset!!!!
Stack Trace: number of calls: 5 PC: $103ca
  watchdog_reboot (packetbuf.c) called from PC: $24d44 (elapsed: 5)
  restart_time_synchronisation (packetbuf.c) called from PC: $15abe (elapsed: 55713)
  process_thread_foure_timesynch_process (local in 4emac-timesynch.c) called from PC: $12738 (elapsed: 530428)
  call_process (local in process.c) called from PC: $1291c (elapsed: 530465)
  process_run (packetbuf.c) called from PC: $05edc (elapsed: 533899)
 WARN [Thread-2] (MspMote.java:229) - 36: # Watchdog[EXECUTION]: illegal write to WDTCTL (0) from $103ca - reset!!!!
 INFO [Thread-2] (LogScriptEngine.java:389) - Test script at 5.00%, done in 8627.6 sec
Watchdog: illegal write to WDTCTL (0) from $103ca - reset!!!!
Stack Trace: number of calls: 5 PC: $103ca
  watchdog_reboot (packetbuf.c) called from PC: $24d44 (elapsed: 5)
  restart_time_synchronisation (packetbuf.c) called from PC: $15abe (elapsed: 30452)
  process_thread_foure_timesynch_process (local in 4emac-timesynch.c) called from PC: $12738 (elapsed: 673829)
  call_process (local in process.c) called from PC: $1291c (elapsed: 673866)
  process_run (packetbuf.c) called from PC: $05edc (elapsed: 676901)
 WARN [Thread-2] (MspMote.java:229) - 9: # Watchdog[EXECUTION]: illegal write to WDTCTL (0) from $103ca - reset!!!!
Watchdog: illegal write to WDTCTL (0) from $103ca - reset!!!!
Stack Trace: number of calls: 5 PC: $103ca
  watchdog_reboot (packetbuf.c) called from PC: $24d44 (elapsed: 5)
  restart_time_synchronisation (packetbuf.c) called from PC: $15abe (elapsed: 31364)
  process_thread_foure_timesynch_process (local in 4emac-timesynch.c) called from PC: $12738 (elapsed: 237596)
  call_process (local in process.c) called from PC: $1291c (elapsed: 237633)
  process_run (packetbuf.c) called from PC: $05edc (elapsed: 239959)
 WARN [Thread-2] (MspMote.java:229) - 37: # Watchdog[EXECUTION]: illegal write to WDTCTL (0) from $103ca - reset!!!!
Watchdog: illegal write to WDTCTL (0) from $103ca - reset!!!!
Stack Trace: number of calls: 5 PC: $103ca
  watchdog_reboot (packetbuf.c) called from PC: $24d44 (elapsed: 5)
  restart_time_synchronisation (packetbuf.c) called from PC: $15abe (elapsed: 30447)
  process_thread_foure_timesynch_process (local in 4emac-timesynch.c) called from PC: $12738 (elapsed: 1077758)
  call_process (local in process.c) called from PC: $1291c (elapsed: 1077795)
  process_run (packetbuf.c) called from PC: $05edc (elapsed: 1081460)
 WARN [Thread-2] (MspMote.java:229) - 21: # Watchdog[EXECUTION]: illegal write to WDTCTL (0) from $103ca - reset!!!!
Watchdog: illegal write to WDTCTL (0) from $103ca - reset!!!!
Stack Trace: number of calls: 5 PC: $103ca
  watchdog_reboot (packetbuf.c) called from PC: $24d44 (elapsed: 5)
  restart_time_synchronisation (packetbuf.c) called from PC: $15abe (elapsed: 33965)
  process_thread_foure_timesynch_process (local in 4emac-timesynch.c) called from PC: $12738 (elapsed: 647432)
  call_process (local in process.c) called from PC: $1291c (elapsed: 647469)
  process_run (packetbuf.c) called from PC: $05edc (elapsed: 651571)
 WARN [Thread-2] (MspMote.java:229) - 29: # Watchdog[EXECUTION]: illegal write to WDTCTL (0) from $103ca - reset!!!!
Watchdog: illegal write to WDTCTL (0) from $103ca - reset!!!!
Stack Trace: number of calls: 5 PC: $103ca
  watchdog_reboot (packetbuf.c) called from PC: $24d44 (elapsed: 5)
  restart_time_synchronisation (packetbuf.c) called from PC: $15abe (elapsed: 30452)
  process_thread_foure_timesynch_process (local in 4emac-timesynch.c) called from PC: $12738 (elapsed: 911193)
  call_process (local in process.c) called from PC: $1291c (elapsed: 911230)
  process_run (packetbuf.c) called from PC: $05edc (elapsed: 914423)
 WARN [Thread-2] (MspMote.java:229) - 25: # Watchdog[EXECUTION]: illegal write to WDTCTL (0) from $103ca - reset!!!!
Watchdog: illegal write to WDTCTL (0) from $103ca - reset!!!!
Stack Trace: number of calls: 5 PC: $103ca
  watchdog_reboot (packetbuf.c) called from PC: $24d44 (elapsed: 5)
  restart_time_synchronisation (packetbuf.c) called from PC: $15abe (elapsed: 30453)
  process_thread_foure_timesynch_process (local in 4emac-timesynch.c) called from PC: $12738 (elapsed: 940849)
  call_process (local in process.c) called from PC: $1291c (elapsed: 940886)
  process_run (packetbuf.c) called from PC: $05edc (elapsed: 944079)
 WARN [Thread-2] (MspMote.java:229) - 8: # Watchdog[EXECUTION]: illegal write to WDTCTL (0) from $103ca - reset!!!!
Watchdog: illegal write to WDTCTL (0) from $103ca - reset!!!!
Stack Trace: number of calls: 5 PC: $103ca
  watchdog_reboot (packetbuf.c) called from PC: $24d44 (elapsed: 5)
  restart_time_synchronisation (packetbuf.c) called from PC: $15abe (elapsed: 30453)
  process_thread_foure_timesynch_process (local in 4emac-timesynch.c) called from PC: $12738 (elapsed: 1146333)
  call_process (local in process.c) called from PC: $1291c (elapsed: 1146370)
  process_run (packetbuf.c) called from PC: $05edc (elapsed: 1149671)
 WARN [Thread-2] (MspMote.java:229) - 31: # Watchdog[EXECUTION]: illegal write to WDTCTL (0) from $103ca - reset!!!!
Watchdog: illegal write to WDTCTL (0) from $103ca - reset!!!!
Stack Trace: number of calls: 5 PC: $103ca
  watchdog_reboot (packetbuf.c) called from PC: $24d44 (elapsed: 5)
  restart_time_synchronisation (packetbuf.c) called from PC: $15abe (elapsed: 31364)
  process_thread_foure_timesynch_process (local in 4emac-timesynch.c) called from PC: $12738 (elapsed: 185582)
  call_process (local in process.c) called from PC: $1291c (elapsed: 185619)
  process_run (packetbuf.c) called from PC: $05edc (elapsed: 188941)
 WARN [Thread-2] (MspMote.java:229) - 27: # Watchdog[EXECUTION]: illegal write to WDTCTL (0) from $103ca - reset!!!!
Watchdog: illegal write to WDTCTL (0) from $103ca - reset!!!!
Stack Trace: number of calls: 5 PC: $103ca
  watchdog_reboot (packetbuf.c) called from PC: $24d44 (elapsed: 5)
  restart_time_synchronisation (packetbuf.c) called from PC: $15abe (elapsed: 30452)
  process_thread_foure_timesynch_process (local in 4emac-timesynch.c) called from PC: $12738 (elapsed: 828798)
  call_process (local in process.c) called from PC: $1291c (elapsed: 828835)
  process_run (packetbuf.c) called from PC: $05edc (elapsed: 953983)
 WARN [Thread-2] (MspMote.java:229) - 42: # Watchdog[EXECUTION]: illegal write to WDTCTL (0) from $103ca - reset!!!!
Watchdog: illegal write to WDTCTL (0) from $103ca - reset!!!!
Stack Trace: number of calls: 5 PC: $103ca
  watchdog_reboot (packetbuf.c) called from PC: $24d44 (elapsed: 5)
  restart_time_synchronisation (packetbuf.c) called from PC: $15abe (elapsed: 30452)
  process_thread_foure_timesynch_process (local in 4emac-timesynch.c) called from PC: $12738 (elapsed: 1239405)
  call_process (local in process.c) called from PC: $1291c (elapsed: 1239442)
  process_run (packetbuf.c) called from PC: $05edc (elapsed: 1242795)
 WARN [Thread-2] (MspMote.java:229) - 35: # Watchdog[EXECUTION]: illegal write to WDTCTL (0) from $103ca - reset!!!!
Watchdog: illegal write to WDTCTL (0) from $103ca - reset!!!!
Stack Trace: number of calls: 5 PC: $103ca
  watchdog_reboot (packetbuf.c) called from PC: $24d44 (elapsed: 5)
  restart_time_synchronisation (packetbuf.c) called from PC: $15abe (elapsed: 30452)
  process_thread_foure_timesynch_process (local in 4emac-timesynch.c) called from PC: $12738 (elapsed: 675531)
  call_process (local in process.c) called from PC: $1291c (elapsed: 675568)
  process_run (packetbuf.c) called from PC: $05edc (elapsed: 678759)
 WARN [Thread-2] (MspMote.java:229) - 37: # Watchdog[EXECUTION]: illegal write to WDTCTL (0) from $103ca - reset!!!!
Watchdog: illegal write to WDTCTL (0) from $103ca - reset!!!!
Stack Trace: number of calls: 5 PC: $103ca
  watchdog_reboot (packetbuf.c) called from PC: $24d44 (elapsed: 5)
  restart_time_synchronisation (packetbuf.c) called from PC: $15abe (elapsed: 30452)
  process_thread_foure_timesynch_process (local in 4emac-timesynch.c) called from PC: $12738 (elapsed: 841355)
  call_process (local in process.c) called from PC: $1291c (elapsed: 841392)
  process_run (packetbuf.c) called from PC: $05edc (elapsed: 844664)
 WARN [Thread-2] (MspMote.java:229) - 46: # Watchdog[EXECUTION]: illegal write to WDTCTL (0) from $103ca - reset!!!!
Watchdog: illegal write to WDTCTL (0) from $103ca - reset!!!!
Stack Trace: number of calls: 5 PC: $103ca
  watchdog_reboot (packetbuf.c) called from PC: $24d44 (elapsed: 5)
  restart_time_synchronisation (packetbuf.c) called from PC: $15abe (elapsed: 30447)
  process_thread_foure_timesynch_process (local in 4emac-timesynch.c) called from PC: $12738 (elapsed: 950763)
  call_process (local in process.c) called from PC: $1291c (elapsed: 950800)
  process_run (packetbuf.c) called from PC: $05edc (elapsed: 954261)
 WARN [Thread-2] (MspMote.java:229) - 47: # Watchdog[EXECUTION]: illegal write to WDTCTL (0) from $103ca - reset!!!!
Watchdog: illegal write to WDTCTL (0) from $103ca - reset!!!!
Stack Trace: number of calls: 5 PC: $103ca
  watchdog_reboot (packetbuf.c) called from PC: $24d44 (elapsed: 5)
  restart_time_synchronisation (packetbuf.c) called from PC: $15abe (elapsed: 30452)
  process_thread_foure_timesynch_process (local in 4emac-timesynch.c) called from PC: $12738 (elapsed: 842787)
  call_process (local in process.c) called from PC: $1291c (elapsed: 842824)
  process_run (packetbuf.c) called from PC: $05edc (elapsed: 845859)
 WARN [Thread-2] (MspMote.java:229) - 36: # Watchdog[EXECUTION]: illegal write to WDTCTL (0) from $103ca - reset!!!!
Watchdog: illegal write to WDTCTL (0) from $103ca - reset!!!!
Stack Trace: number of calls: 5 PC: $103ca
  watchdog_reboot (packetbuf.c) called from PC: $24d44 (elapsed: 5)
  restart_time_synchronisation (packetbuf.c) called from PC: $15abe (elapsed: 59658)
  process_thread_foure_timesynch_process (local in 4emac-timesynch.c) called from PC: $12738 (elapsed: 671657)
  call_process (local in process.c) called from PC: $1291c (elapsed: 671694)
  process_run (packetbuf.c) called from PC: $05edc (elapsed: 674729)
 WARN [Thread-2] (MspMote.java:229) - 51: # Watchdog[EXECUTION]: illegal write to WDTCTL (0) from $103ca - reset!!!!
 INFO [Thread-2] (LogScriptEngine.java:389) - Test script at 10.00%, done in 8339.3 sec
Watchdog: illegal write to WDTCTL (0) from $103ca - reset!!!!
Stack Trace: number of calls: 5 PC: $103ca
  watchdog_reboot (packetbuf.c) called from PC: $24d44 (elapsed: 5)
  restart_time_synchronisation (packetbuf.c) called from PC: $15abe (elapsed: 30452)
  process_thread_foure_timesynch_process (local in 4emac-timesynch.c) called from PC: $12738 (elapsed: 669429)
  call_process (local in process.c) called from PC: $1291c (elapsed: 669466)
  process_run (packetbuf.c) called from PC: $05edc (elapsed: 672580)
 WARN [Thread-2] (MspMote.java:229) - 25: # Watchdog[EXECUTION]: illegal write to WDTCTL (0) from $103ca - reset!!!!
Watchdog: illegal write to WDTCTL (0) from $103ca - reset!!!!
Stack Trace: number of calls: 5 PC: $103ca
  watchdog_reboot (packetbuf.c) called from PC: $24d44 (elapsed: 5)
  restart_time_synchronisation (packetbuf.c) called from PC: $15abe (elapsed: 30452)
  process_thread_foure_timesynch_process (local in 4emac-timesynch.c) called from PC: $12738 (elapsed: 673094)
  call_process (local in process.c) called from PC: $1291c (elapsed: 673131)
  process_run (packetbuf.c) called from PC: $05edc (elapsed: 676406)
 WARN [Thread-2] (MspMote.java:229) - 34: # Watchdog[EXECUTION]: illegal write to WDTCTL (0) from $103ca - reset!!!!
Watchdog: illegal write to WDTCTL (0) from $103ca - reset!!!!
Stack Trace: number of calls: 5 PC: $103ca
  watchdog_reboot (packetbuf.c) called from PC: $24d44 (elapsed: 5)
  restart_time_synchronisation (packetbuf.c) called from PC: $15abe (elapsed: 30452)
  process_thread_foure_timesynch_process (local in 4emac-timesynch.c) called from PC: $12738 (elapsed: 1294986)
  call_process (local in process.c) called from PC: $1291c (elapsed: 1295023)
  process_run (packetbuf.c) called from PC: $05edc (elapsed: 1299218)
 WARN [Thread-2] (MspMote.java:229) - 39: # Watchdog[EXECUTION]: illegal write to WDTCTL (0) from $103ca - reset!!!!
Watchdog: illegal write to WDTCTL (0) from $103ca - reset!!!!
Stack Trace: number of calls: 5 PC: $103ca
  watchdog_reboot (packetbuf.c) called from PC: $24d44 (elapsed: 5)
  restart_time_synchronisation (packetbuf.c) called from PC: $15abe (elapsed: 31365)
  process_thread_foure_timesynch_process (local in 4emac-timesynch.c) called from PC: $12738 (elapsed: 185621)
  call_process (local in process.c) called from PC: $1291c (elapsed: 185658)
  process_run (packetbuf.c) called from PC: $05edc (elapsed: 188901)
 WARN [Thread-2] (MspMote.java:229) - 37: # Watchdog[EXECUTION]: illegal write to WDTCTL (0) from $103ca - reset!!!!
Watchdog: illegal write to WDTCTL (0) from $103ca - reset!!!!
Stack Trace: number of calls: 5 PC: $103ca
  watchdog_reboot (packetbuf.c) called from PC: $24d44 (elapsed: 5)
  restart_time_synchronisation (packetbuf.c) called from PC: $15abe (elapsed: 30452)
  process_thread_foure_timesynch_process (local in 4emac-timesynch.c) called from PC: $12738 (elapsed: 1233861)
  call_process (local in process.c) called from PC: $1291c (elapsed: 1233898)
  process_run (packetbuf.c) called from PC: $05edc (elapsed: 1237094)
 WARN [Thread-2] (MspMote.java:229) - 45: # Watchdog[EXECUTION]: illegal write to WDTCTL (0) from $103ca - reset!!!!
Watchdog: illegal write to WDTCTL (0) from $103ca - reset!!!!
Stack Trace: number of calls: 5 PC: $103ca
  watchdog_reboot (packetbuf.c) called from PC: $24d44 (elapsed: 5)
  restart_time_synchronisation (packetbuf.c) called from PC: $15abe (elapsed: 30452)
  process_thread_foure_timesynch_process (local in 4emac-timesynch.c) called from PC: $12738 (elapsed: 1284324)
  call_process (local in process.c) called from PC: $1291c (elapsed: 1284361)
  process_run (packetbuf.c) called from PC: $05edc (elapsed: 1287559)
 WARN [Thread-2] (MspMote.java:229) - 50: # Watchdog[EXECUTION]: illegal write to WDTCTL (0) from $103ca - reset!!!!
Watchdog: illegal write to WDTCTL (0) from $103ca - reset!!!!
Stack Trace: number of calls: 5 PC: $103ca
  watchdog_reboot (packetbuf.c) called from PC: $24d44 (elapsed: 5)
  restart_time_synchronisation (packetbuf.c) called from PC: $15abe (elapsed: 31359)
  process_thread_foure_timesynch_process (local in 4emac-timesynch.c) called from PC: $12738 (elapsed: 185593)
  call_process (local in process.c) called from PC: $1291c (elapsed: 185630)
  process_run (packetbuf.c) called from PC: $05edc (elapsed: 188031)
 WARN [Thread-2] (MspMote.java:229) - 27: # Watchdog[EXECUTION]: illegal write to WDTCTL (0) from $103ca - reset!!!!
Watchdog: illegal write to WDTCTL (0) from $103ca - reset!!!!
Stack Trace: number of calls: 5 PC: $103ca
  watchdog_reboot (packetbuf.c) called from PC: $24d44 (elapsed: 5)
  restart_time_synchronisation (packetbuf.c) called from PC: $15abe (elapsed: 30452)
  process_thread_foure_timesynch_process (local in 4emac-timesynch.c) called from PC: $12738 (elapsed: 1216791)
  call_process (local in process.c) called from PC: $1291c (elapsed: 1216828)
  process_run (packetbuf.c) called from PC: $05edc (elapsed: 1220098)
 WARN [Thread-2] (MspMote.java:229) - 6: # Watchdog[EXECUTION]: illegal write to WDTCTL (0) from $103ca - reset!!!!
Watchdog: illegal write to WDTCTL (0) from $103ca - reset!!!!
Stack Trace: number of calls: 5 PC: $103ca
  watchdog_reboot (packetbuf.c) called from PC: $24d44 (elapsed: 5)
  restart_time_synchronisation (packetbuf.c) called from PC: $15abe (elapsed: 30452)
  process_thread_foure_timesynch_process (local in 4emac-timesynch.c) called from PC: $12738 (elapsed: 502395)
  call_process (local in process.c) called from PC: $1291c (elapsed: 502432)
  process_run (packetbuf.c) called from PC: $05edc (elapsed: 505547)
 WARN [Thread-2] (MspMote.java:229) - 52: # Watchdog[EXECUTION]: illegal write to WDTCTL (0) from $103ca - reset!!!!
Watchdog: illegal write to WDTCTL (0) from $103ca - reset!!!!
Stack Trace: number of calls: 5 PC: $103ca
  watchdog_reboot (packetbuf.c) called from PC: $24d44 (elapsed: 5)
  restart_time_synchronisation (packetbuf.c) called from PC: $15abe (elapsed: 30452)
  process_thread_foure_timesynch_process (local in 4emac-timesynch.c) called from PC: $12738 (elapsed: 1094428)
  call_process (local in process.c) called from PC: $1291c (elapsed: 1094465)
  process_run (packetbuf.c) called from PC: $05edc (elapsed: 1097696)
 WARN [Thread-2] (MspMote.java:229) - 44: # Watchdog[EXECUTION]: illegal write to WDTCTL (0) from $103ca - reset!!!!
Watchdog: illegal write to WDTCTL (0) from $103ca - reset!!!!
Stack Trace: number of calls: 11 PC: $103ca
  watchdog_reboot (packetbuf.c) called from PC: $24d44 (elapsed: 5)
  restart_time_synchronisation (packetbuf.c) called from PC: $14fba (elapsed: 31365)
  foure_timesynch_parent_switch_callback (packetbuf.c) called from PC: $1ea70 (elapsed: 69446)
  rpl_set_preferred_parent (local in rpl-dag.c) called from PC: $1f0a0 (elapsed: 192383)
  rpl_nullify_parent (packetbuf.c) called from PC: $1fd3a (elapsed: 409963)
  rpl_process_parent_event (packetbuf.c) called from PC: $1fdd2 (elapsed: 504263)
  rpl_recalculate_ranks (packetbuf.c) called from PC: $2383a (elapsed: 504690)
  handle_periodic_timer (local in rpl-timers.c) called from PC: $1219c (elapsed: 504957)
  process_thread_ctimer_process (local in ctimer.c) called from PC: $12738 (elapsed: 505182)
  call_process (local in process.c) called from PC: $1291c (elapsed: 505219)
  process_run (packetbuf.c) called from PC: $05edc (elapsed: 508477)
 WARN [Thread-2] (MspMote.java:229) - 57: # Watchdog[EXECUTION]: illegal write to WDTCTL (0) from $103ca - reset!!!!
Watchdog: illegal write to WDTCTL (0) from $103ca - reset!!!!
Stack Trace: number of calls: 5 PC: $103ca
  watchdog_reboot (packetbuf.c) called from PC: $24d44 (elapsed: 5)
  restart_time_synchronisation (packetbuf.c) called from PC: $15abe (elapsed: 30651)
  process_thread_foure_timesynch_process (local in 4emac-timesynch.c) called from PC: $12738 (elapsed: 811845)
  call_process (local in process.c) called from PC: $1291c (elapsed: 811882)
  process_run (packetbuf.c) called from PC: $05edc (elapsed: 815159)
 WARN [Thread-2] (MspMote.java:229) - 15: # Watchdog[EXECUTION]: illegal write to WDTCTL (0) from $103ca - reset!!!!
Watchdog: illegal write to WDTCTL (0) from $103ca - reset!!!!
Stack Trace: number of calls: 5 PC: $103ca
  watchdog_reboot (packetbuf.c) called from PC: $24d44 (elapsed: 5)
  restart_time_synchronisation (packetbuf.c) called from PC: $15abe (elapsed: 30452)
  process_thread_foure_timesynch_process (local in 4emac-timesynch.c) called from PC: $12738 (elapsed: 668946)
  call_process (local in process.c) called from PC: $1291c (elapsed: 668983)
  process_run (packetbuf.c) called from PC: $05edc (elapsed: 672183)
 WARN [Thread-2] (MspMote.java:229) - 4: # Watchdog[EXECUTION]: illegal write to WDTCTL (0) from $103ca - reset!!!!
 INFO [Thread-2] (LogScriptEngine.java:389) - Test script at 15.00%, done in 8046.6 sec
Watchdog: illegal write to WDTCTL (0) from $103ca - reset!!!!
Stack Trace: number of calls: 5 PC: $103ca
  watchdog_reboot (packetbuf.c) called from PC: $24d44 (elapsed: 5)
  restart_time_synchronisation (packetbuf.c) called from PC: $15abe (elapsed: 30453)
  process_thread_foure_timesynch_process (local in 4emac-timesynch.c) called from PC: $12738 (elapsed: 504306)
  call_process (local in process.c) called from PC: $1291c (elapsed: 504343)
  process_run (packetbuf.c) called from PC: $05edc (elapsed: 507466)
 WARN [Thread-2] (MspMote.java:229) - 1: # Watchdog[EXECUTION]: illegal write to WDTCTL (0) from $103ca - reset!!!!
Watchdog: illegal write to WDTCTL (0) from $103ca - reset!!!!
Stack Trace: number of calls: 5 PC: $103ca
  watchdog_reboot (packetbuf.c) called from PC: $24d44 (elapsed: 5)
  restart_time_synchronisation (packetbuf.c) called from PC: $15abe (elapsed: 30453)
  process_thread_foure_timesynch_process (local in 4emac-timesynch.c) called from PC: $12738 (elapsed: 504440)
  call_process (local in process.c) called from PC: $1291c (elapsed: 504477)
  process_run (packetbuf.c) called from PC: $05edc (elapsed: 507749)
 WARN [Thread-2] (MspMote.java:229) - 31: # Watchdog[EXECUTION]: illegal write to WDTCTL (0) from $103ca - reset!!!!
Watchdog: illegal write to WDTCTL (0) from $103ca - reset!!!!
Stack Trace: number of calls: 5 PC: $103ca
  watchdog_reboot (packetbuf.c) called from PC: $24d44 (elapsed: 5)
  restart_time_synchronisation (packetbuf.c) called from PC: $15abe (elapsed: 30452)
  process_thread_foure_timesynch_process (local in 4emac-timesynch.c) called from PC: $12738 (elapsed: 1104691)
  call_process (local in process.c) called from PC: $1291c (elapsed: 1104728)
  process_run (packetbuf.c) called from PC: $05edc (elapsed: 1109561)
 WARN [Thread-2] (MspMote.java:229) - 43: # Watchdog[EXECUTION]: illegal write to WDTCTL (0) from $103ca - reset!!!!
Watchdog: illegal write to WDTCTL (0) from $103ca - reset!!!!
Stack Trace: number of calls: 5 PC: $103ca
  watchdog_reboot (packetbuf.c) called from PC: $24d44 (elapsed: 5)
  restart_time_synchronisation (packetbuf.c) called from PC: $15abe (elapsed: 30591)
  process_thread_foure_timesynch_process (local in 4emac-timesynch.c) called from PC: $12738 (elapsed: 809736)
  call_process (local in process.c) called from PC: $1291c (elapsed: 809773)
  process_run (packetbuf.c) called from PC: $05edc (elapsed: 812923)
 WARN [Thread-2] (MspMote.java:229) - 53: # Watchdog[EXECUTION]: illegal write to WDTCTL (0) from $103ca - reset!!!!
Watchdog: illegal write to WDTCTL (0) from $103ca - reset!!!!
Stack Trace: number of calls: 5 PC: $103ca
  watchdog_reboot (packetbuf.c) called from PC: $24d44 (elapsed: 5)
  restart_time_synchronisation (packetbuf.c) called from PC: $15abe (elapsed: 30452)
  process_thread_foure_timesynch_process (local in 4emac-timesynch.c) called from PC: $12738 (elapsed: 638141)
  call_process (local in process.c) called from PC: $1291c (elapsed: 638178)
  process_run (packetbuf.c) called from PC: $05edc (elapsed: 641299)
 WARN [Thread-2] (MspMote.java:229) - 26: # Watchdog[EXECUTION]: illegal write to WDTCTL (0) from $103ca - reset!!!!
Watchdog: illegal write to WDTCTL (0) from $103ca - reset!!!!
Stack Trace: number of calls: 5 PC: $103ca
  watchdog_reboot (packetbuf.c) called from PC: $24d44 (elapsed: 5)
  restart_time_synchronisation (packetbuf.c) called from PC: $15abe (elapsed: 30447)
  process_thread_foure_timesynch_process (local in 4emac-timesynch.c) called from PC: $12738 (elapsed: 960138)
  call_process (local in process.c) called from PC: $1291c (elapsed: 960175)
  process_run (packetbuf.c) called from PC: $05edc (elapsed: 963298)
 WARN [Thread-2] (MspMote.java:229) - 55: # Watchdog[EXECUTION]: illegal write to WDTCTL (0) from $103ca - reset!!!!
Watchdog: illegal write to WDTCTL (0) from $103ca - reset!!!!
Stack Trace: number of calls: 5 PC: $103ca
  watchdog_reboot (packetbuf.c) called from PC: $24d44 (elapsed: 5)
  restart_time_synchronisation (packetbuf.c) called from PC: $15abe (elapsed: 30452)
  process_thread_foure_timesynch_process (local in 4emac-timesynch.c) called from PC: $12738 (elapsed: 839903)
  call_process (local in process.c) called from PC: $1291c (elapsed: 839940)
  process_run (packetbuf.c) called from PC: $05edc (elapsed: 843129)
 WARN [Thread-2] (MspMote.java:229) - 6: # Watchdog[EXECUTION]: illegal write to WDTCTL (0) from $103ca - reset!!!!
Watchdog: illegal write to WDTCTL (0) from $103ca - reset!!!!
Stack Trace: number of calls: 5 PC: $103ca
  watchdog_reboot (packetbuf.c) called from PC: $24d44 (elapsed: 5)
  restart_time_synchronisation (packetbuf.c) called from PC: $15abe (elapsed: 30452)
  process_thread_foure_timesynch_process (local in 4emac-timesynch.c) called from PC: $12738 (elapsed: 983315)
  call_process (local in process.c) called from PC: $1291c (elapsed: 983352)
  process_run (packetbuf.c) called from PC: $05edc (elapsed: 986547)
 WARN [Thread-2] (MspMote.java:229) - 45: # Watchdog[EXECUTION]: illegal write to WDTCTL (0) from $103ca - reset!!!!
Watchdog: illegal write to WDTCTL (0) from $103ca - reset!!!!
Stack Trace: number of calls: 5 PC: $103ca
  watchdog_reboot (packetbuf.c) called from PC: $24d44 (elapsed: 5)
  restart_time_synchronisation (packetbuf.c) called from PC: $15abe (elapsed: 30513)
  process_thread_foure_timesynch_process (local in 4emac-timesynch.c) called from PC: $12738 (elapsed: 775304)
  call_process (local in process.c) called from PC: $1291c (elapsed: 775341)
  process_run (packetbuf.c) called from PC: $05edc (elapsed: 778464)
 WARN [Thread-2] (MspMote.java:229) - 60: # Watchdog[EXECUTION]: illegal write to WDTCTL (0) from $103ca - reset!!!!
Watchdog: illegal write to WDTCTL (0) from $103ca - reset!!!!
Stack Trace: number of calls: 5 PC: $103ca
  watchdog_reboot (packetbuf.c) called from PC: $24d44 (elapsed: 5)
  restart_time_synchronisation (packetbuf.c) called from PC: $15abe (elapsed: 30452)
  process_thread_foure_timesynch_process (local in 4emac-timesynch.c) called from PC: $12738 (elapsed: 927834)
  call_process (local in process.c) called from PC: $1291c (elapsed: 927871)
  process_run (packetbuf.c) called from PC: $05edc (elapsed: 931102)
 WARN [Thread-2] (MspMote.java:229) - 48: # Watchdog[EXECUTION]: illegal write to WDTCTL (0) from $103ca - reset!!!!
Watchdog: illegal write to WDTCTL (0) from $103ca - reset!!!!
Stack Trace: number of calls: 5 PC: $103ca
  watchdog_reboot (packetbuf.c) called from PC: $24d44 (elapsed: 5)
  restart_time_synchronisation (packetbuf.c) called from PC: $15abe (elapsed: 30452)
  process_thread_foure_timesynch_process (local in 4emac-timesynch.c) called from PC: $12738 (elapsed: 778524)
  call_process (local in process.c) called from PC: $1291c (elapsed: 778561)
  process_run (packetbuf.c) called from PC: $05edc (elapsed: 782912)
 WARN [Thread-2] (MspMote.java:229) - 40: # Watchdog[EXECUTION]: illegal write to WDTCTL (0) from $103ca - reset!!!!
Watchdog: illegal write to WDTCTL (0) from $103ca - reset!!!!
Stack Trace: number of calls: 5 PC: $103ca
  watchdog_reboot (packetbuf.c) called from PC: $24d44 (elapsed: 5)
  restart_time_synchronisation (packetbuf.c) called from PC: $15abe (elapsed: 30453)
  process_thread_foure_timesynch_process (local in 4emac-timesynch.c) called from PC: $12738 (elapsed: 811822)
  call_process (local in process.c) called from PC: $1291c (elapsed: 811859)
  process_run (packetbuf.c) called from PC: $05edc (elapsed: 815241)
 WARN [Thread-2] (MspMote.java:229) - 46: # Watchdog[EXECUTION]: illegal write to WDTCTL (0) from $103ca - reset!!!!
Watchdog: illegal write to WDTCTL (0) from $103ca - reset!!!!
Stack Trace: number of calls: 5 PC: $103ca
  watchdog_reboot (packetbuf.c) called from PC: $24d44 (elapsed: 5)
  restart_time_synchronisation (packetbuf.c) called from PC: $15abe (elapsed: 31365)
  process_thread_foure_timesynch_process (local in 4emac-timesynch.c) called from PC: $12738 (elapsed: 185481)
  call_process (local in process.c) called from PC: $1291c (elapsed: 185518)
  process_run (packetbuf.c) called from PC: $05edc (elapsed: 186896)
 WARN [Thread-2] (MspMote.java:229) - 21: # Watchdog[EXECUTION]: illegal write to WDTCTL (0) from $103ca - reset!!!!
Watchdog: illegal write to WDTCTL (0) from $103ca - reset!!!!
Stack Trace: number of calls: 5 PC: $103ca
  watchdog_reboot (packetbuf.c) called from PC: $24d44 (elapsed: 5)
  restart_time_synchronisation (packetbuf.c) called from PC: $15abe (elapsed: 30621)
  process_thread_foure_timesynch_process (local in 4emac-timesynch.c) called from PC: $12738 (elapsed: 810574)
  call_process (local in process.c) called from PC: $1291c (elapsed: 810611)
  process_run (packetbuf.c) called from PC: $05edc (elapsed: 814039)
 WARN [Thread-2] (MspMote.java:229) - 4: # Watchdog[EXECUTION]: illegal write to WDTCTL (0) from $103ca - reset!!!!
Watchdog: illegal write to WDTCTL (0) from $103ca - reset!!!!
Stack Trace: number of calls: 5 PC: $103ca
  watchdog_reboot (packetbuf.c) called from PC: $24d44 (elapsed: 5)
  restart_time_synchronisation (packetbuf.c) called from PC: $15abe (elapsed: 30447)
  process_thread_foure_timesynch_process (local in 4emac-timesynch.c) called from PC: $12738 (elapsed: 1087050)
  call_process (local in process.c) called from PC: $1291c (elapsed: 1087087)
  process_run (packetbuf.c) called from PC: $05edc (elapsed: 1090283)
 WARN [Thread-2] (MspMote.java:229) - 35: # Watchdog[EXECUTION]: illegal write to WDTCTL (0) from $103ca - reset!!!!
Watchdog: illegal write to WDTCTL (0) from $103ca - reset!!!!
Stack Trace: number of calls: 5 PC: $103ca
  watchdog_reboot (packetbuf.c) called from PC: $24d44 (elapsed: 5)
  restart_time_synchronisation (packetbuf.c) called from PC: $15abe (elapsed: 30452)
  process_thread_foure_timesynch_process (local in 4emac-timesynch.c) called from PC: $12738 (elapsed: 534354)
  call_process (local in process.c) called from PC: $1291c (elapsed: 534391)
  process_run (packetbuf.c) called from PC: $05edc (elapsed: 537753)
 WARN [Thread-2] (MspMote.java:229) - 54: # Watchdog[EXECUTION]: illegal write to WDTCTL (0) from $103ca - reset!!!!
Watchdog: illegal write to WDTCTL (0) from $103ca - reset!!!!
Stack Trace: number of calls: 5 PC: $103ca
  watchdog_reboot (packetbuf.c) called from PC: $24d44 (elapsed: 5)
  restart_time_synchronisation (packetbuf.c) called from PC: $15abe (elapsed: 30453)
  process_thread_foure_timesynch_process (local in 4emac-timesynch.c) called from PC: $12738 (elapsed: 1088440)
  call_process (local in process.c) called from PC: $1291c (elapsed: 1088477)
  process_run (packetbuf.c) called from PC: $05edc (elapsed: 1091668)
 WARN [Thread-2] (MspMote.java:229) - 52: # Watchdog[EXECUTION]: illegal write to WDTCTL (0) from $103ca - reset!!!!
Watchdog: illegal write to WDTCTL (0) from $103ca - reset!!!!
Stack Trace: number of calls: 5 PC: $103ca
  watchdog_reboot (packetbuf.c) called from PC: $24d44 (elapsed: 5)
  restart_time_synchronisation (packetbuf.c) called from PC: $15abe (elapsed: 30454)
  process_thread_foure_timesynch_process (local in 4emac-timesynch.c) called from PC: $12738 (elapsed: 539001)
  call_process (local in process.c) called from PC: $1291c (elapsed: 539038)
  process_run (packetbuf.c) called from PC: $05edc (elapsed: 568012)
 WARN [Thread-2] (MspMote.java:229) - 38: # Watchdog[EXECUTION]: illegal write to WDTCTL (0) from $103ca - reset!!!!
Watchdog: illegal write to WDTCTL (0) from $103ca - reset!!!!
Stack Trace: number of calls: 5 PC: $103ca
  watchdog_reboot (packetbuf.c) called from PC: $24d44 (elapsed: 5)
  restart_time_synchronisation (packetbuf.c) called from PC: $15abe (elapsed: 31364)
  process_thread_foure_timesynch_process (local in 4emac-timesynch.c) called from PC: $12738 (elapsed: 185339)
  call_process (local in process.c) called from PC: $1291c (elapsed: 185376)
  process_run (packetbuf.c) called from PC: $05edc (elapsed: 187777)
 WARN [Thread-2] (MspMote.java:229) - 34: # Watchdog[EXECUTION]: illegal write to WDTCTL (0) from $103ca - reset!!!!
Watchdog: illegal write to WDTCTL (0) from $103ca - reset!!!!
Stack Trace: number of calls: 5 PC: $103ca
  watchdog_reboot (packetbuf.c) called from PC: $24d44 (elapsed: 5)
  restart_time_synchronisation (packetbuf.c) called from PC: $15abe (elapsed: 30453)
  process_thread_foure_timesynch_process (local in 4emac-timesynch.c) called from PC: $12738 (elapsed: 956439)
  call_process (local in process.c) called from PC: $1291c (elapsed: 956476)
  process_run (packetbuf.c) called from PC: $05edc (elapsed: 959825)
 WARN [Thread-2] (MspMote.java:229) - 57: # Watchdog[EXECUTION]: illegal write to WDTCTL (0) from $103ca - reset!!!!
Watchdog: illegal write to WDTCTL (0) from $103ca - reset!!!!
Stack Trace: number of calls: 5 PC: $103ca
  watchdog_reboot (packetbuf.c) called from PC: $24d44 (elapsed: 5)
  restart_time_synchronisation (packetbuf.c) called from PC: $15abe (elapsed: 30447)
  process_thread_foure_timesynch_process (local in 4emac-timesynch.c) called from PC: $12738 (elapsed: 642173)
  call_process (local in process.c) called from PC: $1291c (elapsed: 642210)
  process_run (packetbuf.c) called from PC: $05edc (elapsed: 645329)
 WARN [Thread-2] (MspMote.java:229) - 36: # Watchdog[EXECUTION]: illegal write to WDTCTL (0) from $103ca - reset!!!!
 INFO [Thread-2] (LogScriptEngine.java:389) - Test script at 20.00%, done in 8222.2 sec
Watchdog: illegal write to WDTCTL (0) from $103ca - reset!!!!
Stack Trace: number of calls: 11 PC: $103ca
  watchdog_reboot (packetbuf.c) called from PC: $24d44 (elapsed: 5)
  restart_time_synchronisation (packetbuf.c) called from PC: $14fba (elapsed: 31370)
  foure_timesynch_parent_switch_callback (packetbuf.c) called from PC: $1ea70 (elapsed: 69446)
  rpl_set_preferred_parent (local in rpl-dag.c) called from PC: $1f0a0 (elapsed: 164641)
  rpl_nullify_parent (packetbuf.c) called from PC: $1fd3a (elapsed: 389522)
  rpl_process_parent_event (packetbuf.c) called from PC: $1fdd2 (elapsed: 489982)
  rpl_recalculate_ranks (packetbuf.c) called from PC: $2383a (elapsed: 493276)
  handle_periodic_timer (local in rpl-timers.c) called from PC: $1219c (elapsed: 493540)
  process_thread_ctimer_process (local in ctimer.c) called from PC: $12738 (elapsed: 493741)
  call_process (local in process.c) called from PC: $1291c (elapsed: 493778)
  process_run (packetbuf.c) called from PC: $05edc (elapsed: 496940)
 WARN [Thread-2] (MspMote.java:229) - 57: # Watchdog[EXECUTION]: illegal write to WDTCTL (0) from $103ca - reset!!!!
Watchdog: illegal write to WDTCTL (0) from $103ca - reset!!!!
Stack Trace: number of calls: 5 PC: $103ca
  watchdog_reboot (packetbuf.c) called from PC: $24d44 (elapsed: 5)
  restart_time_synchronisation (packetbuf.c) called from PC: $15abe (elapsed: 34228)
  process_thread_foure_timesynch_process (local in 4emac-timesynch.c) called from PC: $12738 (elapsed: 977920)
  call_process (local in process.c) called from PC: $1291c (elapsed: 977957)
  process_run (packetbuf.c) called from PC: $05edc (elapsed: 981317)
 WARN [Thread-2] (MspMote.java:229) - 49: # Watchdog[EXECUTION]: illegal write to WDTCTL (0) from $103ca - reset!!!!
Watchdog: illegal write to WDTCTL (0) from $103ca - reset!!!!
Stack Trace: number of calls: 5 PC: $103ca
  watchdog_reboot (packetbuf.c) called from PC: $24d44 (elapsed: 5)
  restart_time_synchronisation (packetbuf.c) called from PC: $15abe (elapsed: 30452)
  process_thread_foure_timesynch_process (local in 4emac-timesynch.c) called from PC: $12738 (elapsed: 1214493)
  call_process (local in process.c) called from PC: $1291c (elapsed: 1214530)
  process_run (packetbuf.c) called from PC: $05edc (elapsed: 1217653)
 WARN [Thread-2] (MspMote.java:229) - 14: # Watchdog[EXECUTION]: illegal write to WDTCTL (0) from $103ca - reset!!!!
Watchdog: illegal write to WDTCTL (0) from $103ca - reset!!!!
Stack Trace: number of calls: 5 PC: $103ca
  watchdog_reboot (packetbuf.c) called from PC: $24d44 (elapsed: 5)
  restart_time_synchronisation (packetbuf.c) called from PC: $15abe (elapsed: 30452)
  process_thread_foure_timesynch_process (local in 4emac-timesynch.c) called from PC: $12738 (elapsed: 674670)
  call_process (local in process.c) called from PC: $1291c (elapsed: 674707)
  process_run (packetbuf.c) called from PC: $05edc (elapsed: 678067)
 WARN [Thread-2] (MspMote.java:229) - 59: # Watchdog[EXECUTION]: illegal write to WDTCTL (0) from $103ca - reset!!!!
Watchdog: illegal write to WDTCTL (0) from $103ca - reset!!!!
Stack Trace: number of calls: 5 PC: $103ca
  watchdog_reboot (packetbuf.c) called from PC: $24d44 (elapsed: 5)
  restart_time_synchronisation (packetbuf.c) called from PC: $15abe (elapsed: 30659)
  process_thread_foure_timesynch_process (local in 4emac-timesynch.c) called from PC: $12738 (elapsed: 809225)
  call_process (local in process.c) called from PC: $1291c (elapsed: 809262)
  process_run (packetbuf.c) called from PC: $05edc (elapsed: 1477518)
 WARN [Thread-2] (MspMote.java:229) - 45: # Watchdog[EXECUTION]: illegal write to WDTCTL (0) from $103ca - reset!!!!
Watchdog: illegal write to WDTCTL (0) from $103ca - reset!!!!
Stack Trace: number of calls: 5 PC: $103ca
  watchdog_reboot (packetbuf.c) called from PC: $24d44 (elapsed: 5)
  restart_time_synchronisation (packetbuf.c) called from PC: $15abe (elapsed: 30453)
  process_thread_foure_timesynch_process (local in 4emac-timesynch.c) called from PC: $12738 (elapsed: 811294)
  call_process (local in process.c) called from PC: $1291c (elapsed: 811331)
  process_run (packetbuf.c) called from PC: $05edc (elapsed: 814558)
 WARN [Thread-2] (MspMote.java:229) - 25: # Watchdog[EXECUTION]: illegal write to WDTCTL (0) from $103ca - reset!!!!
Watchdog: illegal write to WDTCTL (0) from $103ca - reset!!!!
Stack Trace: number of calls: 5 PC: $103ca
  watchdog_reboot (packetbuf.c) called from PC: $24d44 (elapsed: 5)
  restart_time_synchronisation (packetbuf.c) called from PC: $15abe (elapsed: 30447)
  process_thread_foure_timesynch_process (local in 4emac-timesynch.c) called from PC: $12738 (elapsed: 951010)
  call_process (local in process.c) called from PC: $1291c (elapsed: 951047)
  process_run (packetbuf.c) called from PC: $05edc (elapsed: 954432)
 WARN [Thread-2] (MspMote.java:229) - 51: # Watchdog[EXECUTION]: illegal write to WDTCTL (0) from $103ca - reset!!!!
Watchdog: illegal write to WDTCTL (0) from $103ca - reset!!!!
Stack Trace: number of calls: 5 PC: $103ca
  watchdog_reboot (packetbuf.c) called from PC: $24d44 (elapsed: 5)
  restart_time_synchronisation (packetbuf.c) called from PC: $15abe (elapsed: 31364)
  process_thread_foure_timesynch_process (local in 4emac-timesynch.c) called from PC: $12738 (elapsed: 185431)
  call_process (local in process.c) called from PC: $1291c (elapsed: 185468)
  process_run (packetbuf.c) called from PC: $05edc (elapsed: 188944)
 WARN [Thread-2] (MspMote.java:229) - 52: # Watchdog[EXECUTION]: illegal write to WDTCTL (0) from $103ca - reset!!!!
Watchdog: illegal write to WDTCTL (0) from $103ca - reset!!!!
Stack Trace: number of calls: 5 PC: $103ca
  watchdog_reboot (packetbuf.c) called from PC: $24d44 (elapsed: 5)
  restart_time_synchronisation (packetbuf.c) called from PC: $15abe (elapsed: 30452)
  process_thread_foure_timesynch_process (local in 4emac-timesynch.c) called from PC: $12738 (elapsed: 557929)
  call_process (local in process.c) called from PC: $1291c (elapsed: 557966)
  process_run (packetbuf.c) called from PC: $05edc (elapsed: 560972)
 WARN [Thread-2] (MspMote.java:229) - 1: # Watchdog[EXECUTION]: illegal write to WDTCTL (0) from $103ca - reset!!!!
Watchdog: illegal write to WDTCTL (0) from $103ca - reset!!!!
Stack Trace: number of calls: 5 PC: $103ca
  watchdog_reboot (packetbuf.c) called from PC: $24d44 (elapsed: 5)
  restart_time_synchronisation (packetbuf.c) called from PC: $15abe (elapsed: 30447)
  process_thread_foure_timesynch_process (local in 4emac-timesynch.c) called from PC: $12738 (elapsed: 641848)
  call_process (local in process.c) called from PC: $1291c (elapsed: 641885)
  process_run (packetbuf.c) called from PC: $05edc (elapsed: 645234)
 WARN [Thread-2] (MspMote.java:229) - 27: # Watchdog[EXECUTION]: illegal write to WDTCTL (0) from $103ca - reset!!!!
Watchdog: illegal write to WDTCTL (0) from $103ca - reset!!!!
Stack Trace: number of calls: 5 PC: $103ca
  watchdog_reboot (packetbuf.c) called from PC: $24d44 (elapsed: 5)
  restart_time_synchronisation (packetbuf.c) called from PC: $15abe (elapsed: 30453)
  process_thread_foure_timesynch_process (local in 4emac-timesynch.c) called from PC: $12738 (elapsed: 504186)
  call_process (local in process.c) called from PC: $1291c (elapsed: 504223)
  process_run (packetbuf.c) called from PC: $05edc (elapsed: 507419)
 WARN [Thread-2] (MspMote.java:229) - 39: # Watchdog[EXECUTION]: illegal write to WDTCTL (0) from $103ca - reset!!!!
Watchdog: illegal write to WDTCTL (0) from $103ca - reset!!!!
Stack Trace: number of calls: 5 PC: $103ca
  watchdog_reboot (packetbuf.c) called from PC: $24d44 (elapsed: 5)
  restart_time_synchronisation (packetbuf.c) called from PC: $15abe (elapsed: 30452)
  process_thread_foure_timesynch_process (local in 4emac-timesynch.c) called from PC: $12738 (elapsed: 1297337)
  call_process (local in process.c) called from PC: $1291c (elapsed: 1297374)
  process_run (packetbuf.c) called from PC: $05edc (elapsed: 1300567)
 WARN [Thread-2] (MspMote.java:229) - 56: # Watchdog[EXECUTION]: illegal write to WDTCTL (0) from $103ca - reset!!!!
 INFO [Thread-2] (LogScriptEngine.java:389) - Test script at 25.00%, done in 8226.1 sec
Watchdog: illegal write to WDTCTL (0) from $103ca - reset!!!!
Stack Trace: number of calls: 5 PC: $103ca
  watchdog_reboot (packetbuf.c) called from PC: $24d44 (elapsed: 5)
  restart_time_synchronisation (packetbuf.c) called from PC: $15abe (elapsed: 30453)
  process_thread_foure_timesynch_process (local in 4emac-timesynch.c) called from PC: $12738 (elapsed: 815206)
  call_process (local in process.c) called from PC: $1291c (elapsed: 815243)
  process_run (packetbuf.c) called from PC: $05edc (elapsed: 818515)
 WARN [Thread-2] (MspMote.java:229) - 51: # Watchdog[EXECUTION]: illegal write to WDTCTL (0) from $103ca - reset!!!!
Watchdog: illegal write to WDTCTL (0) from $103ca - reset!!!!
Stack Trace: number of calls: 5 PC: $103ca
  watchdog_reboot (packetbuf.c) called from PC: $24d44 (elapsed: 5)
  restart_time_synchronisation (packetbuf.c) called from PC: $15abe (elapsed: 31364)
  process_thread_foure_timesynch_process (local in 4emac-timesynch.c) called from PC: $12738 (elapsed: 211064)
  call_process (local in process.c) called from PC: $1291c (elapsed: 211101)
  process_run (packetbuf.c) called from PC: $05edc (elapsed: 213592)
 WARN [Thread-2] (MspMote.java:229) - 47: # Watchdog[EXECUTION]: illegal write to WDTCTL (0) from $103ca - reset!!!!
Watchdog: illegal write to WDTCTL (0) from $103ca - reset!!!!
Stack Trace: number of calls: 5 PC: $103ca
  watchdog_reboot (packetbuf.c) called from PC: $24d44 (elapsed: 5)
  restart_time_synchronisation (packetbuf.c) called from PC: $15abe (elapsed: 31359)
  process_thread_foure_timesynch_process (local in 4emac-timesynch.c) called from PC: $12738 (elapsed: 185423)
  call_process (local in process.c) called from PC: $1291c (elapsed: 185460)
  process_run (packetbuf.c) called from PC: $05edc (elapsed: 187942)
 WARN [Thread-2] (MspMote.java:229) - 35: # Watchdog[EXECUTION]: illegal write to WDTCTL (0) from $103ca - reset!!!!
Watchdog: illegal write to WDTCTL (0) from $103ca - reset!!!!
Stack Trace: number of calls: 5 PC: $103ca
  watchdog_reboot (packetbuf.c) called from PC: $24d44 (elapsed: 5)
  restart_time_synchronisation (packetbuf.c) called from PC: $15abe (elapsed: 31365)
  process_thread_foure_timesynch_process (local in 4emac-timesynch.c) called from PC: $12738 (elapsed: 186125)
  call_process (local in process.c) called from PC: $1291c (elapsed: 186162)
  process_run (packetbuf.c) called from PC: $05edc (elapsed: 188484)
 WARN [Thread-2] (MspMote.java:229) - 21: # Watchdog[EXECUTION]: illegal write to WDTCTL (0) from $103ca - reset!!!!
Watchdog: illegal write to WDTCTL (0) from $103ca - reset!!!!
Stack Trace: number of calls: 5 PC: $103ca
  watchdog_reboot (packetbuf.c) called from PC: $24d44 (elapsed: 5)
  restart_time_synchronisation (packetbuf.c) called from PC: $15abe (elapsed: 31359)
  process_thread_foure_timesynch_process (local in 4emac-timesynch.c) called from PC: $12738 (elapsed: 185427)
  call_process (local in process.c) called from PC: $1291c (elapsed: 185464)
  process_run (packetbuf.c) called from PC: $05edc (elapsed: 187944)
 WARN [Thread-2] (MspMote.java:229) - 40: # Watchdog[EXECUTION]: illegal write to WDTCTL (0) from $103ca - reset!!!!
Watchdog: illegal write to WDTCTL (0) from $103ca - reset!!!!
Stack Trace: number of calls: 5 PC: $103ca
  watchdog_reboot (packetbuf.c) called from PC: $24d44 (elapsed: 5)
  restart_time_synchronisation (packetbuf.c) called from PC: $15abe (elapsed: 31365)
  process_thread_foure_timesynch_process (local in 4emac-timesynch.c) called from PC: $12738 (elapsed: 185479)
  call_process (local in process.c) called from PC: $1291c (elapsed: 185516)
  process_run (packetbuf.c) called from PC: $05edc (elapsed: 186815)
 WARN [Thread-2] (MspMote.java:229) - 51: # Watchdog[EXECUTION]: illegal write to WDTCTL (0) from $103ca - reset!!!!
 INFO [Thread-2] (LogScriptEngine.java:389) - Test script at 30.00%, done in 8355.1 sec
Watchdog: illegal write to WDTCTL (0) from $103ca - reset!!!!
Stack Trace: number of calls: 5 PC: $103ca
  watchdog_reboot (packetbuf.c) called from PC: $24d44 (elapsed: 5)
  restart_time_synchronisation (packetbuf.c) called from PC: $15abe (elapsed: 30452)
  process_thread_foure_timesynch_process (local in 4emac-timesynch.c) called from PC: $12738 (elapsed: 1282359)
  call_process (local in process.c) called from PC: $1291c (elapsed: 1282396)
  process_run (packetbuf.c) called from PC: $05edc (elapsed: 1285668)
 WARN [Thread-2] (MspMote.java:229) - 57: # Watchdog[EXECUTION]: illegal write to WDTCTL (0) from $103ca - reset!!!!
Watchdog: illegal write to WDTCTL (0) from $103ca - reset!!!!
Stack Trace: number of calls: 5 PC: $103ca
  watchdog_reboot (packetbuf.c) called from PC: $24d44 (elapsed: 5)
  restart_time_synchronisation (packetbuf.c) called from PC: $15abe (elapsed: 30452)
  process_thread_foure_timesynch_process (local in 4emac-timesynch.c) called from PC: $12738 (elapsed: 1224816)
  call_process (local in process.c) called from PC: $1291c (elapsed: 1224853)
  process_run (packetbuf.c) called from PC: $05edc (elapsed: 1227892)
 WARN [Thread-2] (MspMote.java:229) - 20: # Watchdog[EXECUTION]: illegal write to WDTCTL (0) from $103ca - reset!!!!
Watchdog: illegal write to WDTCTL (0) from $103ca - reset!!!!
Stack Trace: number of calls: 5 PC: $103ca
  watchdog_reboot (packetbuf.c) called from PC: $24d44 (elapsed: 5)
  restart_time_synchronisation (packetbuf.c) called from PC: $15abe (elapsed: 30447)
  process_thread_foure_timesynch_process (local in 4emac-timesynch.c) called from PC: $12738 (elapsed: 950960)
  call_process (local in process.c) called from PC: $1291c (elapsed: 950997)
  process_run (packetbuf.c) called from PC: $05edc (elapsed: 954298)
 WARN [Thread-2] (MspMote.java:229) - 32: # Watchdog[EXECUTION]: illegal write to WDTCTL (0) from $103ca - reset!!!!
Watchdog: illegal write to WDTCTL (0) from $103ca - reset!!!!
Stack Trace: number of calls: 5 PC: $103ca
  watchdog_reboot (packetbuf.c) called from PC: $24d44 (elapsed: 5)
  restart_time_synchronisation (packetbuf.c) called from PC: $15abe (elapsed: 31365)
  process_thread_foure_timesynch_process (local in 4emac-timesynch.c) called from PC: $12738 (elapsed: 185813)
  call_process (local in process.c) called from PC: $1291c (elapsed: 185850)
  process_run (packetbuf.c) called from PC: $05edc (elapsed: 188488)
 WARN [Thread-2] (MspMote.java:229) - 45: # Watchdog[EXECUTION]: illegal write to WDTCTL (0) from $103ca - reset!!!!
Watchdog: illegal write to WDTCTL (0) from $103ca - reset!!!!
Stack Trace: number of calls: 5 PC: $103ca
  watchdog_reboot (packetbuf.c) called from PC: $24d44 (elapsed: 5)
  restart_time_synchronisation (packetbuf.c) called from PC: $15abe (elapsed: 31364)
  process_thread_foure_timesynch_process (local in 4emac-timesynch.c) called from PC: $12738 (elapsed: 217661)
  call_process (local in process.c) called from PC: $1291c (elapsed: 217698)
  process_run (packetbuf.c) called from PC: $05edc (elapsed: 220099)
 WARN [Thread-2] (MspMote.java:229) - 41: # Watchdog[EXECUTION]: illegal write to WDTCTL (0) from $103ca - reset!!!!
Watchdog: illegal write to WDTCTL (0) from $103ca - reset!!!!
Stack Trace: number of calls: 5 PC: $103ca
  watchdog_reboot (packetbuf.c) called from PC: $24d44 (elapsed: 5)
  restart_time_synchronisation (packetbuf.c) called from PC: $15abe (elapsed: 30452)
  process_thread_foure_timesynch_process (local in 4emac-timesynch.c) called from PC: $12738 (elapsed: 1225920)
  call_process (local in process.c) called from PC: $1291c (elapsed: 1225957)
  process_run (packetbuf.c) called from PC: $05edc (elapsed: 1228913)
 WARN [Thread-2] (MspMote.java:229) - 58: # Watchdog[EXECUTION]: illegal write to WDTCTL (0) from $103ca - reset!!!!
Watchdog: illegal write to WDTCTL (0) from $103ca - reset!!!!
Stack Trace: number of calls: 5 PC: $103ca
  watchdog_reboot (packetbuf.c) called from PC: $24d44 (elapsed: 5)
  restart_time_synchronisation (packetbuf.c) called from PC: $15abe (elapsed: 30453)
  process_thread_foure_timesynch_process (local in 4emac-timesynch.c) called from PC: $12738 (elapsed: 1253319)
  call_process (local in process.c) called from PC: $1291c (elapsed: 1253356)
  process_run (packetbuf.c) called from PC: $05edc (elapsed: 1256552)
 WARN [Thread-2] (MspMote.java:229) - 38: # Watchdog[EXECUTION]: illegal write to WDTCTL (0) from $103ca - reset!!!!
Watchdog: illegal write to WDTCTL (0) from $103ca - reset!!!!
Stack Trace: number of calls: 5 PC: $103ca
  watchdog_reboot (packetbuf.c) called from PC: $24d44 (elapsed: 5)
  restart_time_synchronisation (packetbuf.c) called from PC: $15abe (elapsed: 30477)
  process_thread_foure_timesynch_process (local in 4emac-timesynch.c) called from PC: $12738 (elapsed: 501927)
  call_process (local in process.c) called from PC: $1291c (elapsed: 501964)
  process_run (packetbuf.c) called from PC: $05edc (elapsed: 505078)
 WARN [Thread-2] (MspMote.java:229) - 56: # Watchdog[EXECUTION]: illegal write to WDTCTL (0) from $103ca - reset!!!!
Watchdog: illegal write to WDTCTL (0) from $103ca - reset!!!!
Stack Trace: number of calls: 5 PC: $103ca
  watchdog_reboot (packetbuf.c) called from PC: $24d44 (elapsed: 5)
  restart_time_synchronisation (packetbuf.c) called from PC: $15abe (elapsed: 30453)
  process_thread_foure_timesynch_process (local in 4emac-timesynch.c) called from PC: $12738 (elapsed: 810982)
  call_process (local in process.c) called from PC: $1291c (elapsed: 811019)
  process_run (packetbuf.c) called from PC: $05edc (elapsed: 814215)
 WARN [Thread-2] (MspMote.java:229) - 46: # Watchdog[EXECUTION]: illegal write to WDTCTL (0) from $103ca - reset!!!!
Watchdog: illegal write to WDTCTL (0) from $103ca - reset!!!!
Stack Trace: number of calls: 5 PC: $103ca
  watchdog_reboot (packetbuf.c) called from PC: $24d44 (elapsed: 5)
  restart_time_synchronisation (packetbuf.c) called from PC: $15abe (elapsed: 30452)
  process_thread_foure_timesynch_process (local in 4emac-timesynch.c) called from PC: $12738 (elapsed: 671863)
  call_process (local in process.c) called from PC: $1291c (elapsed: 671900)
  process_run (packetbuf.c) called from PC: $05edc (elapsed: 675014)
 WARN [Thread-2] (MspMote.java:229) - 29: # Watchdog[EXECUTION]: illegal write to WDTCTL (0) from $103ca - reset!!!!
 INFO [Thread-2] (LogScriptEngine.java:389) - Test script at 35.00%, done in 8230.2 sec
Watchdog: illegal write to WDTCTL (0) from $103ca - reset!!!!
Stack Trace: number of calls: 5 PC: $103ca
  watchdog_reboot (packetbuf.c) called from PC: $24d44 (elapsed: 5)
  restart_time_synchronisation (packetbuf.c) called from PC: $15abe (elapsed: 30453)
  process_thread_foure_timesynch_process (local in 4emac-timesynch.c) called from PC: $12738 (elapsed: 956971)
  call_process (local in process.c) called from PC: $1291c (elapsed: 957008)
  process_run (packetbuf.c) called from PC: $05edc (elapsed: 959964)
 WARN [Thread-2] (MspMote.java:229) - 45: # Watchdog[EXECUTION]: illegal write to WDTCTL (0) from $103ca - reset!!!!
Watchdog: illegal write to WDTCTL (0) from $103ca - reset!!!!
Stack Trace: number of calls: 5 PC: $103ca
  watchdog_reboot (packetbuf.c) called from PC: $24d44 (elapsed: 5)
  restart_time_synchronisation (packetbuf.c) called from PC: $15abe (elapsed: 30453)
  process_thread_foure_timesynch_process (local in 4emac-timesynch.c) called from PC: $12738 (elapsed: 1310629)
  call_process (local in process.c) called from PC: $1291c (elapsed: 1310666)
  process_run (packetbuf.c) called from PC: $05edc (elapsed: 1313822)
 WARN [Thread-2] (MspMote.java:229) - 28: # Watchdog[EXECUTION]: illegal write to WDTCTL (0) from $103ca - reset!!!!
Watchdog: illegal write to WDTCTL (0) from $103ca - reset!!!!
Stack Trace: number of calls: 5 PC: $103ca
  watchdog_reboot (packetbuf.c) called from PC: $24d44 (elapsed: 5)
  restart_time_synchronisation (packetbuf.c) called from PC: $15abe (elapsed: 30447)
  process_thread_foure_timesynch_process (local in 4emac-timesynch.c) called from PC: $12738 (elapsed: 1079261)
  call_process (local in process.c) called from PC: $1291c (elapsed: 1079298)
  process_run (packetbuf.c) called from PC: $05edc (elapsed: 1082577)
 WARN [Thread-2] (MspMote.java:229) - 21: # Watchdog[EXECUTION]: illegal write to WDTCTL (0) from $103ca - reset!!!!
Watchdog: illegal write to WDTCTL (0) from $103ca - reset!!!!
Stack Trace: number of calls: 5 PC: $103ca
  watchdog_reboot (packetbuf.c) called from PC: $24d44 (elapsed: 5)
  restart_time_synchronisation (packetbuf.c) called from PC: $15abe (elapsed: 30452)
  process_thread_foure_timesynch_process (local in 4emac-timesynch.c) called from PC: $12738 (elapsed: 1971135)
  call_process (local in process.c) called from PC: $1291c (elapsed: 1971172)
  process_run (packetbuf.c) called from PC: $05edc (elapsed: 2851079)
 WARN [Thread-2] (MspMote.java:229) - 9: # Watchdog[EXECUTION]: illegal write to WDTCTL (0) from $103ca - reset!!!!
 INFO [Thread-2] (LogScriptEngine.java:389) - Test script at 40.00%, done in 8090.7 sec
Watchdog: illegal write to WDTCTL (0) from $103ca - reset!!!!
Stack Trace: number of calls: 5 PC: $103ca
  watchdog_reboot (packetbuf.c) called from PC: $24d44 (elapsed: 5)
  restart_time_synchronisation (packetbuf.c) called from PC: $15abe (elapsed: 30452)
  process_thread_foure_timesynch_process (local in 4emac-timesynch.c) called from PC: $12738 (elapsed: 1223261)
  call_process (local in process.c) called from PC: $1291c (elapsed: 1223298)
  process_run (packetbuf.c) called from PC: $05edc (elapsed: 1227626)
 WARN [Thread-2] (MspMote.java:229) - 22: # Watchdog[EXECUTION]: illegal write to WDTCTL (0) from $103ca - reset!!!!
Watchdog: illegal write to WDTCTL (0) from $103ca - reset!!!!
Stack Trace: number of calls: 5 PC: $103ca
  watchdog_reboot (packetbuf.c) called from PC: $24d44 (elapsed: 5)
  restart_time_synchronisation (packetbuf.c) called from PC: $15abe (elapsed: 30453)
  process_thread_foure_timesynch_process (local in 4emac-timesynch.c) called from PC: $12738 (elapsed: 1434336)
  call_process (local in process.c) called from PC: $1291c (elapsed: 1434373)
  process_run (packetbuf.c) called from PC: $05edc (elapsed: 1437705)
 WARN [Thread-2] (MspMote.java:229) - 44: # Watchdog[EXECUTION]: illegal write to WDTCTL (0) from $103ca - reset!!!!
Watchdog: illegal write to WDTCTL (0) from $103ca - reset!!!!
Stack Trace: number of calls: 5 PC: $103ca
  watchdog_reboot (packetbuf.c) called from PC: $24d44 (elapsed: 5)
  restart_time_synchronisation (packetbuf.c) called from PC: $15abe (elapsed: 30453)
  process_thread_foure_timesynch_process (local in 4emac-timesynch.c) called from PC: $12738 (elapsed: 1254249)
  call_process (local in process.c) called from PC: $1291c (elapsed: 1254286)
  process_run (packetbuf.c) called from PC: $05edc (elapsed: 1257677)
 WARN [Thread-2] (MspMote.java:229) - 27: # Watchdog[EXECUTION]: illegal write to WDTCTL (0) from $103ca - reset!!!!
Watchdog: illegal write to WDTCTL (0) from $103ca - reset!!!!
Stack Trace: number of calls: 5 PC: $103ca
  watchdog_reboot (packetbuf.c) called from PC: $24d44 (elapsed: 5)
  restart_time_synchronisation (packetbuf.c) called from PC: $15abe (elapsed: 60879)
  process_thread_foure_timesynch_process (local in 4emac-timesynch.c) called from PC: $12738 (elapsed: 1453895)
  call_process (local in process.c) called from PC: $1291c (elapsed: 1453932)
  process_run (packetbuf.c) called from PC: $05edc (elapsed: 1456969)
 WARN [Thread-2] (MspMote.java:229) - 26: # Watchdog[EXECUTION]: illegal write to WDTCTL (0) from $103ca - reset!!!!
Watchdog: illegal write to WDTCTL (0) from $103ca - reset!!!!
Stack Trace: number of calls: 5 PC: $103ca
  watchdog_reboot (packetbuf.c) called from PC: $24d44 (elapsed: 5)
  restart_time_synchronisation (packetbuf.c) called from PC: $15abe (elapsed: 60436)
  process_thread_foure_timesynch_process (local in 4emac-timesynch.c) called from PC: $12738 (elapsed: 1502259)
  call_process (local in process.c) called from PC: $1291c (elapsed: 1502296)
  process_run (packetbuf.c) called from PC: $05edc (elapsed: 1509798)
 WARN [Thread-2] (MspMote.java:229) - 33: # Watchdog[EXECUTION]: illegal write to WDTCTL (0) from $103ca - reset!!!!
Watchdog: illegal write to WDTCTL (0) from $103ca - reset!!!!
Stack Trace: number of calls: 5 PC: $103ca
  watchdog_reboot (packetbuf.c) called from PC: $24d44 (elapsed: 5)
  restart_time_synchronisation (packetbuf.c) called from PC: $15abe (elapsed: 30453)
  process_thread_foure_timesynch_process (local in 4emac-timesynch.c) called from PC: $12738 (elapsed: 809801)
  call_process (local in process.c) called from PC: $1291c (elapsed: 809838)
  process_run (packetbuf.c) called from PC: $05edc (elapsed: 813389)
 WARN [Thread-2] (MspMote.java:229) - 34: # Watchdog[EXECUTION]: illegal write to WDTCTL (0) from $103ca - reset!!!!
Watchdog: illegal write to WDTCTL (0) from $103ca - reset!!!!
Stack Trace: number of calls: 5 PC: $103ca
  watchdog_reboot (packetbuf.c) called from PC: $24d44 (elapsed: 5)
  restart_time_synchronisation (packetbuf.c) called from PC: $15abe (elapsed: 30447)
  process_thread_foure_timesynch_process (local in 4emac-timesynch.c) called from PC: $12738 (elapsed: 1396676)
  call_process (local in process.c) called from PC: $1291c (elapsed: 1396713)
  process_run (packetbuf.c) called from PC: $05edc (elapsed: 1399908)
 WARN [Thread-2] (MspMote.java:229) - 50: # Watchdog[EXECUTION]: illegal write to WDTCTL (0) from $103ca - reset!!!!
Watchdog: illegal write to WDTCTL (0) from $103ca - reset!!!!
Stack Trace: number of calls: 5 PC: $103ca
  watchdog_reboot (packetbuf.c) called from PC: $24d44 (elapsed: 5)
  restart_time_synchronisation (packetbuf.c) called from PC: $15abe (elapsed: 30452)
  process_thread_foure_timesynch_process (local in 4emac-timesynch.c) called from PC: $12738 (elapsed: 1281836)
  call_process (local in process.c) called from PC: $1291c (elapsed: 1281873)
  process_run (packetbuf.c) called from PC: $05edc (elapsed: 1285071)
 WARN [Thread-2] (MspMote.java:229) - 32: # Watchdog[EXECUTION]: illegal write to WDTCTL (0) from $103ca - reset!!!!
Watchdog: illegal write to WDTCTL (0) from $103ca - reset!!!!
Stack Trace: number of calls: 5 PC: $103ca
  watchdog_reboot (packetbuf.c) called from PC: $24d44 (elapsed: 5)
  restart_time_synchronisation (packetbuf.c) called from PC: $15abe (elapsed: 30447)
  process_thread_foure_timesynch_process (local in 4emac-timesynch.c) called from PC: $12738 (elapsed: 1425393)
  call_process (local in process.c) called from PC: $1291c (elapsed: 1425430)
  process_run (packetbuf.c) called from PC: $05edc (elapsed: 2255624)
 WARN [Thread-2] (MspMote.java:229) - 36: # Watchdog[EXECUTION]: illegal write to WDTCTL (0) from $103ca - reset!!!!
Watchdog: illegal write to WDTCTL (0) from $103ca - reset!!!!
Stack Trace: number of calls: 5 PC: $103ca
  watchdog_reboot (packetbuf.c) called from PC: $24d44 (elapsed: 5)
  restart_time_synchronisation (packetbuf.c) called from PC: $15abe (elapsed: 30452)
  process_thread_foure_timesynch_process (local in 4emac-timesynch.c) called from PC: $12738 (elapsed: 1346706)
  call_process (local in process.c) called from PC: $1291c (elapsed: 1346743)
  process_run (packetbuf.c) called from PC: $05edc (elapsed: 1350100)
 WARN [Thread-2] (MspMote.java:229) - 6: # Watchdog[EXECUTION]: illegal write to WDTCTL (0) from $103ca - reset!!!!
Watchdog: illegal write to WDTCTL (0) from $103ca - reset!!!!
Stack Trace: number of calls: 5 PC: $103ca
  watchdog_reboot (packetbuf.c) called from PC: $24d44 (elapsed: 5)
  restart_time_synchronisation (packetbuf.c) called from PC: $15abe (elapsed: 30452)
  process_thread_foure_timesynch_process (local in 4emac-timesynch.c) called from PC: $12738 (elapsed: 1118946)
  call_process (local in process.c) called from PC: $1291c (elapsed: 1118983)
  process_run (packetbuf.c) called from PC: $05edc (elapsed: 1122019)
 WARN [Thread-2] (MspMote.java:229) - 38: # Watchdog[EXECUTION]: illegal write to WDTCTL (0) from $103ca - reset!!!!
Watchdog: illegal write to WDTCTL (0) from $103ca - reset!!!!
Stack Trace: number of calls: 5 PC: $103ca
  watchdog_reboot (packetbuf.c) called from PC: $24d44 (elapsed: 5)
  restart_time_synchronisation (packetbuf.c) called from PC: $15abe (elapsed: 59965)
  process_thread_foure_timesynch_process (local in 4emac-timesynch.c) called from PC: $12738 (elapsed: 1257612)
  call_process (local in process.c) called from PC: $1291c (elapsed: 1257649)
  process_run (packetbuf.c) called from PC: $05edc (elapsed: 1260886)
 WARN [Thread-2] (MspMote.java:229) - 40: # Watchdog[EXECUTION]: illegal write to WDTCTL (0) from $103ca - reset!!!!
Watchdog: illegal write to WDTCTL (0) from $103ca - reset!!!!
Stack Trace: number of calls: 5 PC: $103ca
  watchdog_reboot (packetbuf.c) called from PC: $24d44 (elapsed: 5)
  restart_time_synchronisation (packetbuf.c) called from PC: $15abe (elapsed: 30452)
  process_thread_foure_timesynch_process (local in 4emac-timesynch.c) called from PC: $12738 (elapsed: 1410327)
  call_process (local in process.c) called from PC: $1291c (elapsed: 1410364)
  process_run (packetbuf.c) called from PC: $05edc (elapsed: 1413890)
 WARN [Thread-2] (MspMote.java:229) - 12: # Watchdog[EXECUTION]: illegal write to WDTCTL (0) from $103ca - reset!!!!
Watchdog: illegal write to WDTCTL (0) from $103ca - reset!!!!
Stack Trace: number of calls: 5 PC: $103ca
  watchdog_reboot (packetbuf.c) called from PC: $24d44 (elapsed: 5)
  restart_time_synchronisation (packetbuf.c) called from PC: $15abe (elapsed: 60580)
  process_thread_foure_timesynch_process (local in 4emac-timesynch.c) called from PC: $12738 (elapsed: 1502004)
  call_process (local in process.c) called from PC: $1291c (elapsed: 1502041)
  process_run (packetbuf.c) called from PC: $05edc (elapsed: 1505272)
 WARN [Thread-2] (MspMote.java:229) - 49: # Watchdog[EXECUTION]: illegal write to WDTCTL (0) from $103ca - reset!!!!
Watchdog: illegal write to WDTCTL (0) from $103ca - reset!!!!
Stack Trace: number of calls: 5 PC: $103ca
  watchdog_reboot (packetbuf.c) called from PC: $24d44 (elapsed: 5)
  restart_time_synchronisation (packetbuf.c) called from PC: $15abe (elapsed: 30452)
  process_thread_foure_timesynch_process (local in 4emac-timesynch.c) called from PC: $12738 (elapsed: 1481740)
  call_process (local in process.c) called from PC: $1291c (elapsed: 1481777)
  process_run (packetbuf.c) called from PC: $05edc (elapsed: 1484821)
 WARN [Thread-2] (MspMote.java:229) - 5: # Watchdog[EXECUTION]: illegal write to WDTCTL (0) from $103ca - reset!!!!
Watchdog: illegal write to WDTCTL (0) from $103ca - reset!!!!
Stack Trace: number of calls: 5 PC: $103ca
  watchdog_reboot (packetbuf.c) called from PC: $24d44 (elapsed: 5)
  restart_time_synchronisation (packetbuf.c) called from PC: $15abe (elapsed: 30452)
  process_thread_foure_timesynch_process (local in 4emac-timesynch.c) called from PC: $12738 (elapsed: 982806)
  call_process (local in process.c) called from PC: $1291c (elapsed: 982843)
  process_run (packetbuf.c) called from PC: $05edc (elapsed: 985960)
 WARN [Thread-2] (MspMote.java:229) - 46: # Watchdog[EXECUTION]: illegal write to WDTCTL (0) from $103ca - reset!!!!
Watchdog: illegal write to WDTCTL (0) from $103ca - reset!!!!
Stack Trace: number of calls: 5 PC: $103ca
  watchdog_reboot (packetbuf.c) called from PC: $24d44 (elapsed: 5)
  restart_time_synchronisation (packetbuf.c) called from PC: $15abe (elapsed: 30452)
  process_thread_foure_timesynch_process (local in 4emac-timesynch.c) called from PC: $12738 (elapsed: 1413159)
  call_process (local in process.c) called from PC: $1291c (elapsed: 1413196)
  process_run (packetbuf.c) called from PC: $05edc (elapsed: 1416693)
 WARN [Thread-2] (MspMote.java:229) - 51: # Watchdog[EXECUTION]: illegal write to WDTCTL (0) from $103ca - reset!!!!
Watchdog: illegal write to WDTCTL (0) from $103ca - reset!!!!
Stack Trace: number of calls: 11 PC: $103ca
  watchdog_reboot (packetbuf.c) called from PC: $24d44 (elapsed: 5)
  restart_time_synchronisation (packetbuf.c) called from PC: $14fba (elapsed: 31365)
  foure_timesynch_parent_switch_callback (packetbuf.c) called from PC: $1ea70 (elapsed: 69446)
  rpl_set_preferred_parent (local in rpl-dag.c) called from PC: $1f0a0 (elapsed: 162470)
  rpl_nullify_parent (packetbuf.c) called from PC: $1fd3a (elapsed: 412174)
  rpl_process_parent_event (packetbuf.c) called from PC: $1fdd2 (elapsed: 574224)
  rpl_recalculate_ranks (packetbuf.c) called from PC: $2383a (elapsed: 575272)
  handle_periodic_timer (local in rpl-timers.c) called from PC: $1219c (elapsed: 576389)
  process_thread_ctimer_process (local in ctimer.c) called from PC: $12738 (elapsed: 576614)
  call_process (local in process.c) called from PC: $1291c (elapsed: 576651)
  process_run (packetbuf.c) called from PC: $05edc (elapsed: 579614)
 WARN [Thread-2] (MspMote.java:229) - 19: # Watchdog[EXECUTION]: illegal write to WDTCTL (0) from $103ca - reset!!!!
Watchdog: illegal write to WDTCTL (0) from $103ca - reset!!!!
Stack Trace: number of calls: 5 PC: $103ca
  watchdog_reboot (packetbuf.c) called from PC: $24d44 (elapsed: 5)
  restart_time_synchronisation (packetbuf.c) called from PC: $15abe (elapsed: 30453)
  process_thread_foure_timesynch_process (local in 4emac-timesynch.c) called from PC: $12738 (elapsed: 1394762)
  call_process (local in process.c) called from PC: $1291c (elapsed: 1394799)
  process_run (packetbuf.c) called from PC: $05edc (elapsed: 1398208)
 WARN [Thread-2] (MspMote.java:229) - 31: # Watchdog[EXECUTION]: illegal write to WDTCTL (0) from $103ca - reset!!!!
 INFO [Thread-2] (LogScriptEngine.java:389) - Test script at 45.00%, done in 7574.3 sec
Watchdog: illegal write to WDTCTL (0) from $103ca - reset!!!!
Stack Trace: number of calls: 5 PC: $103ca
  watchdog_reboot (packetbuf.c) called from PC: $24d44 (elapsed: 5)
  restart_time_synchronisation (packetbuf.c) called from PC: $15abe (elapsed: 30452)
  process_thread_foure_timesynch_process (local in 4emac-timesynch.c) called from PC: $12738 (elapsed: 1229602)
  call_process (local in process.c) called from PC: $1291c (elapsed: 1229639)
  process_run (packetbuf.c) called from PC: $05edc (elapsed: 1232924)
 WARN [Thread-2] (MspMote.java:229) - 1: # Watchdog[EXECUTION]: illegal write to WDTCTL (0) from $103ca - reset!!!!
Watchdog: illegal write to WDTCTL (0) from $103ca - reset!!!!
Stack Trace: number of calls: 5 PC: $103ca
  watchdog_reboot (packetbuf.c) called from PC: $24d44 (elapsed: 5)
  restart_time_synchronisation (packetbuf.c) called from PC: $15abe (elapsed: 30452)
  process_thread_foure_timesynch_process (local in 4emac-timesynch.c) called from PC: $12738 (elapsed: 1364639)
  call_process (local in process.c) called from PC: $1291c (elapsed: 1364676)
  process_run (packetbuf.c) called from PC: $05edc (elapsed: 1367788)
 WARN [Thread-2] (MspMote.java:229) - 37: # Watchdog[EXECUTION]: illegal write to WDTCTL (0) from $103ca - reset!!!!
Watchdog: illegal write to WDTCTL (0) from $103ca - reset!!!!
Stack Trace: number of calls: 5 PC: $103ca
  watchdog_reboot (packetbuf.c) called from PC: $24d44 (elapsed: 5)
  restart_time_synchronisation (packetbuf.c) called from PC: $15abe (elapsed: 30501)
  process_thread_foure_timesynch_process (local in 4emac-timesynch.c) called from PC: $12738 (elapsed: 1640587)
  call_process (local in process.c) called from PC: $1291c (elapsed: 1640624)
  process_run (packetbuf.c) called from PC: $05edc (elapsed: 1643988)
 WARN [Thread-2] (MspMote.java:229) - 18: # Watchdog[EXECUTION]: illegal write to WDTCTL (0) from $103ca - reset!!!!
Watchdog: illegal write to WDTCTL (0) from $103ca - reset!!!!
Stack Trace: number of calls: 5 PC: $103ca
  watchdog_reboot (packetbuf.c) called from PC: $24d44 (elapsed: 5)
  restart_time_synchronisation (packetbuf.c) called from PC: $15abe (elapsed: 30452)
  process_thread_foure_timesynch_process (local in 4emac-timesynch.c) called from PC: $12738 (elapsed: 723357)
  call_process (local in process.c) called from PC: $1291c (elapsed: 723394)
  process_run (packetbuf.c) called from PC: $05edc (elapsed: 726699)
 WARN [Thread-2] (MspMote.java:229) - 46: # Watchdog[EXECUTION]: illegal write to WDTCTL (0) from $103ca - reset!!!!
Watchdog: illegal write to WDTCTL (0) from $103ca - reset!!!!
Stack Trace: number of calls: 5 PC: $103ca
  watchdog_reboot (packetbuf.c) called from PC: $24d44 (elapsed: 5)
  restart_time_synchronisation (packetbuf.c) called from PC: $15abe (elapsed: 30489)
  process_thread_foure_timesynch_process (local in 4emac-timesynch.c) called from PC: $12738 (elapsed: 1085271)
  call_process (local in process.c) called from PC: $1291c (elapsed: 1085308)
  process_run (packetbuf.c) called from PC: $05edc (elapsed: 1088537)
 WARN [Thread-2] (MspMote.java:229) - 16: # Watchdog[EXECUTION]: illegal write to WDTCTL (0) from $103ca - reset!!!!
Watchdog: illegal write to WDTCTL (0) from $103ca - reset!!!!
Stack Trace: number of calls: 5 PC: $103ca
  watchdog_reboot (packetbuf.c) called from PC: $24d44 (elapsed: 5)
  restart_time_synchronisation (packetbuf.c) called from PC: $15abe (elapsed: 44965)
  process_thread_foure_timesynch_process (local in 4emac-timesynch.c) called from PC: $12738 (elapsed: 683024)
  call_process (local in process.c) called from PC: $1291c (elapsed: 683061)
  process_run (packetbuf.c) called from PC: $05edc (elapsed: 687244)
 WARN [Thread-2] (MspMote.java:229) - 33: # Watchdog[EXECUTION]: illegal write to WDTCTL (0) from $103ca - reset!!!!
Watchdog: illegal write to WDTCTL (0) from $103ca - reset!!!!
Stack Trace: number of calls: 5 PC: $103ca
  watchdog_reboot (packetbuf.c) called from PC: $24d44 (elapsed: 5)
  restart_time_synchronisation (packetbuf.c) called from PC: $15abe (elapsed: 30452)
  process_thread_foure_timesynch_process (local in 4emac-timesynch.c) called from PC: $12738 (elapsed: 1213777)
  call_process (local in process.c) called from PC: $1291c (elapsed: 1213814)
  process_run (packetbuf.c) called from PC: $05edc (elapsed: 1217007)
 WARN [Thread-2] (MspMote.java:229) - 9: # Watchdog[EXECUTION]: illegal write to WDTCTL (0) from $103ca - reset!!!!
Watchdog: illegal write to WDTCTL (0) from $103ca - reset!!!!
Stack Trace: number of calls: 5 PC: $103ca
  watchdog_reboot (packetbuf.c) called from PC: $24d44 (elapsed: 5)
  restart_time_synchronisation (packetbuf.c) called from PC: $15abe (elapsed: 30452)
  process_thread_foure_timesynch_process (local in 4emac-timesynch.c) called from PC: $12738 (elapsed: 1112778)
  call_process (local in process.c) called from PC: $1291c (elapsed: 1112815)
  process_run (packetbuf.c) called from PC: $05edc (elapsed: 1115929)
 WARN [Thread-2] (MspMote.java:229) - 21: # Watchdog[EXECUTION]: illegal write to WDTCTL (0) from $103ca - reset!!!!
Watchdog: illegal write to WDTCTL (0) from $103ca - reset!!!!
Stack Trace: number of calls: 5 PC: $103ca
  watchdog_reboot (packetbuf.c) called from PC: $24d44 (elapsed: 5)
  restart_time_synchronisation (packetbuf.c) called from PC: $15abe (elapsed: 30447)
  process_thread_foure_timesynch_process (local in 4emac-timesynch.c) called from PC: $12738 (elapsed: 1567346)
  call_process (local in process.c) called from PC: $1291c (elapsed: 1567383)
  process_run (packetbuf.c) called from PC: $05edc (elapsed: 1570425)
 WARN [Thread-2] (MspMote.java:229) - 30: # Watchdog[EXECUTION]: illegal write to WDTCTL (0) from $103ca - reset!!!!
Watchdog: illegal write to WDTCTL (0) from $103ca - reset!!!!
Stack Trace: number of calls: 5 PC: $103ca
  watchdog_reboot (packetbuf.c) called from PC: $24d44 (elapsed: 5)
  restart_time_synchronisation (packetbuf.c) called from PC: $15abe (elapsed: 30452)
  process_thread_foure_timesynch_process (local in 4emac-timesynch.c) called from PC: $12738 (elapsed: 776848)
  call_process (local in process.c) called from PC: $1291c (elapsed: 776885)
  process_run (packetbuf.c) called from PC: $05edc (elapsed: 779997)
 WARN [Thread-2] (MspMote.java:229) - 5: # Watchdog[EXECUTION]: illegal write to WDTCTL (0) from $103ca - reset!!!!
Watchdog: illegal write to WDTCTL (0) from $103ca - reset!!!!
Stack Trace: number of calls: 5 PC: $103ca
  watchdog_reboot (packetbuf.c) called from PC: $24d44 (elapsed: 5)
  restart_time_synchronisation (packetbuf.c) called from PC: $15abe (elapsed: 30452)
  process_thread_foure_timesynch_process (local in 4emac-timesynch.c) called from PC: $12738 (elapsed: 1363327)
  call_process (local in process.c) called from PC: $1291c (elapsed: 1363364)
  process_run (packetbuf.c) called from PC: $05edc (elapsed: 1367765)
 WARN [Thread-2] (MspMote.java:229) - 55: # Watchdog[EXECUTION]: illegal write to WDTCTL (0) from $103ca - reset!!!!
Watchdog: illegal write to WDTCTL (0) from $103ca - reset!!!!
Stack Trace: number of calls: 5 PC: $103ca
  watchdog_reboot (packetbuf.c) called from PC: $24d44 (elapsed: 5)
  restart_time_synchronisation (packetbuf.c) called from PC: $15abe (elapsed: 30452)
  process_thread_foure_timesynch_process (local in 4emac-timesynch.c) called from PC: $12738 (elapsed: 1238326)
  call_process (local in process.c) called from PC: $1291c (elapsed: 1238363)
  process_run (packetbuf.c) called from PC: $05edc (elapsed: 1241851)
 WARN [Thread-2] (MspMote.java:229) - 2: # Watchdog[EXECUTION]: illegal write to WDTCTL (0) from $103ca - reset!!!!
Watchdog: illegal write to WDTCTL (0) from $103ca - reset!!!!
Stack Trace: number of calls: 5 PC: $103ca
  watchdog_reboot (packetbuf.c) called from PC: $24d44 (elapsed: 5)
  restart_time_synchronisation (packetbuf.c) called from PC: $15abe (elapsed: 30489)
  process_thread_foure_timesynch_process (local in 4emac-timesynch.c) called from PC: $12738 (elapsed: 1008344)
  call_process (local in process.c) called from PC: $1291c (elapsed: 1008381)
  process_run (packetbuf.c) called from PC: $05edc (elapsed: 1011498)
 WARN [Thread-2] (MspMote.java:229) - 45: # Watchdog[EXECUTION]: illegal write to WDTCTL (0) from $103ca - reset!!!!
Watchdog: illegal write to WDTCTL (0) from $103ca - reset!!!!
Stack Trace: number of calls: 5 PC: $103ca
  watchdog_reboot (packetbuf.c) called from PC: $24d44 (elapsed: 5)
  restart_time_synchronisation (packetbuf.c) called from PC: $15abe (elapsed: 30452)
  process_thread_foure_timesynch_process (local in 4emac-timesynch.c) called from PC: $12738 (elapsed: 1085887)
  call_process (local in process.c) called from PC: $1291c (elapsed: 1085924)
  process_run (packetbuf.c) called from PC: $05edc (elapsed: 1094403)
 WARN [Thread-2] (MspMote.java:229) - 18: # Watchdog[EXECUTION]: illegal write to WDTCTL (0) from $103ca - reset!!!!
Watchdog: illegal write to WDTCTL (0) from $103ca - reset!!!!
Stack Trace: number of calls: 5 PC: $103ca
  watchdog_reboot (packetbuf.c) called from PC: $24d44 (elapsed: 5)
  restart_time_synchronisation (packetbuf.c) called from PC: $15abe (elapsed: 30453)
  process_thread_foure_timesynch_process (local in 4emac-timesynch.c) called from PC: $12738 (elapsed: 1410620)
  call_process (local in process.c) called from PC: $1291c (elapsed: 1410657)
  process_run (packetbuf.c) called from PC: $05edc (elapsed: 1414147)
 WARN [Thread-2] (MspMote.java:229) - 43: # Watchdog[EXECUTION]: illegal write to WDTCTL (0) from $103ca - reset!!!!
Watchdog: illegal write to WDTCTL (0) from $103ca - reset!!!!
Stack Trace: number of calls: 5 PC: $103ca
  watchdog_reboot (packetbuf.c) called from PC: $24d44 (elapsed: 5)
  restart_time_synchronisation (packetbuf.c) called from PC: $15abe (elapsed: 30447)
  process_thread_foure_timesynch_process (local in 4emac-timesynch.c) called from PC: $12738 (elapsed: 1446686)
  call_process (local in process.c) called from PC: $1291c (elapsed: 1446723)
  process_run (packetbuf.c) called from PC: $05edc (elapsed: 1450058)
 WARN [Thread-2] (MspMote.java:229) - 42: # Watchdog[EXECUTION]: illegal write to WDTCTL (0) from $103ca - reset!!!!
Watchdog: illegal write to WDTCTL (0) from $103ca - reset!!!!
Stack Trace: number of calls: 5 PC: $103ca
  watchdog_reboot (packetbuf.c) called from PC: $24d44 (elapsed: 5)
  restart_time_synchronisation (packetbuf.c) called from PC: $15abe (elapsed: 30452)
  process_thread_foure_timesynch_process (local in 4emac-timesynch.c) called from PC: $12738 (elapsed: 668794)
  call_process (local in process.c) called from PC: $1291c (elapsed: 668831)
  process_run (packetbuf.c) called from PC: $05edc (elapsed: 672024)
 WARN [Thread-2] (MspMote.java:229) - 49: # Watchdog[EXECUTION]: illegal write to WDTCTL (0) from $103ca - reset!!!!
Watchdog: illegal write to WDTCTL (0) from $103ca - reset!!!!
Stack Trace: number of calls: 5 PC: $103ca
  watchdog_reboot (packetbuf.c) called from PC: $24d44 (elapsed: 5)
  restart_time_synchronisation (packetbuf.c) called from PC: $15abe (elapsed: 30453)
  process_thread_foure_timesynch_process (local in 4emac-timesynch.c) called from PC: $12738 (elapsed: 1433831)
  call_process (local in process.c) called from PC: $1291c (elapsed: 1433868)
  process_run (packetbuf.c) called from PC: $05edc (elapsed: 1438813)
 WARN [Thread-2] (MspMote.java:229) - 57: # Watchdog[EXECUTION]: illegal write to WDTCTL (0) from $103ca - reset!!!!
Watchdog: illegal write to WDTCTL (0) from $103ca - reset!!!!
Stack Trace: number of calls: 11 PC: $103ca
  watchdog_reboot (packetbuf.c) called from PC: $24d44 (elapsed: 5)
  restart_time_synchronisation (packetbuf.c) called from PC: $14fba (elapsed: 31371)
  foure_timesynch_parent_switch_callback (packetbuf.c) called from PC: $1ea70 (elapsed: 69483)
  rpl_set_preferred_parent (local in rpl-dag.c) called from PC: $1f0a0 (elapsed: 164838)
  rpl_nullify_parent (packetbuf.c) called from PC: $1fd3a (elapsed: 391502)
  rpl_process_parent_event (packetbuf.c) called from PC: $1fdd2 (elapsed: 494835)
  rpl_recalculate_ranks (packetbuf.c) called from PC: $2383a (elapsed: 498986)
  handle_periodic_timer (local in rpl-timers.c) called from PC: $1219c (elapsed: 499508)
  process_thread_ctimer_process (local in ctimer.c) called from PC: $12738 (elapsed: 499733)
  call_process (local in process.c) called from PC: $1291c (elapsed: 499770)
  process_run (packetbuf.c) called from PC: $05edc (elapsed: 503100)
 WARN [Thread-2] (MspMote.java:229) - 54: # Watchdog[EXECUTION]: illegal write to WDTCTL (0) from $103ca - reset!!!!
Watchdog: illegal write to WDTCTL (0) from $103ca - reset!!!!
Stack Trace: number of calls: 5 PC: $103ca
  watchdog_reboot (packetbuf.c) called from PC: $24d44 (elapsed: 5)
  restart_time_synchronisation (packetbuf.c) called from PC: $15abe (elapsed: 30453)
  process_thread_foure_timesynch_process (local in 4emac-timesynch.c) called from PC: $12738 (elapsed: 1436762)
  call_process (local in process.c) called from PC: $1291c (elapsed: 1436799)
  process_run (packetbuf.c) called from PC: $05edc (elapsed: 1440978)
 WARN [Thread-2] (MspMote.java:229) - 48: # Watchdog[EXECUTION]: illegal write to WDTCTL (0) from $103ca - reset!!!!
Watchdog: illegal write to WDTCTL (0) from $103ca - reset!!!!
Stack Trace: number of calls: 5 PC: $103ca
  watchdog_reboot (packetbuf.c) called from PC: $24d44 (elapsed: 5)
  restart_time_synchronisation (packetbuf.c) called from PC: $15abe (elapsed: 30453)
  process_thread_foure_timesynch_process (local in 4emac-timesynch.c) called from PC: $12738 (elapsed: 947268)
  call_process (local in process.c) called from PC: $1291c (elapsed: 947305)
  process_run (packetbuf.c) called from PC: $05edc (elapsed: 950652)
 WARN [Thread-2] (MspMote.java:229) - 50: # Watchdog[EXECUTION]: illegal write to WDTCTL (0) from $103ca - reset!!!!
Watchdog: illegal write to WDTCTL (0) from $103ca - reset!!!!
Stack Trace: number of calls: 5 PC: $103ca
  watchdog_reboot (packetbuf.c) called from PC: $24d44 (elapsed: 5)
  restart_time_synchronisation (packetbuf.c) called from PC: $15abe (elapsed: 30452)
  process_thread_foure_timesynch_process (local in 4emac-timesynch.c) called from PC: $12738 (elapsed: 1125997)
  call_process (local in process.c) called from PC: $1291c (elapsed: 1126034)
  process_run (packetbuf.c) called from PC: $05edc (elapsed: 1129238)
 WARN [Thread-2] (MspMote.java:229) - 56: # Watchdog[EXECUTION]: illegal write to WDTCTL (0) from $103ca - reset!!!!
Watchdog: illegal write to WDTCTL (0) from $103ca - reset!!!!
Stack Trace: number of calls: 5 PC: $103ca
  watchdog_reboot (packetbuf.c) called from PC: $24d44 (elapsed: 5)
  restart_time_synchronisation (packetbuf.c) called from PC: $15abe (elapsed: 30453)
  process_thread_foure_timesynch_process (local in 4emac-timesynch.c) called from PC: $12738 (elapsed: 563627)
  call_process (local in process.c) called from PC: $1291c (elapsed: 563664)
  process_run (packetbuf.c) called from PC: $05edc (elapsed: 566859)
 WARN [Thread-2] (MspMote.java:229) - 46: # Watchdog[EXECUTION]: illegal write to WDTCTL (0) from $103ca - reset!!!!
Watchdog: illegal write to WDTCTL (0) from $103ca - reset!!!!
Stack Trace: number of calls: 5 PC: $103ca
  watchdog_reboot (packetbuf.c) called from PC: $24d44 (elapsed: 5)
  restart_time_synchronisation (packetbuf.c) called from PC: $15abe (elapsed: 30452)
  process_thread_foure_timesynch_process (local in 4emac-timesynch.c) called from PC: $12738 (elapsed: 1363617)
  call_process (local in process.c) called from PC: $1291c (elapsed: 1363654)
  process_run (packetbuf.c) called from PC: $05edc (elapsed: 1366718)
 WARN [Thread-2] (MspMote.java:229) - 60: # Watchdog[EXECUTION]: illegal write to WDTCTL (0) from $103ca - reset!!!!
Watchdog: illegal write to WDTCTL (0) from $103ca - reset!!!!
Stack Trace: number of calls: 5 PC: $103ca
  watchdog_reboot (packetbuf.c) called from PC: $24d44 (elapsed: 5)
  restart_time_synchronisation (packetbuf.c) called from PC: $15abe (elapsed: 30452)
  process_thread_foure_timesynch_process (local in 4emac-timesynch.c) called from PC: $12738 (elapsed: 1223397)
  call_process (local in process.c) called from PC: $1291c (elapsed: 1223434)
  process_run (packetbuf.c) called from PC: $05edc (elapsed: 1226577)
 WARN [Thread-2] (MspMote.java:229) - 61: # Watchdog[EXECUTION]: illegal write to WDTCTL (0) from $103ca - reset!!!!
Watchdog: illegal write to WDTCTL (0) from $103ca - reset!!!!
Stack Trace: number of calls: 5 PC: $103ca
  watchdog_reboot (packetbuf.c) called from PC: $24d44 (elapsed: 5)
  restart_time_synchronisation (packetbuf.c) called from PC: $15abe (elapsed: 30470)
  process_thread_foure_timesynch_process (local in 4emac-timesynch.c) called from PC: $12738 (elapsed: 1397668)
  call_process (local in process.c) called from PC: $1291c (elapsed: 1397705)
  process_run (packetbuf.c) called from PC: $05edc (elapsed: 1400900)
 WARN [Thread-2] (MspMote.java:229) - 59: # Watchdog[EXECUTION]: illegal write to WDTCTL (0) from $103ca - reset!!!!
Watchdog: illegal write to WDTCTL (0) from $103ca - reset!!!!
Stack Trace: number of calls: 5 PC: $103ca
  watchdog_reboot (packetbuf.c) called from PC: $24d44 (elapsed: 5)
  restart_time_synchronisation (packetbuf.c) called from PC: $15abe (elapsed: 34346)
  process_thread_foure_timesynch_process (local in 4emac-timesynch.c) called from PC: $12738 (elapsed: 1506977)
  call_process (local in process.c) called from PC: $1291c (elapsed: 1507014)
  process_run (packetbuf.c) called from PC: $05edc (elapsed: 1511332)
 WARN [Thread-2] (MspMote.java:229) - 53: # Watchdog[EXECUTION]: illegal write to WDTCTL (0) from $103ca - reset!!!!
 INFO [Thread-2] (LogScriptEngine.java:389) - Test script at 50.00%, done in 6794.6 sec
Watchdog: illegal write to WDTCTL (0) from $103ca - reset!!!!
Stack Trace: number of calls: 5 PC: $103ca
  watchdog_reboot (packetbuf.c) called from PC: $24d44 (elapsed: 5)
  restart_time_synchronisation (packetbuf.c) called from PC: $15abe (elapsed: 30453)
  process_thread_foure_timesynch_process (local in 4emac-timesynch.c) called from PC: $12738 (elapsed: 1374143)
  call_process (local in process.c) called from PC: $1291c (elapsed: 1374180)
  process_run (packetbuf.c) called from PC: $05edc (elapsed: 1377373)
 WARN [Thread-2] (MspMote.java:229) - 47: # Watchdog[EXECUTION]: illegal write to WDTCTL (0) from $103ca - reset!!!!
Watchdog: illegal write to WDTCTL (0) from $103ca - reset!!!!
Stack Trace: number of calls: 5 PC: $103ca
  watchdog_reboot (packetbuf.c) called from PC: $24d44 (elapsed: 5)
  restart_time_synchronisation (packetbuf.c) called from PC: $15abe (elapsed: 30452)
  process_thread_foure_timesynch_process (local in 4emac-timesynch.c) called from PC: $12738 (elapsed: 967012)
  call_process (local in process.c) called from PC: $1291c (elapsed: 967049)
  process_run (packetbuf.c) called from PC: $05edc (elapsed: 970321)
 WARN [Thread-2] (MspMote.java:229) - 6: # Watchdog[EXECUTION]: illegal write to WDTCTL (0) from $103ca - reset!!!!
Watchdog: illegal write to WDTCTL (0) from $103ca - reset!!!!
Stack Trace: number of calls: 5 PC: $103ca
  watchdog_reboot (packetbuf.c) called from PC: $24d44 (elapsed: 5)
  restart_time_synchronisation (packetbuf.c) called from PC: $15abe (elapsed: 30452)
  process_thread_foure_timesynch_process (local in 4emac-timesynch.c) called from PC: $12738 (elapsed: 951601)
  call_process (local in process.c) called from PC: $1291c (elapsed: 951638)
  process_run (packetbuf.c) called from PC: $05edc (elapsed: 954752)
 WARN [Thread-2] (MspMote.java:229) - 44: # Watchdog[EXECUTION]: illegal write to WDTCTL (0) from $103ca - reset!!!!
Watchdog: illegal write to WDTCTL (0) from $103ca - reset!!!!
Stack Trace: number of calls: 5 PC: $103ca
  watchdog_reboot (packetbuf.c) called from PC: $24d44 (elapsed: 5)
  restart_time_synchronisation (packetbuf.c) called from PC: $15abe (elapsed: 30452)
  process_thread_foure_timesynch_process (local in 4emac-timesynch.c) called from PC: $12738 (elapsed: 538762)
  call_process (local in process.c) called from PC: $1291c (elapsed: 538799)
  process_run (packetbuf.c) called from PC: $05edc (elapsed: 541915)
 WARN [Thread-2] (MspMote.java:229) - 35: # Watchdog[EXECUTION]: illegal write to WDTCTL (0) from $103ca - reset!!!!
Watchdog: illegal write to WDTCTL (0) from $103ca - reset!!!!
Stack Trace: number of calls: 5 PC: $103ca
  watchdog_reboot (packetbuf.c) called from PC: $24d44 (elapsed: 5)
  restart_time_synchronisation (packetbuf.c) called from PC: $15abe (elapsed: 31364)
  process_thread_foure_timesynch_process (local in 4emac-timesynch.c) called from PC: $12738 (elapsed: 218445)
  call_process (local in process.c) called from PC: $1291c (elapsed: 218482)
  process_run (packetbuf.c) called from PC: $05edc (elapsed: 220806)
 WARN [Thread-2] (MspMote.java:229) - 30: # Watchdog[EXECUTION]: illegal write to WDTCTL (0) from $103ca - reset!!!!
Watchdog: illegal write to WDTCTL (0) from $103ca - reset!!!!
Stack Trace: number of calls: 5 PC: $103ca
  watchdog_reboot (packetbuf.c) called from PC: $24d44 (elapsed: 5)
  restart_time_synchronisation (packetbuf.c) called from PC: $15abe (elapsed: 31359)
  process_thread_foure_timesynch_process (local in 4emac-timesynch.c) called from PC: $12738 (elapsed: 185423)
  call_process (local in process.c) called from PC: $1291c (elapsed: 185460)
  process_run (packetbuf.c) called from PC: $05edc (elapsed: 187861)
 WARN [Thread-2] (MspMote.java:229) - 34: # Watchdog[EXECUTION]: illegal write to WDTCTL (0) from $103ca - reset!!!!
Watchdog: illegal write to WDTCTL (0) from $103ca - reset!!!!
Stack Trace: number of calls: 5 PC: $103ca
  watchdog_reboot (packetbuf.c) called from PC: $24d44 (elapsed: 5)
  restart_time_synchronisation (packetbuf.c) called from PC: $15abe (elapsed: 30453)
  process_thread_foure_timesynch_process (local in 4emac-timesynch.c) called from PC: $12738 (elapsed: 707329)
  call_process (local in process.c) called from PC: $1291c (elapsed: 707366)
  process_run (packetbuf.c) called from PC: $05edc (elapsed: 710487)
 WARN [Thread-2] (MspMote.java:229) - 29: # Watchdog[EXECUTION]: illegal write to WDTCTL (0) from $103ca - reset!!!!
Watchdog: illegal write to WDTCTL (0) from $103ca - reset!!!!
Stack Trace: number of calls: 5 PC: $103ca
  watchdog_reboot (packetbuf.c) called from PC: $24d44 (elapsed: 5)
  restart_time_synchronisation (packetbuf.c) called from PC: $15abe (elapsed: 30452)
  process_thread_foure_timesynch_process (local in 4emac-timesynch.c) called from PC: $12738 (elapsed: 1406165)
  call_process (local in process.c) called from PC: $1291c (elapsed: 1406202)
  process_run (packetbuf.c) called from PC: $05edc (elapsed: 1409395)
 WARN [Thread-2] (MspMote.java:229) - 17: # Watchdog[EXECUTION]: illegal write to WDTCTL (0) from $103ca - reset!!!!
Watchdog: illegal write to WDTCTL (0) from $103ca - reset!!!!
Stack Trace: number of calls: 5 PC: $103ca
  watchdog_reboot (packetbuf.c) called from PC: $24d44 (elapsed: 5)
  restart_time_synchronisation (packetbuf.c) called from PC: $15abe (elapsed: 30453)
  process_thread_foure_timesynch_process (local in 4emac-timesynch.c) called from PC: $12738 (elapsed: 1443449)
  call_process (local in process.c) called from PC: $1291c (elapsed: 1443486)
  process_run (packetbuf.c) called from PC: $05edc (elapsed: 1446769)
 WARN [Thread-2] (MspMote.java:229) - 58: # Watchdog[EXECUTION]: illegal write to WDTCTL (0) from $103ca - reset!!!!
Watchdog: illegal write to WDTCTL (0) from $103ca - reset!!!!
Stack Trace: number of calls: 5 PC: $103ca
  watchdog_reboot (packetbuf.c) called from PC: $24d44 (elapsed: 5)
  restart_time_synchronisation (packetbuf.c) called from PC: $15abe (elapsed: 30453)
  process_thread_foure_timesynch_process (local in 4emac-timesynch.c) called from PC: $12738 (elapsed: 1400724)
  call_process (local in process.c) called from PC: $1291c (elapsed: 1400761)
  process_run (packetbuf.c) called from PC: $05edc (elapsed: 1403873)
 WARN [Thread-2] (MspMote.java:229) - 52: # Watchdog[EXECUTION]: illegal write to WDTCTL (0) from $103ca - reset!!!!
Watchdog: illegal write to WDTCTL (0) from $103ca - reset!!!!
Stack Trace: number of calls: 5 PC: $103ca
  watchdog_reboot (packetbuf.c) called from PC: $24d44 (elapsed: 5)
  restart_time_synchronisation (packetbuf.c) called from PC: $15abe (elapsed: 31364)
  process_thread_foure_timesynch_process (local in 4emac-timesynch.c) called from PC: $12738 (elapsed: 185592)
  call_process (local in process.c) called from PC: $1291c (elapsed: 185629)
  process_run (packetbuf.c) called from PC: $05edc (elapsed: 188947)
 WARN [Thread-2] (MspMote.java:229) - 33: # Watchdog[EXECUTION]: illegal write to WDTCTL (0) from $103ca - reset!!!!
Watchdog: illegal write to WDTCTL (0) from $103ca - reset!!!!
Stack Trace: number of calls: 5 PC: $103ca
  watchdog_reboot (packetbuf.c) called from PC: $24d44 (elapsed: 5)
  restart_time_synchronisation (packetbuf.c) called from PC: $15abe (elapsed: 30452)
  process_thread_foure_timesynch_process (local in 4emac-timesynch.c) called from PC: $12738 (elapsed: 863106)
  call_process (local in process.c) called from PC: $1291c (elapsed: 863143)
  process_run (packetbuf.c) called from PC: $05edc (elapsed: 866345)
 WARN [Thread-2] (MspMote.java:229) - 20: # Watchdog[EXECUTION]: illegal write to WDTCTL (0) from $103ca - reset!!!!
Watchdog: illegal write to WDTCTL (0) from $103ca - reset!!!!
Stack Trace: number of calls: 5 PC: $103ca
  watchdog_reboot (packetbuf.c) called from PC: $24d44 (elapsed: 5)
  restart_time_synchronisation (packetbuf.c) called from PC: $15abe (elapsed: 31364)
  process_thread_foure_timesynch_process (local in 4emac-timesynch.c) called from PC: $12738 (elapsed: 217330)
  call_process (local in process.c) called from PC: $1291c (elapsed: 217367)
  process_run (packetbuf.c) called from PC: $05edc (elapsed: 219691)
 WARN [Thread-2] (MspMote.java:229) - 5: # Watchdog[EXECUTION]: illegal write to WDTCTL (0) from $103ca - reset!!!!
Watchdog: illegal write to WDTCTL (0) from $103ca - reset!!!!
Stack Trace: number of calls: 5 PC: $103ca
  watchdog_reboot (packetbuf.c) called from PC: $24d44 (elapsed: 5)
  restart_time_synchronisation (packetbuf.c) called from PC: $15abe (elapsed: 31365)
  process_thread_foure_timesynch_process (local in 4emac-timesynch.c) called from PC: $12738 (elapsed: 185631)
  call_process (local in process.c) called from PC: $1291c (elapsed: 185668)
  process_run (packetbuf.c) called from PC: $05edc (elapsed: 188907)
 WARN [Thread-2] (MspMote.java:229) - 54: # Watchdog[EXECUTION]: illegal write to WDTCTL (0) from $103ca - reset!!!!
Watchdog: illegal write to WDTCTL (0) from $103ca - reset!!!!
Stack Trace: number of calls: 5 PC: $103ca
  watchdog_reboot (packetbuf.c) called from PC: $24d44 (elapsed: 5)
  restart_time_synchronisation (packetbuf.c) called from PC: $15abe (elapsed: 30447)
  process_thread_foure_timesynch_process (local in 4emac-timesynch.c) called from PC: $12738 (elapsed: 1085354)
  call_process (local in process.c) called from PC: $1291c (elapsed: 1085391)
  process_run (packetbuf.c) called from PC: $05edc (elapsed: 1088667)
 WARN [Thread-2] (MspMote.java:229) - 45: # Watchdog[EXECUTION]: illegal write to WDTCTL (0) from $103ca - reset!!!!
Watchdog: illegal write to WDTCTL (0) from $103ca - reset!!!!
Stack Trace: number of calls: 5 PC: $103ca
  watchdog_reboot (packetbuf.c) called from PC: $24d44 (elapsed: 5)
  restart_time_synchronisation (packetbuf.c) called from PC: $15abe (elapsed: 31359)
  process_thread_foure_timesynch_process (local in 4emac-timesynch.c) called from PC: $12738 (elapsed: 185321)
  call_process (local in process.c) called from PC: $1291c (elapsed: 185358)
  process_run (packetbuf.c) called from PC: $05edc (elapsed: 187838)
 WARN [Thread-2] (MspMote.java:229) - 61: # Watchdog[EXECUTION]: illegal write to WDTCTL (0) from $103ca - reset!!!!
Watchdog: illegal write to WDTCTL (0) from $103ca - reset!!!!
Stack Trace: number of calls: 5 PC: $103ca
  watchdog_reboot (packetbuf.c) called from PC: $24d44 (elapsed: 5)
  restart_time_synchronisation (packetbuf.c) called from PC: $15abe (elapsed: 30603)
  process_thread_foure_timesynch_process (local in 4emac-timesynch.c) called from PC: $12738 (elapsed: 1503509)
  call_process (local in process.c) called from PC: $1291c (elapsed: 1503546)
  process_run (packetbuf.c) called from PC: $05edc (elapsed: 1506737)
 WARN [Thread-2] (MspMote.java:229) - 4: # Watchdog[EXECUTION]: illegal write to WDTCTL (0) from $103ca - reset!!!!
Watchdog: illegal write to WDTCTL (0) from $103ca - reset!!!!
Stack Trace: number of calls: 5 PC: $103ca
  watchdog_reboot (packetbuf.c) called from PC: $24d44 (elapsed: 5)
  restart_time_synchronisation (packetbuf.c) called from PC: $15abe (elapsed: 30453)
  process_thread_foure_timesynch_process (local in 4emac-timesynch.c) called from PC: $12738 (elapsed: 503273)
  call_process (local in process.c) called from PC: $1291c (elapsed: 503310)
  process_run (packetbuf.c) called from PC: $05edc (elapsed: 507890)
 WARN [Thread-2] (MspMote.java:229) - 40: # Watchdog[EXECUTION]: illegal write to WDTCTL (0) from $103ca - reset!!!!
Watchdog: illegal write to WDTCTL (0) from $103ca - reset!!!!
Stack Trace: number of calls: 5 PC: $103ca
  watchdog_reboot (packetbuf.c) called from PC: $24d44 (elapsed: 5)
  restart_time_synchronisation (packetbuf.c) called from PC: $15abe (elapsed: 30452)
  process_thread_foure_timesynch_process (local in 4emac-timesynch.c) called from PC: $12738 (elapsed: 1291632)
  call_process (local in process.c) called from PC: $1291c (elapsed: 1291669)
  process_run (packetbuf.c) called from PC: $05edc (elapsed: 1294860)
 WARN [Thread-2] (MspMote.java:229) - 57: # Watchdog[EXECUTION]: illegal write to WDTCTL (0) from $103ca - reset!!!!
Watchdog: illegal write to WDTCTL (0) from $103ca - reset!!!!
Stack Trace: number of calls: 5 PC: $103ca
  watchdog_reboot (packetbuf.c) called from PC: $24d44 (elapsed: 5)
  restart_time_synchronisation (packetbuf.c) called from PC: $15abe (elapsed: 30452)
  process_thread_foure_timesynch_process (local in 4emac-timesynch.c) called from PC: $12738 (elapsed: 679067)
  call_process (local in process.c) called from PC: $1291c (elapsed: 679104)
  process_run (packetbuf.c) called from PC: $05edc (elapsed: 682306)
 WARN [Thread-2] (MspMote.java:229) - 28: # Watchdog[EXECUTION]: illegal write to WDTCTL (0) from $103ca - reset!!!!
Watchdog: illegal write to WDTCTL (0) from $103ca - reset!!!!
Stack Trace: number of calls: 5 PC: $103ca
  watchdog_reboot (packetbuf.c) called from PC: $24d44 (elapsed: 5)
  restart_time_synchronisation (packetbuf.c) called from PC: $15abe (elapsed: 30495)
  process_thread_foure_timesynch_process (local in 4emac-timesynch.c) called from PC: $12738 (elapsed: 500723)
  call_process (local in process.c) called from PC: $1291c (elapsed: 500760)
  process_run (packetbuf.c) called from PC: $05edc (elapsed: 503955)
 WARN [Thread-2] (MspMote.java:229) - 16: # Watchdog[EXECUTION]: illegal write to WDTCTL (0) from $103ca - reset!!!!
Watchdog: illegal write to WDTCTL (0) from $103ca - reset!!!!
Stack Trace: number of calls: 5 PC: $103ca
  watchdog_reboot (packetbuf.c) called from PC: $24d44 (elapsed: 5)
  restart_time_synchronisation (packetbuf.c) called from PC: $15abe (elapsed: 30447)
  process_thread_foure_timesynch_process (local in 4emac-timesynch.c) called from PC: $12738 (elapsed: 948673)
  call_process (local in process.c) called from PC: $1291c (elapsed: 948710)
  process_run (packetbuf.c) called from PC: $05edc (elapsed: 951901)
 WARN [Thread-2] (MspMote.java:229) - 50: # Watchdog[EXECUTION]: illegal write to WDTCTL (0) from $103ca - reset!!!!
Watchdog: illegal write to WDTCTL (0) from $103ca - reset!!!!
Stack Trace: number of calls: 5 PC: $103ca
  watchdog_reboot (packetbuf.c) called from PC: $24d44 (elapsed: 5)
  restart_time_synchronisation (packetbuf.c) called from PC: $15abe (elapsed: 30452)
  process_thread_foure_timesynch_process (local in 4emac-timesynch.c) called from PC: $12738 (elapsed: 1455990)
  call_process (local in process.c) called from PC: $1291c (elapsed: 1456027)
  process_run (packetbuf.c) called from PC: $05edc (elapsed: 2338553)
 WARN [Thread-2] (MspMote.java:229) - 15: # Watchdog[EXECUTION]: illegal write to WDTCTL (0) from $103ca - reset!!!!
Watchdog: illegal write to WDTCTL (0) from $103ca - reset!!!!
Stack Trace: number of calls: 5 PC: $103ca
  watchdog_reboot (packetbuf.c) called from PC: $24d44 (elapsed: 5)
  restart_time_synchronisation (packetbuf.c) called from PC: $15abe (elapsed: 31364)
  process_thread_foure_timesynch_process (local in 4emac-timesynch.c) called from PC: $12738 (elapsed: 185427)
  call_process (local in process.c) called from PC: $1291c (elapsed: 185464)
  process_run (packetbuf.c) called from PC: $05edc (elapsed: 187865)
 WARN [Thread-2] (MspMote.java:229) - 17: # Watchdog[EXECUTION]: illegal write to WDTCTL (0) from $103ca - reset!!!!
Watchdog: illegal write to WDTCTL (0) from $103ca - reset!!!!
Stack Trace: number of calls: 5 PC: $103ca
  watchdog_reboot (packetbuf.c) called from PC: $24d44 (elapsed: 5)
  restart_time_synchronisation (packetbuf.c) called from PC: $15abe (elapsed: 30452)
  process_thread_foure_timesynch_process (local in 4emac-timesynch.c) called from PC: $12738 (elapsed: 976106)
  call_process (local in process.c) called from PC: $1291c (elapsed: 976143)
  process_run (packetbuf.c) called from PC: $05edc (elapsed: 979334)
 WARN [Thread-2] (MspMote.java:229) - 18: # Watchdog[EXECUTION]: illegal write to WDTCTL (0) from $103ca - reset!!!!
Watchdog: illegal write to WDTCTL (0) from $103ca - reset!!!!
Stack Trace: number of calls: 5 PC: $103ca
  watchdog_reboot (packetbuf.c) called from PC: $24d44 (elapsed: 5)
  restart_time_synchronisation (packetbuf.c) called from PC: $15abe (elapsed: 30452)
  process_thread_foure_timesynch_process (local in 4emac-timesynch.c) called from PC: $12738 (elapsed: 1237151)
  call_process (local in process.c) called from PC: $1291c (elapsed: 1237188)
  process_run (packetbuf.c) called from PC: $05edc (elapsed: 1240300)
 WARN [Thread-2] (MspMote.java:229) - 23: # Watchdog[EXECUTION]: illegal write to WDTCTL (0) from $103ca - reset!!!!
Watchdog: illegal write to WDTCTL (0) from $103ca - reset!!!!
Stack Trace: number of calls: 5 PC: $103ca
  watchdog_reboot (packetbuf.c) called from PC: $24d44 (elapsed: 5)
  restart_time_synchronisation (packetbuf.c) called from PC: $15abe (elapsed: 30452)
  process_thread_foure_timesynch_process (local in 4emac-timesynch.c) called from PC: $12738 (elapsed: 720775)
  call_process (local in process.c) called from PC: $1291c (elapsed: 720812)
  process_run (packetbuf.c) called from PC: $05edc (elapsed: 724005)
 WARN [Thread-2] (MspMote.java:229) - 55: # Watchdog[EXECUTION]: illegal write to WDTCTL (0) from $103ca - reset!!!!
Watchdog: illegal write to WDTCTL (0) from $103ca - reset!!!!
Stack Trace: number of calls: 5 PC: $103ca
  watchdog_reboot (packetbuf.c) called from PC: $24d44 (elapsed: 5)
  restart_time_synchronisation (packetbuf.c) called from PC: $15abe (elapsed: 30452)
  process_thread_foure_timesynch_process (local in 4emac-timesynch.c) called from PC: $12738 (elapsed: 776926)
  call_process (local in process.c) called from PC: $1291c (elapsed: 776963)
  process_run (packetbuf.c) called from PC: $05edc (elapsed: 780084)
 WARN [Thread-2] (MspMote.java:229) - 26: # Watchdog[EXECUTION]: illegal write to WDTCTL (0) from $103ca - reset!!!!
Watchdog: illegal write to WDTCTL (0) from $103ca - reset!!!!
Stack Trace: number of calls: 5 PC: $103ca
  watchdog_reboot (packetbuf.c) called from PC: $24d44 (elapsed: 5)
  restart_time_synchronisation (packetbuf.c) called from PC: $15abe (elapsed: 30447)
  process_thread_foure_timesynch_process (local in 4emac-timesynch.c) called from PC: $12738 (elapsed: 693454)
  call_process (local in process.c) called from PC: $1291c (elapsed: 693491)
  process_run (packetbuf.c) called from PC: $05edc (elapsed: 696684)
 WARN [Thread-2] (MspMote.java:229) - 21: # Watchdog[EXECUTION]: illegal write to WDTCTL (0) from $103ca - reset!!!!
 INFO [Thread-2] (LogScriptEngine.java:389) - Test script at 55.00%, done in 5961.9 sec
Watchdog: illegal write to WDTCTL (0) from $103ca - reset!!!!
Stack Trace: number of calls: 5 PC: $103ca
  watchdog_reboot (packetbuf.c) called from PC: $24d44 (elapsed: 5)
  restart_time_synchronisation (packetbuf.c) called from PC: $15abe (elapsed: 30452)
  process_thread_foure_timesynch_process (local in 4emac-timesynch.c) called from PC: $12738 (elapsed: 1416374)
  call_process (local in process.c) called from PC: $1291c (elapsed: 1416411)
  process_run (packetbuf.c) called from PC: $05edc (elapsed: 1419442)
 WARN [Thread-2] (MspMote.java:229) - 10: # Watchdog[EXECUTION]: illegal write to WDTCTL (0) from $103ca - reset!!!!
Watchdog: illegal write to WDTCTL (0) from $103ca - reset!!!!
Stack Trace: number of calls: 5 PC: $103ca
  watchdog_reboot (packetbuf.c) called from PC: $24d44 (elapsed: 5)
  restart_time_synchronisation (packetbuf.c) called from PC: $15abe (elapsed: 30447)
  process_thread_foure_timesynch_process (local in 4emac-timesynch.c) called from PC: $12738 (elapsed: 1084928)
  call_process (local in process.c) called from PC: $1291c (elapsed: 1084965)
  process_run (packetbuf.c) called from PC: $05edc (elapsed: 1088316)
 WARN [Thread-2] (MspMote.java:229) - 56: # Watchdog[EXECUTION]: illegal write to WDTCTL (0) from $103ca - reset!!!!
Watchdog: illegal write to WDTCTL (0) from $103ca - reset!!!!
Stack Trace: number of calls: 5 PC: $103ca
  watchdog_reboot (packetbuf.c) called from PC: $24d44 (elapsed: 5)
  restart_time_synchronisation (packetbuf.c) called from PC: $15abe (elapsed: 31509)
  process_thread_foure_timesynch_process (local in 4emac-timesynch.c) called from PC: $12738 (elapsed: 185465)
  call_process (local in process.c) called from PC: $1291c (elapsed: 185502)
  process_run (packetbuf.c) called from PC: $05edc (elapsed: 187984)
 WARN [Thread-2] (MspMote.java:229) - 58: # Watchdog[EXECUTION]: illegal write to WDTCTL (0) from $103ca - reset!!!!
Watchdog: illegal write to WDTCTL (0) from $103ca - reset!!!!
Stack Trace: number of calls: 5 PC: $103ca
  watchdog_reboot (packetbuf.c) called from PC: $24d44 (elapsed: 5)
  restart_time_synchronisation (packetbuf.c) called from PC: $15abe (elapsed: 30447)
  process_thread_foure_timesynch_process (local in 4emac-timesynch.c) called from PC: $12738 (elapsed: 949435)
  call_process (local in process.c) called from PC: $1291c (elapsed: 949472)
  process_run (packetbuf.c) called from PC: $05edc (elapsed: 952426)
 WARN [Thread-2] (MspMote.java:229) - 43: # Watchdog[EXECUTION]: illegal write to WDTCTL (0) from $103ca - reset!!!!
Watchdog: illegal write to WDTCTL (0) from $103ca - reset!!!!
Stack Trace: number of calls: 5 PC: $103ca
  watchdog_reboot (packetbuf.c) called from PC: $24d44 (elapsed: 5)
  restart_time_synchronisation (packetbuf.c) called from PC: $15abe (elapsed: 30453)
  process_thread_foure_timesynch_process (local in 4emac-timesynch.c) called from PC: $12738 (elapsed: 502916)
  call_process (local in process.c) called from PC: $1291c (elapsed: 502953)
  process_run (packetbuf.c) called from PC: $05edc (elapsed: 505907)
 WARN [Thread-2] (MspMote.java:229) - 33: # Watchdog[EXECUTION]: illegal write to WDTCTL (0) from $103ca - reset!!!!
Watchdog: illegal write to WDTCTL (0) from $103ca - reset!!!!
Stack Trace: number of calls: 5 PC: $103ca
  watchdog_reboot (packetbuf.c) called from PC: $24d44 (elapsed: 5)
  restart_time_synchronisation (packetbuf.c) called from PC: $15abe (elapsed: 30452)
  process_thread_foure_timesynch_process (local in 4emac-timesynch.c) called from PC: $12738 (elapsed: 1224264)
  call_process (local in process.c) called from PC: $1291c (elapsed: 1224301)
  process_run (packetbuf.c) called from PC: $05edc (elapsed: 1227424)
 WARN [Thread-2] (MspMote.java:229) - 32: # Watchdog[EXECUTION]: illegal write to WDTCTL (0) from $103ca - reset!!!!
Watchdog: illegal write to WDTCTL (0) from $103ca - reset!!!!
Stack Trace: number of calls: 5 PC: $103ca
  watchdog_reboot (packetbuf.c) called from PC: $24d44 (elapsed: 5)
  restart_time_synchronisation (packetbuf.c) called from PC: $15abe (elapsed: 30453)
  process_thread_foure_timesynch_process (local in 4emac-timesynch.c) called from PC: $12738 (elapsed: 779470)
  call_process (local in process.c) called from PC: $1291c (elapsed: 779507)
  process_run (packetbuf.c) called from PC: $05edc (elapsed: 785572)
 WARN [Thread-2] (MspMote.java:229) - 30: # Watchdog[EXECUTION]: illegal write to WDTCTL (0) from $103ca - reset!!!!
Watchdog: illegal write to WDTCTL (0) from $103ca - reset!!!!
Stack Trace: number of calls: 5 PC: $103ca
  watchdog_reboot (packetbuf.c) called from PC: $24d44 (elapsed: 5)
  restart_time_synchronisation (packetbuf.c) called from PC: $15abe (elapsed: 30452)
  process_thread_foure_timesynch_process (local in 4emac-timesynch.c) called from PC: $12738 (elapsed: 976979)
  call_process (local in process.c) called from PC: $1291c (elapsed: 977016)
  process_run (packetbuf.c) called from PC: $05edc (elapsed: 981223)
 WARN [Thread-2] (MspMote.java:229) - 22: # Watchdog[EXECUTION]: illegal write to WDTCTL (0) from $103ca - reset!!!!
Watchdog: illegal write to WDTCTL (0) from $103ca - reset!!!!
Stack Trace: number of calls: 11 PC: $103ca
  watchdog_reboot (packetbuf.c) called from PC: $24d44 (elapsed: 5)
  restart_time_synchronisation (packetbuf.c) called from PC: $14fba (elapsed: 31370)
  foure_timesynch_parent_switch_callback (packetbuf.c) called from PC: $1ea70 (elapsed: 69445)
  rpl_set_preferred_parent (local in rpl-dag.c) called from PC: $1f0a0 (elapsed: 164472)
  rpl_nullify_parent (packetbuf.c) called from PC: $1fd3a (elapsed: 388870)
  rpl_process_parent_event (packetbuf.c) called from PC: $1fdd2 (elapsed: 488913)
  rpl_recalculate_ranks (packetbuf.c) called from PC: $2383a (elapsed: 491766)
  handle_periodic_timer (local in rpl-timers.c) called from PC: $1219c (elapsed: 492033)
  process_thread_ctimer_process (local in ctimer.c) called from PC: $12738 (elapsed: 492282)
  call_process (local in process.c) called from PC: $1291c (elapsed: 492319)
  process_run (packetbuf.c) called from PC: $05edc (elapsed: 495838)
 WARN [Thread-2] (MspMote.java:229) - 44: # Watchdog[EXECUTION]: illegal write to WDTCTL (0) from $103ca - reset!!!!
Watchdog: illegal write to WDTCTL (0) from $103ca - reset!!!!
Stack Trace: number of calls: 5 PC: $103ca
  watchdog_reboot (packetbuf.c) called from PC: $24d44 (elapsed: 5)
  restart_time_synchronisation (packetbuf.c) called from PC: $15abe (elapsed: 30452)
  process_thread_foure_timesynch_process (local in 4emac-timesynch.c) called from PC: $12738 (elapsed: 1415666)
  call_process (local in process.c) called from PC: $1291c (elapsed: 1415703)
  process_run (packetbuf.c) called from PC: $05edc (elapsed: 1418736)
 WARN [Thread-2] (MspMote.java:229) - 3: # Watchdog[EXECUTION]: illegal write to WDTCTL (0) from $103ca - reset!!!!
Watchdog: illegal write to WDTCTL (0) from $103ca - reset!!!!
Stack Trace: number of calls: 5 PC: $103ca
  watchdog_reboot (packetbuf.c) called from PC: $24d44 (elapsed: 5)
  restart_time_synchronisation (packetbuf.c) called from PC: $15abe (elapsed: 30549)
  process_thread_foure_timesynch_process (local in 4emac-timesynch.c) called from PC: $12738 (elapsed: 815258)
  call_process (local in process.c) called from PC: $1291c (elapsed: 815295)
  process_run (packetbuf.c) called from PC: $05edc (elapsed: 818517)
 WARN [Thread-2] (MspMote.java:229) - 54: # Watchdog[EXECUTION]: illegal write to WDTCTL (0) from $103ca - reset!!!!
Watchdog: illegal write to WDTCTL (0) from $103ca - reset!!!!
Stack Trace: number of calls: 5 PC: $103ca
  watchdog_reboot (packetbuf.c) called from PC: $24d44 (elapsed: 5)
  restart_time_synchronisation (packetbuf.c) called from PC: $15abe (elapsed: 30597)
  process_thread_foure_timesynch_process (local in 4emac-timesynch.c) called from PC: $12738 (elapsed: 1141258)
  call_process (local in process.c) called from PC: $1291c (elapsed: 1141295)
  process_run (packetbuf.c) called from PC: $05edc (elapsed: 1145397)
 WARN [Thread-2] (MspMote.java:229) - 59: # Watchdog[EXECUTION]: illegal write to WDTCTL (0) from $103ca - reset!!!!
Watchdog: illegal write to WDTCTL (0) from $103ca - reset!!!!
Stack Trace: number of calls: 5 PC: $103ca
  watchdog_reboot (packetbuf.c) called from PC: $24d44 (elapsed: 5)
  restart_time_synchronisation (packetbuf.c) called from PC: $15abe (elapsed: 30452)
  process_thread_foure_timesynch_process (local in 4emac-timesynch.c) called from PC: $12738 (elapsed: 977391)
  call_process (local in process.c) called from PC: $1291c (elapsed: 977428)
  process_run (packetbuf.c) called from PC: $05edc (elapsed: 980463)
 WARN [Thread-2] (MspMote.java:229) - 60: # Watchdog[EXECUTION]: illegal write to WDTCTL (0) from $103ca - reset!!!!
Watchdog: illegal write to WDTCTL (0) from $103ca - reset!!!!
Stack Trace: number of calls: 5 PC: $103ca
  watchdog_reboot (packetbuf.c) called from PC: $24d44 (elapsed: 5)
  restart_time_synchronisation (packetbuf.c) called from PC: $15abe (elapsed: 31364)
  process_thread_foure_timesynch_process (local in 4emac-timesynch.c) called from PC: $12738 (elapsed: 214530)
  call_process (local in process.c) called from PC: $1291c (elapsed: 214567)
  process_run (packetbuf.c) called from PC: $05edc (elapsed: 215945)
 WARN [Thread-2] (MspMote.java:229) - 29: # Watchdog[EXECUTION]: illegal write to WDTCTL (0) from $103ca - reset!!!!
Watchdog: illegal write to WDTCTL (0) from $103ca - reset!!!!
Stack Trace: number of calls: 5 PC: $103ca
  watchdog_reboot (packetbuf.c) called from PC: $24d44 (elapsed: 5)
  restart_time_synchronisation (packetbuf.c) called from PC: $15abe (elapsed: 30452)
  process_thread_foure_timesynch_process (local in 4emac-timesynch.c) called from PC: $12738 (elapsed: 1472169)
  call_process (local in process.c) called from PC: $1291c (elapsed: 1472206)
  process_run (packetbuf.c) called from PC: $05edc (elapsed: 1475616)
 WARN [Thread-2] (MspMote.java:229) - 14: # Watchdog[EXECUTION]: illegal write to WDTCTL (0) from $103ca - reset!!!!
Watchdog: illegal write to WDTCTL (0) from $103ca - reset!!!!
Stack Trace: number of calls: 5 PC: $103ca
  watchdog_reboot (packetbuf.c) called from PC: $24d44 (elapsed: 5)
  restart_time_synchronisation (packetbuf.c) called from PC: $15abe (elapsed: 30452)
  process_thread_foure_timesynch_process (local in 4emac-timesynch.c) called from PC: $12738 (elapsed: 905694)
  call_process (local in process.c) called from PC: $1291c (elapsed: 905731)
  process_run (packetbuf.c) called from PC: $05edc (elapsed: 908848)
 WARN [Thread-2] (MspMote.java:229) - 9: # Watchdog[EXECUTION]: illegal write to WDTCTL (0) from $103ca - reset!!!!
Watchdog: illegal write to WDTCTL (0) from $103ca - reset!!!!
Stack Trace: number of calls: 5 PC: $103ca
  watchdog_reboot (packetbuf.c) called from PC: $24d44 (elapsed: 5)
  restart_time_synchronisation (packetbuf.c) called from PC: $15abe (elapsed: 30447)
  process_thread_foure_timesynch_process (local in 4emac-timesynch.c) called from PC: $12738 (elapsed: 1389523)
  call_process (local in process.c) called from PC: $1291c (elapsed: 1389560)
  process_run (packetbuf.c) called from PC: $05edc (elapsed: 1392784)
 WARN [Thread-2] (MspMote.java:229) - 8: # Watchdog[EXECUTION]: illegal write to WDTCTL (0) from $103ca - reset!!!!
Watchdog: illegal write to WDTCTL (0) from $103ca - reset!!!!
Stack Trace: number of calls: 5 PC: $103ca
  watchdog_reboot (packetbuf.c) called from PC: $24d44 (elapsed: 5)
  restart_time_synchronisation (packetbuf.c) called from PC: $15abe (elapsed: 30603)
  process_thread_foure_timesynch_process (local in 4emac-timesynch.c) called from PC: $12738 (elapsed: 633675)
  call_process (local in process.c) called from PC: $1291c (elapsed: 633712)
  process_run (packetbuf.c) called from PC: $05edc (elapsed: 636716)
 WARN [Thread-2] (MspMote.java:229) - 15: # Watchdog[EXECUTION]: illegal write to WDTCTL (0) from $103ca - reset!!!!
Watchdog: illegal write to WDTCTL (0) from $103ca - reset!!!!
Stack Trace: number of calls: 5 PC: $103ca
  watchdog_reboot (packetbuf.c) called from PC: $24d44 (elapsed: 5)
  restart_time_synchronisation (packetbuf.c) called from PC: $15abe (elapsed: 30453)
  process_thread_foure_timesynch_process (local in 4emac-timesynch.c) called from PC: $12738 (elapsed: 1259672)
  call_process (local in process.c) called from PC: $1291c (elapsed: 1259709)
  process_run (packetbuf.c) called from PC: $05edc (elapsed: 1263092)
 WARN [Thread-2] (MspMote.java:229) - 25: # Watchdog[EXECUTION]: illegal write to WDTCTL (0) from $103ca - reset!!!!
Watchdog: illegal write to WDTCTL (0) from $103ca - reset!!!!
Stack Trace: number of calls: 11 PC: $103ca
  watchdog_reboot (packetbuf.c) called from PC: $24d44 (elapsed: 5)
  restart_time_synchronisation (packetbuf.c) called from PC: $14fba (elapsed: 31370)
  foure_timesynch_parent_switch_callback (packetbuf.c) called from PC: $1ea70 (elapsed: 69452)
  rpl_set_preferred_parent (local in rpl-dag.c) called from PC: $1f0a0 (elapsed: 164147)
  rpl_nullify_parent (packetbuf.c) called from PC: $1fd3a (elapsed: 443131)
  rpl_process_parent_event (packetbuf.c) called from PC: $1fdd2 (elapsed: 540149)
  rpl_recalculate_ranks (packetbuf.c) called from PC: $2383a (elapsed: 541760)
  handle_periodic_timer (local in rpl-timers.c) called from PC: $1219c (elapsed: 542027)
  process_thread_ctimer_process (local in ctimer.c) called from PC: $12738 (elapsed: 542252)
  call_process (local in process.c) called from PC: $1291c (elapsed: 542289)
  process_run (packetbuf.c) called from PC: $05edc (elapsed: 545640)
 WARN [Thread-2] (MspMote.java:229) - 9: # Watchdog[EXECUTION]: illegal write to WDTCTL (0) from $103ca - reset!!!!
Watchdog: illegal write to WDTCTL (0) from $103ca - reset!!!!
Stack Trace: number of calls: 5 PC: $103ca
  watchdog_reboot (packetbuf.c) called from PC: $24d44 (elapsed: 5)
  restart_time_synchronisation (packetbuf.c) called from PC: $15abe (elapsed: 30452)
  process_thread_foure_timesynch_process (local in 4emac-timesynch.c) called from PC: $12738 (elapsed: 671532)
  call_process (local in process.c) called from PC: $1291c (elapsed: 671569)
  process_run (packetbuf.c) called from PC: $05edc (elapsed: 674769)
 WARN [Thread-2] (MspMote.java:229) - 31: # Watchdog[EXECUTION]: illegal write to WDTCTL (0) from $103ca - reset!!!!
Watchdog: illegal write to WDTCTL (0) from $103ca - reset!!!!
Stack Trace: number of calls: 5 PC: $103ca
  watchdog_reboot (packetbuf.c) called from PC: $24d44 (elapsed: 5)
  restart_time_synchronisation (packetbuf.c) called from PC: $15abe (elapsed: 30452)
  process_thread_foure_timesynch_process (local in 4emac-timesynch.c) called from PC: $12738 (elapsed: 1216673)
  call_process (local in process.c) called from PC: $1291c (elapsed: 1216710)
  process_run (packetbuf.c) called from PC: $05edc (elapsed: 1219833)
 WARN [Thread-2] (MspMote.java:229) - 19: # Watchdog[EXECUTION]: illegal write to WDTCTL (0) from $103ca - reset!!!!
Watchdog: illegal write to WDTCTL (0) from $103ca - reset!!!!
Stack Trace: number of calls: 5 PC: $103ca
  watchdog_reboot (packetbuf.c) called from PC: $24d44 (elapsed: 5)
  restart_time_synchronisation (packetbuf.c) called from PC: $15abe (elapsed: 30453)
  process_thread_foure_timesynch_process (local in 4emac-timesynch.c) called from PC: $12738 (elapsed: 706980)
  call_process (local in process.c) called from PC: $1291c (elapsed: 707017)
  process_run (packetbuf.c) called from PC: $05edc (elapsed: 710061)
 WARN [Thread-2] (MspMote.java:229) - 36: # Watchdog[EXECUTION]: illegal write to WDTCTL (0) from $103ca - reset!!!!
Watchdog: illegal write to WDTCTL (0) from $103ca - reset!!!!
Stack Trace: number of calls: 5 PC: $103ca
  watchdog_reboot (packetbuf.c) called from PC: $24d44 (elapsed: 5)
  restart_time_synchronisation (packetbuf.c) called from PC: $15abe (elapsed: 30453)
  process_thread_foure_timesynch_process (local in 4emac-timesynch.c) called from PC: $12738 (elapsed: 811063)
  call_process (local in process.c) called from PC: $1291c (elapsed: 811100)
  process_run (packetbuf.c) called from PC: $05edc (elapsed: 814381)
 WARN [Thread-2] (MspMote.java:229) - 37: # Watchdog[EXECUTION]: illegal write to WDTCTL (0) from $103ca - reset!!!!
Watchdog: illegal write to WDTCTL (0) from $103ca - reset!!!!
Stack Trace: number of calls: 5 PC: $103ca
  watchdog_reboot (packetbuf.c) called from PC: $24d44 (elapsed: 5)
  restart_time_synchronisation (packetbuf.c) called from PC: $15abe (elapsed: 30447)
  process_thread_foure_timesynch_process (local in 4emac-timesynch.c) called from PC: $12738 (elapsed: 1136614)
  call_process (local in process.c) called from PC: $1291c (elapsed: 1136651)
  process_run (packetbuf.c) called from PC: $05edc (elapsed: 1139925)
 WARN [Thread-2] (MspMote.java:229) - 57: # Watchdog[EXECUTION]: illegal write to WDTCTL (0) from $103ca - reset!!!!
Watchdog: illegal write to WDTCTL (0) from $103ca - reset!!!!
Stack Trace: number of calls: 5 PC: $103ca
  watchdog_reboot (packetbuf.c) called from PC: $24d44 (elapsed: 5)
  restart_time_synchronisation (packetbuf.c) called from PC: $15abe (elapsed: 30452)
  process_thread_foure_timesynch_process (local in 4emac-timesynch.c) called from PC: $12738 (elapsed: 807737)
  call_process (local in process.c) called from PC: $1291c (elapsed: 807774)
  process_run (packetbuf.c) called from PC: $05edc (elapsed: 810969)
 WARN [Thread-2] (MspMote.java:229) - 45: # Watchdog[EXECUTION]: illegal write to WDTCTL (0) from $103ca - reset!!!!
Watchdog: illegal write to WDTCTL (0) from $103ca - reset!!!!
Stack Trace: number of calls: 5 PC: $103ca
  watchdog_reboot (packetbuf.c) called from PC: $24d44 (elapsed: 5)
  restart_time_synchronisation (packetbuf.c) called from PC: $15abe (elapsed: 30453)
  process_thread_foure_timesynch_process (local in 4emac-timesynch.c) called from PC: $12738 (elapsed: 942784)
  call_process (local in process.c) called from PC: $1291c (elapsed: 942821)
  process_run (packetbuf.c) called from PC: $05edc (elapsed: 947239)
 WARN [Thread-2] (MspMote.java:229) - 18: # Watchdog[EXECUTION]: illegal write to WDTCTL (0) from $103ca - reset!!!!
Watchdog: illegal write to WDTCTL (0) from $103ca - reset!!!!
Stack Trace: number of calls: 5 PC: $103ca
  watchdog_reboot (packetbuf.c) called from PC: $24d44 (elapsed: 5)
  restart_time_synchronisation (packetbuf.c) called from PC: $15abe (elapsed: 60778)
  process_thread_foure_timesynch_process (local in 4emac-timesynch.c) called from PC: $12738 (elapsed: 218487)
  call_process (local in process.c) called from PC: $1291c (elapsed: 218524)
  process_run (packetbuf.c) called from PC: $05edc (elapsed: 222012)
 WARN [Thread-2] (MspMote.java:229) - 1: # Watchdog[EXECUTION]: illegal write to WDTCTL (0) from $103ca - reset!!!!
Watchdog: illegal write to WDTCTL (0) from $103ca - reset!!!!
Stack Trace: number of calls: 5 PC: $103ca
  watchdog_reboot (packetbuf.c) called from PC: $24d44 (elapsed: 5)
  restart_time_synchronisation (packetbuf.c) called from PC: $15abe (elapsed: 30453)
  process_thread_foure_timesynch_process (local in 4emac-timesynch.c) called from PC: $12738 (elapsed: 708598)
  call_process (local in process.c) called from PC: $1291c (elapsed: 708635)
  process_run (packetbuf.c) called from PC: $05edc (elapsed: 711754)
 WARN [Thread-2] (MspMote.java:229) - 42: # Watchdog[EXECUTION]: illegal write to WDTCTL (0) from $103ca - reset!!!!
Watchdog: illegal write to WDTCTL (0) from $103ca - reset!!!!
Stack Trace: number of calls: 5 PC: $103ca
  watchdog_reboot (packetbuf.c) called from PC: $24d44 (elapsed: 5)
  restart_time_synchronisation (packetbuf.c) called from PC: $15abe (elapsed: 31365)
  process_thread_foure_timesynch_process (local in 4emac-timesynch.c) called from PC: $12738 (elapsed: 185471)
  call_process (local in process.c) called from PC: $1291c (elapsed: 185508)
  process_run (packetbuf.c) called from PC: $05edc (elapsed: 188905)
 WARN [Thread-2] (MspMote.java:229) - 34: # Watchdog[EXECUTION]: illegal write to WDTCTL (0) from $103ca - reset!!!!
Watchdog: illegal write to WDTCTL (0) from $103ca - reset!!!!
Stack Trace: number of calls: 5 PC: $103ca
  watchdog_reboot (packetbuf.c) called from PC: $24d44 (elapsed: 5)
  restart_time_synchronisation (packetbuf.c) called from PC: $15abe (elapsed: 30447)
  process_thread_foure_timesynch_process (local in 4emac-timesynch.c) called from PC: $12738 (elapsed: 1437842)
  call_process (local in process.c) called from PC: $1291c (elapsed: 1437879)
  process_run (packetbuf.c) called from PC: $05edc (elapsed: 1445620)
 WARN [Thread-2] (MspMote.java:229) - 13: # Watchdog[EXECUTION]: illegal write to WDTCTL (0) from $103ca - reset!!!!
Watchdog: illegal write to WDTCTL (0) from $103ca - reset!!!!
Stack Trace: number of calls: 5 PC: $103ca
  watchdog_reboot (packetbuf.c) called from PC: $24d44 (elapsed: 5)
  restart_time_synchronisation (packetbuf.c) called from PC: $15abe (elapsed: 30453)
  process_thread_foure_timesynch_process (local in 4emac-timesynch.c) called from PC: $12738 (elapsed: 502103)
  call_process (local in process.c) called from PC: $1291c (elapsed: 502140)
  process_run (packetbuf.c) called from PC: $05edc (elapsed: 505423)
 WARN [Thread-2] (MspMote.java:229) - 27: # Watchdog[EXECUTION]: illegal write to WDTCTL (0) from $103ca - reset!!!!
 INFO [Thread-2] (LogScriptEngine.java:389) - Test script at 60.00%, done in 5163.6 sec
Watchdog: illegal write to WDTCTL (0) from $103ca - reset!!!!
Stack Trace: number of calls: 5 PC: $103ca
  watchdog_reboot (packetbuf.c) called from PC: $24d44 (elapsed: 5)
  restart_time_synchronisation (packetbuf.c) called from PC: $15abe (elapsed: 30662)
  process_thread_foure_timesynch_process (local in 4emac-timesynch.c) called from PC: $12738 (elapsed: 1262721)
  call_process (local in process.c) called from PC: $1291c (elapsed: 1262758)
  process_run (packetbuf.c) called from PC: $05edc (elapsed: 1265882)
 WARN [Thread-2] (MspMote.java:229) - 24: # Watchdog[EXECUTION]: illegal write to WDTCTL (0) from $103ca - reset!!!!
Watchdog: illegal write to WDTCTL (0) from $103ca - reset!!!!
Stack Trace: number of calls: 5 PC: $103ca
  watchdog_reboot (packetbuf.c) called from PC: $24d44 (elapsed: 5)
  restart_time_synchronisation (packetbuf.c) called from PC: $15abe (elapsed: 30452)
  process_thread_foure_timesynch_process (local in 4emac-timesynch.c) called from PC: $12738 (elapsed: 1359857)
  call_process (local in process.c) called from PC: $1291c (elapsed: 1359894)
  process_run (packetbuf.c) called from PC: $05edc (elapsed: 1363019)
 WARN [Thread-2] (MspMote.java:229) - 12: # Watchdog[EXECUTION]: illegal write to WDTCTL (0) from $103ca - reset!!!!
Watchdog: illegal write to WDTCTL (0) from $103ca - reset!!!!
Stack Trace: number of calls: 5 PC: $103ca
  watchdog_reboot (packetbuf.c) called from PC: $24d44 (elapsed: 5)
  restart_time_synchronisation (packetbuf.c) called from PC: $15abe (elapsed: 30452)
  process_thread_foure_timesynch_process (local in 4emac-timesynch.c) called from PC: $12738 (elapsed: 1224509)
  call_process (local in process.c) called from PC: $1291c (elapsed: 1224546)
  process_run (packetbuf.c) called from PC: $05edc (elapsed: 1227819)
 WARN [Thread-2] (MspMote.java:229) - 11: # Watchdog[EXECUTION]: illegal write to WDTCTL (0) from $103ca - reset!!!!
Watchdog: illegal write to WDTCTL (0) from $103ca - reset!!!!
Stack Trace: number of calls: 5 PC: $103ca
  watchdog_reboot (packetbuf.c) called from PC: $24d44 (elapsed: 5)
  restart_time_synchronisation (packetbuf.c) called from PC: $15abe (elapsed: 30459)
  process_thread_foure_timesynch_process (local in 4emac-timesynch.c) called from PC: $12738 (elapsed: 639333)
  call_process (local in process.c) called from PC: $1291c (elapsed: 639370)
  process_run (packetbuf.c) called from PC: $05edc (elapsed: 642324)
 WARN [Thread-2] (MspMote.java:229) - 17: # Watchdog[EXECUTION]: illegal write to WDTCTL (0) from $103ca - reset!!!!
Watchdog: illegal write to WDTCTL (0) from $103ca - reset!!!!
Stack Trace: number of calls: 5 PC: $103ca
  watchdog_reboot (packetbuf.c) called from PC: $24d44 (elapsed: 5)
  restart_time_synchronisation (packetbuf.c) called from PC: $15abe (elapsed: 31401)
  process_thread_foure_timesynch_process (local in 4emac-timesynch.c) called from PC: $12738 (elapsed: 186127)
  call_process (local in process.c) called from PC: $1291c (elapsed: 186164)
  process_run (packetbuf.c) called from PC: $05edc (elapsed: 189403)
 WARN [Thread-2] (MspMote.java:229) - 53: # Watchdog[EXECUTION]: illegal write to WDTCTL (0) from $103ca - reset!!!!
Watchdog: illegal write to WDTCTL (0) from $103ca - reset!!!!
Stack Trace: number of calls: 5 PC: $103ca
  watchdog_reboot (packetbuf.c) called from PC: $24d44 (elapsed: 5)
  restart_time_synchronisation (packetbuf.c) called from PC: $15abe (elapsed: 30447)
  process_thread_foure_timesynch_process (local in 4emac-timesynch.c) called from PC: $12738 (elapsed: 639926)
  call_process (local in process.c) called from PC: $1291c (elapsed: 639963)
  process_run (packetbuf.c) called from PC: $05edc (elapsed: 643158)
 WARN [Thread-2] (MspMote.java:229) - 41: # Watchdog[EXECUTION]: illegal write to WDTCTL (0) from $103ca - reset!!!!
Watchdog: illegal write to WDTCTL (0) from $103ca - reset!!!!
Stack Trace: number of calls: 5 PC: $103ca
  watchdog_reboot (packetbuf.c) called from PC: $24d44 (elapsed: 5)
  restart_time_synchronisation (packetbuf.c) called from PC: $15abe (elapsed: 30452)
  process_thread_foure_timesynch_process (local in 4emac-timesynch.c) called from PC: $12738 (elapsed: 779981)
  call_process (local in process.c) called from PC: $1291c (elapsed: 780018)
  process_run (packetbuf.c) called from PC: $05edc (elapsed: 783220)
 WARN [Thread-2] (MspMote.java:229) - 51: # Watchdog[EXECUTION]: illegal write to WDTCTL (0) from $103ca - reset!!!!
Watchdog: illegal write to WDTCTL (0) from $103ca - reset!!!!
Stack Trace: number of calls: 5 PC: $103ca
  watchdog_reboot (packetbuf.c) called from PC: $24d44 (elapsed: 5)
  restart_time_synchronisation (packetbuf.c) called from PC: $15abe (elapsed: 30452)
  process_thread_foure_timesynch_process (local in 4emac-timesynch.c) called from PC: $12738 (elapsed: 1119411)
  call_process (local in process.c) called from PC: $1291c (elapsed: 1119448)
  process_run (packetbuf.c) called from PC: $05edc (elapsed: 1122718)
 WARN [Thread-2] (MspMote.java:229) - 52: # Watchdog[EXECUTION]: illegal write to WDTCTL (0) from $103ca - reset!!!!
Watchdog: illegal write to WDTCTL (0) from $103ca - reset!!!!
Stack Trace: number of calls: 5 PC: $103ca
  watchdog_reboot (packetbuf.c) called from PC: $24d44 (elapsed: 5)
  restart_time_synchronisation (packetbuf.c) called from PC: $15abe (elapsed: 30453)
  process_thread_foure_timesynch_process (local in 4emac-timesynch.c) called from PC: $12738 (elapsed: 873989)
  call_process (local in process.c) called from PC: $1291c (elapsed: 874026)
  process_run (packetbuf.c) called from PC: $05edc (elapsed: 877325)
 WARN [Thread-2] (MspMote.java:229) - 54: # Watchdog[EXECUTION]: illegal write to WDTCTL (0) from $103ca - reset!!!!
Watchdog: illegal write to WDTCTL (0) from $103ca - reset!!!!
Stack Trace: number of calls: 5 PC: $103ca
  watchdog_reboot (packetbuf.c) called from PC: $24d44 (elapsed: 5)
  restart_time_synchronisation (packetbuf.c) called from PC: $15abe (elapsed: 30537)
  process_thread_foure_timesynch_process (local in 4emac-timesynch.c) called from PC: $12738 (elapsed: 673949)
  call_process (local in process.c) called from PC: $1291c (elapsed: 673986)
  process_run (packetbuf.c) called from PC: $05edc (elapsed: 677258)
 WARN [Thread-2] (MspMote.java:229) - 22: # Watchdog[EXECUTION]: illegal write to WDTCTL (0) from $103ca - reset!!!!
Watchdog: illegal write to WDTCTL (0) from $103ca - reset!!!!
Stack Trace: number of calls: 5 PC: $103ca
  watchdog_reboot (packetbuf.c) called from PC: $24d44 (elapsed: 5)
  restart_time_synchronisation (packetbuf.c) called from PC: $15abe (elapsed: 30447)
  process_thread_foure_timesynch_process (local in 4emac-timesynch.c) called from PC: $12738 (elapsed: 1259850)
  call_process (local in process.c) called from PC: $1291c (elapsed: 1259887)
  process_run (packetbuf.c) called from PC: $05edc (elapsed: 1262951)
 WARN [Thread-2] (MspMote.java:229) - 50: # Watchdog[EXECUTION]: illegal write to WDTCTL (0) from $103ca - reset!!!!
Watchdog: illegal write to WDTCTL (0) from $103ca - reset!!!!
Stack Trace: number of calls: 5 PC: $103ca
  watchdog_reboot (packetbuf.c) called from PC: $24d44 (elapsed: 5)
  restart_time_synchronisation (packetbuf.c) called from PC: $15abe (elapsed: 30452)
  process_thread_foure_timesynch_process (local in 4emac-timesynch.c) called from PC: $12738 (elapsed: 537697)
  call_process (local in process.c) called from PC: $1291c (elapsed: 537734)
  process_run (packetbuf.c) called from PC: $05edc (elapsed: 540848)
 WARN [Thread-2] (MspMote.java:229) - 43: # Watchdog[EXECUTION]: illegal write to WDTCTL (0) from $103ca - reset!!!!
Watchdog: illegal write to WDTCTL (0) from $103ca - reset!!!!
Stack Trace: number of calls: 5 PC: $103ca
  watchdog_reboot (packetbuf.c) called from PC: $24d44 (elapsed: 5)
  restart_time_synchronisation (packetbuf.c) called from PC: $15abe (elapsed: 31359)
  process_thread_foure_timesynch_process (local in 4emac-timesynch.c) called from PC: $12738 (elapsed: 185423)
  call_process (local in process.c) called from PC: $1291c (elapsed: 185460)
  process_run (packetbuf.c) called from PC: $05edc (elapsed: 187863)
 WARN [Thread-2] (MspMote.java:229) - 21: # Watchdog[EXECUTION]: illegal write to WDTCTL (0) from $103ca - reset!!!!
Watchdog: illegal write to WDTCTL (0) from $103ca - reset!!!!
Stack Trace: number of calls: 5 PC: $103ca
  watchdog_reboot (packetbuf.c) called from PC: $24d44 (elapsed: 5)
  restart_time_synchronisation (packetbuf.c) called from PC: $15abe (elapsed: 30453)
  process_thread_foure_timesynch_process (local in 4emac-timesynch.c) called from PC: $12738 (elapsed: 936853)
  call_process (local in process.c) called from PC: $1291c (elapsed: 936890)
  process_run (packetbuf.c) called from PC: $05edc (elapsed: 940378)
 WARN [Thread-2] (MspMote.java:229) - 4: # Watchdog[EXECUTION]: illegal write to WDTCTL (0) from $103ca - reset!!!!
Watchdog: illegal write to WDTCTL (0) from $103ca - reset!!!!
Stack Trace: number of calls: 5 PC: $103ca
  watchdog_reboot (packetbuf.c) called from PC: $24d44 (elapsed: 5)
  restart_time_synchronisation (packetbuf.c) called from PC: $15abe (elapsed: 30452)
  process_thread_foure_timesynch_process (local in 4emac-timesynch.c) called from PC: $12738 (elapsed: 965887)
  call_process (local in process.c) called from PC: $1291c (elapsed: 965924)
  process_run (packetbuf.c) called from PC: $05edc (elapsed: 969038)
 WARN [Thread-2] (MspMote.java:229) - 9: # Watchdog[EXECUTION]: illegal write to WDTCTL (0) from $103ca - reset!!!!
Watchdog: illegal write to WDTCTL (0) from $103ca - reset!!!!
Stack Trace: number of calls: 5 PC: $103ca
  watchdog_reboot (packetbuf.c) called from PC: $24d44 (elapsed: 5)
  restart_time_synchronisation (packetbuf.c) called from PC: $15abe (elapsed: 56177)
  process_thread_foure_timesynch_process (local in 4emac-timesynch.c) called from PC: $12738 (elapsed: 803848)
  call_process (local in process.c) called from PC: $1291c (elapsed: 803885)
  process_run (packetbuf.c) called from PC: $05edc (elapsed: 807081)
 WARN [Thread-2] (MspMote.java:229) - 6: # Watchdog[EXECUTION]: illegal write to WDTCTL (0) from $103ca - reset!!!!
Watchdog: illegal write to WDTCTL (0) from $103ca - reset!!!!
Stack Trace: number of calls: 5 PC: $103ca
  watchdog_reboot (packetbuf.c) called from PC: $24d44 (elapsed: 5)
  restart_time_synchronisation (packetbuf.c) called from PC: $15abe (elapsed: 30452)
  process_thread_foure_timesynch_process (local in 4emac-timesynch.c) called from PC: $12738 (elapsed: 529274)
  call_process (local in process.c) called from PC: $1291c (elapsed: 529311)
  process_run (packetbuf.c) called from PC: $05edc (elapsed: 532346)
 WARN [Thread-2] (MspMote.java:229) - 16: # Watchdog[EXECUTION]: illegal write to WDTCTL (0) from $103ca - reset!!!!
Watchdog: illegal write to WDTCTL (0) from $103ca - reset!!!!
Stack Trace: number of calls: 5 PC: $103ca
  watchdog_reboot (packetbuf.c) called from PC: $24d44 (elapsed: 5)
  restart_time_synchronisation (packetbuf.c) called from PC: $15abe (elapsed: 30447)
  process_thread_foure_timesynch_process (local in 4emac-timesynch.c) called from PC: $12738 (elapsed: 639892)
  call_process (local in process.c) called from PC: $1291c (elapsed: 639929)
  process_run (packetbuf.c) called from PC: $05edc (elapsed: 643043)
 WARN [Thread-2] (MspMote.java:229) - 10: # Watchdog[EXECUTION]: illegal write to WDTCTL (0) from $103ca - reset!!!!
Watchdog: illegal write to WDTCTL (0) from $103ca - reset!!!!
Stack Trace: number of calls: 5 PC: $103ca
  watchdog_reboot (packetbuf.c) called from PC: $24d44 (elapsed: 5)
  restart_time_synchronisation (packetbuf.c) called from PC: $15abe (elapsed: 30453)
  process_thread_foure_timesynch_process (local in 4emac-timesynch.c) called from PC: $12738 (elapsed: 503743)
  call_process (local in process.c) called from PC: $1291c (elapsed: 503780)
  process_run (packetbuf.c) called from PC: $05edc (elapsed: 506973)
 WARN [Thread-2] (MspMote.java:229) - 40: # Watchdog[EXECUTION]: illegal write to WDTCTL (0) from $103ca - reset!!!!
Watchdog: illegal write to WDTCTL (0) from $103ca - reset!!!!
Stack Trace: number of calls: 5 PC: $103ca
  watchdog_reboot (packetbuf.c) called from PC: $24d44 (elapsed: 5)
  restart_time_synchronisation (packetbuf.c) called from PC: $15abe (elapsed: 30447)
  process_thread_foure_timesynch_process (local in 4emac-timesynch.c) called from PC: $12738 (elapsed: 1053496)
  call_process (local in process.c) called from PC: $1291c (elapsed: 1053533)
  process_run (packetbuf.c) called from PC: $05edc (elapsed: 1056575)
 WARN [Thread-2] (MspMote.java:229) - 38: # Watchdog[EXECUTION]: illegal write to WDTCTL (0) from $103ca - reset!!!!
Watchdog: illegal write to WDTCTL (0) from $103ca - reset!!!!
Stack Trace: number of calls: 5 PC: $103ca
  watchdog_reboot (packetbuf.c) called from PC: $24d44 (elapsed: 5)
  restart_time_synchronisation (packetbuf.c) called from PC: $15abe (elapsed: 30453)
  process_thread_foure_timesynch_process (local in 4emac-timesynch.c) called from PC: $12738 (elapsed: 810160)
  call_process (local in process.c) called from PC: $1291c (elapsed: 810197)
  process_run (packetbuf.c) called from PC: $05edc (elapsed: 813314)
 WARN [Thread-2] (MspMote.java:229) - 47: # Watchdog[EXECUTION]: illegal write to WDTCTL (0) from $103ca - reset!!!!
Watchdog: illegal write to WDTCTL (0) from $103ca - reset!!!!
Stack Trace: number of calls: 5 PC: $103ca
  watchdog_reboot (packetbuf.c) called from PC: $24d44 (elapsed: 5)
  restart_time_synchronisation (packetbuf.c) called from PC: $15abe (elapsed: 30452)
  process_thread_foure_timesynch_process (local in 4emac-timesynch.c) called from PC: $12738 (elapsed: 979056)
  call_process (local in process.c) called from PC: $1291c (elapsed: 979093)
  process_run (packetbuf.c) called from PC: $05edc (elapsed: 982234)
 WARN [Thread-2] (MspMote.java:229) - 44: # Watchdog[EXECUTION]: illegal write to WDTCTL (0) from $103ca - reset!!!!
Watchdog: illegal write to WDTCTL (0) from $103ca - reset!!!!
Stack Trace: number of calls: 5 PC: $103ca
  watchdog_reboot (packetbuf.c) called from PC: $24d44 (elapsed: 5)
  restart_time_synchronisation (packetbuf.c) called from PC: $15abe (elapsed: 30453)
  process_thread_foure_timesynch_process (local in 4emac-timesynch.c) called from PC: $12738 (elapsed: 814313)
  call_process (local in process.c) called from PC: $1291c (elapsed: 814350)
  process_run (packetbuf.c) called from PC: $05edc (elapsed: 817545)
 WARN [Thread-2] (MspMote.java:229) - 58: # Watchdog[EXECUTION]: illegal write to WDTCTL (0) from $103ca - reset!!!!
Watchdog: illegal write to WDTCTL (0) from $103ca - reset!!!!
Stack Trace: number of calls: 5 PC: $103ca
  watchdog_reboot (packetbuf.c) called from PC: $24d44 (elapsed: 5)
  restart_time_synchronisation (packetbuf.c) called from PC: $15abe (elapsed: 30452)
  process_thread_foure_timesynch_process (local in 4emac-timesynch.c) called from PC: $12738 (elapsed: 981972)
  call_process (local in process.c) called from PC: $1291c (elapsed: 982009)
  process_run (packetbuf.c) called from PC: $05edc (elapsed: 986427)
 WARN [Thread-2] (MspMote.java:229) - 61: # Watchdog[EXECUTION]: illegal write to WDTCTL (0) from $103ca - reset!!!!
Watchdog: illegal write to WDTCTL (0) from $103ca - reset!!!!
Stack Trace: number of calls: 11 PC: $103ca
  watchdog_reboot (packetbuf.c) called from PC: $24d44 (elapsed: 5)
  restart_time_synchronisation (packetbuf.c) called from PC: $14fba (elapsed: 31370)
  foure_timesynch_parent_switch_callback (packetbuf.c) called from PC: $1ea70 (elapsed: 69452)
  rpl_set_preferred_parent (local in rpl-dag.c) called from PC: $1f0a0 (elapsed: 162302)
  rpl_nullify_parent (packetbuf.c) called from PC: $1fd3a (elapsed: 375068)
  rpl_process_parent_event (packetbuf.c) called from PC: $1fdd2 (elapsed: 469347)
  rpl_recalculate_ranks (packetbuf.c) called from PC: $2383a (elapsed: 469774)
  handle_periodic_timer (local in rpl-timers.c) called from PC: $1219c (elapsed: 470038)
  process_thread_ctimer_process (local in ctimer.c) called from PC: $12738 (elapsed: 470263)
  call_process (local in process.c) called from PC: $1291c (elapsed: 470300)
  process_run (packetbuf.c) called from PC: $05edc (elapsed: 473385)
 WARN [Thread-2] (MspMote.java:229) - 19: # Watchdog[EXECUTION]: illegal write to WDTCTL (0) from $103ca - reset!!!!
Watchdog: illegal write to WDTCTL (0) from $103ca - reset!!!!
Stack Trace: number of calls: 5 PC: $103ca
  watchdog_reboot (packetbuf.c) called from PC: $24d44 (elapsed: 5)
  restart_time_synchronisation (packetbuf.c) called from PC: $15abe (elapsed: 30452)
  process_thread_foure_timesynch_process (local in 4emac-timesynch.c) called from PC: $12738 (elapsed: 1118276)
  call_process (local in process.c) called from PC: $1291c (elapsed: 1118313)
  process_run (packetbuf.c) called from PC: $05edc (elapsed: 1121427)
 WARN [Thread-2] (MspMote.java:229) - 55: # Watchdog[EXECUTION]: illegal write to WDTCTL (0) from $103ca - reset!!!!
Watchdog: illegal write to WDTCTL (0) from $103ca - reset!!!!
Stack Trace: number of calls: 5 PC: $103ca
  watchdog_reboot (packetbuf.c) called from PC: $24d44 (elapsed: 5)
  restart_time_synchronisation (packetbuf.c) called from PC: $15abe (elapsed: 30452)
  process_thread_foure_timesynch_process (local in 4emac-timesynch.c) called from PC: $12738 (elapsed: 862548)
  call_process (local in process.c) called from PC: $1291c (elapsed: 862585)
  process_run (packetbuf.c) called from PC: $05edc (elapsed: 865965)
 WARN [Thread-2] (MspMote.java:229) - 57: # Watchdog[EXECUTION]: illegal write to WDTCTL (0) from $103ca - reset!!!!
Watchdog: illegal write to WDTCTL (0) from $103ca - reset!!!!
Stack Trace: number of calls: 5 PC: $103ca
  watchdog_reboot (packetbuf.c) called from PC: $24d44 (elapsed: 5)
  restart_time_synchronisation (packetbuf.c) called from PC: $15abe (elapsed: 30597)
  process_thread_foure_timesynch_process (local in 4emac-timesynch.c) called from PC: $12738 (elapsed: 950154)
  call_process (local in process.c) called from PC: $1291c (elapsed: 950191)
  process_run (packetbuf.c) called from PC: $05edc (elapsed: 953521)
 WARN [Thread-2] (MspMote.java:229) - 45: # Watchdog[EXECUTION]: illegal write to WDTCTL (0) from $103ca - reset!!!!
Watchdog: illegal write to WDTCTL (0) from $103ca - reset!!!!
Stack Trace: number of calls: 5 PC: $103ca
  watchdog_reboot (packetbuf.c) called from PC: $24d44 (elapsed: 5)
  restart_time_synchronisation (packetbuf.c) called from PC: $15abe (elapsed: 30447)
  process_thread_foure_timesynch_process (local in 4emac-timesynch.c) called from PC: $12738 (elapsed: 1260714)
  call_process (local in process.c) called from PC: $1291c (elapsed: 1260751)
  process_run (packetbuf.c) called from PC: $05edc (elapsed: 1264189)
 WARN [Thread-2] (MspMote.java:229) - 56: # Watchdog[EXECUTION]: illegal write to WDTCTL (0) from $103ca - reset!!!!
Watchdog: illegal write to WDTCTL (0) from $103ca - reset!!!!
Stack Trace: number of calls: 5 PC: $103ca
  watchdog_reboot (packetbuf.c) called from PC: $24d44 (elapsed: 5)
  restart_time_synchronisation (packetbuf.c) called from PC: $15abe (elapsed: 30453)
  process_thread_foure_timesynch_process (local in 4emac-timesynch.c) called from PC: $12738 (elapsed: 645209)
  call_process (local in process.c) called from PC: $1291c (elapsed: 645246)
  process_run (packetbuf.c) called from PC: $05edc (elapsed: 648585)
 WARN [Thread-2] (MspMote.java:229) - 39: # Watchdog[EXECUTION]: illegal write to WDTCTL (0) from $103ca - reset!!!!
Watchdog: illegal write to WDTCTL (0) from $103ca - reset!!!!
Stack Trace: number of calls: 5 PC: $103ca
  watchdog_reboot (packetbuf.c) called from PC: $24d44 (elapsed: 5)
  restart_time_synchronisation (packetbuf.c) called from PC: $15abe (elapsed: 30453)
  process_thread_foure_timesynch_process (local in 4emac-timesynch.c) called from PC: $12738 (elapsed: 560082)
  call_process (local in process.c) called from PC: $1291c (elapsed: 560119)
  process_run (packetbuf.c) called from PC: $05edc (elapsed: 563712)
 WARN [Thread-2] (MspMote.java:229) - 33: # Watchdog[EXECUTION]: illegal write to WDTCTL (0) from $103ca - reset!!!!
Watchdog: illegal write to WDTCTL (0) from $103ca - reset!!!!
Stack Trace: number of calls: 5 PC: $103ca
  watchdog_reboot (packetbuf.c) called from PC: $24d44 (elapsed: 5)
  restart_time_synchronisation (packetbuf.c) called from PC: $15abe (elapsed: 30452)
  process_thread_foure_timesynch_process (local in 4emac-timesynch.c) called from PC: $12738 (elapsed: 984553)
  call_process (local in process.c) called from PC: $1291c (elapsed: 984590)
  process_run (packetbuf.c) called from PC: $05edc (elapsed: 989093)
 WARN [Thread-2] (MspMote.java:229) - 14: # Watchdog[EXECUTION]: illegal write to WDTCTL (0) from $103ca - reset!!!!
Watchdog: illegal write to WDTCTL (0) from $103ca - reset!!!!
Stack Trace: number of calls: 5 PC: $103ca
  watchdog_reboot (packetbuf.c) called from PC: $24d44 (elapsed: 5)
  restart_time_synchronisation (packetbuf.c) called from PC: $15abe (elapsed: 30453)
  process_thread_foure_timesynch_process (local in 4emac-timesynch.c) called from PC: $12738 (elapsed: 1083102)
  call_process (local in process.c) called from PC: $1291c (elapsed: 1083139)
  process_run (packetbuf.c) called from PC: $05edc (elapsed: 1086334)
 WARN [Thread-2] (MspMote.java:229) - 60: # Watchdog[EXECUTION]: illegal write to WDTCTL (0) from $103ca - reset!!!!
Watchdog: illegal write to WDTCTL (0) from $103ca - reset!!!!
Stack Trace: number of calls: 5 PC: $103ca
  watchdog_reboot (packetbuf.c) called from PC: $24d44 (elapsed: 5)
  restart_time_synchronisation (packetbuf.c) called from PC: $15abe (elapsed: 30453)
  process_thread_foure_timesynch_process (local in 4emac-timesynch.c) called from PC: $12738 (elapsed: 939812)
  call_process (local in process.c) called from PC: $1291c (elapsed: 939849)
  process_run (packetbuf.c) called from PC: $05edc (elapsed: 943044)
 WARN [Thread-2] (MspMote.java:229) - 3: # Watchdog[EXECUTION]: illegal write to WDTCTL (0) from $103ca - reset!!!!
Watchdog: illegal write to WDTCTL (0) from $103ca - reset!!!!
Stack Trace: number of calls: 5 PC: $103ca
  watchdog_reboot (packetbuf.c) called from PC: $24d44 (elapsed: 5)
  restart_time_synchronisation (packetbuf.c) called from PC: $15abe (elapsed: 30483)
  process_thread_foure_timesynch_process (local in 4emac-timesynch.c) called from PC: $12738 (elapsed: 954762)
  call_process (local in process.c) called from PC: $1291c (elapsed: 954799)
  process_run (packetbuf.c) called from PC: $05edc (elapsed: 958005)
 WARN [Thread-2] (MspMote.java:229) - 48: # Watchdog[EXECUTION]: illegal write to WDTCTL (0) from $103ca - reset!!!!
Watchdog: illegal write to WDTCTL (0) from $103ca - reset!!!!
Stack Trace: number of calls: 5 PC: $103ca
  watchdog_reboot (packetbuf.c) called from PC: $24d44 (elapsed: 5)
  restart_time_synchronisation (packetbuf.c) called from PC: $15abe (elapsed: 30453)
  process_thread_foure_timesynch_process (local in 4emac-timesynch.c) called from PC: $12738 (elapsed: 506307)
  call_process (local in process.c) called from PC: $1291c (elapsed: 506344)
  process_run (packetbuf.c) called from PC: $05edc (elapsed: 510926)
 WARN [Thread-2] (MspMote.java:229) - 32: # Watchdog[EXECUTION]: illegal write to WDTCTL (0) from $103ca - reset!!!!
Watchdog: illegal write to WDTCTL (0) from $103ca - reset!!!!
Stack Trace: number of calls: 5 PC: $103ca
  watchdog_reboot (packetbuf.c) called from PC: $24d44 (elapsed: 5)
  restart_time_synchronisation (packetbuf.c) called from PC: $15abe (elapsed: 30453)
  process_thread_foure_timesynch_process (local in 4emac-timesynch.c) called from PC: $12738 (elapsed: 634075)
  call_process (local in process.c) called from PC: $1291c (elapsed: 634112)
  process_run (packetbuf.c) called from PC: $05edc (elapsed: 638509)
 WARN [Thread-2] (MspMote.java:229) - 6: # Watchdog[EXECUTION]: illegal write to WDTCTL (0) from $103ca - reset!!!!
Watchdog: illegal write to WDTCTL (0) from $103ca - reset!!!!
Stack Trace: number of calls: 5 PC: $103ca
  watchdog_reboot (packetbuf.c) called from PC: $24d44 (elapsed: 5)
  restart_time_synchronisation (packetbuf.c) called from PC: $15abe (elapsed: 30452)
  process_thread_foure_timesynch_process (local in 4emac-timesynch.c) called from PC: $12738 (elapsed: 973638)
  call_process (local in process.c) called from PC: $1291c (elapsed: 973675)
  process_run (packetbuf.c) called from PC: $05edc (elapsed: 976977)
 WARN [Thread-2] (MspMote.java:229) - 20: # Watchdog[EXECUTION]: illegal write to WDTCTL (0) from $103ca - reset!!!!
Watchdog: illegal write to WDTCTL (0) from $103ca - reset!!!!
Stack Trace: number of calls: 5 PC: $103ca
  watchdog_reboot (packetbuf.c) called from PC: $24d44 (elapsed: 5)
  restart_time_synchronisation (packetbuf.c) called from PC: $15abe (elapsed: 30525)
  process_thread_foure_timesynch_process (local in 4emac-timesynch.c) called from PC: $12738 (elapsed: 940965)
  call_process (local in process.c) called from PC: $1291c (elapsed: 941002)
  process_run (packetbuf.c) called from PC: $05edc (elapsed: 944305)
 WARN [Thread-2] (MspMote.java:229) - 21: # Watchdog[EXECUTION]: illegal write to WDTCTL (0) from $103ca - reset!!!!
Watchdog: illegal write to WDTCTL (0) from $103ca - reset!!!!
Stack Trace: number of calls: 5 PC: $103ca
  watchdog_reboot (packetbuf.c) called from PC: $24d44 (elapsed: 5)
  restart_time_synchronisation (packetbuf.c) called from PC: $15abe (elapsed: 31364)
  process_thread_foure_timesynch_process (local in 4emac-timesynch.c) called from PC: $12738 (elapsed: 217529)
  call_process (local in process.c) called from PC: $1291c (elapsed: 217566)
  process_run (packetbuf.c) called from PC: $05edc (elapsed: 220963)
 WARN [Thread-2] (MspMote.java:229) - 53: # Watchdog[EXECUTION]: illegal write to WDTCTL (0) from $103ca - reset!!!!
Watchdog: illegal write to WDTCTL (0) from $103ca - reset!!!!
Stack Trace: number of calls: 5 PC: $103ca
  watchdog_reboot (packetbuf.c) called from PC: $24d44 (elapsed: 5)
  restart_time_synchronisation (packetbuf.c) called from PC: $15abe (elapsed: 30453)
  process_thread_foure_timesynch_process (local in 4emac-timesynch.c) called from PC: $12738 (elapsed: 937285)
  call_process (local in process.c) called from PC: $1291c (elapsed: 937322)
  process_run (packetbuf.c) called from PC: $05edc (elapsed: 940597)
 WARN [Thread-2] (MspMote.java:229) - 5: # Watchdog[EXECUTION]: illegal write to WDTCTL (0) from $103ca - reset!!!!
Watchdog: illegal write to WDTCTL (0) from $103ca - reset!!!!
Stack Trace: number of calls: 5 PC: $103ca
  watchdog_reboot (packetbuf.c) called from PC: $24d44 (elapsed: 5)
  restart_time_synchronisation (packetbuf.c) called from PC: $15abe (elapsed: 30447)
  process_thread_foure_timesynch_process (local in 4emac-timesynch.c) called from PC: $12738 (elapsed: 949299)
  call_process (local in process.c) called from PC: $1291c (elapsed: 949336)
  process_run (packetbuf.c) called from PC: $05edc (elapsed: 953679)
 WARN [Thread-2] (MspMote.java:229) - 9: # Watchdog[EXECUTION]: illegal write to WDTCTL (0) from $103ca - reset!!!!
Watchdog: illegal write to WDTCTL (0) from $103ca - reset!!!!
Stack Trace: number of calls: 5 PC: $103ca
  watchdog_reboot (packetbuf.c) called from PC: $24d44 (elapsed: 5)
  restart_time_synchronisation (packetbuf.c) called from PC: $15abe (elapsed: 30453)
  process_thread_foure_timesynch_process (local in 4emac-timesynch.c) called from PC: $12738 (elapsed: 812506)
  call_process (local in process.c) called from PC: $1291c (elapsed: 812543)
  process_run (packetbuf.c) called from PC: $05edc (elapsed: 815842)
 WARN [Thread-2] (MspMote.java:229) - 42: # Watchdog[EXECUTION]: illegal write to WDTCTL (0) from $103ca - reset!!!!
Watchdog: illegal write to WDTCTL (0) from $103ca - reset!!!!
Stack Trace: number of calls: 5 PC: $103ca
  watchdog_reboot (packetbuf.c) called from PC: $24d44 (elapsed: 5)
  restart_time_synchronisation (packetbuf.c) called from PC: $15abe (elapsed: 30453)
  process_thread_foure_timesynch_process (local in 4emac-timesynch.c) called from PC: $12738 (elapsed: 841907)
  call_process (local in process.c) called from PC: $1291c (elapsed: 841944)
  process_run (packetbuf.c) called from PC: $05edc (elapsed: 1796394)
 WARN [Thread-2] (MspMote.java:229) - 59: # Watchdog[EXECUTION]: illegal write to WDTCTL (0) from $103ca - reset!!!!
Watchdog: illegal write to WDTCTL (0) from $103ca - reset!!!!
Stack Trace: number of calls: 5 PC: $103ca
  watchdog_reboot (packetbuf.c) called from PC: $24d44 (elapsed: 5)
  restart_time_synchronisation (packetbuf.c) called from PC: $15abe (elapsed: 30452)
  process_thread_foure_timesynch_process (local in 4emac-timesynch.c) called from PC: $12738 (elapsed: 1730505)
  call_process (local in process.c) called from PC: $1291c (elapsed: 1730542)
  process_run (packetbuf.c) called from PC: $05edc (elapsed: 1733850)
 WARN [Thread-2] (MspMote.java:229) - 2: # Watchdog[EXECUTION]: illegal write to WDTCTL (0) from $103ca - reset!!!!
Watchdog: illegal write to WDTCTL (0) from $103ca - reset!!!!
Stack Trace: number of calls: 5 PC: $103ca
  watchdog_reboot (packetbuf.c) called from PC: $24d44 (elapsed: 5)
  restart_time_synchronisation (packetbuf.c) called from PC: $15abe (elapsed: 30452)
  process_thread_foure_timesynch_process (local in 4emac-timesynch.c) called from PC: $12738 (elapsed: 783365)
  call_process (local in process.c) called from PC: $1291c (elapsed: 783402)
  process_run (packetbuf.c) called from PC: $05edc (elapsed: 786685)
 WARN [Thread-2] (MspMote.java:229) - 46: # Watchdog[EXECUTION]: illegal write to WDTCTL (0) from $103ca - reset!!!!
 INFO [Thread-2] (LogScriptEngine.java:389) - Test script at 65.00%, done in 4395.3 sec
Watchdog: illegal write to WDTCTL (0) from $103ca - reset!!!!
Stack Trace: number of calls: 5 PC: $103ca
  watchdog_reboot (packetbuf.c) called from PC: $24d44 (elapsed: 5)
  restart_time_synchronisation (packetbuf.c) called from PC: $15abe (elapsed: 31484)
  process_thread_foure_timesynch_process (local in 4emac-timesynch.c) called from PC: $12738 (elapsed: 185553)
  call_process (local in process.c) called from PC: $1291c (elapsed: 185590)
  process_run (packetbuf.c) called from PC: $05edc (elapsed: 186968)
 WARN [Thread-2] (MspMote.java:229) - 28: # Watchdog[EXECUTION]: illegal write to WDTCTL (0) from $103ca - reset!!!!
Watchdog: illegal write to WDTCTL (0) from $103ca - reset!!!!
Stack Trace: number of calls: 5 PC: $103ca
  watchdog_reboot (packetbuf.c) called from PC: $24d44 (elapsed: 5)
  restart_time_synchronisation (packetbuf.c) called from PC: $15abe (elapsed: 30452)
  process_thread_foure_timesynch_process (local in 4emac-timesynch.c) called from PC: $12738 (elapsed: 558351)
  call_process (local in process.c) called from PC: $1291c (elapsed: 558388)
  process_run (packetbuf.c) called from PC: $05edc (elapsed: 561504)
 WARN [Thread-2] (MspMote.java:229) - 16: # Watchdog[EXECUTION]: illegal write to WDTCTL (0) from $103ca - reset!!!!
Watchdog: illegal write to WDTCTL (0) from $103ca - reset!!!!
Stack Trace: number of calls: 5 PC: $103ca
  watchdog_reboot (packetbuf.c) called from PC: $24d44 (elapsed: 5)
  restart_time_synchronisation (packetbuf.c) called from PC: $15abe (elapsed: 30453)
  process_thread_foure_timesynch_process (local in 4emac-timesynch.c) called from PC: $12738 (elapsed: 569873)
  call_process (local in process.c) called from PC: $1291c (elapsed: 569910)
  process_run (packetbuf.c) called from PC: $05edc (elapsed: 573184)
 WARN [Thread-2] (MspMote.java:229) - 1: # Watchdog[EXECUTION]: illegal write to WDTCTL (0) from $103ca - reset!!!!
Watchdog: illegal write to WDTCTL (0) from $103ca - reset!!!!
Stack Trace: number of calls: 5 PC: $103ca
  watchdog_reboot (packetbuf.c) called from PC: $24d44 (elapsed: 5)
  restart_time_synchronisation (packetbuf.c) called from PC: $15abe (elapsed: 30452)
  process_thread_foure_timesynch_process (local in 4emac-timesynch.c) called from PC: $12738 (elapsed: 975627)
  call_process (local in process.c) called from PC: $1291c (elapsed: 975664)
  process_run (packetbuf.c) called from PC: $05edc (elapsed: 978855)
 WARN [Thread-2] (MspMote.java:229) - 51: # Watchdog[EXECUTION]: illegal write to WDTCTL (0) from $103ca - reset!!!!
Watchdog: illegal write to WDTCTL (0) from $103ca - reset!!!!
Stack Trace: number of calls: 5 PC: $103ca
  watchdog_reboot (packetbuf.c) called from PC: $24d44 (elapsed: 5)
  restart_time_synchronisation (packetbuf.c) called from PC: $15abe (elapsed: 30452)
  process_thread_foure_timesynch_process (local in 4emac-timesynch.c) called from PC: $12738 (elapsed: 804144)
  call_process (local in process.c) called from PC: $1291c (elapsed: 804181)
  process_run (packetbuf.c) called from PC: $05edc (elapsed: 808445)
 WARN [Thread-2] (MspMote.java:229) - 4: # Watchdog[EXECUTION]: illegal write to WDTCTL (0) from $103ca - reset!!!!
Watchdog: illegal write to WDTCTL (0) from $103ca - reset!!!!
Stack Trace: number of calls: 5 PC: $103ca
  watchdog_reboot (packetbuf.c) called from PC: $24d44 (elapsed: 5)
  restart_time_synchronisation (packetbuf.c) called from PC: $15abe (elapsed: 30447)
  process_thread_foure_timesynch_process (local in 4emac-timesynch.c) called from PC: $12738 (elapsed: 951067)
  call_process (local in process.c) called from PC: $1291c (elapsed: 951104)
  process_run (packetbuf.c) called from PC: $05edc (elapsed: 954403)
 WARN [Thread-2] (MspMote.java:229) - 43: # Watchdog[EXECUTION]: illegal write to WDTCTL (0) from $103ca - reset!!!!
Watchdog: illegal write to WDTCTL (0) from $103ca - reset!!!!
Stack Trace: number of calls: 5 PC: $103ca
  watchdog_reboot (packetbuf.c) called from PC: $24d44 (elapsed: 5)
  restart_time_synchronisation (packetbuf.c) called from PC: $15abe (elapsed: 30452)
  process_thread_foure_timesynch_process (local in 4emac-timesynch.c) called from PC: $12738 (elapsed: 975432)
  call_process (local in process.c) called from PC: $1291c (elapsed: 975469)
  process_run (packetbuf.c) called from PC: $05edc (elapsed: 978664)
 WARN [Thread-2] (MspMote.java:229) - 48: # Watchdog[EXECUTION]: illegal write to WDTCTL (0) from $103ca - reset!!!!
Watchdog: illegal write to WDTCTL (0) from $103ca - reset!!!!
Stack Trace: number of calls: 5 PC: $103ca
  watchdog_reboot (packetbuf.c) called from PC: $24d44 (elapsed: 5)
  restart_time_synchronisation (packetbuf.c) called from PC: $15abe (elapsed: 30447)
  process_thread_foure_timesynch_process (local in 4emac-timesynch.c) called from PC: $12738 (elapsed: 1077574)
  call_process (local in process.c) called from PC: $1291c (elapsed: 1077611)
  process_run (packetbuf.c) called from PC: $05edc (elapsed: 1080802)
 WARN [Thread-2] (MspMote.java:229) - 45: # Watchdog[EXECUTION]: illegal write to WDTCTL (0) from $103ca - reset!!!!
Watchdog: illegal write to WDTCTL (0) from $103ca - reset!!!!
Stack Trace: number of calls: 5 PC: $103ca
  watchdog_reboot (packetbuf.c) called from PC: $24d44 (elapsed: 5)
  restart_time_synchronisation (packetbuf.c) called from PC: $15abe (elapsed: 30452)
  process_thread_foure_timesynch_process (local in 4emac-timesynch.c) called from PC: $12738 (elapsed: 779750)
  call_process (local in process.c) called from PC: $1291c (elapsed: 779787)
  process_run (packetbuf.c) called from PC: $05edc (elapsed: 782901)
 WARN [Thread-2] (MspMote.java:229) - 38: # Watchdog[EXECUTION]: illegal write to WDTCTL (0) from $103ca - reset!!!!
Watchdog: illegal write to WDTCTL (0) from $103ca - reset!!!!
Stack Trace: number of calls: 5 PC: $103ca
  watchdog_reboot (packetbuf.c) called from PC: $24d44 (elapsed: 5)
  restart_time_synchronisation (packetbuf.c) called from PC: $15abe (elapsed: 44614)
  process_thread_foure_timesynch_process (local in 4emac-timesynch.c) called from PC: $12738 (elapsed: 568864)
  call_process (local in process.c) called from PC: $1291c (elapsed: 568901)
  process_run (packetbuf.c) called from PC: $05edc (elapsed: 572096)
 WARN [Thread-2] (MspMote.java:229) - 34: # Watchdog[EXECUTION]: illegal write to WDTCTL (0) from $103ca - reset!!!!
Watchdog: illegal write to WDTCTL (0) from $103ca - reset!!!!
Stack Trace: number of calls: 5 PC: $103ca
  watchdog_reboot (packetbuf.c) called from PC: $24d44 (elapsed: 5)
  restart_time_synchronisation (packetbuf.c) called from PC: $15abe (elapsed: 30447)
  process_thread_foure_timesynch_process (local in 4emac-timesynch.c) called from PC: $12738 (elapsed: 774132)
  call_process (local in process.c) called from PC: $1291c (elapsed: 774169)
  process_run (packetbuf.c) called from PC: $05edc (elapsed: 777439)
 WARN [Thread-2] (MspMote.java:229) - 40: # Watchdog[EXECUTION]: illegal write to WDTCTL (0) from $103ca - reset!!!!
Watchdog: illegal write to WDTCTL (0) from $103ca - reset!!!!
Stack Trace: number of calls: 5 PC: $103ca
  watchdog_reboot (packetbuf.c) called from PC: $24d44 (elapsed: 5)
  restart_time_synchronisation (packetbuf.c) called from PC: $15abe (elapsed: 30453)
  process_thread_foure_timesynch_process (local in 4emac-timesynch.c) called from PC: $12738 (elapsed: 815874)
  call_process (local in process.c) called from PC: $1291c (elapsed: 815911)
  process_run (packetbuf.c) called from PC: $05edc (elapsed: 818948)
 WARN [Thread-2] (MspMote.java:229) - 39: # Watchdog[EXECUTION]: illegal write to WDTCTL (0) from $103ca - reset!!!!
Watchdog: illegal write to WDTCTL (0) from $103ca - reset!!!!
Stack Trace: number of calls: 5 PC: $103ca
  watchdog_reboot (packetbuf.c) called from PC: $24d44 (elapsed: 5)
  restart_time_synchronisation (packetbuf.c) called from PC: $15abe (elapsed: 30452)
  process_thread_foure_timesynch_process (local in 4emac-timesynch.c) called from PC: $12738 (elapsed: 912398)
  call_process (local in process.c) called from PC: $1291c (elapsed: 912435)
  process_run (packetbuf.c) called from PC: $05edc (elapsed: 915479)
 WARN [Thread-2] (MspMote.java:229) - 35: # Watchdog[EXECUTION]: illegal write to WDTCTL (0) from $103ca - reset!!!!
Watchdog: illegal write to WDTCTL (0) from $103ca - reset!!!!
Stack Trace: number of calls: 5 PC: $103ca
  watchdog_reboot (packetbuf.c) called from PC: $24d44 (elapsed: 5)
  restart_time_synchronisation (packetbuf.c) called from PC: $15abe (elapsed: 30455)
  process_thread_foure_timesynch_process (local in 4emac-timesynch.c) called from PC: $12738 (elapsed: 812626)
  call_process (local in process.c) called from PC: $1291c (elapsed: 812663)
  process_run (packetbuf.c) called from PC: $05edc (elapsed: 815775)
 WARN [Thread-2] (MspMote.java:229) - 41: # Watchdog[EXECUTION]: illegal write to WDTCTL (0) from $103ca - reset!!!!
Watchdog: illegal write to WDTCTL (0) from $103ca - reset!!!!
Stack Trace: number of calls: 5 PC: $103ca
  watchdog_reboot (packetbuf.c) called from PC: $24d44 (elapsed: 5)
  restart_time_synchronisation (packetbuf.c) called from PC: $15abe (elapsed: 30453)
  process_thread_foure_timesynch_process (local in 4emac-timesynch.c) called from PC: $12738 (elapsed: 940789)
  call_process (local in process.c) called from PC: $1291c (elapsed: 940826)
  process_run (packetbuf.c) called from PC: $05edc (elapsed: 943859)
 WARN [Thread-2] (MspMote.java:229) - 15: # Watchdog[EXECUTION]: illegal write to WDTCTL (0) from $103ca - reset!!!!
Watchdog: illegal write to WDTCTL (0) from $103ca - reset!!!!
Stack Trace: number of calls: 5 PC: $103ca
  watchdog_reboot (packetbuf.c) called from PC: $24d44 (elapsed: 5)
  restart_time_synchronisation (packetbuf.c) called from PC: $15abe (elapsed: 30452)
  process_thread_foure_timesynch_process (local in 4emac-timesynch.c) called from PC: $12738 (elapsed: 1105383)
  call_process (local in process.c) called from PC: $1291c (elapsed: 1105420)
  process_run (packetbuf.c) called from PC: $05edc (elapsed: 1108613)
 WARN [Thread-2] (MspMote.java:229) - 8: # Watchdog[EXECUTION]: illegal write to WDTCTL (0) from $103ca - reset!!!!
Watchdog: illegal write to WDTCTL (0) from $103ca - reset!!!!
Stack Trace: number of calls: 5 PC: $103ca
  watchdog_reboot (packetbuf.c) called from PC: $24d44 (elapsed: 5)
  restart_time_synchronisation (packetbuf.c) called from PC: $15abe (elapsed: 30447)
  process_thread_foure_timesynch_process (local in 4emac-timesynch.c) called from PC: $12738 (elapsed: 808478)
  call_process (local in process.c) called from PC: $1291c (elapsed: 808515)
  process_run (packetbuf.c) called from PC: $05edc (elapsed: 811816)
 WARN [Thread-2] (MspMote.java:229) - 61: # Watchdog[EXECUTION]: illegal write to WDTCTL (0) from $103ca - reset!!!!
Watchdog: illegal write to WDTCTL (0) from $103ca - reset!!!!
Stack Trace: number of calls: 5 PC: $103ca
  watchdog_reboot (packetbuf.c) called from PC: $24d44 (elapsed: 5)
  restart_time_synchronisation (packetbuf.c) called from PC: $15abe (elapsed: 30452)
  process_thread_foure_timesynch_process (local in 4emac-timesynch.c) called from PC: $12738 (elapsed: 840435)
  call_process (local in process.c) called from PC: $1291c (elapsed: 840472)
  process_run (packetbuf.c) called from PC: $05edc (elapsed: 843586)
 WARN [Thread-2] (MspMote.java:229) - 24: # Watchdog[EXECUTION]: illegal write to WDTCTL (0) from $103ca - reset!!!!
Watchdog: illegal write to WDTCTL (0) from $103ca - reset!!!!
Stack Trace: number of calls: 5 PC: $103ca
  watchdog_reboot (packetbuf.c) called from PC: $24d44 (elapsed: 5)
  restart_time_synchronisation (packetbuf.c) called from PC: $15abe (elapsed: 30452)
  process_thread_foure_timesynch_process (local in 4emac-timesynch.c) called from PC: $12738 (elapsed: 1087800)
  call_process (local in process.c) called from PC: $1291c (elapsed: 1087837)
  process_run (packetbuf.c) called from PC: $05edc (elapsed: 1090960)
 WARN [Thread-2] (MspMote.java:229) - 49: # Watchdog[EXECUTION]: illegal write to WDTCTL (0) from $103ca - reset!!!!
Watchdog: illegal write to WDTCTL (0) from $103ca - reset!!!!
Stack Trace: number of calls: 5 PC: $103ca
  watchdog_reboot (packetbuf.c) called from PC: $24d44 (elapsed: 5)
  restart_time_synchronisation (packetbuf.c) called from PC: $15abe (elapsed: 31364)
  process_thread_foure_timesynch_process (local in 4emac-timesynch.c) called from PC: $12738 (elapsed: 216365)
  call_process (local in process.c) called from PC: $1291c (elapsed: 216402)
  process_run (packetbuf.c) called from PC: $05edc (elapsed: 220529)
 WARN [Thread-2] (MspMote.java:229) - 3: # Watchdog[EXECUTION]: illegal write to WDTCTL (0) from $103ca - reset!!!!
Watchdog: illegal write to WDTCTL (0) from $103ca - reset!!!!
Stack Trace: number of calls: 5 PC: $103ca
  watchdog_reboot (packetbuf.c) called from PC: $24d44 (elapsed: 5)
  restart_time_synchronisation (packetbuf.c) called from PC: $15abe (elapsed: 30452)
  process_thread_foure_timesynch_process (local in 4emac-timesynch.c) called from PC: $12738 (elapsed: 669117)
  call_process (local in process.c) called from PC: $1291c (elapsed: 669154)
  process_run (packetbuf.c) called from PC: $05edc (elapsed: 672347)
 WARN [Thread-2] (MspMote.java:229) - 55: # Watchdog[EXECUTION]: illegal write to WDTCTL (0) from $103ca - reset!!!!
Watchdog: illegal write to WDTCTL (0) from $103ca - reset!!!!
Stack Trace: number of calls: 5 PC: $103ca
  watchdog_reboot (packetbuf.c) called from PC: $24d44 (elapsed: 5)
  restart_time_synchronisation (packetbuf.c) called from PC: $15abe (elapsed: 30452)
  process_thread_foure_timesynch_process (local in 4emac-timesynch.c) called from PC: $12738 (elapsed: 845911)
  call_process (local in process.c) called from PC: $1291c (elapsed: 845948)
  process_run (packetbuf.c) called from PC: $05edc (elapsed: 849067)
 WARN [Thread-2] (MspMote.java:229) - 30: # Watchdog[EXECUTION]: illegal write to WDTCTL (0) from $103ca - reset!!!!
Watchdog: illegal write to WDTCTL (0) from $103ca - reset!!!!
Stack Trace: number of calls: 11 PC: $103ca
  watchdog_reboot (packetbuf.c) called from PC: $24d44 (elapsed: 5)
  restart_time_synchronisation (packetbuf.c) called from PC: $14fba (elapsed: 67502)
  foure_timesynch_parent_switch_callback (packetbuf.c) called from PC: $1ea70 (elapsed: 105583)
  rpl_set_preferred_parent (local in rpl-dag.c) called from PC: $1f0a0 (elapsed: 200109)
  rpl_nullify_parent (packetbuf.c) called from PC: $1fd3a (elapsed: 448801)
  rpl_process_parent_event (packetbuf.c) called from PC: $1fdd2 (elapsed: 542928)
  rpl_recalculate_ranks (packetbuf.c) called from PC: $2383a (elapsed: 543952)
  handle_periodic_timer (local in rpl-timers.c) called from PC: $1219c (elapsed: 544304)
  process_thread_ctimer_process (local in ctimer.c) called from PC: $12738 (elapsed: 544529)
  call_process (local in process.c) called from PC: $1291c (elapsed: 544566)
  process_run (packetbuf.c) called from PC: $05edc (elapsed: 547840)
 WARN [Thread-2] (MspMote.java:229) - 36: # Watchdog[EXECUTION]: illegal write to WDTCTL (0) from $103ca - reset!!!!
Watchdog: illegal write to WDTCTL (0) from $103ca - reset!!!!
Stack Trace: number of calls: 5 PC: $103ca
  watchdog_reboot (packetbuf.c) called from PC: $24d44 (elapsed: 5)
  restart_time_synchronisation (packetbuf.c) called from PC: $15abe (elapsed: 30453)
  process_thread_foure_timesynch_process (local in 4emac-timesynch.c) called from PC: $12738 (elapsed: 815771)
  call_process (local in process.c) called from PC: $1291c (elapsed: 815808)
  process_run (packetbuf.c) called from PC: $05edc (elapsed: 819750)
 WARN [Thread-2] (MspMote.java:229) - 50: # Watchdog[EXECUTION]: illegal write to WDTCTL (0) from $103ca - reset!!!!
Watchdog: illegal write to WDTCTL (0) from $103ca - reset!!!!
Stack Trace: number of calls: 5 PC: $103ca
  watchdog_reboot (packetbuf.c) called from PC: $24d44 (elapsed: 5)
  restart_time_synchronisation (packetbuf.c) called from PC: $15abe (elapsed: 30452)
  process_thread_foure_timesynch_process (local in 4emac-timesynch.c) called from PC: $12738 (elapsed: 781364)
  call_process (local in process.c) called from PC: $1291c (elapsed: 781401)
  process_run (packetbuf.c) called from PC: $05edc (elapsed: 784592)
 WARN [Thread-2] (MspMote.java:229) - 22: # Watchdog[EXECUTION]: illegal write to WDTCTL (0) from $103ca - reset!!!!
Watchdog: illegal write to WDTCTL (0) from $103ca - reset!!!!
Stack Trace: number of calls: 5 PC: $103ca
  watchdog_reboot (packetbuf.c) called from PC: $24d44 (elapsed: 5)
  restart_time_synchronisation (packetbuf.c) called from PC: $15abe (elapsed: 30452)
  process_thread_foure_timesynch_process (local in 4emac-timesynch.c) called from PC: $12738 (elapsed: 539443)
  call_process (local in process.c) called from PC: $1291c (elapsed: 539480)
  process_run (packetbuf.c) called from PC: $05edc (elapsed: 542678)
 WARN [Thread-2] (MspMote.java:229) - 26: # Watchdog[EXECUTION]: illegal write to WDTCTL (0) from $103ca - reset!!!!
Watchdog: illegal write to WDTCTL (0) from $103ca - reset!!!!
Stack Trace: number of calls: 5 PC: $103ca
  watchdog_reboot (packetbuf.c) called from PC: $24d44 (elapsed: 5)
  restart_time_synchronisation (packetbuf.c) called from PC: $15abe (elapsed: 31527)
  process_thread_foure_timesynch_process (local in 4emac-timesynch.c) called from PC: $12738 (elapsed: 185765)
  call_process (local in process.c) called from PC: $1291c (elapsed: 185802)
  process_run (packetbuf.c) called from PC: $05edc (elapsed: 188282)
 WARN [Thread-2] (MspMote.java:229) - 54: # Watchdog[EXECUTION]: illegal write to WDTCTL (0) from $103ca - reset!!!!
Watchdog: illegal write to WDTCTL (0) from $103ca - reset!!!!
Stack Trace: number of calls: 5 PC: $103ca
  watchdog_reboot (packetbuf.c) called from PC: $24d44 (elapsed: 5)
  restart_time_synchronisation (packetbuf.c) called from PC: $15abe (elapsed: 30452)
  process_thread_foure_timesynch_process (local in 4emac-timesynch.c) called from PC: $12738 (elapsed: 1219983)
  call_process (local in process.c) called from PC: $1291c (elapsed: 1220020)
  process_run (packetbuf.c) called from PC: $05edc (elapsed: 1223055)
 WARN [Thread-2] (MspMote.java:229) - 31: # Watchdog[EXECUTION]: illegal write to WDTCTL (0) from $103ca - reset!!!!
Watchdog: illegal write to WDTCTL (0) from $103ca - reset!!!!
Stack Trace: number of calls: 5 PC: $103ca
  watchdog_reboot (packetbuf.c) called from PC: $24d44 (elapsed: 5)
  restart_time_synchronisation (packetbuf.c) called from PC: $15abe (elapsed: 30447)
  process_thread_foure_timesynch_process (local in 4emac-timesynch.c) called from PC: $12738 (elapsed: 833428)
  call_process (local in process.c) called from PC: $1291c (elapsed: 833465)
  process_run (packetbuf.c) called from PC: $05edc (elapsed: 837652)
 WARN [Thread-2] (MspMote.java:229) - 24: # Watchdog[EXECUTION]: illegal write to WDTCTL (0) from $103ca - reset!!!!
Watchdog: illegal write to WDTCTL (0) from $103ca - reset!!!!
Stack Trace: number of calls: 5 PC: $103ca
  watchdog_reboot (packetbuf.c) called from PC: $24d44 (elapsed: 5)
  restart_time_synchronisation (packetbuf.c) called from PC: $15abe (elapsed: 30447)
  process_thread_foure_timesynch_process (local in 4emac-timesynch.c) called from PC: $12738 (elapsed: 639115)
  call_process (local in process.c) called from PC: $1291c (elapsed: 639152)
  process_run (packetbuf.c) called from PC: $05edc (elapsed: 642505)
 WARN [Thread-2] (MspMote.java:229) - 56: # Watchdog[EXECUTION]: illegal write to WDTCTL (0) from $103ca - reset!!!!
Watchdog: illegal write to WDTCTL (0) from $103ca - reset!!!!
Stack Trace: number of calls: 5 PC: $103ca
  watchdog_reboot (packetbuf.c) called from PC: $24d44 (elapsed: 5)
  restart_time_synchronisation (packetbuf.c) called from PC: $15abe (elapsed: 30452)
  process_thread_foure_timesynch_process (local in 4emac-timesynch.c) called from PC: $12738 (elapsed: 530242)
  call_process (local in process.c) called from PC: $1291c (elapsed: 530279)
  process_run (packetbuf.c) called from PC: $05edc (elapsed: 533711)
 WARN [Thread-2] (MspMote.java:229) - 33: # Watchdog[EXECUTION]: illegal write to WDTCTL (0) from $103ca - reset!!!!
Watchdog: illegal write to WDTCTL (0) from $103ca - reset!!!!
Stack Trace: number of calls: 5 PC: $103ca
  watchdog_reboot (packetbuf.c) called from PC: $24d44 (elapsed: 5)
  restart_time_synchronisation (packetbuf.c) called from PC: $15abe (elapsed: 30447)
  process_thread_foure_timesynch_process (local in 4emac-timesynch.c) called from PC: $12738 (elapsed: 827817)
  call_process (local in process.c) called from PC: $1291c (elapsed: 827854)
  process_run (packetbuf.c) called from PC: $05edc (elapsed: 830896)
 WARN [Thread-2] (MspMote.java:229) - 23: # Watchdog[EXECUTION]: illegal write to WDTCTL (0) from $103ca - reset!!!!
Watchdog: illegal write to WDTCTL (0) from $103ca - reset!!!!
Stack Trace: number of calls: 5 PC: $103ca
  watchdog_reboot (packetbuf.c) called from PC: $24d44 (elapsed: 5)
  restart_time_synchronisation (packetbuf.c) called from PC: $15abe (elapsed: 30452)
  process_thread_foure_timesynch_process (local in 4emac-timesynch.c) called from PC: $12738 (elapsed: 674387)
  call_process (local in process.c) called from PC: $1291c (elapsed: 674424)
  process_run (packetbuf.c) called from PC: $05edc (elapsed: 677694)
 WARN [Thread-2] (MspMote.java:229) - 44: # Watchdog[EXECUTION]: illegal write to WDTCTL (0) from $103ca - reset!!!!
Watchdog: illegal write to WDTCTL (0) from $103ca - reset!!!!
Stack Trace: number of calls: 5 PC: $103ca
  watchdog_reboot (packetbuf.c) called from PC: $24d44 (elapsed: 5)
  restart_time_synchronisation (packetbuf.c) called from PC: $15abe (elapsed: 30453)
  process_thread_foure_timesynch_process (local in 4emac-timesynch.c) called from PC: $12738 (elapsed: 947735)
  call_process (local in process.c) called from PC: $1291c (elapsed: 947772)
  process_run (packetbuf.c) called from PC: $05edc (elapsed: 950805)
 WARN [Thread-2] (MspMote.java:229) - 11: # Watchdog[EXECUTION]: illegal write to WDTCTL (0) from $103ca - reset!!!!
Watchdog: illegal write to WDTCTL (0) from $103ca - reset!!!!
Stack Trace: number of calls: 5 PC: $103ca
  watchdog_reboot (packetbuf.c) called from PC: $24d44 (elapsed: 5)
  restart_time_synchronisation (packetbuf.c) called from PC: $15abe (elapsed: 30447)
  process_thread_foure_timesynch_process (local in 4emac-timesynch.c) called from PC: $12738 (elapsed: 771449)
  call_process (local in process.c) called from PC: $1291c (elapsed: 771486)
  process_run (packetbuf.c) called from PC: $05edc (elapsed: 775746)
 WARN [Thread-2] (MspMote.java:229) - 16: # Watchdog[EXECUTION]: illegal write to WDTCTL (0) from $103ca - reset!!!!
Watchdog: illegal write to WDTCTL (0) from $103ca - reset!!!!
Stack Trace: number of calls: 5 PC: $103ca
  watchdog_reboot (packetbuf.c) called from PC: $24d44 (elapsed: 5)
  restart_time_synchronisation (packetbuf.c) called from PC: $15abe (elapsed: 30452)
  process_thread_foure_timesynch_process (local in 4emac-timesynch.c) called from PC: $12738 (elapsed: 806497)
  call_process (local in process.c) called from PC: $1291c (elapsed: 806534)
  process_run (packetbuf.c) called from PC: $05edc (elapsed: 809648)
 WARN [Thread-2] (MspMote.java:229) - 12: # Watchdog[EXECUTION]: illegal write to WDTCTL (0) from $103ca - reset!!!!
Watchdog: illegal write to WDTCTL (0) from $103ca - reset!!!!
Stack Trace: number of calls: 5 PC: $103ca
  watchdog_reboot (packetbuf.c) called from PC: $24d44 (elapsed: 5)
  restart_time_synchronisation (packetbuf.c) called from PC: $15abe (elapsed: 30447)
  process_thread_foure_timesynch_process (local in 4emac-timesynch.c) called from PC: $12738 (elapsed: 953765)
  call_process (local in process.c) called from PC: $1291c (elapsed: 953802)
  process_run (packetbuf.c) called from PC: $05edc (elapsed: 957024)
 WARN [Thread-2] (MspMote.java:229) - 9: # Watchdog[EXECUTION]: illegal write to WDTCTL (0) from $103ca - reset!!!!
Watchdog: illegal write to WDTCTL (0) from $103ca - reset!!!!
Stack Trace: number of calls: 5 PC: $103ca
  watchdog_reboot (packetbuf.c) called from PC: $24d44 (elapsed: 5)
  restart_time_synchronisation (packetbuf.c) called from PC: $15abe (elapsed: 30447)
  process_thread_foure_timesynch_process (local in 4emac-timesynch.c) called from PC: $12738 (elapsed: 639276)
  call_process (local in process.c) called from PC: $1291c (elapsed: 639313)
  process_run (packetbuf.c) called from PC: $05edc (elapsed: 642511)
 WARN [Thread-2] (MspMote.java:229) - 37: # Watchdog[EXECUTION]: illegal write to WDTCTL (0) from $103ca - reset!!!!
Watchdog: illegal write to WDTCTL (0) from $103ca - reset!!!!
Stack Trace: number of calls: 5 PC: $103ca
  watchdog_reboot (packetbuf.c) called from PC: $24d44 (elapsed: 5)
  restart_time_synchronisation (packetbuf.c) called from PC: $15abe (elapsed: 30452)
  process_thread_foure_timesynch_process (local in 4emac-timesynch.c) called from PC: $12738 (elapsed: 779577)
  call_process (local in process.c) called from PC: $1291c (elapsed: 779614)
  process_run (packetbuf.c) called from PC: $05edc (elapsed: 782915)
 WARN [Thread-2] (MspMote.java:229) - 10: # Watchdog[EXECUTION]: illegal write to WDTCTL (0) from $103ca - reset!!!!
Watchdog: illegal write to WDTCTL (0) from $103ca - reset!!!!
Stack Trace: number of calls: 5 PC: $103ca
  watchdog_reboot (packetbuf.c) called from PC: $24d44 (elapsed: 5)
  restart_time_synchronisation (packetbuf.c) called from PC: $15abe (elapsed: 31365)
  process_thread_foure_timesynch_process (local in 4emac-timesynch.c) called from PC: $12738 (elapsed: 185489)
  call_process (local in process.c) called from PC: $1291c (elapsed: 185526)
  process_run (packetbuf.c) called from PC: $05edc (elapsed: 186904)
 WARN [Thread-2] (MspMote.java:229) - 58: # Watchdog[EXECUTION]: illegal write to WDTCTL (0) from $103ca - reset!!!!
 INFO [Thread-2] (LogScriptEngine.java:389) - Test script at 70.00%, done in 3687.6 sec
Watchdog: illegal write to WDTCTL (0) from $103ca - reset!!!!
Stack Trace: number of calls: 5 PC: $103ca
  watchdog_reboot (packetbuf.c) called from PC: $24d44 (elapsed: 5)
  restart_time_synchronisation (packetbuf.c) called from PC: $15abe (elapsed: 30453)
  process_thread_foure_timesynch_process (local in 4emac-timesynch.c) called from PC: $12738 (elapsed: 810500)
  call_process (local in process.c) called from PC: $1291c (elapsed: 810537)
  process_run (packetbuf.c) called from PC: $05edc (elapsed: 813572)
 WARN [Thread-2] (MspMote.java:229) - 15: # Watchdog[EXECUTION]: illegal write to WDTCTL (0) from $103ca - reset!!!!
Watchdog: illegal write to WDTCTL (0) from $103ca - reset!!!!
Stack Trace: number of calls: 5 PC: $103ca
  watchdog_reboot (packetbuf.c) called from PC: $24d44 (elapsed: 5)
  restart_time_synchronisation (packetbuf.c) called from PC: $15abe (elapsed: 30452)
  process_thread_foure_timesynch_process (local in 4emac-timesynch.c) called from PC: $12738 (elapsed: 1229515)
  call_process (local in process.c) called from PC: $1291c (elapsed: 1229552)
  process_run (packetbuf.c) called from PC: $05edc (elapsed: 1232750)
 WARN [Thread-2] (MspMote.java:229) - 25: # Watchdog[EXECUTION]: illegal write to WDTCTL (0) from $103ca - reset!!!!
Watchdog: illegal write to WDTCTL (0) from $103ca - reset!!!!
Stack Trace: number of calls: 5 PC: $103ca
  watchdog_reboot (packetbuf.c) called from PC: $24d44 (elapsed: 5)
  restart_time_synchronisation (packetbuf.c) called from PC: $15abe (elapsed: 30447)
  process_thread_foure_timesynch_process (local in 4emac-timesynch.c) called from PC: $12738 (elapsed: 1075980)
  call_process (local in process.c) called from PC: $1291c (elapsed: 1076017)
  process_run (packetbuf.c) called from PC: $05edc (elapsed: 1079212)
 WARN [Thread-2] (MspMote.java:229) - 8: # Watchdog[EXECUTION]: illegal write to WDTCTL (0) from $103ca - reset!!!!
Watchdog: illegal write to WDTCTL (0) from $103ca - reset!!!!
Stack Trace: number of calls: 5 PC: $103ca
  watchdog_reboot (packetbuf.c) called from PC: $24d44 (elapsed: 5)
  restart_time_synchronisation (packetbuf.c) called from PC: $15abe (elapsed: 30452)
  process_thread_foure_timesynch_process (local in 4emac-timesynch.c) called from PC: $12738 (elapsed: 674150)
  call_process (local in process.c) called from PC: $1291c (elapsed: 674187)
  process_run (packetbuf.c) called from PC: $05edc (elapsed: 677543)
 WARN [Thread-2] (MspMote.java:229) - 27: # Watchdog[EXECUTION]: illegal write to WDTCTL (0) from $103ca - reset!!!!
Watchdog: illegal write to WDTCTL (0) from $103ca - reset!!!!
Stack Trace: number of calls: 5 PC: $103ca
  watchdog_reboot (packetbuf.c) called from PC: $24d44 (elapsed: 5)
  restart_time_synchronisation (packetbuf.c) called from PC: $15abe (elapsed: 30452)
  process_thread_foure_timesynch_process (local in 4emac-timesynch.c) called from PC: $12738 (elapsed: 674598)
  call_process (local in process.c) called from PC: $1291c (elapsed: 674635)
  process_run (packetbuf.c) called from PC: $05edc (elapsed: 677826)
 WARN [Thread-2] (MspMote.java:229) - 22: # Watchdog[EXECUTION]: illegal write to WDTCTL (0) from $103ca - reset!!!!
Watchdog: illegal write to WDTCTL (0) from $103ca - reset!!!!
Stack Trace: number of calls: 5 PC: $103ca
  watchdog_reboot (packetbuf.c) called from PC: $24d44 (elapsed: 5)
  restart_time_synchronisation (packetbuf.c) called from PC: $15abe (elapsed: 30453)
  process_thread_foure_timesynch_process (local in 4emac-timesynch.c) called from PC: $12738 (elapsed: 501078)
  call_process (local in process.c) called from PC: $1291c (elapsed: 501115)
  process_run (packetbuf.c) called from PC: $05edc (elapsed: 504390)
 WARN [Thread-2] (MspMote.java:229) - 17: # Watchdog[EXECUTION]: illegal write to WDTCTL (0) from $103ca - reset!!!!
Watchdog: illegal write to WDTCTL (0) from $103ca - reset!!!!
Stack Trace: number of calls: 5 PC: $103ca
  watchdog_reboot (packetbuf.c) called from PC: $24d44 (elapsed: 5)
  restart_time_synchronisation (packetbuf.c) called from PC: $15abe (elapsed: 30453)
  process_thread_foure_timesynch_process (local in 4emac-timesynch.c) called from PC: $12738 (elapsed: 643954)
  call_process (local in process.c) called from PC: $1291c (elapsed: 643991)
  process_run (packetbuf.c) called from PC: $05edc (elapsed: 647026)
 WARN [Thread-2] (MspMote.java:229) - 28: # Watchdog[EXECUTION]: illegal write to WDTCTL (0) from $103ca - reset!!!!
Watchdog: illegal write to WDTCTL (0) from $103ca - reset!!!!
Stack Trace: number of calls: 5 PC: $103ca
  watchdog_reboot (packetbuf.c) called from PC: $24d44 (elapsed: 5)
  restart_time_synchronisation (packetbuf.c) called from PC: $15abe (elapsed: 30452)
  process_thread_foure_timesynch_process (local in 4emac-timesynch.c) called from PC: $12738 (elapsed: 970391)
  call_process (local in process.c) called from PC: $1291c (elapsed: 970428)
  process_run (packetbuf.c) called from PC: $05edc (elapsed: 973540)
 WARN [Thread-2] (MspMote.java:229) - 3: # Watchdog[EXECUTION]: illegal write to WDTCTL (0) from $103ca - reset!!!!
Watchdog: illegal write to WDTCTL (0) from $103ca - reset!!!!
Stack Trace: number of calls: 5 PC: $103ca
  watchdog_reboot (packetbuf.c) called from PC: $24d44 (elapsed: 5)
  restart_time_synchronisation (packetbuf.c) called from PC: $15abe (elapsed: 30452)
  process_thread_foure_timesynch_process (local in 4emac-timesynch.c) called from PC: $12738 (elapsed: 982491)
  call_process (local in process.c) called from PC: $1291c (elapsed: 982528)
  process_run (packetbuf.c) called from PC: $05edc (elapsed: 985719)
 WARN [Thread-2] (MspMote.java:229) - 32: # Watchdog[EXECUTION]: illegal write to WDTCTL (0) from $103ca - reset!!!!
Watchdog: illegal write to WDTCTL (0) from $103ca - reset!!!!
Stack Trace: number of calls: 5 PC: $103ca
  watchdog_reboot (packetbuf.c) called from PC: $24d44 (elapsed: 5)
  restart_time_synchronisation (packetbuf.c) called from PC: $15abe (elapsed: 30452)
  process_thread_foure_timesynch_process (local in 4emac-timesynch.c) called from PC: $12738 (elapsed: 981995)
  call_process (local in process.c) called from PC: $1291c (elapsed: 982032)
  process_run (packetbuf.c) called from PC: $05edc (elapsed: 985227)
 WARN [Thread-2] (MspMote.java:229) - 34: # Watchdog[EXECUTION]: illegal write to WDTCTL (0) from $103ca - reset!!!!
Watchdog: illegal write to WDTCTL (0) from $103ca - reset!!!!
Stack Trace: number of calls: 5 PC: $103ca
  watchdog_reboot (packetbuf.c) called from PC: $24d44 (elapsed: 5)
  restart_time_synchronisation (packetbuf.c) called from PC: $15abe (elapsed: 30452)
  process_thread_foure_timesynch_process (local in 4emac-timesynch.c) called from PC: $12738 (elapsed: 535573)
  call_process (local in process.c) called from PC: $1291c (elapsed: 535610)
  process_run (packetbuf.c) called from PC: $05edc (elapsed: 538643)
 WARN [Thread-2] (MspMote.java:229) - 21: # Watchdog[EXECUTION]: illegal write to WDTCTL (0) from $103ca - reset!!!!
Watchdog: illegal write to WDTCTL (0) from $103ca - reset!!!!
Stack Trace: number of calls: 5 PC: $103ca
  watchdog_reboot (packetbuf.c) called from PC: $24d44 (elapsed: 5)
  restart_time_synchronisation (packetbuf.c) called from PC: $15abe (elapsed: 30452)
  process_thread_foure_timesynch_process (local in 4emac-timesynch.c) called from PC: $12738 (elapsed: 777235)
  call_process (local in process.c) called from PC: $1291c (elapsed: 777272)
  process_run (packetbuf.c) called from PC: $05edc (elapsed: 780469)
 WARN [Thread-2] (MspMote.java:229) - 38: # Watchdog[EXECUTION]: illegal write to WDTCTL (0) from $103ca - reset!!!!
Watchdog: illegal write to WDTCTL (0) from $103ca - reset!!!!
Stack Trace: number of calls: 5 PC: $103ca
  watchdog_reboot (packetbuf.c) called from PC: $24d44 (elapsed: 5)
  restart_time_synchronisation (packetbuf.c) called from PC: $15abe (elapsed: 30650)
  process_thread_foure_timesynch_process (local in 4emac-timesynch.c) called from PC: $12738 (elapsed: 1079902)
  call_process (local in process.c) called from PC: $1291c (elapsed: 1079939)
  process_run (packetbuf.c) called from PC: $05edc (elapsed: 1082975)
 WARN [Thread-2] (MspMote.java:229) - 18: # Watchdog[EXECUTION]: illegal write to WDTCTL (0) from $103ca - reset!!!!
Watchdog: illegal write to WDTCTL (0) from $103ca - reset!!!!
Stack Trace: number of calls: 5 PC: $103ca
  watchdog_reboot (packetbuf.c) called from PC: $24d44 (elapsed: 5)
  restart_time_synchronisation (packetbuf.c) called from PC: $15abe (elapsed: 30452)
  process_thread_foure_timesynch_process (local in 4emac-timesynch.c) called from PC: $12738 (elapsed: 1098744)
  call_process (local in process.c) called from PC: $1291c (elapsed: 1098781)
  process_run (packetbuf.c) called from PC: $05edc (elapsed: 1102055)
 WARN [Thread-2] (MspMote.java:229) - 35: # Watchdog[EXECUTION]: illegal write to WDTCTL (0) from $103ca - reset!!!!
Watchdog: illegal write to WDTCTL (0) from $103ca - reset!!!!
Stack Trace: number of calls: 5 PC: $103ca
  watchdog_reboot (packetbuf.c) called from PC: $24d44 (elapsed: 5)
  restart_time_synchronisation (packetbuf.c) called from PC: $15abe (elapsed: 30447)
  process_thread_foure_timesynch_process (local in 4emac-timesynch.c) called from PC: $12738 (elapsed: 829107)
  call_process (local in process.c) called from PC: $1291c (elapsed: 829144)
  process_run (packetbuf.c) called from PC: $05edc (elapsed: 832418)
 WARN [Thread-2] (MspMote.java:229) - 11: # Watchdog[EXECUTION]: illegal write to WDTCTL (0) from $103ca - reset!!!!
Watchdog: illegal write to WDTCTL (0) from $103ca - reset!!!!
Stack Trace: number of calls: 5 PC: $103ca
  watchdog_reboot (packetbuf.c) called from PC: $24d44 (elapsed: 5)
  restart_time_synchronisation (packetbuf.c) called from PC: $15abe (elapsed: 30452)
  process_thread_foure_timesynch_process (local in 4emac-timesynch.c) called from PC: $12738 (elapsed: 668093)
  call_process (local in process.c) called from PC: $1291c (elapsed: 668130)
  process_run (packetbuf.c) called from PC: $05edc (elapsed: 671323)
 WARN [Thread-2] (MspMote.java:229) - 31: # Watchdog[EXECUTION]: illegal write to WDTCTL (0) from $103ca - reset!!!!
Watchdog: illegal write to WDTCTL (0) from $103ca - reset!!!!
Stack Trace: number of calls: 5 PC: $103ca
  watchdog_reboot (packetbuf.c) called from PC: $24d44 (elapsed: 5)
  restart_time_synchronisation (packetbuf.c) called from PC: $15abe (elapsed: 31359)
  process_thread_foure_timesynch_process (local in 4emac-timesynch.c) called from PC: $12738 (elapsed: 185323)
  call_process (local in process.c) called from PC: $1291c (elapsed: 185360)
  process_run (packetbuf.c) called from PC: $05edc (elapsed: 187840)
 WARN [Thread-2] (MspMote.java:229) - 30: # Watchdog[EXECUTION]: illegal write to WDTCTL (0) from $103ca - reset!!!!
Watchdog: illegal write to WDTCTL (0) from $103ca - reset!!!!
Stack Trace: number of calls: 5 PC: $103ca
  watchdog_reboot (packetbuf.c) called from PC: $24d44 (elapsed: 5)
  restart_time_synchronisation (packetbuf.c) called from PC: $15abe (elapsed: 30447)
  process_thread_foure_timesynch_process (local in 4emac-timesynch.c) called from PC: $12738 (elapsed: 949261)
  call_process (local in process.c) called from PC: $1291c (elapsed: 949298)
  process_run (packetbuf.c) called from PC: $05edc (elapsed: 952581)
 WARN [Thread-2] (MspMote.java:229) - 29: # Watchdog[EXECUTION]: illegal write to WDTCTL (0) from $103ca - reset!!!!
Watchdog: illegal write to WDTCTL (0) from $103ca - reset!!!!
Stack Trace: number of calls: 5 PC: $103ca
  watchdog_reboot (packetbuf.c) called from PC: $24d44 (elapsed: 5)
  restart_time_synchronisation (packetbuf.c) called from PC: $15abe (elapsed: 30597)
  process_thread_foure_timesynch_process (local in 4emac-timesynch.c) called from PC: $12738 (elapsed: 641252)
  call_process (local in process.c) called from PC: $1291c (elapsed: 641289)
  process_run (packetbuf.c) called from PC: $05edc (elapsed: 644565)
 WARN [Thread-2] (MspMote.java:229) - 1: # Watchdog[EXECUTION]: illegal write to WDTCTL (0) from $103ca - reset!!!!
Watchdog: illegal write to WDTCTL (0) from $103ca - reset!!!!
Stack Trace: number of calls: 5 PC: $103ca
  watchdog_reboot (packetbuf.c) called from PC: $24d44 (elapsed: 5)
  restart_time_synchronisation (packetbuf.c) called from PC: $15abe (elapsed: 30447)
  process_thread_foure_timesynch_process (local in 4emac-timesynch.c) called from PC: $12738 (elapsed: 638179)
  call_process (local in process.c) called from PC: $1291c (elapsed: 638216)
  process_run (packetbuf.c) called from PC: $05edc (elapsed: 641493)
 WARN [Thread-2] (MspMote.java:229) - 14: # Watchdog[EXECUTION]: illegal write to WDTCTL (0) from $103ca - reset!!!!
Watchdog: illegal write to WDTCTL (0) from $103ca - reset!!!!
Stack Trace: number of calls: 5 PC: $103ca
  watchdog_reboot (packetbuf.c) called from PC: $24d44 (elapsed: 5)
  restart_time_synchronisation (packetbuf.c) called from PC: $15abe (elapsed: 30519)
  process_thread_foure_timesynch_process (local in 4emac-timesynch.c) called from PC: $12738 (elapsed: 1259016)
  call_process (local in process.c) called from PC: $1291c (elapsed: 1259053)
  process_run (packetbuf.c) called from PC: $05edc (elapsed: 1262477)
 WARN [Thread-2] (MspMote.java:229) - 13: # Watchdog[EXECUTION]: illegal write to WDTCTL (0) from $103ca - reset!!!!
Watchdog: illegal write to WDTCTL (0) from $103ca - reset!!!!
Stack Trace: number of calls: 5 PC: $103ca
  watchdog_reboot (packetbuf.c) called from PC: $24d44 (elapsed: 5)
  restart_time_synchronisation (packetbuf.c) called from PC: $15abe (elapsed: 30447)
  process_thread_foure_timesynch_process (local in 4emac-timesynch.c) called from PC: $12738 (elapsed: 1077552)
  call_process (local in process.c) called from PC: $1291c (elapsed: 1077589)
  process_run (packetbuf.c) called from PC: $05edc (elapsed: 1081034)
 WARN [Thread-2] (MspMote.java:229) - 6: # Watchdog[EXECUTION]: illegal write to WDTCTL (0) from $103ca - reset!!!!
Watchdog: illegal write to WDTCTL (0) from $103ca - reset!!!!
Stack Trace: number of calls: 5 PC: $103ca
  watchdog_reboot (packetbuf.c) called from PC: $24d44 (elapsed: 5)
  restart_time_synchronisation (packetbuf.c) called from PC: $15abe (elapsed: 30651)
  process_thread_foure_timesynch_process (local in 4emac-timesynch.c) called from PC: $12738 (elapsed: 500618)
  call_process (local in process.c) called from PC: $1291c (elapsed: 500655)
  process_run (packetbuf.c) called from PC: $05edc (elapsed: 505077)
 WARN [Thread-2] (MspMote.java:229) - 50: # Watchdog[EXECUTION]: illegal write to WDTCTL (0) from $103ca - reset!!!!
Watchdog: illegal write to WDTCTL (0) from $103ca - reset!!!!
Stack Trace: number of calls: 5 PC: $103ca
  watchdog_reboot (packetbuf.c) called from PC: $24d44 (elapsed: 5)
  restart_time_synchronisation (packetbuf.c) called from PC: $15abe (elapsed: 65126)
  process_thread_foure_timesynch_process (local in 4emac-timesynch.c) called from PC: $12738 (elapsed: 982975)
  call_process (local in process.c) called from PC: $1291c (elapsed: 983012)
  process_run (packetbuf.c) called from PC: $05edc (elapsed: 986207)
 WARN [Thread-2] (MspMote.java:229) - 48: # Watchdog[EXECUTION]: illegal write to WDTCTL (0) from $103ca - reset!!!!
Watchdog: illegal write to WDTCTL (0) from $103ca - reset!!!!
Stack Trace: number of calls: 5 PC: $103ca
  watchdog_reboot (packetbuf.c) called from PC: $24d44 (elapsed: 5)
  restart_time_synchronisation (packetbuf.c) called from PC: $15abe (elapsed: 30452)
  process_thread_foure_timesynch_process (local in 4emac-timesynch.c) called from PC: $12738 (elapsed: 985026)
  call_process (local in process.c) called from PC: $1291c (elapsed: 985063)
  process_run (packetbuf.c) called from PC: $05edc (elapsed: 988339)
 WARN [Thread-2] (MspMote.java:229) - 36: # Watchdog[EXECUTION]: illegal write to WDTCTL (0) from $103ca - reset!!!!
Watchdog: illegal write to WDTCTL (0) from $103ca - reset!!!!
Stack Trace: number of calls: 5 PC: $103ca
  watchdog_reboot (packetbuf.c) called from PC: $24d44 (elapsed: 5)
  restart_time_synchronisation (packetbuf.c) called from PC: $15abe (elapsed: 30453)
  process_thread_foure_timesynch_process (local in 4emac-timesynch.c) called from PC: $12738 (elapsed: 937311)
  call_process (local in process.c) called from PC: $1291c (elapsed: 937348)
  process_run (packetbuf.c) called from PC: $05edc (elapsed: 940408)
 WARN [Thread-2] (MspMote.java:229) - 2: # Watchdog[EXECUTION]: illegal write to WDTCTL (0) from $103ca - reset!!!!
Watchdog: illegal write to WDTCTL (0) from $103ca - reset!!!!
Stack Trace: number of calls: 5 PC: $103ca
  watchdog_reboot (packetbuf.c) called from PC: $24d44 (elapsed: 5)
  restart_time_synchronisation (packetbuf.c) called from PC: $15abe (elapsed: 30452)
  process_thread_foure_timesynch_process (local in 4emac-timesynch.c) called from PC: $12738 (elapsed: 778423)
  call_process (local in process.c) called from PC: $1291c (elapsed: 778460)
  process_run (packetbuf.c) called from PC: $05edc (elapsed: 783115)
 WARN [Thread-2] (MspMote.java:229) - 54: # Watchdog[EXECUTION]: illegal write to WDTCTL (0) from $103ca - reset!!!!
Watchdog: illegal write to WDTCTL (0) from $103ca - reset!!!!
Stack Trace: number of calls: 5 PC: $103ca
  watchdog_reboot (packetbuf.c) called from PC: $24d44 (elapsed: 5)
  restart_time_synchronisation (packetbuf.c) called from PC: $15abe (elapsed: 30452)
  process_thread_foure_timesynch_process (local in 4emac-timesynch.c) called from PC: $12738 (elapsed: 1106658)
  call_process (local in process.c) called from PC: $1291c (elapsed: 1106695)
  process_run (packetbuf.c) called from PC: $05edc (elapsed: 1109807)
 WARN [Thread-2] (MspMote.java:229) - 3: # Watchdog[EXECUTION]: illegal write to WDTCTL (0) from $103ca - reset!!!!
Watchdog: illegal write to WDTCTL (0) from $103ca - reset!!!!
Stack Trace: number of calls: 5 PC: $103ca
  watchdog_reboot (packetbuf.c) called from PC: $24d44 (elapsed: 5)
  restart_time_synchronisation (packetbuf.c) called from PC: $15abe (elapsed: 30452)
  process_thread_foure_timesynch_process (local in 4emac-timesynch.c) called from PC: $12738 (elapsed: 976334)
  call_process (local in process.c) called from PC: $1291c (elapsed: 976371)
  process_run (packetbuf.c) called from PC: $05edc (elapsed: 979755)
 WARN [Thread-2] (MspMote.java:229) - 17: # Watchdog[EXECUTION]: illegal write to WDTCTL (0) from $103ca - reset!!!!
Watchdog: illegal write to WDTCTL (0) from $103ca - reset!!!!
Stack Trace: number of calls: 5 PC: $103ca
  watchdog_reboot (packetbuf.c) called from PC: $24d44 (elapsed: 5)
  restart_time_synchronisation (packetbuf.c) called from PC: $15abe (elapsed: 30447)
  process_thread_foure_timesynch_process (local in 4emac-timesynch.c) called from PC: $12738 (elapsed: 639058)
  call_process (local in process.c) called from PC: $1291c (elapsed: 639095)
  process_run (packetbuf.c) called from PC: $05edc (elapsed: 642446)
 WARN [Thread-2] (MspMote.java:229) - 16: # Watchdog[EXECUTION]: illegal write to WDTCTL (0) from $103ca - reset!!!!
Watchdog: illegal write to WDTCTL (0) from $103ca - reset!!!!
Stack Trace: number of calls: 5 PC: $103ca
  watchdog_reboot (packetbuf.c) called from PC: $24d44 (elapsed: 5)
  restart_time_synchronisation (packetbuf.c) called from PC: $15abe (elapsed: 30452)
  process_thread_foure_timesynch_process (local in 4emac-timesynch.c) called from PC: $12738 (elapsed: 669184)
  call_process (local in process.c) called from PC: $1291c (elapsed: 669221)
  process_run (packetbuf.c) called from PC: $05edc (elapsed: 672335)
 WARN [Thread-2] (MspMote.java:229) - 49: # Watchdog[EXECUTION]: illegal write to WDTCTL (0) from $103ca - reset!!!!
Watchdog: illegal write to WDTCTL (0) from $103ca - reset!!!!
Stack Trace: number of calls: 5 PC: $103ca
  watchdog_reboot (packetbuf.c) called from PC: $24d44 (elapsed: 5)
  restart_time_synchronisation (packetbuf.c) called from PC: $15abe (elapsed: 30447)
  process_thread_foure_timesynch_process (local in 4emac-timesynch.c) called from PC: $12738 (elapsed: 1209754)
  call_process (local in process.c) called from PC: $1291c (elapsed: 1209791)
  process_run (packetbuf.c) called from PC: $05edc (elapsed: 1213198)
 WARN [Thread-2] (MspMote.java:229) - 15: # Watchdog[EXECUTION]: illegal write to WDTCTL (0) from $103ca - reset!!!!
Watchdog: illegal write to WDTCTL (0) from $103ca - reset!!!!
Stack Trace: number of calls: 5 PC: $103ca
  watchdog_reboot (packetbuf.c) called from PC: $24d44 (elapsed: 5)
  restart_time_synchronisation (packetbuf.c) called from PC: $15abe (elapsed: 30447)
  process_thread_foure_timesynch_process (local in 4emac-timesynch.c) called from PC: $12738 (elapsed: 1148356)
  call_process (local in process.c) called from PC: $1291c (elapsed: 1148393)
  process_run (packetbuf.c) called from PC: $05edc (elapsed: 1151881)
 WARN [Thread-2] (MspMote.java:229) - 10: # Watchdog[EXECUTION]: illegal write to WDTCTL (0) from $103ca - reset!!!!
Watchdog: illegal write to WDTCTL (0) from $103ca - reset!!!!
Stack Trace: number of calls: 5 PC: $103ca
  watchdog_reboot (packetbuf.c) called from PC: $24d44 (elapsed: 5)
  restart_time_synchronisation (packetbuf.c) called from PC: $15abe (elapsed: 30458)
  process_thread_foure_timesynch_process (local in 4emac-timesynch.c) called from PC: $12738 (elapsed: 1263340)
  call_process (local in process.c) called from PC: $1291c (elapsed: 1263377)
  process_run (packetbuf.c) called from PC: $05edc (elapsed: 1267002)
 WARN [Thread-2] (MspMote.java:229) - 4: # Watchdog[EXECUTION]: illegal write to WDTCTL (0) from $103ca - reset!!!!
 INFO [Thread-2] (LogScriptEngine.java:389) - Test script at 75.00%, done in 3003.9 sec
Watchdog: illegal write to WDTCTL (0) from $103ca - reset!!!!
Stack Trace: number of calls: 5 PC: $103ca
  watchdog_reboot (packetbuf.c) called from PC: $24d44 (elapsed: 5)
  restart_time_synchronisation (packetbuf.c) called from PC: $15abe (elapsed: 30452)
  process_thread_foure_timesynch_process (local in 4emac-timesynch.c) called from PC: $12738 (elapsed: 990303)
  call_process (local in process.c) called from PC: $1291c (elapsed: 990340)
  process_run (packetbuf.c) called from PC: $05edc (elapsed: 995273)
 WARN [Thread-2] (MspMote.java:229) - 11: # Watchdog[EXECUTION]: illegal write to WDTCTL (0) from $103ca - reset!!!!
Watchdog: illegal write to WDTCTL (0) from $103ca - reset!!!!
Stack Trace: number of calls: 5 PC: $103ca
  watchdog_reboot (packetbuf.c) called from PC: $24d44 (elapsed: 5)
  restart_time_synchronisation (packetbuf.c) called from PC: $15abe (elapsed: 30452)
  process_thread_foure_timesynch_process (local in 4emac-timesynch.c) called from PC: $12738 (elapsed: 781479)
  call_process (local in process.c) called from PC: $1291c (elapsed: 781516)
  process_run (packetbuf.c) called from PC: $05edc (elapsed: 784790)
 WARN [Thread-2] (MspMote.java:229) - 27: # Watchdog[EXECUTION]: illegal write to WDTCTL (0) from $103ca - reset!!!!
Watchdog: illegal write to WDTCTL (0) from $103ca - reset!!!!
Stack Trace: number of calls: 5 PC: $103ca
  watchdog_reboot (packetbuf.c) called from PC: $24d44 (elapsed: 5)
  restart_time_synchronisation (packetbuf.c) called from PC: $15abe (elapsed: 30453)
  process_thread_foure_timesynch_process (local in 4emac-timesynch.c) called from PC: $12738 (elapsed: 1007224)
  call_process (local in process.c) called from PC: $1291c (elapsed: 1007261)
  process_run (packetbuf.c) called from PC: $05edc (elapsed: 1010566)
 WARN [Thread-2] (MspMote.java:229) - 12: # Watchdog[EXECUTION]: illegal write to WDTCTL (0) from $103ca - reset!!!!
Watchdog: illegal write to WDTCTL (0) from $103ca - reset!!!!
Stack Trace: number of calls: 5 PC: $103ca
  watchdog_reboot (packetbuf.c) called from PC: $24d44 (elapsed: 5)
  restart_time_synchronisation (packetbuf.c) called from PC: $15abe (elapsed: 30453)
  process_thread_foure_timesynch_process (local in 4emac-timesynch.c) called from PC: $12738 (elapsed: 708795)
  call_process (local in process.c) called from PC: $1291c (elapsed: 708832)
  process_run (packetbuf.c) called from PC: $05edc (elapsed: 711865)
 WARN [Thread-2] (MspMote.java:229) - 23: # Watchdog[EXECUTION]: illegal write to WDTCTL (0) from $103ca - reset!!!!
Watchdog: illegal write to WDTCTL (0) from $103ca - reset!!!!
Stack Trace: number of calls: 5 PC: $103ca
  watchdog_reboot (packetbuf.c) called from PC: $24d44 (elapsed: 5)
  restart_time_synchronisation (packetbuf.c) called from PC: $15abe (elapsed: 30447)
  process_thread_foure_timesynch_process (local in 4emac-timesynch.c) called from PC: $12738 (elapsed: 823930)
  call_process (local in process.c) called from PC: $1291c (elapsed: 823967)
  process_run (packetbuf.c) called from PC: $05edc (elapsed: 827108)
 WARN [Thread-2] (MspMote.java:229) - 9: # Watchdog[EXECUTION]: illegal write to WDTCTL (0) from $103ca - reset!!!!
Watchdog: illegal write to WDTCTL (0) from $103ca - reset!!!!
Stack Trace: number of calls: 5 PC: $103ca
  watchdog_reboot (packetbuf.c) called from PC: $24d44 (elapsed: 5)
  restart_time_synchronisation (packetbuf.c) called from PC: $15abe (elapsed: 30452)
  process_thread_foure_timesynch_process (local in 4emac-timesynch.c) called from PC: $12738 (elapsed: 1217890)
  call_process (local in process.c) called from PC: $1291c (elapsed: 1217927)
  process_run (packetbuf.c) called from PC: $05edc (elapsed: 1220886)
 WARN [Thread-2] (MspMote.java:229) - 5: # Watchdog[EXECUTION]: illegal write to WDTCTL (0) from $103ca - reset!!!!
Watchdog: illegal write to WDTCTL (0) from $103ca - reset!!!!
Stack Trace: number of calls: 5 PC: $103ca
  watchdog_reboot (packetbuf.c) called from PC: $24d44 (elapsed: 5)
  restart_time_synchronisation (packetbuf.c) called from PC: $15abe (elapsed: 30453)
  process_thread_foure_timesynch_process (local in 4emac-timesynch.c) called from PC: $12738 (elapsed: 838203)
  call_process (local in process.c) called from PC: $1291c (elapsed: 838240)
  process_run (packetbuf.c) called from PC: $05edc (elapsed: 841355)
 WARN [Thread-2] (MspMote.java:229) - 40: # Watchdog[EXECUTION]: illegal write to WDTCTL (0) from $103ca - reset!!!!
Watchdog: illegal write to WDTCTL (0) from $103ca - reset!!!!
Stack Trace: number of calls: 5 PC: $103ca
  watchdog_reboot (packetbuf.c) called from PC: $24d44 (elapsed: 5)
  restart_time_synchronisation (packetbuf.c) called from PC: $15abe (elapsed: 30452)
  process_thread_foure_timesynch_process (local in 4emac-timesynch.c) called from PC: $12738 (elapsed: 533102)
  call_process (local in process.c) called from PC: $1291c (elapsed: 533139)
  process_run (packetbuf.c) called from PC: $05edc (elapsed: 536332)
 WARN [Thread-2] (MspMote.java:229) - 22: # Watchdog[EXECUTION]: illegal write to WDTCTL (0) from $103ca - reset!!!!
Watchdog: illegal write to WDTCTL (0) from $103ca - reset!!!!
Stack Trace: number of calls: 5 PC: $103ca
  watchdog_reboot (packetbuf.c) called from PC: $24d44 (elapsed: 5)
  restart_time_synchronisation (packetbuf.c) called from PC: $15abe (elapsed: 31365)
  process_thread_foure_timesynch_process (local in 4emac-timesynch.c) called from PC: $12738 (elapsed: 185455)
  call_process (local in process.c) called from PC: $1291c (elapsed: 185492)
  process_run (packetbuf.c) called from PC: $05edc (elapsed: 188901)
 WARN [Thread-2] (MspMote.java:229) - 47: # Watchdog[EXECUTION]: illegal write to WDTCTL (0) from $103ca - reset!!!!
Watchdog: illegal write to WDTCTL (0) from $103ca - reset!!!!
Stack Trace: number of calls: 5 PC: $103ca
  watchdog_reboot (packetbuf.c) called from PC: $24d44 (elapsed: 5)
  restart_time_synchronisation (packetbuf.c) called from PC: $15abe (elapsed: 34110)
  process_thread_foure_timesynch_process (local in 4emac-timesynch.c) called from PC: $12738 (elapsed: 912848)
  call_process (local in process.c) called from PC: $1291c (elapsed: 912885)
  process_run (packetbuf.c) called from PC: $05edc (elapsed: 916107)
 WARN [Thread-2] (MspMote.java:229) - 16: # Watchdog[EXECUTION]: illegal write to WDTCTL (0) from $103ca - reset!!!!
Watchdog: illegal write to WDTCTL (0) from $103ca - reset!!!!
Stack Trace: number of calls: 5 PC: $103ca
  watchdog_reboot (packetbuf.c) called from PC: $24d44 (elapsed: 5)
  restart_time_synchronisation (packetbuf.c) called from PC: $15abe (elapsed: 30447)
  process_thread_foure_timesynch_process (local in 4emac-timesynch.c) called from PC: $12738 (elapsed: 952527)
  call_process (local in process.c) called from PC: $1291c (elapsed: 952564)
  process_run (packetbuf.c) called from PC: $05edc (elapsed: 955917)
 WARN [Thread-2] (MspMote.java:229) - 29: # Watchdog[EXECUTION]: illegal write to WDTCTL (0) from $103ca - reset!!!!
Watchdog: illegal write to WDTCTL (0) from $103ca - reset!!!!
Stack Trace: number of calls: 5 PC: $103ca
  watchdog_reboot (packetbuf.c) called from PC: $24d44 (elapsed: 5)
  restart_time_synchronisation (packetbuf.c) called from PC: $15abe (elapsed: 31364)
  process_thread_foure_timesynch_process (local in 4emac-timesynch.c) called from PC: $12738 (elapsed: 185592)
  call_process (local in process.c) called from PC: $1291c (elapsed: 185629)
  process_run (packetbuf.c) called from PC: $05edc (elapsed: 188032)
 WARN [Thread-2] (MspMote.java:229) - 1: # Watchdog[EXECUTION]: illegal write to WDTCTL (0) from $103ca - reset!!!!
Watchdog: illegal write to WDTCTL (0) from $103ca - reset!!!!
Stack Trace: number of calls: 5 PC: $103ca
  watchdog_reboot (packetbuf.c) called from PC: $24d44 (elapsed: 5)
  restart_time_synchronisation (packetbuf.c) called from PC: $15abe (elapsed: 30452)
  process_thread_foure_timesynch_process (local in 4emac-timesynch.c) called from PC: $12738 (elapsed: 803374)
  call_process (local in process.c) called from PC: $1291c (elapsed: 803411)
  process_run (packetbuf.c) called from PC: $05edc (elapsed: 806681)
 WARN [Thread-2] (MspMote.java:229) - 6: # Watchdog[EXECUTION]: illegal write to WDTCTL (0) from $103ca - reset!!!!
Watchdog: illegal write to WDTCTL (0) from $103ca - reset!!!!
Stack Trace: number of calls: 5 PC: $103ca
  watchdog_reboot (packetbuf.c) called from PC: $24d44 (elapsed: 5)
  restart_time_synchronisation (packetbuf.c) called from PC: $15abe (elapsed: 30447)
  process_thread_foure_timesynch_process (local in 4emac-timesynch.c) called from PC: $12738 (elapsed: 949568)
  call_process (local in process.c) called from PC: $1291c (elapsed: 949605)
  process_run (packetbuf.c) called from PC: $05edc (elapsed: 952798)
 WARN [Thread-2] (MspMote.java:229) - 18: # Watchdog[EXECUTION]: illegal write to WDTCTL (0) from $103ca - reset!!!!
Watchdog: illegal write to WDTCTL (0) from $103ca - reset!!!!
Stack Trace: number of calls: 5 PC: $103ca
  watchdog_reboot (packetbuf.c) called from PC: $24d44 (elapsed: 5)
  restart_time_synchronisation (packetbuf.c) called from PC: $15abe (elapsed: 30453)
  process_thread_foure_timesynch_process (local in 4emac-timesynch.c) called from PC: $12738 (elapsed: 696255)
  call_process (local in process.c) called from PC: $1291c (elapsed: 696292)
  process_run (packetbuf.c) called from PC: $05edc (elapsed: 699327)
 WARN [Thread-2] (MspMote.java:229) - 27: # Watchdog[EXECUTION]: illegal write to WDTCTL (0) from $103ca - reset!!!!
Watchdog: illegal write to WDTCTL (0) from $103ca - reset!!!!
Stack Trace: number of calls: 5 PC: $103ca
  watchdog_reboot (packetbuf.c) called from PC: $24d44 (elapsed: 5)
  restart_time_synchronisation (packetbuf.c) called from PC: $15abe (elapsed: 30452)
  process_thread_foure_timesynch_process (local in 4emac-timesynch.c) called from PC: $12738 (elapsed: 642653)
  call_process (local in process.c) called from PC: $1291c (elapsed: 642690)
  process_run (packetbuf.c) called from PC: $05edc (elapsed: 645912)
 WARN [Thread-2] (MspMote.java:229) - 11: # Watchdog[EXECUTION]: illegal write to WDTCTL (0) from $103ca - reset!!!!
Watchdog: illegal write to WDTCTL (0) from $103ca - reset!!!!
Stack Trace: number of calls: 5 PC: $103ca
  watchdog_reboot (packetbuf.c) called from PC: $24d44 (elapsed: 5)
  restart_time_synchronisation (packetbuf.c) called from PC: $15abe (elapsed: 31365)
  process_thread_foure_timesynch_process (local in 4emac-timesynch.c) called from PC: $12738 (elapsed: 185933)
  call_process (local in process.c) called from PC: $1291c (elapsed: 185970)
  process_run (packetbuf.c) called from PC: $05edc (elapsed: 188611)
 WARN [Thread-2] (MspMote.java:229) - 41: # Watchdog[EXECUTION]: illegal write to WDTCTL (0) from $103ca - reset!!!!
Watchdog: illegal write to WDTCTL (0) from $103ca - reset!!!!
Stack Trace: number of calls: 5 PC: $103ca
  watchdog_reboot (packetbuf.c) called from PC: $24d44 (elapsed: 5)
  restart_time_synchronisation (packetbuf.c) called from PC: $15abe (elapsed: 30452)
  process_thread_foure_timesynch_process (local in 4emac-timesynch.c) called from PC: $12738 (elapsed: 729877)
  call_process (local in process.c) called from PC: $1291c (elapsed: 729914)
  process_run (packetbuf.c) called from PC: $05edc (elapsed: 733193)
 WARN [Thread-2] (MspMote.java:229) - 20: # Watchdog[EXECUTION]: illegal write to WDTCTL (0) from $103ca - reset!!!!
Watchdog: illegal write to WDTCTL (0) from $103ca - reset!!!!
Stack Trace: number of calls: 5 PC: $103ca
  watchdog_reboot (packetbuf.c) called from PC: $24d44 (elapsed: 5)
  restart_time_synchronisation (packetbuf.c) called from PC: $15abe (elapsed: 30447)
  process_thread_foure_timesynch_process (local in 4emac-timesynch.c) called from PC: $12738 (elapsed: 808678)
  call_process (local in process.c) called from PC: $1291c (elapsed: 808715)
  process_run (packetbuf.c) called from PC: $05edc (elapsed: 811908)
 WARN [Thread-2] (MspMote.java:229) - 31: # Watchdog[EXECUTION]: illegal write to WDTCTL (0) from $103ca - reset!!!!
Watchdog: illegal write to WDTCTL (0) from $103ca - reset!!!!
Stack Trace: number of calls: 5 PC: $103ca
  watchdog_reboot (packetbuf.c) called from PC: $24d44 (elapsed: 5)
  restart_time_synchronisation (packetbuf.c) called from PC: $15abe (elapsed: 30465)
  process_thread_foure_timesynch_process (local in 4emac-timesynch.c) called from PC: $12738 (elapsed: 814534)
  call_process (local in process.c) called from PC: $1291c (elapsed: 814571)
  process_run (packetbuf.c) called from PC: $05edc (elapsed: 817765)
 WARN [Thread-2] (MspMote.java:229) - 24: # Watchdog[EXECUTION]: illegal write to WDTCTL (0) from $103ca - reset!!!!
Watchdog: illegal write to WDTCTL (0) from $103ca - reset!!!!
Stack Trace: number of calls: 5 PC: $103ca
  watchdog_reboot (packetbuf.c) called from PC: $24d44 (elapsed: 5)
  restart_time_synchronisation (packetbuf.c) called from PC: $15abe (elapsed: 30452)
  process_thread_foure_timesynch_process (local in 4emac-timesynch.c) called from PC: $12738 (elapsed: 804094)
  call_process (local in process.c) called from PC: $1291c (elapsed: 804131)
  process_run (packetbuf.c) called from PC: $05edc (elapsed: 807085)
 WARN [Thread-2] (MspMote.java:229) - 12: # Watchdog[EXECUTION]: illegal write to WDTCTL (0) from $103ca - reset!!!!
Watchdog: illegal write to WDTCTL (0) from $103ca - reset!!!!
Stack Trace: number of calls: 5 PC: $103ca
  watchdog_reboot (packetbuf.c) called from PC: $24d44 (elapsed: 5)
  restart_time_synchronisation (packetbuf.c) called from PC: $15abe (elapsed: 30452)
  process_thread_foure_timesynch_process (local in 4emac-timesynch.c) called from PC: $12738 (elapsed: 1090985)
  call_process (local in process.c) called from PC: $1291c (elapsed: 1091022)
  process_run (packetbuf.c) called from PC: $05edc (elapsed: 1094371)
 WARN [Thread-2] (MspMote.java:229) - 38: # Watchdog[EXECUTION]: illegal write to WDTCTL (0) from $103ca - reset!!!!
Watchdog: illegal write to WDTCTL (0) from $103ca - reset!!!!
Stack Trace: number of calls: 5 PC: $103ca
  watchdog_reboot (packetbuf.c) called from PC: $24d44 (elapsed: 5)
  restart_time_synchronisation (packetbuf.c) called from PC: $15abe (elapsed: 30447)
  process_thread_foure_timesynch_process (local in 4emac-timesynch.c) called from PC: $12738 (elapsed: 1135716)
  call_process (local in process.c) called from PC: $1291c (elapsed: 1135753)
  process_run (packetbuf.c) called from PC: $05edc (elapsed: 1139086)
 WARN [Thread-2] (MspMote.java:229) - 39: # Watchdog[EXECUTION]: illegal write to WDTCTL (0) from $103ca - reset!!!!
Watchdog: illegal write to WDTCTL (0) from $103ca - reset!!!!
Stack Trace: number of calls: 5 PC: $103ca
  watchdog_reboot (packetbuf.c) called from PC: $24d44 (elapsed: 5)
  restart_time_synchronisation (packetbuf.c) called from PC: $15abe (elapsed: 30452)
  process_thread_foure_timesynch_process (local in 4emac-timesynch.c) called from PC: $12738 (elapsed: 981986)
  call_process (local in process.c) called from PC: $1291c (elapsed: 982023)
  process_run (packetbuf.c) called from PC: $05edc (elapsed: 986457)
 WARN [Thread-2] (MspMote.java:229) - 51: # Watchdog[EXECUTION]: illegal write to WDTCTL (0) from $103ca - reset!!!!
Watchdog: illegal write to WDTCTL (0) from $103ca - reset!!!!
Stack Trace: number of calls: 5 PC: $103ca
  watchdog_reboot (packetbuf.c) called from PC: $24d44 (elapsed: 5)
  restart_time_synchronisation (packetbuf.c) called from PC: $15abe (elapsed: 30447)
  process_thread_foure_timesynch_process (local in 4emac-timesynch.c) called from PC: $12738 (elapsed: 933640)
  call_process (local in process.c) called from PC: $1291c (elapsed: 933677)
  process_run (packetbuf.c) called from PC: $05edc (elapsed: 936868)
 WARN [Thread-2] (MspMote.java:229) - 6: # Watchdog[EXECUTION]: illegal write to WDTCTL (0) from $103ca - reset!!!!
Watchdog: illegal write to WDTCTL (0) from $103ca - reset!!!!
Stack Trace: number of calls: 5 PC: $103ca
  watchdog_reboot (packetbuf.c) called from PC: $24d44 (elapsed: 5)
  restart_time_synchronisation (packetbuf.c) called from PC: $15abe (elapsed: 30453)
  process_thread_foure_timesynch_process (local in 4emac-timesynch.c) called from PC: $12738 (elapsed: 950817)
  call_process (local in process.c) called from PC: $1291c (elapsed: 950854)
  process_run (packetbuf.c) called from PC: $05edc (elapsed: 953902)
 WARN [Thread-2] (MspMote.java:229) - 46: # Watchdog[EXECUTION]: illegal write to WDTCTL (0) from $103ca - reset!!!!
Watchdog: illegal write to WDTCTL (0) from $103ca - reset!!!!
Stack Trace: number of calls: 5 PC: $103ca
  watchdog_reboot (packetbuf.c) called from PC: $24d44 (elapsed: 5)
  restart_time_synchronisation (packetbuf.c) called from PC: $15abe (elapsed: 30452)
  process_thread_foure_timesynch_process (local in 4emac-timesynch.c) called from PC: $12738 (elapsed: 1223793)
  call_process (local in process.c) called from PC: $1291c (elapsed: 1223830)
  process_run (packetbuf.c) called from PC: $05edc (elapsed: 1226872)
 WARN [Thread-2] (MspMote.java:229) - 52: # Watchdog[EXECUTION]: illegal write to WDTCTL (0) from $103ca - reset!!!!
 INFO [Thread-2] (LogScriptEngine.java:389) - Test script at 80.00%, done in 2359.9 sec
Watchdog: illegal write to WDTCTL (0) from $103ca - reset!!!!
Stack Trace: number of calls: 5 PC: $103ca
  watchdog_reboot (packetbuf.c) called from PC: $24d44 (elapsed: 5)
  restart_time_synchronisation (packetbuf.c) called from PC: $15abe (elapsed: 30447)
  process_thread_foure_timesynch_process (local in 4emac-timesynch.c) called from PC: $12738 (elapsed: 705125)
  call_process (local in process.c) called from PC: $1291c (elapsed: 705162)
  process_run (packetbuf.c) called from PC: $05edc (elapsed: 708435)
 WARN [Thread-2] (MspMote.java:229) - 37: # Watchdog[EXECUTION]: illegal write to WDTCTL (0) from $103ca - reset!!!!
Watchdog: illegal write to WDTCTL (0) from $103ca - reset!!!!
Stack Trace: number of calls: 5 PC: $103ca
  watchdog_reboot (packetbuf.c) called from PC: $24d44 (elapsed: 5)
  restart_time_synchronisation (packetbuf.c) called from PC: $15abe (elapsed: 30452)
  process_thread_foure_timesynch_process (local in 4emac-timesynch.c) called from PC: $12738 (elapsed: 1227374)
  call_process (local in process.c) called from PC: $1291c (elapsed: 1227411)
  process_run (packetbuf.c) called from PC: $05edc (elapsed: 1230451)
 WARN [Thread-2] (MspMote.java:229) - 45: # Watchdog[EXECUTION]: illegal write to WDTCTL (0) from $103ca - reset!!!!
Watchdog: illegal write to WDTCTL (0) from $103ca - reset!!!!
Stack Trace: number of calls: 5 PC: $103ca
  watchdog_reboot (packetbuf.c) called from PC: $24d44 (elapsed: 5)
  restart_time_synchronisation (packetbuf.c) called from PC: $15abe (elapsed: 30459)
  process_thread_foure_timesynch_process (local in 4emac-timesynch.c) called from PC: $12738 (elapsed: 1086800)
  call_process (local in process.c) called from PC: $1291c (elapsed: 1086837)
  process_run (packetbuf.c) called from PC: $05edc (elapsed: 1090032)
 WARN [Thread-2] (MspMote.java:229) - 50: # Watchdog[EXECUTION]: illegal write to WDTCTL (0) from $103ca - reset!!!!
Watchdog: illegal write to WDTCTL (0) from $103ca - reset!!!!
Stack Trace: number of calls: 5 PC: $103ca
  watchdog_reboot (packetbuf.c) called from PC: $24d44 (elapsed: 5)
  restart_time_synchronisation (packetbuf.c) called from PC: $15abe (elapsed: 30452)
  process_thread_foure_timesynch_process (local in 4emac-timesynch.c) called from PC: $12738 (elapsed: 1306168)
  call_process (local in process.c) called from PC: $1291c (elapsed: 1306205)
  process_run (packetbuf.c) called from PC: $05edc (elapsed: 1310480)
 WARN [Thread-2] (MspMote.java:229) - 59: # Watchdog[EXECUTION]: illegal write to WDTCTL (0) from $103ca - reset!!!!
Watchdog: illegal write to WDTCTL (0) from $103ca - reset!!!!
Stack Trace: number of calls: 5 PC: $103ca
  watchdog_reboot (packetbuf.c) called from PC: $24d44 (elapsed: 5)
  restart_time_synchronisation (packetbuf.c) called from PC: $15abe (elapsed: 30452)
  process_thread_foure_timesynch_process (local in 4emac-timesynch.c) called from PC: $12738 (elapsed: 680601)
  call_process (local in process.c) called from PC: $1291c (elapsed: 680638)
  process_run (packetbuf.c) called from PC: $05edc (elapsed: 683673)
 WARN [Thread-2] (MspMote.java:229) - 47: # Watchdog[EXECUTION]: illegal write to WDTCTL (0) from $103ca - reset!!!!
Watchdog: illegal write to WDTCTL (0) from $103ca - reset!!!!
Stack Trace: number of calls: 5 PC: $103ca
  watchdog_reboot (packetbuf.c) called from PC: $24d44 (elapsed: 5)
  restart_time_synchronisation (packetbuf.c) called from PC: $15abe (elapsed: 30531)
  process_thread_foure_timesynch_process (local in 4emac-timesynch.c) called from PC: $12738 (elapsed: 1071774)
  call_process (local in process.c) called from PC: $1291c (elapsed: 1071811)
  process_run (packetbuf.c) called from PC: $05edc (elapsed: 1075083)
 WARN [Thread-2] (MspMote.java:229) - 13: # Watchdog[EXECUTION]: illegal write to WDTCTL (0) from $103ca - reset!!!!
Watchdog: illegal write to WDTCTL (0) from $103ca - reset!!!!
Stack Trace: number of calls: 5 PC: $103ca
  watchdog_reboot (packetbuf.c) called from PC: $24d44 (elapsed: 5)
  restart_time_synchronisation (packetbuf.c) called from PC: $15abe (elapsed: 30452)
  process_thread_foure_timesynch_process (local in 4emac-timesynch.c) called from PC: $12738 (elapsed: 777428)
  call_process (local in process.c) called from PC: $1291c (elapsed: 777465)
  process_run (packetbuf.c) called from PC: $05edc (elapsed: 780501)
 WARN [Thread-2] (MspMote.java:229) - 58: # Watchdog[EXECUTION]: illegal write to WDTCTL (0) from $103ca - reset!!!!
Watchdog: illegal write to WDTCTL (0) from $103ca - reset!!!!
Stack Trace: number of calls: 5 PC: $103ca
  watchdog_reboot (packetbuf.c) called from PC: $24d44 (elapsed: 5)
  restart_time_synchronisation (packetbuf.c) called from PC: $15abe (elapsed: 30452)
  process_thread_foure_timesynch_process (local in 4emac-timesynch.c) called from PC: $12738 (elapsed: 1075338)
  call_process (local in process.c) called from PC: $1291c (elapsed: 1075375)
  process_run (packetbuf.c) called from PC: $05edc (elapsed: 1078570)
 WARN [Thread-2] (MspMote.java:229) - 14: # Watchdog[EXECUTION]: illegal write to WDTCTL (0) from $103ca - reset!!!!
Watchdog: illegal write to WDTCTL (0) from $103ca - reset!!!!
Stack Trace: number of calls: 5 PC: $103ca
  watchdog_reboot (packetbuf.c) called from PC: $24d44 (elapsed: 5)
  restart_time_synchronisation (packetbuf.c) called from PC: $15abe (elapsed: 30453)
  process_thread_foure_timesynch_process (local in 4emac-timesynch.c) called from PC: $12738 (elapsed: 776178)
  call_process (local in process.c) called from PC: $1291c (elapsed: 776215)
  process_run (packetbuf.c) called from PC: $05edc (elapsed: 779257)
 WARN [Thread-2] (MspMote.java:229) - 61: # Watchdog[EXECUTION]: illegal write to WDTCTL (0) from $103ca - reset!!!!
Watchdog: illegal write to WDTCTL (0) from $103ca - reset!!!!
Stack Trace: number of calls: 5 PC: $103ca
  watchdog_reboot (packetbuf.c) called from PC: $24d44 (elapsed: 5)
  restart_time_synchronisation (packetbuf.c) called from PC: $15abe (elapsed: 30452)
  process_thread_foure_timesynch_process (local in 4emac-timesynch.c) called from PC: $12738 (elapsed: 1279519)
  call_process (local in process.c) called from PC: $1291c (elapsed: 1279556)
  process_run (packetbuf.c) called from PC: $05edc (elapsed: 1282672)
 WARN [Thread-2] (MspMote.java:229) - 54: # Watchdog[EXECUTION]: illegal write to WDTCTL (0) from $103ca - reset!!!!
Watchdog: illegal write to WDTCTL (0) from $103ca - reset!!!!
Stack Trace: number of calls: 5 PC: $103ca
  watchdog_reboot (packetbuf.c) called from PC: $24d44 (elapsed: 5)
  restart_time_synchronisation (packetbuf.c) called from PC: $15abe (elapsed: 30453)
  process_thread_foure_timesynch_process (local in 4emac-timesynch.c) called from PC: $12738 (elapsed: 918767)
  call_process (local in process.c) called from PC: $1291c (elapsed: 918804)
  process_run (packetbuf.c) called from PC: $05edc (elapsed: 921997)
 WARN [Thread-2] (MspMote.java:229) - 48: # Watchdog[EXECUTION]: illegal write to WDTCTL (0) from $103ca - reset!!!!
Watchdog: illegal write to WDTCTL (0) from $103ca - reset!!!!
Stack Trace: number of calls: 5 PC: $103ca
  watchdog_reboot (packetbuf.c) called from PC: $24d44 (elapsed: 5)
  restart_time_synchronisation (packetbuf.c) called from PC: $15abe (elapsed: 30453)
  process_thread_foure_timesynch_process (local in 4emac-timesynch.c) called from PC: $12738 (elapsed: 809922)
  call_process (local in process.c) called from PC: $1291c (elapsed: 809959)
  process_run (packetbuf.c) called from PC: $05edc (elapsed: 813073)
 WARN [Thread-2] (MspMote.java:229) - 41: # Watchdog[EXECUTION]: illegal write to WDTCTL (0) from $103ca - reset!!!!
Watchdog: illegal write to WDTCTL (0) from $103ca - reset!!!!
Stack Trace: number of calls: 5 PC: $103ca
  watchdog_reboot (packetbuf.c) called from PC: $24d44 (elapsed: 5)
  restart_time_synchronisation (packetbuf.c) called from PC: $15abe (elapsed: 30453)
  process_thread_foure_timesynch_process (local in 4emac-timesynch.c) called from PC: $12738 (elapsed: 1355556)
  call_process (local in process.c) called from PC: $1291c (elapsed: 1355593)
  process_run (packetbuf.c) called from PC: $05edc (elapsed: 1357609)
 WARN [Thread-2] (MspMote.java:229) - 3: # Watchdog[EXECUTION]: illegal write to WDTCTL (0) from $103ca - reset!!!!
Watchdog: illegal write to WDTCTL (0) from $103ca - reset!!!!
Stack Trace: number of calls: 5 PC: $103ca
  watchdog_reboot (packetbuf.c) called from PC: $24d44 (elapsed: 5)
  restart_time_synchronisation (packetbuf.c) called from PC: $15abe (elapsed: 30561)
  process_thread_foure_timesynch_process (local in 4emac-timesynch.c) called from PC: $12738 (elapsed: 1375064)
  call_process (local in process.c) called from PC: $1291c (elapsed: 1375101)
  process_run (packetbuf.c) called from PC: $05edc (elapsed: 1378450)
 WARN [Thread-2] (MspMote.java:229) - 2: # Watchdog[EXECUTION]: illegal write to WDTCTL (0) from $103ca - reset!!!!
Watchdog: illegal write to WDTCTL (0) from $103ca - reset!!!!
Stack Trace: number of calls: 5 PC: $103ca
  watchdog_reboot (packetbuf.c) called from PC: $24d44 (elapsed: 5)
  restart_time_synchronisation (packetbuf.c) called from PC: $15abe (elapsed: 30453)
  process_thread_foure_timesynch_process (local in 4emac-timesynch.c) called from PC: $12738 (elapsed: 941396)
  call_process (local in process.c) called from PC: $1291c (elapsed: 941433)
  process_run (packetbuf.c) called from PC: $05edc (elapsed: 944630)
 WARN [Thread-2] (MspMote.java:229) - 15: # Watchdog[EXECUTION]: illegal write to WDTCTL (0) from $103ca - reset!!!!
Watchdog: illegal write to WDTCTL (0) from $103ca - reset!!!!
Stack Trace: number of calls: 5 PC: $103ca
  watchdog_reboot (packetbuf.c) called from PC: $24d44 (elapsed: 5)
  restart_time_synchronisation (packetbuf.c) called from PC: $15abe (elapsed: 30452)
  process_thread_foure_timesynch_process (local in 4emac-timesynch.c) called from PC: $12738 (elapsed: 973722)
  call_process (local in process.c) called from PC: $1291c (elapsed: 973759)
  process_run (packetbuf.c) called from PC: $05edc (elapsed: 976796)
 WARN [Thread-2] (MspMote.java:229) - 10: # Watchdog[EXECUTION]: illegal write to WDTCTL (0) from $103ca - reset!!!!
Watchdog: illegal write to WDTCTL (0) from $103ca - reset!!!!
Stack Trace: number of calls: 5 PC: $103ca
  watchdog_reboot (packetbuf.c) called from PC: $24d44 (elapsed: 5)
  restart_time_synchronisation (packetbuf.c) called from PC: $15abe (elapsed: 30453)
  process_thread_foure_timesynch_process (local in 4emac-timesynch.c) called from PC: $12738 (elapsed: 1206643)
  call_process (local in process.c) called from PC: $1291c (elapsed: 1206680)
  process_run (packetbuf.c) called from PC: $05edc (elapsed: 1209873)
 WARN [Thread-2] (MspMote.java:229) - 4: # Watchdog[EXECUTION]: illegal write to WDTCTL (0) from $103ca - reset!!!!
Watchdog: illegal write to WDTCTL (0) from $103ca - reset!!!!
Stack Trace: number of calls: 5 PC: $103ca
  watchdog_reboot (packetbuf.c) called from PC: $24d44 (elapsed: 5)
  restart_time_synchronisation (packetbuf.c) called from PC: $15abe (elapsed: 30452)
  process_thread_foure_timesynch_process (local in 4emac-timesynch.c) called from PC: $12738 (elapsed: 1406445)
  call_process (local in process.c) called from PC: $1291c (elapsed: 1406482)
  process_run (packetbuf.c) called from PC: $05edc (elapsed: 1409833)
 WARN [Thread-2] (MspMote.java:229) - 9: # Watchdog[EXECUTION]: illegal write to WDTCTL (0) from $103ca - reset!!!!
Watchdog: illegal write to WDTCTL (0) from $103ca - reset!!!!
Stack Trace: number of calls: 5 PC: $103ca
  watchdog_reboot (packetbuf.c) called from PC: $24d44 (elapsed: 5)
  restart_time_synchronisation (packetbuf.c) called from PC: $15abe (elapsed: 30447)
  process_thread_foure_timesynch_process (local in 4emac-timesynch.c) called from PC: $12738 (elapsed: 1414303)
  call_process (local in process.c) called from PC: $1291c (elapsed: 1414340)
  process_run (packetbuf.c) called from PC: $05edc (elapsed: 1417461)
 WARN [Thread-2] (MspMote.java:229) - 26: # Watchdog[EXECUTION]: illegal write to WDTCTL (0) from $103ca - reset!!!!
 INFO [Thread-2] (LogScriptEngine.java:389) - Test script at 85.00%, done in 1739.6 sec
Watchdog: illegal write to WDTCTL (0) from $103ca - reset!!!!
Stack Trace: number of calls: 5 PC: $103ca
  watchdog_reboot (packetbuf.c) called from PC: $24d44 (elapsed: 5)
  restart_time_synchronisation (packetbuf.c) called from PC: $15abe (elapsed: 30452)
  process_thread_foure_timesynch_process (local in 4emac-timesynch.c) called from PC: $12738 (elapsed: 1216264)
  call_process (local in process.c) called from PC: $1291c (elapsed: 1216301)
  process_run (packetbuf.c) called from PC: $05edc (elapsed: 1219492)
 WARN [Thread-2] (MspMote.java:229) - 5: # Watchdog[EXECUTION]: illegal write to WDTCTL (0) from $103ca - reset!!!!
Watchdog: illegal write to WDTCTL (0) from $103ca - reset!!!!
Stack Trace: number of calls: 5 PC: $103ca
  watchdog_reboot (packetbuf.c) called from PC: $24d44 (elapsed: 5)
  restart_time_synchronisation (packetbuf.c) called from PC: $15abe (elapsed: 30452)
  process_thread_foure_timesynch_process (local in 4emac-timesynch.c) called from PC: $12738 (elapsed: 1356420)
  call_process (local in process.c) called from PC: $1291c (elapsed: 1356457)
  process_run (packetbuf.c) called from PC: $05edc (elapsed: 1359659)
 WARN [Thread-2] (MspMote.java:229) - 21: # Watchdog[EXECUTION]: illegal write to WDTCTL (0) from $103ca - reset!!!!
Watchdog: illegal write to WDTCTL (0) from $103ca - reset!!!!
Stack Trace: number of calls: 5 PC: $103ca
  watchdog_reboot (packetbuf.c) called from PC: $24d44 (elapsed: 5)
  restart_time_synchronisation (packetbuf.c) called from PC: $15abe (elapsed: 30452)
  process_thread_foure_timesynch_process (local in 4emac-timesynch.c) called from PC: $12738 (elapsed: 993429)
  call_process (local in process.c) called from PC: $1291c (elapsed: 993466)
  process_run (packetbuf.c) called from PC: $05edc (elapsed: 996747)
 WARN [Thread-2] (MspMote.java:229) - 34: # Watchdog[EXECUTION]: illegal write to WDTCTL (0) from $103ca - reset!!!!
Watchdog: illegal write to WDTCTL (0) from $103ca - reset!!!!
Stack Trace: number of calls: 5 PC: $103ca
  watchdog_reboot (packetbuf.c) called from PC: $24d44 (elapsed: 5)
  restart_time_synchronisation (packetbuf.c) called from PC: $15abe (elapsed: 30452)
  process_thread_foure_timesynch_process (local in 4emac-timesynch.c) called from PC: $12738 (elapsed: 810682)
  call_process (local in process.c) called from PC: $1291c (elapsed: 810719)
  process_run (packetbuf.c) called from PC: $05edc (elapsed: 813754)
 WARN [Thread-2] (MspMote.java:229) - 1: # Watchdog[EXECUTION]: illegal write to WDTCTL (0) from $103ca - reset!!!!
Watchdog: illegal write to WDTCTL (0) from $103ca - reset!!!!
Stack Trace: number of calls: 5 PC: $103ca
  watchdog_reboot (packetbuf.c) called from PC: $24d44 (elapsed: 5)
  restart_time_synchronisation (packetbuf.c) called from PC: $15abe (elapsed: 30452)
  process_thread_foure_timesynch_process (local in 4emac-timesynch.c) called from PC: $12738 (elapsed: 1416042)
  call_process (local in process.c) called from PC: $1291c (elapsed: 1416079)
  process_run (packetbuf.c) called from PC: $05edc (elapsed: 1423336)
 WARN [Thread-2] (MspMote.java:229) - 8: # Watchdog[EXECUTION]: illegal write to WDTCTL (0) from $103ca - reset!!!!
Watchdog: illegal write to WDTCTL (0) from $103ca - reset!!!!
Stack Trace: number of calls: 5 PC: $103ca
  watchdog_reboot (packetbuf.c) called from PC: $24d44 (elapsed: 5)
  restart_time_synchronisation (packetbuf.c) called from PC: $15abe (elapsed: 30452)
  process_thread_foure_timesynch_process (local in 4emac-timesynch.c) called from PC: $12738 (elapsed: 839256)
  call_process (local in process.c) called from PC: $1291c (elapsed: 839293)
  process_run (packetbuf.c) called from PC: $05edc (elapsed: 842488)
 WARN [Thread-2] (MspMote.java:229) - 47: # Watchdog[EXECUTION]: illegal write to WDTCTL (0) from $103ca - reset!!!!
Watchdog: illegal write to WDTCTL (0) from $103ca - reset!!!!
Stack Trace: number of calls: 5 PC: $103ca
  watchdog_reboot (packetbuf.c) called from PC: $24d44 (elapsed: 5)
  restart_time_synchronisation (packetbuf.c) called from PC: $15abe (elapsed: 31364)
  process_thread_foure_timesynch_process (local in 4emac-timesynch.c) called from PC: $12738 (elapsed: 185432)
  call_process (local in process.c) called from PC: $1291c (elapsed: 185469)
  process_run (packetbuf.c) called from PC: $05edc (elapsed: 187951)
 WARN [Thread-2] (MspMote.java:229) - 29: # Watchdog[EXECUTION]: illegal write to WDTCTL (0) from $103ca - reset!!!!
Watchdog: illegal write to WDTCTL (0) from $103ca - reset!!!!
Stack Trace: number of calls: 5 PC: $103ca
  watchdog_reboot (packetbuf.c) called from PC: $24d44 (elapsed: 5)
  restart_time_synchronisation (packetbuf.c) called from PC: $15abe (elapsed: 30452)
  process_thread_foure_timesynch_process (local in 4emac-timesynch.c) called from PC: $12738 (elapsed: 981825)
  call_process (local in process.c) called from PC: $1291c (elapsed: 981862)
  process_run (packetbuf.c) called from PC: $05edc (elapsed: 984976)
 WARN [Thread-2] (MspMote.java:229) - 27: # Watchdog[EXECUTION]: illegal write to WDTCTL (0) from $103ca - reset!!!!
Watchdog: illegal write to WDTCTL (0) from $103ca - reset!!!!
Stack Trace: number of calls: 5 PC: $103ca
  watchdog_reboot (packetbuf.c) called from PC: $24d44 (elapsed: 5)
  restart_time_synchronisation (packetbuf.c) called from PC: $15abe (elapsed: 30447)
  process_thread_foure_timesynch_process (local in 4emac-timesynch.c) called from PC: $12738 (elapsed: 1080684)
  call_process (local in process.c) called from PC: $1291c (elapsed: 1080721)
  process_run (packetbuf.c) called from PC: $05edc (elapsed: 1083833)
 WARN [Thread-2] (MspMote.java:229) - 11: # Watchdog[EXECUTION]: illegal write to WDTCTL (0) from $103ca - reset!!!!
Watchdog: illegal write to WDTCTL (0) from $103ca - reset!!!!
Stack Trace: number of calls: 5 PC: $103ca
  watchdog_reboot (packetbuf.c) called from PC: $24d44 (elapsed: 5)
  restart_time_synchronisation (packetbuf.c) called from PC: $15abe (elapsed: 30452)
  process_thread_foure_timesynch_process (local in 4emac-timesynch.c) called from PC: $12738 (elapsed: 540474)
  call_process (local in process.c) called from PC: $1291c (elapsed: 540511)
  process_run (packetbuf.c) called from PC: $05edc (elapsed: 543630)
 WARN [Thread-2] (MspMote.java:229) - 36: # Watchdog[EXECUTION]: illegal write to WDTCTL (0) from $103ca - reset!!!!
Watchdog: illegal write to WDTCTL (0) from $103ca - reset!!!!
Stack Trace: number of calls: 5 PC: $103ca
  watchdog_reboot (packetbuf.c) called from PC: $24d44 (elapsed: 5)
  restart_time_synchronisation (packetbuf.c) called from PC: $15abe (elapsed: 30447)
  process_thread_foure_timesynch_process (local in 4emac-timesynch.c) called from PC: $12738 (elapsed: 1077873)
  call_process (local in process.c) called from PC: $1291c (elapsed: 1077910)
  process_run (packetbuf.c) called from PC: $05edc (elapsed: 1081340)
 WARN [Thread-2] (MspMote.java:229) - 16: # Watchdog[EXECUTION]: illegal write to WDTCTL (0) from $103ca - reset!!!!
Watchdog: illegal write to WDTCTL (0) from $103ca - reset!!!!
Stack Trace: number of calls: 5 PC: $103ca
  watchdog_reboot (packetbuf.c) called from PC: $24d44 (elapsed: 5)
  restart_time_synchronisation (packetbuf.c) called from PC: $15abe (elapsed: 30477)
  process_thread_foure_timesynch_process (local in 4emac-timesynch.c) called from PC: $12738 (elapsed: 810736)
  call_process (local in process.c) called from PC: $1291c (elapsed: 810773)
  process_run (packetbuf.c) called from PC: $05edc (elapsed: 817977)
 WARN [Thread-2] (MspMote.java:229) - 38: # Watchdog[EXECUTION]: illegal write to WDTCTL (0) from $103ca - reset!!!!
Watchdog: illegal write to WDTCTL (0) from $103ca - reset!!!!
Stack Trace: number of calls: 5 PC: $103ca
  watchdog_reboot (packetbuf.c) called from PC: $24d44 (elapsed: 5)
  restart_time_synchronisation (packetbuf.c) called from PC: $15abe (elapsed: 30452)
  process_thread_foure_timesynch_process (local in 4emac-timesynch.c) called from PC: $12738 (elapsed: 807462)
  call_process (local in process.c) called from PC: $1291c (elapsed: 807499)
  process_run (packetbuf.c) called from PC: $05edc (elapsed: 810699)
 WARN [Thread-2] (MspMote.java:229) - 40: # Watchdog[EXECUTION]: illegal write to WDTCTL (0) from $103ca - reset!!!!
Watchdog: illegal write to WDTCTL (0) from $103ca - reset!!!!
Stack Trace: number of calls: 5 PC: $103ca
  watchdog_reboot (packetbuf.c) called from PC: $24d44 (elapsed: 5)
  restart_time_synchronisation (packetbuf.c) called from PC: $15abe (elapsed: 30453)
  process_thread_foure_timesynch_process (local in 4emac-timesynch.c) called from PC: $12738 (elapsed: 945975)
  call_process (local in process.c) called from PC: $1291c (elapsed: 946012)
  process_run (packetbuf.c) called from PC: $05edc (elapsed: 949049)
 WARN [Thread-2] (MspMote.java:229) - 46: # Watchdog[EXECUTION]: illegal write to WDTCTL (0) from $103ca - reset!!!!
Watchdog: illegal write to WDTCTL (0) from $103ca - reset!!!!
Stack Trace: number of calls: 5 PC: $103ca
  watchdog_reboot (packetbuf.c) called from PC: $24d44 (elapsed: 5)
  restart_time_synchronisation (packetbuf.c) called from PC: $15abe (elapsed: 44709)
  process_thread_foure_timesynch_process (local in 4emac-timesynch.c) called from PC: $12738 (elapsed: 978704)
  call_process (local in process.c) called from PC: $1291c (elapsed: 978741)
  process_run (packetbuf.c) called from PC: $05edc (elapsed: 981856)
 WARN [Thread-2] (MspMote.java:229) - 22: # Watchdog[EXECUTION]: illegal write to WDTCTL (0) from $103ca - reset!!!!
Watchdog: illegal write to WDTCTL (0) from $103ca - reset!!!!
Stack Trace: number of calls: 5 PC: $103ca
  watchdog_reboot (packetbuf.c) called from PC: $24d44 (elapsed: 5)
  restart_time_synchronisation (packetbuf.c) called from PC: $15abe (elapsed: 30452)
  process_thread_foure_timesynch_process (local in 4emac-timesynch.c) called from PC: $12738 (elapsed: 846712)
  call_process (local in process.c) called from PC: $1291c (elapsed: 846749)
  process_run (packetbuf.c) called from PC: $05edc (elapsed: 850025)
 WARN [Thread-2] (MspMote.java:229) - 59: # Watchdog[EXECUTION]: illegal write to WDTCTL (0) from $103ca - reset!!!!
Watchdog: illegal write to WDTCTL (0) from $103ca - reset!!!!
Stack Trace: number of calls: 5 PC: $103ca
  watchdog_reboot (packetbuf.c) called from PC: $24d44 (elapsed: 5)
  restart_time_synchronisation (packetbuf.c) called from PC: $15abe (elapsed: 30447)
  process_thread_foure_timesynch_process (local in 4emac-timesynch.c) called from PC: $12738 (elapsed: 1078757)
  call_process (local in process.c) called from PC: $1291c (elapsed: 1078794)
  process_run (packetbuf.c) called from PC: $05edc (elapsed: 1081987)
 WARN [Thread-2] (MspMote.java:229) - 18: # Watchdog[EXECUTION]: illegal write to WDTCTL (0) from $103ca - reset!!!!
Watchdog: illegal write to WDTCTL (0) from $103ca - reset!!!!
Stack Trace: number of calls: 5 PC: $103ca
  watchdog_reboot (packetbuf.c) called from PC: $24d44 (elapsed: 5)
  restart_time_synchronisation (packetbuf.c) called from PC: $15abe (elapsed: 30453)
  process_thread_foure_timesynch_process (local in 4emac-timesynch.c) called from PC: $12738 (elapsed: 1082608)
  call_process (local in process.c) called from PC: $1291c (elapsed: 1082645)
  process_run (packetbuf.c) called from PC: $05edc (elapsed: 1085840)
 WARN [Thread-2] (MspMote.java:229) - 12: # Watchdog[EXECUTION]: illegal write to WDTCTL (0) from $103ca - reset!!!!
Watchdog: illegal write to WDTCTL (0) from $103ca - reset!!!!
Stack Trace: number of calls: 5 PC: $103ca
  watchdog_reboot (packetbuf.c) called from PC: $24d44 (elapsed: 5)
  restart_time_synchronisation (packetbuf.c) called from PC: $15abe (elapsed: 30453)
  process_thread_foure_timesynch_process (local in 4emac-timesynch.c) called from PC: $12738 (elapsed: 944252)
  call_process (local in process.c) called from PC: $1291c (elapsed: 944289)
  process_run (packetbuf.c) called from PC: $05edc (elapsed: 947243)
 WARN [Thread-2] (MspMote.java:229) - 14: # Watchdog[EXECUTION]: illegal write to WDTCTL (0) from $103ca - reset!!!!
Watchdog: illegal write to WDTCTL (0) from $103ca - reset!!!!
Stack Trace: number of calls: 5 PC: $103ca
  watchdog_reboot (packetbuf.c) called from PC: $24d44 (elapsed: 5)
  restart_time_synchronisation (packetbuf.c) called from PC: $15abe (elapsed: 30447)
  process_thread_foure_timesynch_process (local in 4emac-timesynch.c) called from PC: $12738 (elapsed: 641535)
  call_process (local in process.c) called from PC: $1291c (elapsed: 641572)
  process_run (packetbuf.c) called from PC: $05edc (elapsed: 644765)
 WARN [Thread-2] (MspMote.java:229) - 60: # Watchdog[EXECUTION]: illegal write to WDTCTL (0) from $103ca - reset!!!!
Watchdog: illegal write to WDTCTL (0) from $103ca - reset!!!!
Stack Trace: number of calls: 5 PC: $103ca
  watchdog_reboot (packetbuf.c) called from PC: $24d44 (elapsed: 5)
  restart_time_synchronisation (packetbuf.c) called from PC: $15abe (elapsed: 30452)
  process_thread_foure_timesynch_process (local in 4emac-timesynch.c) called from PC: $12738 (elapsed: 1230481)
  call_process (local in process.c) called from PC: $1291c (elapsed: 1230518)
  process_run (packetbuf.c) called from PC: $05edc (elapsed: 1233587)
 WARN [Thread-2] (MspMote.java:229) - 32: # Watchdog[EXECUTION]: illegal write to WDTCTL (0) from $103ca - reset!!!!
Watchdog: illegal write to WDTCTL (0) from $103ca - reset!!!!
Stack Trace: number of calls: 5 PC: $103ca
  watchdog_reboot (packetbuf.c) called from PC: $24d44 (elapsed: 5)
  restart_time_synchronisation (packetbuf.c) called from PC: $15abe (elapsed: 30452)
  process_thread_foure_timesynch_process (local in 4emac-timesynch.c) called from PC: $12738 (elapsed: 672590)
  call_process (local in process.c) called from PC: $1291c (elapsed: 672627)
  process_run (packetbuf.c) called from PC: $05edc (elapsed: 675822)
 WARN [Thread-2] (MspMote.java:229) - 13: # Watchdog[EXECUTION]: illegal write to WDTCTL (0) from $103ca - reset!!!!
Watchdog: illegal write to WDTCTL (0) from $103ca - reset!!!!
Stack Trace: number of calls: 5 PC: $103ca
  watchdog_reboot (packetbuf.c) called from PC: $24d44 (elapsed: 5)
  restart_time_synchronisation (packetbuf.c) called from PC: $15abe (elapsed: 30452)
  process_thread_foure_timesynch_process (local in 4emac-timesynch.c) called from PC: $12738 (elapsed: 916546)
  call_process (local in process.c) called from PC: $1291c (elapsed: 916583)
  process_run (packetbuf.c) called from PC: $05edc (elapsed: 919700)
 WARN [Thread-2] (MspMote.java:229) - 20: # Watchdog[EXECUTION]: illegal write to WDTCTL (0) from $103ca - reset!!!!
Watchdog: illegal write to WDTCTL (0) from $103ca - reset!!!!
Stack Trace: number of calls: 5 PC: $103ca
  watchdog_reboot (packetbuf.c) called from PC: $24d44 (elapsed: 5)
  restart_time_synchronisation (packetbuf.c) called from PC: $15abe (elapsed: 30453)
  process_thread_foure_timesynch_process (local in 4emac-timesynch.c) called from PC: $12738 (elapsed: 809910)
  call_process (local in process.c) called from PC: $1291c (elapsed: 809947)
  process_run (packetbuf.c) called from PC: $05edc (elapsed: 813219)
 WARN [Thread-2] (MspMote.java:229) - 1: # Watchdog[EXECUTION]: illegal write to WDTCTL (0) from $103ca - reset!!!!
Watchdog: illegal write to WDTCTL (0) from $103ca - reset!!!!
Stack Trace: number of calls: 5 PC: $103ca
  watchdog_reboot (packetbuf.c) called from PC: $24d44 (elapsed: 5)
  restart_time_synchronisation (packetbuf.c) called from PC: $15abe (elapsed: 30452)
  process_thread_foure_timesynch_process (local in 4emac-timesynch.c) called from PC: $12738 (elapsed: 1105726)
  call_process (local in process.c) called from PC: $1291c (elapsed: 1105763)
  process_run (packetbuf.c) called from PC: $05edc (elapsed: 1108823)
 WARN [Thread-2] (MspMote.java:229) - 45: # Watchdog[EXECUTION]: illegal write to WDTCTL (0) from $103ca - reset!!!!
 INFO [Thread-2] (LogScriptEngine.java:389) - Test script at 90.00%, done in 1140.7 sec
Watchdog: illegal write to WDTCTL (0) from $103ca - reset!!!!
Stack Trace: number of calls: 5 PC: $103ca
  watchdog_reboot (packetbuf.c) called from PC: $24d44 (elapsed: 5)
  restart_time_synchronisation (packetbuf.c) called from PC: $15abe (elapsed: 30452)
  process_thread_foure_timesynch_process (local in 4emac-timesynch.c) called from PC: $12738 (elapsed: 800141)
  call_process (local in process.c) called from PC: $1291c (elapsed: 800178)
  process_run (packetbuf.c) called from PC: $05edc (elapsed: 803211)
 WARN [Thread-2] (MspMote.java:229) - 12: # Watchdog[EXECUTION]: illegal write to WDTCTL (0) from $103ca - reset!!!!
Watchdog: illegal write to WDTCTL (0) from $103ca - reset!!!!
Stack Trace: number of calls: 5 PC: $103ca
  watchdog_reboot (packetbuf.c) called from PC: $24d44 (elapsed: 5)
  restart_time_synchronisation (packetbuf.c) called from PC: $15abe (elapsed: 30447)
  process_thread_foure_timesynch_process (local in 4emac-timesynch.c) called from PC: $12738 (elapsed: 942560)
  call_process (local in process.c) called from PC: $1291c (elapsed: 942597)
  process_run (packetbuf.c) called from PC: $05edc (elapsed: 945711)
 WARN [Thread-2] (MspMote.java:229) - 27: # Watchdog[EXECUTION]: illegal write to WDTCTL (0) from $103ca - reset!!!!
Watchdog: illegal write to WDTCTL (0) from $103ca - reset!!!!
Stack Trace: number of calls: 5 PC: $103ca
  watchdog_reboot (packetbuf.c) called from PC: $24d44 (elapsed: 5)
  restart_time_synchronisation (packetbuf.c) called from PC: $15abe (elapsed: 30453)
  process_thread_foure_timesynch_process (local in 4emac-timesynch.c) called from PC: $12738 (elapsed: 646277)
  call_process (local in process.c) called from PC: $1291c (elapsed: 646314)
  process_run (packetbuf.c) called from PC: $05edc (elapsed: 649273)
 WARN [Thread-2] (MspMote.java:229) - 52: # Watchdog[EXECUTION]: illegal write to WDTCTL (0) from $103ca - reset!!!!
Watchdog: illegal write to WDTCTL (0) from $103ca - reset!!!!
Stack Trace: number of calls: 5 PC: $103ca
  watchdog_reboot (packetbuf.c) called from PC: $24d44 (elapsed: 5)
  restart_time_synchronisation (packetbuf.c) called from PC: $15abe (elapsed: 30452)
  process_thread_foure_timesynch_process (local in 4emac-timesynch.c) called from PC: $12738 (elapsed: 673091)
  call_process (local in process.c) called from PC: $1291c (elapsed: 673128)
  process_run (packetbuf.c) called from PC: $05edc (elapsed: 676321)
 WARN [Thread-2] (MspMote.java:229) - 41: # Watchdog[EXECUTION]: illegal write to WDTCTL (0) from $103ca - reset!!!!
Watchdog: illegal write to WDTCTL (0) from $103ca - reset!!!!
Stack Trace: number of calls: 5 PC: $103ca
  watchdog_reboot (packetbuf.c) called from PC: $24d44 (elapsed: 5)
  restart_time_synchronisation (packetbuf.c) called from PC: $15abe (elapsed: 30452)
  process_thread_foure_timesynch_process (local in 4emac-timesynch.c) called from PC: $12738 (elapsed: 981977)
  call_process (local in process.c) called from PC: $1291c (elapsed: 982014)
  process_run (packetbuf.c) called from PC: $05edc (elapsed: 985286)
 WARN [Thread-2] (MspMote.java:229) - 21: # Watchdog[EXECUTION]: illegal write to WDTCTL (0) from $103ca - reset!!!!
Watchdog: illegal write to WDTCTL (0) from $103ca - reset!!!!
Stack Trace: number of calls: 5 PC: $103ca
  watchdog_reboot (packetbuf.c) called from PC: $24d44 (elapsed: 5)
  restart_time_synchronisation (packetbuf.c) called from PC: $15abe (elapsed: 30447)
  process_thread_foure_timesynch_process (local in 4emac-timesynch.c) called from PC: $12738 (elapsed: 704101)
  call_process (local in process.c) called from PC: $1291c (elapsed: 704138)
  process_run (packetbuf.c) called from PC: $05edc (elapsed: 707177)
 WARN [Thread-2] (MspMote.java:229) - 15: # Watchdog[EXECUTION]: illegal write to WDTCTL (0) from $103ca - reset!!!!
Watchdog: illegal write to WDTCTL (0) from $103ca - reset!!!!
Stack Trace: number of calls: 5 PC: $103ca
  watchdog_reboot (packetbuf.c) called from PC: $24d44 (elapsed: 5)
  restart_time_synchronisation (packetbuf.c) called from PC: $15abe (elapsed: 30452)
  process_thread_foure_timesynch_process (local in 4emac-timesynch.c) called from PC: $12738 (elapsed: 973778)
  call_process (local in process.c) called from PC: $1291c (elapsed: 973815)
  process_run (packetbuf.c) called from PC: $05edc (elapsed: 977170)
 WARN [Thread-2] (MspMote.java:229) - 26: # Watchdog[EXECUTION]: illegal write to WDTCTL (0) from $103ca - reset!!!!
Watchdog: illegal write to WDTCTL (0) from $103ca - reset!!!!
Stack Trace: number of calls: 5 PC: $103ca
  watchdog_reboot (packetbuf.c) called from PC: $24d44 (elapsed: 5)
  restart_time_synchronisation (packetbuf.c) called from PC: $15abe (elapsed: 30452)
  process_thread_foure_timesynch_process (local in 4emac-timesynch.c) called from PC: $12738 (elapsed: 1394243)
  call_process (local in process.c) called from PC: $1291c (elapsed: 1394280)
  process_run (packetbuf.c) called from PC: $05edc (elapsed: 1397876)
 WARN [Thread-2] (MspMote.java:229) - 54: # Watchdog[EXECUTION]: illegal write to WDTCTL (0) from $103ca - reset!!!!
Watchdog: illegal write to WDTCTL (0) from $103ca - reset!!!!
Stack Trace: number of calls: 11 PC: $103ca
  watchdog_reboot (packetbuf.c) called from PC: $24d44 (elapsed: 5)
  restart_time_synchronisation (packetbuf.c) called from PC: $14fba (elapsed: 31370)
  foure_timesynch_parent_switch_callback (packetbuf.c) called from PC: $1ea70 (elapsed: 69452)
  rpl_set_preferred_parent (local in rpl-dag.c) called from PC: $1f0a0 (elapsed: 162645)
  rpl_nullify_parent (packetbuf.c) called from PC: $1fd3a (elapsed: 379381)
  rpl_process_parent_event (packetbuf.c) called from PC: $1fdd2 (elapsed: 476449)
  rpl_recalculate_ranks (packetbuf.c) called from PC: $2383a (elapsed: 478088)
  handle_periodic_timer (local in rpl-timers.c) called from PC: $1219c (elapsed: 478355)
  process_thread_ctimer_process (local in ctimer.c) called from PC: $12738 (elapsed: 478580)
  call_process (local in process.c) called from PC: $1291c (elapsed: 478617)
  process_run (packetbuf.c) called from PC: $05edc (elapsed: 481812)
 WARN [Thread-2] (MspMote.java:229) - 4: # Watchdog[EXECUTION]: illegal write to WDTCTL (0) from $103ca - reset!!!!
Watchdog: illegal write to WDTCTL (0) from $103ca - reset!!!!
Stack Trace: number of calls: 5 PC: $103ca
  watchdog_reboot (packetbuf.c) called from PC: $24d44 (elapsed: 5)
  restart_time_synchronisation (packetbuf.c) called from PC: $15abe (elapsed: 30452)
  process_thread_foure_timesynch_process (local in 4emac-timesynch.c) called from PC: $12738 (elapsed: 1224988)
  call_process (local in process.c) called from PC: $1291c (elapsed: 1225025)
  process_run (packetbuf.c) called from PC: $05edc (elapsed: 1228142)
 WARN [Thread-2] (MspMote.java:229) - 51: # Watchdog[EXECUTION]: illegal write to WDTCTL (0) from $103ca - reset!!!!
Watchdog: illegal write to WDTCTL (0) from $103ca - reset!!!!
Stack Trace: number of calls: 5 PC: $103ca
  watchdog_reboot (packetbuf.c) called from PC: $24d44 (elapsed: 5)
  restart_time_synchronisation (packetbuf.c) called from PC: $15abe (elapsed: 30452)
  process_thread_foure_timesynch_process (local in 4emac-timesynch.c) called from PC: $12738 (elapsed: 780537)
  call_process (local in process.c) called from PC: $1291c (elapsed: 780574)
  process_run (packetbuf.c) called from PC: $05edc (elapsed: 783846)
 WARN [Thread-2] (MspMote.java:229) - 33: # Watchdog[EXECUTION]: illegal write to WDTCTL (0) from $103ca - reset!!!!
Watchdog: illegal write to WDTCTL (0) from $103ca - reset!!!!
Stack Trace: number of calls: 5 PC: $103ca
  watchdog_reboot (packetbuf.c) called from PC: $24d44 (elapsed: 5)
  restart_time_synchronisation (packetbuf.c) called from PC: $15abe (elapsed: 59712)
  process_thread_foure_timesynch_process (local in 4emac-timesynch.c) called from PC: $12738 (elapsed: 670118)
  call_process (local in process.c) called from PC: $1291c (elapsed: 670155)
  process_run (packetbuf.c) called from PC: $05edc (elapsed: 673592)
 WARN [Thread-2] (MspMote.java:229) - 39: # Watchdog[EXECUTION]: illegal write to WDTCTL (0) from $103ca - reset!!!!
Watchdog: illegal write to WDTCTL (0) from $103ca - reset!!!!
Stack Trace: number of calls: 5 PC: $103ca
  watchdog_reboot (packetbuf.c) called from PC: $24d44 (elapsed: 5)
  restart_time_synchronisation (packetbuf.c) called from PC: $15abe (elapsed: 31364)
  process_thread_foure_timesynch_process (local in 4emac-timesynch.c) called from PC: $12738 (elapsed: 217811)
  call_process (local in process.c) called from PC: $1291c (elapsed: 217848)
  process_run (packetbuf.c) called from PC: $05edc (elapsed: 220251)
 WARN [Thread-2] (MspMote.java:229) - 9: # Watchdog[EXECUTION]: illegal write to WDTCTL (0) from $103ca - reset!!!!
Watchdog: illegal write to WDTCTL (0) from $103ca - reset!!!!
Stack Trace: number of calls: 5 PC: $103ca
  watchdog_reboot (packetbuf.c) called from PC: $24d44 (elapsed: 5)
  restart_time_synchronisation (packetbuf.c) called from PC: $15abe (elapsed: 30452)
  process_thread_foure_timesynch_process (local in 4emac-timesynch.c) called from PC: $12738 (elapsed: 932086)
  call_process (local in process.c) called from PC: $1291c (elapsed: 932123)
  process_run (packetbuf.c) called from PC: $05edc (elapsed: 935395)
 WARN [Thread-2] (MspMote.java:229) - 44: # Watchdog[EXECUTION]: illegal write to WDTCTL (0) from $103ca - reset!!!!
Watchdog: illegal write to WDTCTL (0) from $103ca - reset!!!!
Stack Trace: number of calls: 5 PC: $103ca
  watchdog_reboot (packetbuf.c) called from PC: $24d44 (elapsed: 5)
  restart_time_synchronisation (packetbuf.c) called from PC: $15abe (elapsed: 30452)
  process_thread_foure_timesynch_process (local in 4emac-timesynch.c) called from PC: $12738 (elapsed: 1221328)
  call_process (local in process.c) called from PC: $1291c (elapsed: 1221365)
  process_run (packetbuf.c) called from PC: $05edc (elapsed: 1224642)
 WARN [Thread-2] (MspMote.java:229) - 50: # Watchdog[EXECUTION]: illegal write to WDTCTL (0) from $103ca - reset!!!!
Watchdog: illegal write to WDTCTL (0) from $103ca - reset!!!!
Stack Trace: number of calls: 5 PC: $103ca
  watchdog_reboot (packetbuf.c) called from PC: $24d44 (elapsed: 5)
  restart_time_synchronisation (packetbuf.c) called from PC: $15abe (elapsed: 30452)
  process_thread_foure_timesynch_process (local in 4emac-timesynch.c) called from PC: $12738 (elapsed: 982596)
  call_process (local in process.c) called from PC: $1291c (elapsed: 982633)
  process_run (packetbuf.c) called from PC: $05edc (elapsed: 986254)
 WARN [Thread-2] (MspMote.java:229) - 57: # Watchdog[EXECUTION]: illegal write to WDTCTL (0) from $103ca - reset!!!!
Watchdog: illegal write to WDTCTL (0) from $103ca - reset!!!!
Stack Trace: number of calls: 5 PC: $103ca
  watchdog_reboot (packetbuf.c) called from PC: $24d44 (elapsed: 5)
  restart_time_synchronisation (packetbuf.c) called from PC: $15abe (elapsed: 30650)
  process_thread_foure_timesynch_process (local in 4emac-timesynch.c) called from PC: $12738 (elapsed: 646871)
  call_process (local in process.c) called from PC: $1291c (elapsed: 646908)
  process_run (packetbuf.c) called from PC: $05edc (elapsed: 650209)
 WARN [Thread-2] (MspMote.java:229) - 15: # Watchdog[EXECUTION]: illegal write to WDTCTL (0) from $103ca - reset!!!!
Watchdog: illegal write to WDTCTL (0) from $103ca - reset!!!!
Stack Trace: number of calls: 5 PC: $103ca
  watchdog_reboot (packetbuf.c) called from PC: $24d44 (elapsed: 5)
  restart_time_synchronisation (packetbuf.c) called from PC: $15abe (elapsed: 30447)
  process_thread_foure_timesynch_process (local in 4emac-timesynch.c) called from PC: $12738 (elapsed: 640167)
  call_process (local in process.c) called from PC: $1291c (elapsed: 640204)
  process_run (packetbuf.c) called from PC: $05edc (elapsed: 643476)
 WARN [Thread-2] (MspMote.java:229) - 32: # Watchdog[EXECUTION]: illegal write to WDTCTL (0) from $103ca - reset!!!!
Watchdog: illegal write to WDTCTL (0) from $103ca - reset!!!!
Stack Trace: number of calls: 5 PC: $103ca
  watchdog_reboot (packetbuf.c) called from PC: $24d44 (elapsed: 5)
  restart_time_synchronisation (packetbuf.c) called from PC: $15abe (elapsed: 30447)
  process_thread_foure_timesynch_process (local in 4emac-timesynch.c) called from PC: $12738 (elapsed: 955250)
  call_process (local in process.c) called from PC: $1291c (elapsed: 955287)
  process_run (packetbuf.c) called from PC: $05edc (elapsed: 958564)
 WARN [Thread-2] (MspMote.java:229) - 58: # Watchdog[EXECUTION]: illegal write to WDTCTL (0) from $103ca - reset!!!!
Watchdog: illegal write to WDTCTL (0) from $103ca - reset!!!!
Stack Trace: number of calls: 11 PC: $103ca
  watchdog_reboot (packetbuf.c) called from PC: $24d44 (elapsed: 5)
  restart_time_synchronisation (packetbuf.c) called from PC: $14fba (elapsed: 31365)
  foure_timesynch_parent_switch_callback (packetbuf.c) called from PC: $1ea70 (elapsed: 69446)
  rpl_set_preferred_parent (local in rpl-dag.c) called from PC: $1f0a0 (elapsed: 196284)
  rpl_nullify_parent (packetbuf.c) called from PC: $1fd3a (elapsed: 411048)
  rpl_process_parent_event (packetbuf.c) called from PC: $1fdd2 (elapsed: 505345)
  rpl_recalculate_ranks (packetbuf.c) called from PC: $2383a (elapsed: 505772)
  handle_periodic_timer (local in rpl-timers.c) called from PC: $1219c (elapsed: 506039)
  process_thread_ctimer_process (local in ctimer.c) called from PC: $12738 (elapsed: 506264)
  call_process (local in process.c) called from PC: $1291c (elapsed: 506301)
  process_run (packetbuf.c) called from PC: $05edc (elapsed: 509336)
 WARN [Thread-2] (MspMote.java:229) - 8: # Watchdog[EXECUTION]: illegal write to WDTCTL (0) from $103ca - reset!!!!
Watchdog: illegal write to WDTCTL (0) from $103ca - reset!!!!
Stack Trace: number of calls: 5 PC: $103ca
  watchdog_reboot (packetbuf.c) called from PC: $24d44 (elapsed: 5)
  restart_time_synchronisation (packetbuf.c) called from PC: $15abe (elapsed: 30447)
  process_thread_foure_timesynch_process (local in 4emac-timesynch.c) called from PC: $12738 (elapsed: 1078846)
  call_process (local in process.c) called from PC: $1291c (elapsed: 1078883)
  process_run (packetbuf.c) called from PC: $05edc (elapsed: 1081916)
 WARN [Thread-2] (MspMote.java:229) - 20: # Watchdog[EXECUTION]: illegal write to WDTCTL (0) from $103ca - reset!!!!
Watchdog: illegal write to WDTCTL (0) from $103ca - reset!!!!
Stack Trace: number of calls: 5 PC: $103ca
  watchdog_reboot (packetbuf.c) called from PC: $24d44 (elapsed: 5)
  restart_time_synchronisation (packetbuf.c) called from PC: $15abe (elapsed: 31364)
  process_thread_foure_timesynch_process (local in 4emac-timesynch.c) called from PC: $12738 (elapsed: 185428)
  call_process (local in process.c) called from PC: $1291c (elapsed: 185465)
  process_run (packetbuf.c) called from PC: $05edc (elapsed: 187787)
 WARN [Thread-2] (MspMote.java:229) - 1: # Watchdog[EXECUTION]: illegal write to WDTCTL (0) from $103ca - reset!!!!
Watchdog: illegal write to WDTCTL (0) from $103ca - reset!!!!
Stack Trace: number of calls: 5 PC: $103ca
  watchdog_reboot (packetbuf.c) called from PC: $24d44 (elapsed: 5)
  restart_time_synchronisation (packetbuf.c) called from PC: $15abe (elapsed: 65451)
  process_thread_foure_timesynch_process (local in 4emac-timesynch.c) called from PC: $12738 (elapsed: 843715)
  call_process (local in process.c) called from PC: $1291c (elapsed: 843752)
  process_run (packetbuf.c) called from PC: $05edc (elapsed: 847024)
 WARN [Thread-2] (MspMote.java:229) - 45: # Watchdog[EXECUTION]: illegal write to WDTCTL (0) from $103ca - reset!!!!
Watchdog: illegal write to WDTCTL (0) from $103ca - reset!!!!
Stack Trace: number of calls: 5 PC: $103ca
  watchdog_reboot (packetbuf.c) called from PC: $24d44 (elapsed: 5)
  restart_time_synchronisation (packetbuf.c) called from PC: $15abe (elapsed: 30453)
  process_thread_foure_timesynch_process (local in 4emac-timesynch.c) called from PC: $12738 (elapsed: 1124583)
  call_process (local in process.c) called from PC: $1291c (elapsed: 1124620)
  process_run (packetbuf.c) called from PC: $05edc (elapsed: 1127813)
 WARN [Thread-2] (MspMote.java:229) - 47: # Watchdog[EXECUTION]: illegal write to WDTCTL (0) from $103ca - reset!!!!
Watchdog: illegal write to WDTCTL (0) from $103ca - reset!!!!
Stack Trace: number of calls: 5 PC: $103ca
  watchdog_reboot (packetbuf.c) called from PC: $24d44 (elapsed: 5)
  restart_time_synchronisation (packetbuf.c) called from PC: $15abe (elapsed: 30452)
  process_thread_foure_timesynch_process (local in 4emac-timesynch.c) called from PC: $12738 (elapsed: 1537441)
  call_process (local in process.c) called from PC: $1291c (elapsed: 1537478)
  process_run (packetbuf.c) called from PC: $05edc (elapsed: 1540513)
 WARN [Thread-2] (MspMote.java:229) - 53: # Watchdog[EXECUTION]: illegal write to WDTCTL (0) from $103ca - reset!!!!
Watchdog: illegal write to WDTCTL (0) from $103ca - reset!!!!
Stack Trace: number of calls: 5 PC: $103ca
  watchdog_reboot (packetbuf.c) called from PC: $24d44 (elapsed: 5)
  restart_time_synchronisation (packetbuf.c) called from PC: $15abe (elapsed: 30447)
  process_thread_foure_timesynch_process (local in 4emac-timesynch.c) called from PC: $12738 (elapsed: 692863)
  call_process (local in process.c) called from PC: $1291c (elapsed: 692900)
  process_run (packetbuf.c) called from PC: $05edc (elapsed: 695942)
 WARN [Thread-2] (MspMote.java:229) - 23: # Watchdog[EXECUTION]: illegal write to WDTCTL (0) from $103ca - reset!!!!
Watchdog: illegal write to WDTCTL (0) from $103ca - reset!!!!
Stack Trace: number of calls: 11 PC: $103ca
  watchdog_reboot (packetbuf.c) called from PC: $24d44 (elapsed: 5)
  restart_time_synchronisation (packetbuf.c) called from PC: $14fba (elapsed: 31370)
  foure_timesynch_parent_switch_callback (packetbuf.c) called from PC: $1ea70 (elapsed: 69451)
  rpl_set_preferred_parent (local in rpl-dag.c) called from PC: $1f0a0 (elapsed: 162637)
  rpl_nullify_parent (packetbuf.c) called from PC: $1fd3a (elapsed: 411641)
  rpl_process_parent_event (packetbuf.c) called from PC: $1fdd2 (elapsed: 508412)
  rpl_recalculate_ranks (packetbuf.c) called from PC: $2383a (elapsed: 509999)
  handle_periodic_timer (local in rpl-timers.c) called from PC: $1219c (elapsed: 510266)
  process_thread_ctimer_process (local in ctimer.c) called from PC: $12738 (elapsed: 510491)
  call_process (local in process.c) called from PC: $1291c (elapsed: 510528)
  process_run (packetbuf.c) called from PC: $05edc (elapsed: 513563)
 WARN [Thread-2] (MspMote.java:229) - 21: # Watchdog[EXECUTION]: illegal write to WDTCTL (0) from $103ca - reset!!!!
Watchdog: illegal write to WDTCTL (0) from $103ca - reset!!!!
Stack Trace: number of calls: 5 PC: $103ca
  watchdog_reboot (packetbuf.c) called from PC: $24d44 (elapsed: 5)
  restart_time_synchronisation (packetbuf.c) called from PC: $15abe (elapsed: 30452)
  process_thread_foure_timesynch_process (local in 4emac-timesynch.c) called from PC: $12738 (elapsed: 1399006)
  call_process (local in process.c) called from PC: $1291c (elapsed: 1399043)
  process_run (packetbuf.c) called from PC: $05edc (elapsed: 1408669)
 WARN [Thread-2] (MspMote.java:229) - 60: # Watchdog[EXECUTION]: illegal write to WDTCTL (0) from $103ca - reset!!!!
 INFO [Thread-2] (LogScriptEngine.java:389) - Test script at 95.00%, done in 564.8 sec
Watchdog: illegal write to WDTCTL (0) from $103ca - reset!!!!
Stack Trace: number of calls: 5 PC: $103ca
  watchdog_reboot (packetbuf.c) called from PC: $24d44 (elapsed: 5)
  restart_time_synchronisation (packetbuf.c) called from PC: $15abe (elapsed: 30452)
  process_thread_foure_timesynch_process (local in 4emac-timesynch.c) called from PC: $12738 (elapsed: 1429890)
  call_process (local in process.c) called from PC: $1291c (elapsed: 1429927)
  process_run (packetbuf.c) called from PC: $05edc (elapsed: 1435035)
 WARN [Thread-2] (MspMote.java:229) - 48: # Watchdog[EXECUTION]: illegal write to WDTCTL (0) from $103ca - reset!!!!
Watchdog: illegal write to WDTCTL (0) from $103ca - reset!!!!
Stack Trace: number of calls: 5 PC: $103ca
  watchdog_reboot (packetbuf.c) called from PC: $24d44 (elapsed: 5)
  restart_time_synchronisation (packetbuf.c) called from PC: $15abe (elapsed: 34923)
  process_thread_foure_timesynch_process (local in 4emac-timesynch.c) called from PC: $12738 (elapsed: 955853)
  call_process (local in process.c) called from PC: $1291c (elapsed: 955890)
  process_run (packetbuf.c) called from PC: $05edc (elapsed: 959274)
 WARN [Thread-2] (MspMote.java:229) - 59: # Watchdog[EXECUTION]: illegal write to WDTCTL (0) from $103ca - reset!!!!
Watchdog: illegal write to WDTCTL (0) from $103ca - reset!!!!
Stack Trace: number of calls: 5 PC: $103ca
  watchdog_reboot (packetbuf.c) called from PC: $24d44 (elapsed: 5)
  restart_time_synchronisation (packetbuf.c) called from PC: $15abe (elapsed: 30452)
  process_thread_foure_timesynch_process (local in 4emac-timesynch.c) called from PC: $12738 (elapsed: 677782)
  call_process (local in process.c) called from PC: $1291c (elapsed: 677819)
  process_run (packetbuf.c) called from PC: $05edc (elapsed: 681010)
 WARN [Thread-2] (MspMote.java:229) - 46: # Watchdog[EXECUTION]: illegal write to WDTCTL (0) from $103ca - reset!!!!
Watchdog: illegal write to WDTCTL (0) from $103ca - reset!!!!
Stack Trace: number of calls: 5 PC: $103ca
  watchdog_reboot (packetbuf.c) called from PC: $24d44 (elapsed: 5)
  restart_time_synchronisation (packetbuf.c) called from PC: $15abe (elapsed: 30453)
  process_thread_foure_timesynch_process (local in 4emac-timesynch.c) called from PC: $12738 (elapsed: 1384535)
  call_process (local in process.c) called from PC: $1291c (elapsed: 1384572)
  process_run (packetbuf.c) called from PC: $05edc (elapsed: 1388010)
 WARN [Thread-2] (MspMote.java:229) - 56: # Watchdog[EXECUTION]: illegal write to WDTCTL (0) from $103ca - reset!!!!
Watchdog: illegal write to WDTCTL (0) from $103ca - reset!!!!
Stack Trace: number of calls: 5 PC: $103ca
  watchdog_reboot (packetbuf.c) called from PC: $24d44 (elapsed: 5)
  restart_time_synchronisation (packetbuf.c) called from PC: $15abe (elapsed: 30453)
  process_thread_foure_timesynch_process (local in 4emac-timesynch.c) called from PC: $12738 (elapsed: 770225)
  call_process (local in process.c) called from PC: $1291c (elapsed: 770262)
  process_run (packetbuf.c) called from PC: $05edc (elapsed: 773376)
 WARN [Thread-2] (MspMote.java:229) - 8: # Watchdog[EXECUTION]: illegal write to WDTCTL (0) from $103ca - reset!!!!
Watchdog: illegal write to WDTCTL (0) from $103ca - reset!!!!
Stack Trace: number of calls: 5 PC: $103ca
  watchdog_reboot (packetbuf.c) called from PC: $24d44 (elapsed: 5)
  restart_time_synchronisation (packetbuf.c) called from PC: $15abe (elapsed: 98276)
  process_thread_foure_timesynch_process (local in 4emac-timesynch.c) called from PC: $12738 (elapsed: 1296062)
  call_process (local in process.c) called from PC: $1291c (elapsed: 1296099)
  process_run (packetbuf.c) called from PC: $05edc (elapsed: 1299292)
 WARN [Thread-2] (MspMote.java:229) - 55: # Watchdog[EXECUTION]: illegal write to WDTCTL (0) from $103ca - reset!!!!
Watchdog: illegal write to WDTCTL (0) from $103ca - reset!!!!
Stack Trace: number of calls: 5 PC: $103ca
  watchdog_reboot (packetbuf.c) called from PC: $24d44 (elapsed: 5)
  restart_time_synchronisation (packetbuf.c) called from PC: $15abe (elapsed: 30452)
  process_thread_foure_timesynch_process (local in 4emac-timesynch.c) called from PC: $12738 (elapsed: 1220864)
  call_process (local in process.c) called from PC: $1291c (elapsed: 1220901)
  process_run (packetbuf.c) called from PC: $05edc (elapsed: 1224022)
 WARN [Thread-2] (MspMote.java:229) - 61: # Watchdog[EXECUTION]: illegal write to WDTCTL (0) from $103ca - reset!!!!
Watchdog: illegal write to WDTCTL (0) from $103ca - reset!!!!
Stack Trace: number of calls: 5 PC: $103ca
  watchdog_reboot (packetbuf.c) called from PC: $24d44 (elapsed: 5)
  restart_time_synchronisation (packetbuf.c) called from PC: $15abe (elapsed: 30452)
  process_thread_foure_timesynch_process (local in 4emac-timesynch.c) called from PC: $12738 (elapsed: 673770)
  call_process (local in process.c) called from PC: $1291c (elapsed: 673807)
  process_run (packetbuf.c) called from PC: $05edc (elapsed: 676932)
 WARN [Thread-2] (MspMote.java:229) - 49: # Watchdog[EXECUTION]: illegal write to WDTCTL (0) from $103ca - reset!!!!
Watchdog: illegal write to WDTCTL (0) from $103ca - reset!!!!
Stack Trace: number of calls: 5 PC: $103ca
  watchdog_reboot (packetbuf.c) called from PC: $24d44 (elapsed: 5)
  restart_time_synchronisation (packetbuf.c) called from PC: $15abe (elapsed: 30452)
  process_thread_foure_timesynch_process (local in 4emac-timesynch.c) called from PC: $12738 (elapsed: 813901)
  call_process (local in process.c) called from PC: $1291c (elapsed: 813938)
  process_run (packetbuf.c) called from PC: $05edc (elapsed: 817160)
 WARN [Thread-2] (MspMote.java:229) - 29: # Watchdog[EXECUTION]: illegal write to WDTCTL (0) from $103ca - reset!!!!
Watchdog: illegal write to WDTCTL (0) from $103ca - reset!!!!
Stack Trace: number of calls: 5 PC: $103ca
  watchdog_reboot (packetbuf.c) called from PC: $24d44 (elapsed: 5)
  restart_time_synchronisation (packetbuf.c) called from PC: $15abe (elapsed: 30452)
  process_thread_foure_timesynch_process (local in 4emac-timesynch.c) called from PC: $12738 (elapsed: 678271)
  call_process (local in process.c) called from PC: $1291c (elapsed: 678308)
  process_run (packetbuf.c) called from PC: $05edc (elapsed: 681426)
 WARN [Thread-2] (MspMote.java:229) - 54: # Watchdog[EXECUTION]: illegal write to WDTCTL (0) from $103ca - reset!!!!
Watchdog: illegal write to WDTCTL (0) from $103ca - reset!!!!
Stack Trace: number of calls: 5 PC: $103ca
  watchdog_reboot (packetbuf.c) called from PC: $24d44 (elapsed: 5)
  restart_time_synchronisation (packetbuf.c) called from PC: $15abe (elapsed: 30452)
  process_thread_foure_timesynch_process (local in 4emac-timesynch.c) called from PC: $12738 (elapsed: 1224323)
  call_process (local in process.c) called from PC: $1291c (elapsed: 1224360)
  process_run (packetbuf.c) called from PC: $05edc (elapsed: 1227397)
 WARN [Thread-2] (MspMote.java:229) - 45: # Watchdog[EXECUTION]: illegal write to WDTCTL (0) from $103ca - reset!!!!
Watchdog: illegal write to WDTCTL (0) from $103ca - reset!!!!
Stack Trace: number of calls: 5 PC: $103ca
  watchdog_reboot (packetbuf.c) called from PC: $24d44 (elapsed: 5)
  restart_time_synchronisation (packetbuf.c) called from PC: $15abe (elapsed: 30452)
  process_thread_foure_timesynch_process (local in 4emac-timesynch.c) called from PC: $12738 (elapsed: 1258299)
  call_process (local in process.c) called from PC: $1291c (elapsed: 1258336)
  process_run (packetbuf.c) called from PC: $05edc (elapsed: 1261529)
 WARN [Thread-2] (MspMote.java:229) - 50: # Watchdog[EXECUTION]: illegal write to WDTCTL (0) from $103ca - reset!!!!
Watchdog: illegal write to WDTCTL (0) from $103ca - reset!!!!
Stack Trace: number of calls: 5 PC: $103ca
  watchdog_reboot (packetbuf.c) called from PC: $24d44 (elapsed: 5)
  restart_time_synchronisation (packetbuf.c) called from PC: $15abe (elapsed: 30525)
  process_thread_foure_timesynch_process (local in 4emac-timesynch.c) called from PC: $12738 (elapsed: 1142095)
  call_process (local in process.c) called from PC: $1291c (elapsed: 1142132)
  process_run (packetbuf.c) called from PC: $05edc (elapsed: 1145402)
 WARN [Thread-2] (MspMote.java:229) - 51: # Watchdog[EXECUTION]: illegal write to WDTCTL (0) from $103ca - reset!!!!
Watchdog: illegal write to WDTCTL (0) from $103ca - reset!!!!
Stack Trace: number of calls: 5 PC: $103ca
  watchdog_reboot (packetbuf.c) called from PC: $24d44 (elapsed: 5)
  restart_time_synchronisation (packetbuf.c) called from PC: $15abe (elapsed: 30452)
  process_thread_foure_timesynch_process (local in 4emac-timesynch.c) called from PC: $12738 (elapsed: 1285985)
  call_process (local in process.c) called from PC: $1291c (elapsed: 1286022)
  process_run (packetbuf.c) called from PC: $05edc (elapsed: 1293453)
 WARN [Thread-2] (MspMote.java:229) - 57: # Watchdog[EXECUTION]: illegal write to WDTCTL (0) from $103ca - reset!!!!
Watchdog: illegal write to WDTCTL (0) from $103ca - reset!!!!
Stack Trace: number of calls: 5 PC: $103ca
  watchdog_reboot (packetbuf.c) called from PC: $24d44 (elapsed: 5)
  restart_time_synchronisation (packetbuf.c) called from PC: $15abe (elapsed: 30452)
  process_thread_foure_timesynch_process (local in 4emac-timesynch.c) called from PC: $12738 (elapsed: 1230535)
  call_process (local in process.c) called from PC: $1291c (elapsed: 1230572)
  process_run (packetbuf.c) called from PC: $05edc (elapsed: 1233689)
 WARN [Thread-2] (MspMote.java:229) - 10: # Watchdog[EXECUTION]: illegal write to WDTCTL (0) from $103ca - reset!!!!
Watchdog: illegal write to WDTCTL (0) from $103ca - reset!!!!
Stack Trace: number of calls: 5 PC: $103ca
  watchdog_reboot (packetbuf.c) called from PC: $24d44 (elapsed: 5)
  restart_time_synchronisation (packetbuf.c) called from PC: $15abe (elapsed: 30452)
  process_thread_foure_timesynch_process (local in 4emac-timesynch.c) called from PC: $12738 (elapsed: 671954)
  call_process (local in process.c) called from PC: $1291c (elapsed: 671991)
  process_run (packetbuf.c) called from PC: $05edc (elapsed: 675188)
 WARN [Thread-2] (MspMote.java:229) - 15: # Watchdog[EXECUTION]: illegal write to WDTCTL (0) from $103ca - reset!!!!
Watchdog: illegal write to WDTCTL (0) from $103ca - reset!!!!
Stack Trace: number of calls: 5 PC: $103ca
  watchdog_reboot (packetbuf.c) called from PC: $24d44 (elapsed: 5)
  restart_time_synchronisation (packetbuf.c) called from PC: $15abe (elapsed: 30447)
  process_thread_foure_timesynch_process (local in 4emac-timesynch.c) called from PC: $12738 (elapsed: 640980)
  call_process (local in process.c) called from PC: $1291c (elapsed: 641017)
  process_run (packetbuf.c) called from PC: $05edc (elapsed: 644291)
 WARN [Thread-2] (MspMote.java:229) - 41: # Watchdog[EXECUTION]: illegal write to WDTCTL (0) from $103ca - reset!!!!
Watchdog: illegal write to WDTCTL (0) from $103ca - reset!!!!
Stack Trace: number of calls: 5 PC: $103ca
  watchdog_reboot (packetbuf.c) called from PC: $24d44 (elapsed: 5)
  restart_time_synchronisation (packetbuf.c) called from PC: $15abe (elapsed: 30447)
  process_thread_foure_timesynch_process (local in 4emac-timesynch.c) called from PC: $12738 (elapsed: 637082)
  call_process (local in process.c) called from PC: $1291c (elapsed: 637119)
  process_run (packetbuf.c) called from PC: $05edc (elapsed: 640474)
 WARN [Thread-2] (MspMote.java:229) - 4: # Watchdog[EXECUTION]: illegal write to WDTCTL (0) from $103ca - reset!!!!
Watchdog: illegal write to WDTCTL (0) from $103ca - reset!!!!
Stack Trace: number of calls: 5 PC: $103ca
  watchdog_reboot (packetbuf.c) called from PC: $24d44 (elapsed: 5)
  restart_time_synchronisation (packetbuf.c) called from PC: $15abe (elapsed: 30447)
  process_thread_foure_timesynch_process (local in 4emac-timesynch.c) called from PC: $12738 (elapsed: 950566)
  call_process (local in process.c) called from PC: $1291c (elapsed: 950603)
  process_run (packetbuf.c) called from PC: $05edc (elapsed: 953834)
 WARN [Thread-2] (MspMote.java:229) - 17: # Watchdog[EXECUTION]: illegal write to WDTCTL (0) from $103ca - reset!!!!
Watchdog: illegal write to WDTCTL (0) from $103ca - reset!!!!
Stack Trace: number of calls: 5 PC: $103ca
  watchdog_reboot (packetbuf.c) called from PC: $24d44 (elapsed: 5)
  restart_time_synchronisation (packetbuf.c) called from PC: $15abe (elapsed: 30447)
  process_thread_foure_timesynch_process (local in 4emac-timesynch.c) called from PC: $12738 (elapsed: 505454)
  call_process (local in process.c) called from PC: $1291c (elapsed: 505491)
  process_run (packetbuf.c) called from PC: $05edc (elapsed: 508603)
 WARN [Thread-2] (MspMote.java:229) - 30: # Watchdog[EXECUTION]: illegal write to WDTCTL (0) from $103ca - reset!!!!
Watchdog: illegal write to WDTCTL (0) from $103ca - reset!!!!
Stack Trace: number of calls: 5 PC: $103ca
  watchdog_reboot (packetbuf.c) called from PC: $24d44 (elapsed: 5)
  restart_time_synchronisation (packetbuf.c) called from PC: $15abe (elapsed: 30452)
  process_thread_foure_timesynch_process (local in 4emac-timesynch.c) called from PC: $12738 (elapsed: 806359)
  call_process (local in process.c) called from PC: $1291c (elapsed: 806396)
  process_run (packetbuf.c) called from PC: $05edc (elapsed: 809592)
 WARN [Thread-2] (MspMote.java:229) - 22: # Watchdog[EXECUTION]: illegal write to WDTCTL (0) from $103ca - reset!!!!
Watchdog: illegal write to WDTCTL (0) from $103ca - reset!!!!
Stack Trace: number of calls: 5 PC: $103ca
  watchdog_reboot (packetbuf.c) called from PC: $24d44 (elapsed: 5)
  restart_time_synchronisation (packetbuf.c) called from PC: $15abe (elapsed: 31365)
  process_thread_foure_timesynch_process (local in 4emac-timesynch.c) called from PC: $12738 (elapsed: 186263)
  call_process (local in process.c) called from PC: $1291c (elapsed: 186300)
  process_run (packetbuf.c) called from PC: $05edc (elapsed: 188622)
 WARN [Thread-2] (MspMote.java:229) - 35: # Watchdog[EXECUTION]: illegal write to WDTCTL (0) from $103ca - reset!!!!
Watchdog: illegal write to WDTCTL (0) from $103ca - reset!!!!
Stack Trace: number of calls: 5 PC: $103ca
  watchdog_reboot (packetbuf.c) called from PC: $24d44 (elapsed: 5)
  restart_time_synchronisation (packetbuf.c) called from PC: $15abe (elapsed: 30452)
  process_thread_foure_timesynch_process (local in 4emac-timesynch.c) called from PC: $12738 (elapsed: 1293065)
  call_process (local in process.c) called from PC: $1291c (elapsed: 1293102)
  process_run (packetbuf.c) called from PC: $05edc (elapsed: 1296299)
 WARN [Thread-2] (MspMote.java:229) - 58: # Watchdog[EXECUTION]: illegal write to WDTCTL (0) from $103ca - reset!!!!
Watchdog: illegal write to WDTCTL (0) from $103ca - reset!!!!
Stack Trace: number of calls: 5 PC: $103ca
  watchdog_reboot (packetbuf.c) called from PC: $24d44 (elapsed: 5)
  restart_time_synchronisation (packetbuf.c) called from PC: $15abe (elapsed: 30453)
  process_thread_foure_timesynch_process (local in 4emac-timesynch.c) called from PC: $12738 (elapsed: 955386)
  call_process (local in process.c) called from PC: $1291c (elapsed: 955423)
  process_run (packetbuf.c) called from PC: $05edc (elapsed: 958537)
 WARN [Thread-2] (MspMote.java:229) - 47: # Watchdog[EXECUTION]: illegal write to WDTCTL (0) from $103ca - reset!!!!
Watchdog: illegal write to WDTCTL (0) from $103ca - reset!!!!
Stack Trace: number of calls: 5 PC: $103ca
  watchdog_reboot (packetbuf.c) called from PC: $24d44 (elapsed: 5)
  restart_time_synchronisation (packetbuf.c) called from PC: $15abe (elapsed: 34294)
  process_thread_foure_timesynch_process (local in 4emac-timesynch.c) called from PC: $12738 (elapsed: 1062625)
  call_process (local in process.c) called from PC: $1291c (elapsed: 1062662)
  process_run (packetbuf.c) called from PC: $05edc (elapsed: 1066042)
 WARN [Thread-2] (MspMote.java:229) - 52: # Watchdog[EXECUTION]: illegal write to WDTCTL (0) from $103ca - reset!!!!
Watchdog: illegal write to WDTCTL (0) from $103ca - reset!!!!
Stack Trace: number of calls: 5 PC: $103ca
  watchdog_reboot (packetbuf.c) called from PC: $24d44 (elapsed: 5)
  restart_time_synchronisation (packetbuf.c) called from PC: $15abe (elapsed: 30452)
  process_thread_foure_timesynch_process (local in 4emac-timesynch.c) called from PC: $12738 (elapsed: 533663)
  call_process (local in process.c) called from PC: $1291c (elapsed: 533700)
  process_run (packetbuf.c) called from PC: $05edc (elapsed: 536736)
 WARN [Thread-2] (MspMote.java:229) - 5: # Watchdog[EXECUTION]: illegal write to WDTCTL (0) from $103ca - reset!!!!
Watchdog: illegal write to WDTCTL (0) from $103ca - reset!!!!
Stack Trace: number of calls: 5 PC: $103ca
  watchdog_reboot (packetbuf.c) called from PC: $24d44 (elapsed: 5)
  restart_time_synchronisation (packetbuf.c) called from PC: $15abe (elapsed: 30447)
  process_thread_foure_timesynch_process (local in 4emac-timesynch.c) called from PC: $12738 (elapsed: 1087583)
  call_process (local in process.c) called from PC: $1291c (elapsed: 1087620)
  process_run (packetbuf.c) called from PC: $05edc (elapsed: 1091029)
 WARN [Thread-2] (MspMote.java:229) - 46: # Watchdog[EXECUTION]: illegal write to WDTCTL (0) from $103ca - reset!!!!
Watchdog: illegal write to WDTCTL (0) from $103ca - reset!!!!
Stack Trace: number of calls: 5 PC: $103ca
  watchdog_reboot (packetbuf.c) called from PC: $24d44 (elapsed: 5)
  restart_time_synchronisation (packetbuf.c) called from PC: $15abe (elapsed: 30447)
  process_thread_foure_timesynch_process (local in 4emac-timesynch.c) called from PC: $12738 (elapsed: 952099)
  call_process (local in process.c) called from PC: $1291c (elapsed: 952136)
  process_run (packetbuf.c) called from PC: $05edc (elapsed: 955410)
 WARN [Thread-2] (MspMote.java:229) - 39: # Watchdog[EXECUTION]: illegal write to WDTCTL (0) from $103ca - reset!!!!
Watchdog: illegal write to WDTCTL (0) from $103ca - reset!!!!
Stack Trace: number of calls: 5 PC: $103ca
  watchdog_reboot (packetbuf.c) called from PC: $24d44 (elapsed: 5)
  restart_time_synchronisation (packetbuf.c) called from PC: $15abe (elapsed: 30452)
  process_thread_foure_timesynch_process (local in 4emac-timesynch.c) called from PC: $12738 (elapsed: 981844)
  call_process (local in process.c) called from PC: $1291c (elapsed: 981881)
  process_run (packetbuf.c) called from PC: $05edc (elapsed: 985076)
 WARN [Thread-2] (MspMote.java:229) - 53: # Watchdog[EXECUTION]: illegal write to WDTCTL (0) from $103ca - reset!!!!
Watchdog: illegal write to WDTCTL (0) from $103ca - reset!!!!
Stack Trace: number of calls: 5 PC: $103ca
  watchdog_reboot (packetbuf.c) called from PC: $24d44 (elapsed: 5)
  restart_time_synchronisation (packetbuf.c) called from PC: $15abe (elapsed: 30452)
  process_thread_foure_timesynch_process (local in 4emac-timesynch.c) called from PC: $12738 (elapsed: 640630)
  call_process (local in process.c) called from PC: $1291c (elapsed: 640667)
  process_run (packetbuf.c) called from PC: $05edc (elapsed: 643779)
 WARN [Thread-2] (MspMote.java:229) - 48: # Watchdog[EXECUTION]: illegal write to WDTCTL (0) from $103ca - reset!!!!
 INFO [Thread-2] (LogScriptEngine.java:375) - Timeout event @ 3800000000
 INFO [Thread-1] (LogScriptEngine.java:309) - Test script finished
 INFO [Thread-2] (Simulation.java:312) - Simulation main loop stopped, system time: 1790448145275	Duration: 11220369 ms	Simulated time 3800000 ms	Ratio 0.3386697888456253
 INFO [AWT-EventQueue-1] (ScriptRunner.java:438) - Test script deactivated
