 INFO [main] (Cooja.java:1316) - > Starting Cooja
 INFO [main] (Cooja.java:2857) - External tools default settings: /external_tools_linux_64.config
 INFO [main] (Cooja.java:2887) - External tools user settings: /home/drhakanaydin/6tisch-ng-sra-v17-50-60-node-update/6tisch-ng-sra-v17/6tisch-ng-sra/results/rpl_root/grid60node_high_coverange_20260926_140235/cooja_external_tools.properties
FATAL [main] (Cooja.java:1941) - No plugin class: class org.contikios.cooja.plugins.CollectViewFull: org/jfree/data/time/RegularTimePeriod
 INFO [main] (Simulation.java:422) - Simulation random seed: 741901
 INFO [main] (CompileContiki.java:140) - > make border-router-server_rpl.exp5438 TARGET=exp5438 
Message:
Message:> make border-router-server_rpl.exp5438 TARGET=exp5438 
Message:../../../../Makefile.gcc:23: Warning: you're using an old version of msp430-gcc.
Message:../../../../Makefile.gcc:24: Upgrade to 4.7.x is recommended for extended memory support and bugfixes.
Message:make: 'border-router-server_rpl.exp5438' is up to date.
 INFO [main] (CompileContiki.java:140) - > make border-router-client_rpl.exp5438 TARGET=exp5438 
Message:
Message:> make border-router-client_rpl.exp5438 TARGET=exp5438 
Message:../../../../Makefile.gcc:23: Warning: you're using an old version of msp430-gcc.
Message:../../../../Makefile.gcc:24: Upgrade to 4.7.x is recommended for extended memory support and bugfixes.
Message:make: 'border-router-client_rpl.exp5438' is up to date.
 INFO [main] (MspMote.java:235) - Loading firmware from: /home/drhakanaydin/6tisch-ng-sra-v17-50-60-node-update/6tisch-ng-sra-v17/6tisch-ng-sra/examples/tsch/rpl-udp/border-router-client_rpl/border-router-client_rpl.exp5438
 INFO [main] (MspMote.java:235) - Loading firmware from: /home/drhakanaydin/6tisch-ng-sra-v17-50-60-node-update/6tisch-ng-sra-v17/6tisch-ng-sra/examples/tsch/rpl-udp/border-router-client_rpl/border-router-client_rpl.exp5438
 INFO [main] (MspMote.java:235) - Loading firmware from: /home/drhakanaydin/6tisch-ng-sra-v17-50-60-node-update/6tisch-ng-sra-v17/6tisch-ng-sra/examples/tsch/rpl-udp/border-router-client_rpl/border-router-client_rpl.exp5438
 INFO [main] (MspMote.java:235) - Loading firmware from: /home/drhakanaydin/6tisch-ng-sra-v17-50-60-node-update/6tisch-ng-sra-v17/6tisch-ng-sra/examples/tsch/rpl-udp/border-router-client_rpl/border-router-client_rpl.exp5438
 INFO [main] (MspMote.java:235) - Loading firmware from: /home/drhakanaydin/6tisch-ng-sra-v17-50-60-node-update/6tisch-ng-sra-v17/6tisch-ng-sra/examples/tsch/rpl-udp/border-router-client_rpl/border-router-client_rpl.exp5438
 INFO [main] (MspMote.java:235) - Loading firmware from: /home/drhakanaydin/6tisch-ng-sra-v17-50-60-node-update/6tisch-ng-sra-v17/6tisch-ng-sra/examples/tsch/rpl-udp/border-router-client_rpl/border-router-client_rpl.exp5438
 INFO [main] (MspMote.java:235) - Loading firmware from: /home/drhakanaydin/6tisch-ng-sra-v17-50-60-node-update/6tisch-ng-sra-v17/6tisch-ng-sra/examples/tsch/rpl-udp/border-router-server_rpl/border-router-server_rpl.exp5438
 INFO [main] (MspMote.java:235) - Loading firmware from: /home/drhakanaydin/6tisch-ng-sra-v17-50-60-node-update/6tisch-ng-sra-v17/6tisch-ng-sra/examples/tsch/rpl-udp/border-router-client_rpl/border-router-client_rpl.exp5438
 INFO [main] (MspMote.java:235) - Loading firmware from: /home/drhakanaydin/6tisch-ng-sra-v17-50-60-node-update/6tisch-ng-sra-v17/6tisch-ng-sra/examples/tsch/rpl-udp/border-router-client_rpl/border-router-client_rpl.exp5438
 INFO [main] (MspMote.java:235) - Loading firmware from: /home/drhakanaydin/6tisch-ng-sra-v17-50-60-node-update/6tisch-ng-sra-v17/6tisch-ng-sra/examples/tsch/rpl-udp/border-router-client_rpl/border-router-client_rpl.exp5438
 INFO [main] (MspMote.java:235) - Loading firmware from: /home/drhakanaydin/6tisch-ng-sra-v17-50-60-node-update/6tisch-ng-sra-v17/6tisch-ng-sra/examples/tsch/rpl-udp/border-router-client_rpl/border-router-client_rpl.exp5438
 INFO [main] (MspMote.java:235) - Loading firmware from: /home/drhakanaydin/6tisch-ng-sra-v17-50-60-node-update/6tisch-ng-sra-v17/6tisch-ng-sra/examples/tsch/rpl-udp/border-router-client_rpl/border-router-client_rpl.exp5438
 INFO [main] (MspMote.java:235) - Loading firmware from: /home/drhakanaydin/6tisch-ng-sra-v17-50-60-node-update/6tisch-ng-sra-v17/6tisch-ng-sra/examples/tsch/rpl-udp/border-router-client_rpl/border-router-client_rpl.exp5438
 INFO [main] (MspMote.java:235) - Loading firmware from: /home/drhakanaydin/6tisch-ng-sra-v17-50-60-node-update/6tisch-ng-sra-v17/6tisch-ng-sra/examples/tsch/rpl-udp/border-router-client_rpl/border-router-client_rpl.exp5438
 INFO [main] (MspMote.java:235) - Loading firmware from: /home/drhakanaydin/6tisch-ng-sra-v17-50-60-node-update/6tisch-ng-sra-v17/6tisch-ng-sra/examples/tsch/rpl-udp/border-router-client_rpl/border-router-client_rpl.exp5438
 INFO [main] (MspMote.java:235) - Loading firmware from: /home/drhakanaydin/6tisch-ng-sra-v17-50-60-node-update/6tisch-ng-sra-v17/6tisch-ng-sra/examples/tsch/rpl-udp/border-router-client_rpl/border-router-client_rpl.exp5438
 INFO [main] (MspMote.java:235) - Loading firmware from: /home/drhakanaydin/6tisch-ng-sra-v17-50-60-node-update/6tisch-ng-sra-v17/6tisch-ng-sra/examples/tsch/rpl-udp/border-router-client_rpl/border-router-client_rpl.exp5438
 INFO [main] (MspMote.java:235) - Loading firmware from: /home/drhakanaydin/6tisch-ng-sra-v17-50-60-node-update/6tisch-ng-sra-v17/6tisch-ng-sra/examples/tsch/rpl-udp/border-router-client_rpl/border-router-client_rpl.exp5438
 INFO [main] (MspMote.java:235) - Loading firmware from: /home/drhakanaydin/6tisch-ng-sra-v17-50-60-node-update/6tisch-ng-sra-v17/6tisch-ng-sra/examples/tsch/rpl-udp/border-router-client_rpl/border-router-client_rpl.exp5438
 INFO [main] (MspMote.java:235) - Loading firmware from: /home/drhakanaydin/6tisch-ng-sra-v17-50-60-node-update/6tisch-ng-sra-v17/6tisch-ng-sra/examples/tsch/rpl-udp/border-router-client_rpl/border-router-client_rpl.exp5438
 INFO [main] (MspMote.java:235) - Loading firmware from: /home/drhakanaydin/6tisch-ng-sra-v17-50-60-node-update/6tisch-ng-sra-v17/6tisch-ng-sra/examples/tsch/rpl-udp/border-router-client_rpl/border-router-client_rpl.exp5438
 INFO [main] (MspMote.java:235) - Loading firmware from: /home/drhakanaydin/6tisch-ng-sra-v17-50-60-node-update/6tisch-ng-sra-v17/6tisch-ng-sra/examples/tsch/rpl-udp/border-router-client_rpl/border-router-client_rpl.exp5438
 INFO [main] (MspMote.java:235) - Loading firmware from: /home/drhakanaydin/6tisch-ng-sra-v17-50-60-node-update/6tisch-ng-sra-v17/6tisch-ng-sra/examples/tsch/rpl-udp/border-router-client_rpl/border-router-client_rpl.exp5438
 INFO [main] (MspMote.java:235) - Loading firmware from: /home/drhakanaydin/6tisch-ng-sra-v17-50-60-node-update/6tisch-ng-sra-v17/6tisch-ng-sra/examples/tsch/rpl-udp/border-router-client_rpl/border-router-client_rpl.exp5438
 INFO [main] (MspMote.java:235) - Loading firmware from: /home/drhakanaydin/6tisch-ng-sra-v17-50-60-node-update/6tisch-ng-sra-v17/6tisch-ng-sra/examples/tsch/rpl-udp/border-router-client_rpl/border-router-client_rpl.exp5438
 INFO [main] (MspMote.java:235) - Loading firmware from: /home/drhakanaydin/6tisch-ng-sra-v17-50-60-node-update/6tisch-ng-sra-v17/6tisch-ng-sra/examples/tsch/rpl-udp/border-router-client_rpl/border-router-client_rpl.exp5438
 INFO [main] (MspMote.java:235) - Loading firmware from: /home/drhakanaydin/6tisch-ng-sra-v17-50-60-node-update/6tisch-ng-sra-v17/6tisch-ng-sra/examples/tsch/rpl-udp/border-router-client_rpl/border-router-client_rpl.exp5438
 INFO [main] (MspMote.java:235) - Loading firmware from: /home/drhakanaydin/6tisch-ng-sra-v17-50-60-node-update/6tisch-ng-sra-v17/6tisch-ng-sra/examples/tsch/rpl-udp/border-router-client_rpl/border-router-client_rpl.exp5438
 INFO [main] (MspMote.java:235) - Loading firmware from: /home/drhakanaydin/6tisch-ng-sra-v17-50-60-node-update/6tisch-ng-sra-v17/6tisch-ng-sra/examples/tsch/rpl-udp/border-router-client_rpl/border-router-client_rpl.exp5438
 INFO [main] (MspMote.java:235) - Loading firmware from: /home/drhakanaydin/6tisch-ng-sra-v17-50-60-node-update/6tisch-ng-sra-v17/6tisch-ng-sra/examples/tsch/rpl-udp/border-router-client_rpl/border-router-client_rpl.exp5438
 INFO [main] (MspMote.java:235) - Loading firmware from: /home/drhakanaydin/6tisch-ng-sra-v17-50-60-node-update/6tisch-ng-sra-v17/6tisch-ng-sra/examples/tsch/rpl-udp/border-router-client_rpl/border-router-client_rpl.exp5438
 INFO [main] (MspMote.java:235) - Loading firmware from: /home/drhakanaydin/6tisch-ng-sra-v17-50-60-node-update/6tisch-ng-sra-v17/6tisch-ng-sra/examples/tsch/rpl-udp/border-router-client_rpl/border-router-client_rpl.exp5438
 INFO [main] (MspMote.java:235) - Loading firmware from: /home/drhakanaydin/6tisch-ng-sra-v17-50-60-node-update/6tisch-ng-sra-v17/6tisch-ng-sra/examples/tsch/rpl-udp/border-router-client_rpl/border-router-client_rpl.exp5438
 INFO [main] (MspMote.java:235) - Loading firmware from: /home/drhakanaydin/6tisch-ng-sra-v17-50-60-node-update/6tisch-ng-sra-v17/6tisch-ng-sra/examples/tsch/rpl-udp/border-router-client_rpl/border-router-client_rpl.exp5438
 INFO [main] (MspMote.java:235) - Loading firmware from: /home/drhakanaydin/6tisch-ng-sra-v17-50-60-node-update/6tisch-ng-sra-v17/6tisch-ng-sra/examples/tsch/rpl-udp/border-router-client_rpl/border-router-client_rpl.exp5438
 INFO [main] (MspMote.java:235) - Loading firmware from: /home/drhakanaydin/6tisch-ng-sra-v17-50-60-node-update/6tisch-ng-sra-v17/6tisch-ng-sra/examples/tsch/rpl-udp/border-router-client_rpl/border-router-client_rpl.exp5438
 INFO [main] (MspMote.java:235) - Loading firmware from: /home/drhakanaydin/6tisch-ng-sra-v17-50-60-node-update/6tisch-ng-sra-v17/6tisch-ng-sra/examples/tsch/rpl-udp/border-router-client_rpl/border-router-client_rpl.exp5438
 INFO [main] (MspMote.java:235) - Loading firmware from: /home/drhakanaydin/6tisch-ng-sra-v17-50-60-node-update/6tisch-ng-sra-v17/6tisch-ng-sra/examples/tsch/rpl-udp/border-router-client_rpl/border-router-client_rpl.exp5438
 INFO [main] (MspMote.java:235) - Loading firmware from: /home/drhakanaydin/6tisch-ng-sra-v17-50-60-node-update/6tisch-ng-sra-v17/6tisch-ng-sra/examples/tsch/rpl-udp/border-router-client_rpl/border-router-client_rpl.exp5438
 INFO [main] (MspMote.java:235) - Loading firmware from: /home/drhakanaydin/6tisch-ng-sra-v17-50-60-node-update/6tisch-ng-sra-v17/6tisch-ng-sra/examples/tsch/rpl-udp/border-router-client_rpl/border-router-client_rpl.exp5438
 INFO [main] (MspMote.java:235) - Loading firmware from: /home/drhakanaydin/6tisch-ng-sra-v17-50-60-node-update/6tisch-ng-sra-v17/6tisch-ng-sra/examples/tsch/rpl-udp/border-router-client_rpl/border-router-client_rpl.exp5438
 INFO [main] (MspMote.java:235) - Loading firmware from: /home/drhakanaydin/6tisch-ng-sra-v17-50-60-node-update/6tisch-ng-sra-v17/6tisch-ng-sra/examples/tsch/rpl-udp/border-router-client_rpl/border-router-client_rpl.exp5438
 INFO [main] (MspMote.java:235) - Loading firmware from: /home/drhakanaydin/6tisch-ng-sra-v17-50-60-node-update/6tisch-ng-sra-v17/6tisch-ng-sra/examples/tsch/rpl-udp/border-router-client_rpl/border-router-client_rpl.exp5438
 INFO [main] (MspMote.java:235) - Loading firmware from: /home/drhakanaydin/6tisch-ng-sra-v17-50-60-node-update/6tisch-ng-sra-v17/6tisch-ng-sra/examples/tsch/rpl-udp/border-router-client_rpl/border-router-client_rpl.exp5438
 INFO [main] (MspMote.java:235) - Loading firmware from: /home/drhakanaydin/6tisch-ng-sra-v17-50-60-node-update/6tisch-ng-sra-v17/6tisch-ng-sra/examples/tsch/rpl-udp/border-router-client_rpl/border-router-client_rpl.exp5438
 INFO [main] (MspMote.java:235) - Loading firmware from: /home/drhakanaydin/6tisch-ng-sra-v17-50-60-node-update/6tisch-ng-sra-v17/6tisch-ng-sra/examples/tsch/rpl-udp/border-router-client_rpl/border-router-client_rpl.exp5438
 INFO [main] (MspMote.java:235) - Loading firmware from: /home/drhakanaydin/6tisch-ng-sra-v17-50-60-node-update/6tisch-ng-sra-v17/6tisch-ng-sra/examples/tsch/rpl-udp/border-router-client_rpl/border-router-client_rpl.exp5438
 INFO [main] (MspMote.java:235) - Loading firmware from: /home/drhakanaydin/6tisch-ng-sra-v17-50-60-node-update/6tisch-ng-sra-v17/6tisch-ng-sra/examples/tsch/rpl-udp/border-router-client_rpl/border-router-client_rpl.exp5438
 INFO [main] (MspMote.java:235) - Loading firmware from: /home/drhakanaydin/6tisch-ng-sra-v17-50-60-node-update/6tisch-ng-sra-v17/6tisch-ng-sra/examples/tsch/rpl-udp/border-router-client_rpl/border-router-client_rpl.exp5438
 INFO [main] (MspMote.java:235) - Loading firmware from: /home/drhakanaydin/6tisch-ng-sra-v17-50-60-node-update/6tisch-ng-sra-v17/6tisch-ng-sra/examples/tsch/rpl-udp/border-router-client_rpl/border-router-client_rpl.exp5438
 INFO [main] (MspMote.java:235) - Loading firmware from: /home/drhakanaydin/6tisch-ng-sra-v17-50-60-node-update/6tisch-ng-sra-v17/6tisch-ng-sra/examples/tsch/rpl-udp/border-router-client_rpl/border-router-client_rpl.exp5438
 INFO [main] (MspMote.java:235) - Loading firmware from: /home/drhakanaydin/6tisch-ng-sra-v17-50-60-node-update/6tisch-ng-sra-v17/6tisch-ng-sra/examples/tsch/rpl-udp/border-router-client_rpl/border-router-client_rpl.exp5438
 INFO [main] (MspMote.java:235) - Loading firmware from: /home/drhakanaydin/6tisch-ng-sra-v17-50-60-node-update/6tisch-ng-sra-v17/6tisch-ng-sra/examples/tsch/rpl-udp/border-router-client_rpl/border-router-client_rpl.exp5438
 INFO [main] (MspMote.java:235) - Loading firmware from: /home/drhakanaydin/6tisch-ng-sra-v17-50-60-node-update/6tisch-ng-sra-v17/6tisch-ng-sra/examples/tsch/rpl-udp/border-router-client_rpl/border-router-client_rpl.exp5438
 INFO [main] (MspMote.java:235) - Loading firmware from: /home/drhakanaydin/6tisch-ng-sra-v17-50-60-node-update/6tisch-ng-sra-v17/6tisch-ng-sra/examples/tsch/rpl-udp/border-router-client_rpl/border-router-client_rpl.exp5438
 INFO [main] (MspMote.java:235) - Loading firmware from: /home/drhakanaydin/6tisch-ng-sra-v17-50-60-node-update/6tisch-ng-sra-v17/6tisch-ng-sra/examples/tsch/rpl-udp/border-router-client_rpl/border-router-client_rpl.exp5438
 INFO [main] (MspMote.java:235) - Loading firmware from: /home/drhakanaydin/6tisch-ng-sra-v17-50-60-node-update/6tisch-ng-sra-v17/6tisch-ng-sra/examples/tsch/rpl-udp/border-router-client_rpl/border-router-client_rpl.exp5438
 INFO [main] (MspMote.java:235) - Loading firmware from: /home/drhakanaydin/6tisch-ng-sra-v17-50-60-node-update/6tisch-ng-sra-v17/6tisch-ng-sra/examples/tsch/rpl-udp/border-router-client_rpl/border-router-client_rpl.exp5438
 INFO [main] (MspMote.java:235) - Loading firmware from: /home/drhakanaydin/6tisch-ng-sra-v17-50-60-node-update/6tisch-ng-sra-v17/6tisch-ng-sra/examples/tsch/rpl-udp/border-router-client_rpl/border-router-client_rpl.exp5438
 INFO [main] (MspMote.java:235) - Loading firmware from: /home/drhakanaydin/6tisch-ng-sra-v17-50-60-node-update/6tisch-ng-sra-v17/6tisch-ng-sra/examples/tsch/rpl-udp/border-router-client_rpl/border-router-client_rpl.exp5438
 INFO [main] (MspMote.java:235) - Loading firmware from: /home/drhakanaydin/6tisch-ng-sra-v17-50-60-node-update/6tisch-ng-sra-v17/6tisch-ng-sra/examples/tsch/rpl-udp/border-router-client_rpl/border-router-client_rpl.exp5438
 INFO [main] (Cooja.java:1782) - Visualized plugin was not started: class org.contikios.cooja.plugins.SimControl
 INFO [main] (Cooja.java:1782) - Visualized plugin was not started: class org.contikios.cooja.plugins.Visualizer
 INFO [main] (Cooja.java:1782) - Visualized plugin was not started: class org.contikios.cooja.plugins.LogListener
 INFO [main] (Cooja.java:1782) - Visualized plugin was not started: class org.contikios.cooja.plugins.TimeLine
 INFO [main] (ScriptRunner.java:438) - Test script deactivated
 INFO [main] (LogScriptEngine.java:265) - Script timeout in 3800000 ms
 INFO [main] (ScriptRunner.java:395) - Test script activated
 INFO [Thread-2] (Simulation.java:253) - Simulation main loop started, system time: 1790420567217
 INFO [main] (Mobility.java:84) - Mobility plugin started at (ms): 115
 INFO [main] (Mobility.java:116) - Parsing position file: /home/drhakanaydin/6tisch-ng-sra-v17-50-60-node-update/6tisch-ng-sra-v17/6tisch-ng-sra/tools/cooja/apps/mobility/grid60node_high.dat
 INFO [main] (Mobility.java:141) - Loaded 3601 positions
 INFO [Thread-2] (LogScriptEngine.java:389) - Test script at 5.00%, done in 5481.2 sec
Watchdog: illegal write to WDTCTL (0) from $103ca - reset!!!!
Stack Trace: number of calls: 5 PC: $103ca
  watchdog_reboot (packetbuf.c) called from PC: $24c30 (elapsed: 5)
  restart_time_synchronisation (packetbuf.c) called from PC: $159f2 (elapsed: 30452)
  process_thread_foure_timesynch_process (local in 4emac-timesynch.c) called from PC: $12738 (elapsed: 641277)
  call_process (local in process.c) called from PC: $1291c (elapsed: 641314)
  process_run (packetbuf.c) called from PC: $05edc (elapsed: 644281)
 WARN [Thread-2] (MspMote.java:229) - 23: # Watchdog[EXECUTION]: illegal write to WDTCTL (0) from $103ca - reset!!!!
Watchdog: illegal write to WDTCTL (0) from $103ca - reset!!!!
Stack Trace: number of calls: 5 PC: $103ca
  watchdog_reboot (packetbuf.c) called from PC: $24c30 (elapsed: 5)
  restart_time_synchronisation (packetbuf.c) called from PC: $159f2 (elapsed: 30447)
  process_thread_foure_timesynch_process (local in 4emac-timesynch.c) called from PC: $12738 (elapsed: 1121081)
  call_process (local in process.c) called from PC: $1291c (elapsed: 1121118)
  process_run (packetbuf.c) called from PC: $05edc (elapsed: 1124191)
 WARN [Thread-2] (MspMote.java:229) - 35: # Watchdog[EXECUTION]: illegal write to WDTCTL (0) from $103ca - reset!!!!
Watchdog: illegal write to WDTCTL (0) from $103ca - reset!!!!
Stack Trace: number of calls: 5 PC: $103ca
  watchdog_reboot (packetbuf.c) called from PC: $24c30 (elapsed: 5)
  restart_time_synchronisation (packetbuf.c) called from PC: $159f2 (elapsed: 30453)
  process_thread_foure_timesynch_process (local in 4emac-timesynch.c) called from PC: $12738 (elapsed: 1079161)
  call_process (local in process.c) called from PC: $1291c (elapsed: 1079198)
  process_run (packetbuf.c) called from PC: $05edc (elapsed: 1083471)
 WARN [Thread-2] (MspMote.java:229) - 10: # Watchdog[EXECUTION]: illegal write to WDTCTL (0) from $103ca - reset!!!!
Watchdog: illegal write to WDTCTL (0) from $103ca - reset!!!!
Stack Trace: number of calls: 5 PC: $103ca
  watchdog_reboot (packetbuf.c) called from PC: $24c30 (elapsed: 5)
  restart_time_synchronisation (packetbuf.c) called from PC: $159f2 (elapsed: 30452)
  process_thread_foure_timesynch_process (local in 4emac-timesynch.c) called from PC: $12738 (elapsed: 1218703)
  call_process (local in process.c) called from PC: $1291c (elapsed: 1218740)
  process_run (packetbuf.c) called from PC: $05edc (elapsed: 1221892)
 WARN [Thread-2] (MspMote.java:229) - 24: # Watchdog[EXECUTION]: illegal write to WDTCTL (0) from $103ca - reset!!!!
Watchdog: illegal write to WDTCTL (0) from $103ca - reset!!!!
Stack Trace: number of calls: 5 PC: $103ca
  watchdog_reboot (packetbuf.c) called from PC: $24c30 (elapsed: 5)
  restart_time_synchronisation (packetbuf.c) called from PC: $159f2 (elapsed: 30603)
  process_thread_foure_timesynch_process (local in 4emac-timesynch.c) called from PC: $12738 (elapsed: 1087676)
  call_process (local in process.c) called from PC: $1291c (elapsed: 1087713)
  process_run (packetbuf.c) called from PC: $05edc (elapsed: 1090784)
 WARN [Thread-2] (MspMote.java:229) - 29: # Watchdog[EXECUTION]: illegal write to WDTCTL (0) from $103ca - reset!!!!
Watchdog: illegal write to WDTCTL (0) from $103ca - reset!!!!
Stack Trace: number of calls: 5 PC: $103ca
  watchdog_reboot (packetbuf.c) called from PC: $24c30 (elapsed: 5)
  restart_time_synchronisation (packetbuf.c) called from PC: $159f2 (elapsed: 31365)
  process_thread_foure_timesynch_process (local in 4emac-timesynch.c) called from PC: $12738 (elapsed: 185335)
  call_process (local in process.c) called from PC: $1291c (elapsed: 185372)
  process_run (packetbuf.c) called from PC: $05edc (elapsed: 188541)
 WARN [Thread-2] (MspMote.java:229) - 33: # Watchdog[EXECUTION]: illegal write to WDTCTL (0) from $103ca - reset!!!!
 INFO [Thread-2] (LogScriptEngine.java:389) - Test script at 10.00%, done in 6767.7 sec
Watchdog: illegal write to WDTCTL (0) from $103ca - reset!!!!
Stack Trace: number of calls: 5 PC: $103ca
  watchdog_reboot (packetbuf.c) called from PC: $24c30 (elapsed: 5)
  restart_time_synchronisation (packetbuf.c) called from PC: $159f2 (elapsed: 30452)
  process_thread_foure_timesynch_process (local in 4emac-timesynch.c) called from PC: $12738 (elapsed: 985019)
  call_process (local in process.c) called from PC: $1291c (elapsed: 985056)
  process_run (packetbuf.c) called from PC: $05edc (elapsed: 988134)
 WARN [Thread-2] (MspMote.java:229) - 39: # Watchdog[EXECUTION]: illegal write to WDTCTL (0) from $103ca - reset!!!!
Watchdog: illegal write to WDTCTL (0) from $103ca - reset!!!!
Stack Trace: number of calls: 5 PC: $103ca
  watchdog_reboot (packetbuf.c) called from PC: $24c30 (elapsed: 5)
  restart_time_synchronisation (packetbuf.c) called from PC: $159f2 (elapsed: 30452)
  process_thread_foure_timesynch_process (local in 4emac-timesynch.c) called from PC: $12738 (elapsed: 1089335)
  call_process (local in process.c) called from PC: $1291c (elapsed: 1089372)
  process_run (packetbuf.c) called from PC: $05edc (elapsed: 1092369)
 WARN [Thread-2] (MspMote.java:229) - 52: # Watchdog[EXECUTION]: illegal write to WDTCTL (0) from $103ca - reset!!!!
Watchdog: illegal write to WDTCTL (0) from $103ca - reset!!!!
Stack Trace: number of calls: 5 PC: $103ca
  watchdog_reboot (packetbuf.c) called from PC: $24c30 (elapsed: 5)
  restart_time_synchronisation (packetbuf.c) called from PC: $159f2 (elapsed: 30452)
  process_thread_foure_timesynch_process (local in 4emac-timesynch.c) called from PC: $12738 (elapsed: 1293190)
  call_process (local in process.c) called from PC: $1291c (elapsed: 1293227)
  process_run (packetbuf.c) called from PC: $05edc (elapsed: 1296521)
 WARN [Thread-2] (MspMote.java:229) - 59: # Watchdog[EXECUTION]: illegal write to WDTCTL (0) from $103ca - reset!!!!
Watchdog: illegal write to WDTCTL (0) from $103ca - reset!!!!
Stack Trace: number of calls: 5 PC: $103ca
  watchdog_reboot (packetbuf.c) called from PC: $24c30 (elapsed: 5)
  restart_time_synchronisation (packetbuf.c) called from PC: $159f2 (elapsed: 30452)
  process_thread_foure_timesynch_process (local in 4emac-timesynch.c) called from PC: $12738 (elapsed: 672165)
  call_process (local in process.c) called from PC: $1291c (elapsed: 672202)
  process_run (packetbuf.c) called from PC: $05edc (elapsed: 675120)
 WARN [Thread-2] (MspMote.java:229) - 1: # Watchdog[EXECUTION]: illegal write to WDTCTL (0) from $103ca - reset!!!!
Watchdog: illegal write to WDTCTL (0) from $103ca - reset!!!!
Stack Trace: number of calls: 5 PC: $103ca
  watchdog_reboot (packetbuf.c) called from PC: $24c30 (elapsed: 5)
  restart_time_synchronisation (packetbuf.c) called from PC: $159f2 (elapsed: 30452)
  process_thread_foure_timesynch_process (local in 4emac-timesynch.c) called from PC: $12738 (elapsed: 1282710)
  call_process (local in process.c) called from PC: $1291c (elapsed: 1282747)
  process_run (packetbuf.c) called from PC: $05edc (elapsed: 1285825)
 WARN [Thread-2] (MspMote.java:229) - 51: # Watchdog[EXECUTION]: illegal write to WDTCTL (0) from $103ca - reset!!!!
Watchdog: illegal write to WDTCTL (0) from $103ca - reset!!!!
Stack Trace: number of calls: 5 PC: $103ca
  watchdog_reboot (packetbuf.c) called from PC: $24c30 (elapsed: 5)
  restart_time_synchronisation (packetbuf.c) called from PC: $159f2 (elapsed: 30447)
  process_thread_foure_timesynch_process (local in 4emac-timesynch.c) called from PC: $12738 (elapsed: 1141232)
  call_process (local in process.c) called from PC: $1291c (elapsed: 1141269)
  process_run (packetbuf.c) called from PC: $05edc (elapsed: 1144424)
 WARN [Thread-2] (MspMote.java:229) - 50: # Watchdog[EXECUTION]: illegal write to WDTCTL (0) from $103ca - reset!!!!
Watchdog: illegal write to WDTCTL (0) from $103ca - reset!!!!
Stack Trace: number of calls: 5 PC: $103ca
  watchdog_reboot (packetbuf.c) called from PC: $24c30 (elapsed: 5)
  restart_time_synchronisation (packetbuf.c) called from PC: $159f2 (elapsed: 30452)
  process_thread_foure_timesynch_process (local in 4emac-timesynch.c) called from PC: $12738 (elapsed: 1090388)
  call_process (local in process.c) called from PC: $1291c (elapsed: 1090425)
  process_run (packetbuf.c) called from PC: $05edc (elapsed: 1093340)
 WARN [Thread-2] (MspMote.java:229) - 24: # Watchdog[EXECUTION]: illegal write to WDTCTL (0) from $103ca - reset!!!!
Watchdog: illegal write to WDTCTL (0) from $103ca - reset!!!!
Stack Trace: number of calls: 5 PC: $103ca
  watchdog_reboot (packetbuf.c) called from PC: $24c30 (elapsed: 5)
  restart_time_synchronisation (packetbuf.c) called from PC: $159f2 (elapsed: 30495)
  process_thread_foure_timesynch_process (local in 4emac-timesynch.c) called from PC: $12738 (elapsed: 684965)
  call_process (local in process.c) called from PC: $1291c (elapsed: 685002)
  process_run (packetbuf.c) called from PC: $05edc (elapsed: 687998)
 WARN [Thread-2] (MspMote.java:229) - 35: # Watchdog[EXECUTION]: illegal write to WDTCTL (0) from $103ca - reset!!!!
Watchdog: illegal write to WDTCTL (0) from $103ca - reset!!!!
Stack Trace: number of calls: 5 PC: $103ca
  watchdog_reboot (packetbuf.c) called from PC: $24c30 (elapsed: 5)
  restart_time_synchronisation (packetbuf.c) called from PC: $159f2 (elapsed: 30453)
  process_thread_foure_timesynch_process (local in 4emac-timesynch.c) called from PC: $12738 (elapsed: 812622)
  call_process (local in process.c) called from PC: $1291c (elapsed: 812659)
  process_run (packetbuf.c) called from PC: $05edc (elapsed: 815820)
 WARN [Thread-2] (MspMote.java:229) - 27: # Watchdog[EXECUTION]: illegal write to WDTCTL (0) from $103ca - reset!!!!
 INFO [Thread-2] (LogScriptEngine.java:389) - Test script at 15.00%, done in 7523.5 sec
Watchdog: illegal write to WDTCTL (0) from $103ca - reset!!!!
Stack Trace: number of calls: 5 PC: $103ca
  watchdog_reboot (packetbuf.c) called from PC: $24c30 (elapsed: 5)
  restart_time_synchronisation (packetbuf.c) called from PC: $159f2 (elapsed: 30449)
  process_thread_foure_timesynch_process (local in 4emac-timesynch.c) called from PC: $12738 (elapsed: 700183)
  call_process (local in process.c) called from PC: $1291c (elapsed: 700220)
  process_run (packetbuf.c) called from PC: $05edc (elapsed: 703223)
 WARN [Thread-2] (MspMote.java:229) - 46: # Watchdog[EXECUTION]: illegal write to WDTCTL (0) from $103ca - reset!!!!
Watchdog: illegal write to WDTCTL (0) from $103ca - reset!!!!
Stack Trace: number of calls: 5 PC: $103ca
  watchdog_reboot (packetbuf.c) called from PC: $24c30 (elapsed: 5)
  restart_time_synchronisation (packetbuf.c) called from PC: $159f2 (elapsed: 30452)
  process_thread_foure_timesynch_process (local in 4emac-timesynch.c) called from PC: $12738 (elapsed: 1226717)
  call_process (local in process.c) called from PC: $1291c (elapsed: 1226754)
  process_run (packetbuf.c) called from PC: $05edc (elapsed: 1229680)
 WARN [Thread-2] (MspMote.java:229) - 26: # Watchdog[EXECUTION]: illegal write to WDTCTL (0) from $103ca - reset!!!!
Watchdog: illegal write to WDTCTL (0) from $103ca - reset!!!!
Stack Trace: number of calls: 5 PC: $103ca
  watchdog_reboot (packetbuf.c) called from PC: $24c30 (elapsed: 5)
  restart_time_synchronisation (packetbuf.c) called from PC: $159f2 (elapsed: 30651)
  process_thread_foure_timesynch_process (local in 4emac-timesynch.c) called from PC: $12738 (elapsed: 1088972)
  call_process (local in process.c) called from PC: $1291c (elapsed: 1089009)
  process_run (packetbuf.c) called from PC: $05edc (elapsed: 1092010)
 WARN [Thread-2] (MspMote.java:229) - 44: # Watchdog[EXECUTION]: illegal write to WDTCTL (0) from $103ca - reset!!!!
Watchdog: illegal write to WDTCTL (0) from $103ca - reset!!!!
Stack Trace: number of calls: 5 PC: $103ca
  watchdog_reboot (packetbuf.c) called from PC: $24c30 (elapsed: 5)
  restart_time_synchronisation (packetbuf.c) called from PC: $159f2 (elapsed: 30452)
  process_thread_foure_timesynch_process (local in 4emac-timesynch.c) called from PC: $12738 (elapsed: 917244)
  call_process (local in process.c) called from PC: $1291c (elapsed: 917281)
  process_run (packetbuf.c) called from PC: $05edc (elapsed: 920431)
 WARN [Thread-2] (MspMote.java:229) - 51: # Watchdog[EXECUTION]: illegal write to WDTCTL (0) from $103ca - reset!!!!
Watchdog: illegal write to WDTCTL (0) from $103ca - reset!!!!
Stack Trace: number of calls: 5 PC: $103ca
  watchdog_reboot (packetbuf.c) called from PC: $24c30 (elapsed: 5)
  restart_time_synchronisation (packetbuf.c) called from PC: $159f2 (elapsed: 30447)
  process_thread_foure_timesynch_process (local in 4emac-timesynch.c) called from PC: $12738 (elapsed: 951587)
  call_process (local in process.c) called from PC: $1291c (elapsed: 951624)
  process_run (packetbuf.c) called from PC: $05edc (elapsed: 954708)
 WARN [Thread-2] (MspMote.java:229) - 32: # Watchdog[EXECUTION]: illegal write to WDTCTL (0) from $103ca - reset!!!!
Watchdog: illegal write to WDTCTL (0) from $103ca - reset!!!!
Stack Trace: number of calls: 5 PC: $103ca
  watchdog_reboot (packetbuf.c) called from PC: $24c30 (elapsed: 5)
  restart_time_synchronisation (packetbuf.c) called from PC: $159f2 (elapsed: 30452)
  process_thread_foure_timesynch_process (local in 4emac-timesynch.c) called from PC: $12738 (elapsed: 954042)
  call_process (local in process.c) called from PC: $1291c (elapsed: 954079)
  process_run (packetbuf.c) called from PC: $05edc (elapsed: 957163)
 WARN [Thread-2] (MspMote.java:229) - 38: # Watchdog[EXECUTION]: illegal write to WDTCTL (0) from $103ca - reset!!!!
Watchdog: illegal write to WDTCTL (0) from $103ca - reset!!!!
Stack Trace: number of calls: 5 PC: $103ca
  watchdog_reboot (packetbuf.c) called from PC: $24c30 (elapsed: 5)
  restart_time_synchronisation (packetbuf.c) called from PC: $159f2 (elapsed: 30452)
  process_thread_foure_timesynch_process (local in 4emac-timesynch.c) called from PC: $12738 (elapsed: 984396)
  call_process (local in process.c) called from PC: $1291c (elapsed: 984433)
  process_run (packetbuf.c) called from PC: $05edc (elapsed: 987619)
 WARN [Thread-2] (MspMote.java:229) - 23: # Watchdog[EXECUTION]: illegal write to WDTCTL (0) from $103ca - reset!!!!
Watchdog: illegal write to WDTCTL (0) from $103ca - reset!!!!
Stack Trace: number of calls: 5 PC: $103ca
  watchdog_reboot (packetbuf.c) called from PC: $24c30 (elapsed: 5)
  restart_time_synchronisation (packetbuf.c) called from PC: $159f2 (elapsed: 30452)
  process_thread_foure_timesynch_process (local in 4emac-timesynch.c) called from PC: $12738 (elapsed: 1226910)
  call_process (local in process.c) called from PC: $1291c (elapsed: 1226947)
  process_run (packetbuf.c) called from PC: $05edc (elapsed: 1229941)
 WARN [Thread-2] (MspMote.java:229) - 29: # Watchdog[EXECUTION]: illegal write to WDTCTL (0) from $103ca - reset!!!!
Watchdog: illegal write to WDTCTL (0) from $103ca - reset!!!!
Stack Trace: number of calls: 5 PC: $103ca
  watchdog_reboot (packetbuf.c) called from PC: $24c30 (elapsed: 5)
  restart_time_synchronisation (packetbuf.c) called from PC: $159f2 (elapsed: 30453)
  process_thread_foure_timesynch_process (local in 4emac-timesynch.c) called from PC: $12738 (elapsed: 1358825)
  call_process (local in process.c) called from PC: $1291c (elapsed: 1358862)
  process_run (packetbuf.c) called from PC: $05edc (elapsed: 1362201)
 WARN [Thread-2] (MspMote.java:229) - 59: # Watchdog[EXECUTION]: illegal write to WDTCTL (0) from $103ca - reset!!!!
 INFO [Thread-2] (LogScriptEngine.java:389) - Test script at 20.00%, done in 8992.5 sec
Watchdog: illegal write to WDTCTL (0) from $103ca - reset!!!!
Stack Trace: number of calls: 5 PC: $103ca
  watchdog_reboot (packetbuf.c) called from PC: $24c30 (elapsed: 5)
  restart_time_synchronisation (packetbuf.c) called from PC: $159f2 (elapsed: 30579)
  process_thread_foure_timesynch_process (local in 4emac-timesynch.c) called from PC: $12738 (elapsed: 809809)
  call_process (local in process.c) called from PC: $1291c (elapsed: 809846)
  process_run (packetbuf.c) called from PC: $05edc (elapsed: 812922)
 WARN [Thread-2] (MspMote.java:229) - 33: # Watchdog[EXECUTION]: illegal write to WDTCTL (0) from $103ca - reset!!!!
Watchdog: illegal write to WDTCTL (0) from $103ca - reset!!!!
Stack Trace: number of calls: 5 PC: $103ca
  watchdog_reboot (packetbuf.c) called from PC: $24c30 (elapsed: 5)
  restart_time_synchronisation (packetbuf.c) called from PC: $159f2 (elapsed: 30452)
  process_thread_foure_timesynch_process (local in 4emac-timesynch.c) called from PC: $12738 (elapsed: 1363213)
  call_process (local in process.c) called from PC: $1291c (elapsed: 1363250)
  process_run (packetbuf.c) called from PC: $05edc (elapsed: 1366379)
 WARN [Thread-2] (MspMote.java:229) - 44: # Watchdog[EXECUTION]: illegal write to WDTCTL (0) from $103ca - reset!!!!
 INFO [Thread-2] (LogScriptEngine.java:389) - Test script at 25.00%, done in 10129.4 sec
 INFO [Thread-2] (LogScriptEngine.java:389) - Test script at 30.00%, done in 10794.1 sec
 INFO [Thread-2] (LogScriptEngine.java:389) - Test script at 35.00%, done in 10731.2 sec
 INFO [Thread-2] (LogScriptEngine.java:389) - Test script at 40.00%, done in 10592.4 sec
Watchdog: illegal write to WDTCTL (0) from $103ca - reset!!!!
Stack Trace: number of calls: 5 PC: $103ca
  watchdog_reboot (packetbuf.c) called from PC: $24c30 (elapsed: 5)
  restart_time_synchronisation (packetbuf.c) called from PC: $159f2 (elapsed: 30453)
  process_thread_foure_timesynch_process (local in 4emac-timesynch.c) called from PC: $12738 (elapsed: 1440075)
  call_process (local in process.c) called from PC: $1291c (elapsed: 1440112)
  process_run (packetbuf.c) called from PC: $05edc (elapsed: 1475026)
 WARN [Thread-2] (MspMote.java:229) - 19: # Watchdog[EXECUTION]: illegal write to WDTCTL (0) from $103ca - reset!!!!
Watchdog: illegal write to WDTCTL (0) from $103ca - reset!!!!
Stack Trace: number of calls: 5 PC: $103ca
  watchdog_reboot (packetbuf.c) called from PC: $24c30 (elapsed: 5)
  restart_time_synchronisation (packetbuf.c) called from PC: $159f2 (elapsed: 30567)
  process_thread_foure_timesynch_process (local in 4emac-timesynch.c) called from PC: $12738 (elapsed: 1458832)
  call_process (local in process.c) called from PC: $1291c (elapsed: 1458869)
  process_run (packetbuf.c) called from PC: $05edc (elapsed: 1462198)
 WARN [Thread-2] (MspMote.java:229) - 18: # Watchdog[EXECUTION]: illegal write to WDTCTL (0) from $103ca - reset!!!!
Watchdog: illegal write to WDTCTL (0) from $103ca - reset!!!!
Stack Trace: number of calls: 5 PC: $103ca
  watchdog_reboot (packetbuf.c) called from PC: $24c30 (elapsed: 5)
  restart_time_synchronisation (packetbuf.c) called from PC: $159f2 (elapsed: 30447)
  process_thread_foure_timesynch_process (local in 4emac-timesynch.c) called from PC: $12738 (elapsed: 1452081)
  call_process (local in process.c) called from PC: $1291c (elapsed: 1452118)
  process_run (packetbuf.c) called from PC: $05edc (elapsed: 1455200)
 WARN [Thread-2] (MspMote.java:229) - 6: # Watchdog[EXECUTION]: illegal write to WDTCTL (0) from $103ca - reset!!!!
Watchdog: illegal write to WDTCTL (0) from $103ca - reset!!!!
Stack Trace: number of calls: 5 PC: $103ca
  watchdog_reboot (packetbuf.c) called from PC: $24c30 (elapsed: 5)
  restart_time_synchronisation (packetbuf.c) called from PC: $159f2 (elapsed: 64645)
  process_thread_foure_timesynch_process (local in 4emac-timesynch.c) called from PC: $12738 (elapsed: 1487607)
  call_process (local in process.c) called from PC: $1291c (elapsed: 1487644)
  process_run (packetbuf.c) called from PC: $05edc (elapsed: 1490698)
 WARN [Thread-2] (MspMote.java:229) - 24: # Watchdog[EXECUTION]: illegal write to WDTCTL (0) from $103ca - reset!!!!
Watchdog: illegal write to WDTCTL (0) from $103ca - reset!!!!
Stack Trace: number of calls: 5 PC: $103ca
  watchdog_reboot (packetbuf.c) called from PC: $24c30 (elapsed: 5)
  restart_time_synchronisation (packetbuf.c) called from PC: $159f2 (elapsed: 30609)
  process_thread_foure_timesynch_process (local in 4emac-timesynch.c) called from PC: $12738 (elapsed: 1454494)
  call_process (local in process.c) called from PC: $1291c (elapsed: 1454531)
  process_run (packetbuf.c) called from PC: $05edc (elapsed: 1457719)
 WARN [Thread-2] (MspMote.java:229) - 13: # Watchdog[EXECUTION]: illegal write to WDTCTL (0) from $103ca - reset!!!!
Watchdog: illegal write to WDTCTL (0) from $103ca - reset!!!!
Stack Trace: number of calls: 5 PC: $103ca
  watchdog_reboot (packetbuf.c) called from PC: $24c30 (elapsed: 5)
  restart_time_synchronisation (packetbuf.c) called from PC: $159f2 (elapsed: 30453)
  process_thread_foure_timesynch_process (local in 4emac-timesynch.c) called from PC: $12738 (elapsed: 1440108)
  call_process (local in process.c) called from PC: $1291c (elapsed: 1440145)
  process_run (packetbuf.c) called from PC: $05edc (elapsed: 1443333)
 WARN [Thread-2] (MspMote.java:229) - 30: # Watchdog[EXECUTION]: illegal write to WDTCTL (0) from $103ca - reset!!!!
Watchdog: illegal write to WDTCTL (0) from $103ca - reset!!!!
Stack Trace: number of calls: 5 PC: $103ca
  watchdog_reboot (packetbuf.c) called from PC: $24c30 (elapsed: 5)
  restart_time_synchronisation (packetbuf.c) called from PC: $159f2 (elapsed: 30452)
  process_thread_foure_timesynch_process (local in 4emac-timesynch.c) called from PC: $12738 (elapsed: 1237064)
  call_process (local in process.c) called from PC: $1291c (elapsed: 1237101)
  process_run (packetbuf.c) called from PC: $05edc (elapsed: 1240205)
 WARN [Thread-2] (MspMote.java:229) - 35: # Watchdog[EXECUTION]: illegal write to WDTCTL (0) from $103ca - reset!!!!
Watchdog: illegal write to WDTCTL (0) from $103ca - reset!!!!
Stack Trace: number of calls: 5 PC: $103ca
  watchdog_reboot (packetbuf.c) called from PC: $24c30 (elapsed: 5)
  restart_time_synchronisation (packetbuf.c) called from PC: $159f2 (elapsed: 30452)
  process_thread_foure_timesynch_process (local in 4emac-timesynch.c) called from PC: $12738 (elapsed: 1437203)
  call_process (local in process.c) called from PC: $1291c (elapsed: 1437240)
  process_run (packetbuf.c) called from PC: $05edc (elapsed: 1439329)
 WARN [Thread-2] (MspMote.java:229) - 12: # Watchdog[EXECUTION]: illegal write to WDTCTL (0) from $103ca - reset!!!!
Watchdog: illegal write to WDTCTL (0) from $103ca - reset!!!!
Stack Trace: number of calls: 5 PC: $103ca
  watchdog_reboot (packetbuf.c) called from PC: $24c30 (elapsed: 5)
  restart_time_synchronisation (packetbuf.c) called from PC: $159f2 (elapsed: 30452)
  process_thread_foure_timesynch_process (local in 4emac-timesynch.c) called from PC: $12738 (elapsed: 1418143)
  call_process (local in process.c) called from PC: $1291c (elapsed: 1418180)
  process_run (packetbuf.c) called from PC: $05edc (elapsed: 1421230)
 WARN [Thread-2] (MspMote.java:229) - 52: # Watchdog[EXECUTION]: illegal write to WDTCTL (0) from $103ca - reset!!!!
Watchdog: illegal write to WDTCTL (0) from $103ca - reset!!!!
Stack Trace: number of calls: 11 PC: $103ca
  watchdog_reboot (packetbuf.c) called from PC: $24c30 (elapsed: 5)
  restart_time_synchronisation (packetbuf.c) called from PC: $14eee (elapsed: 31370)
  foure_timesynch_parent_switch_callback (packetbuf.c) called from PC: $1e95c (elapsed: 69608)
  rpl_set_preferred_parent (local in rpl-dag.c) called from PC: $1ef8c (elapsed: 164313)
  rpl_nullify_parent (packetbuf.c) called from PC: $1fc26 (elapsed: 394017)
  rpl_process_parent_event (packetbuf.c) called from PC: $1fcbe (elapsed: 492629)
  rpl_recalculate_ranks (packetbuf.c) called from PC: $23726 (elapsed: 494294)
  handle_periodic_timer (local in rpl-timers.c) called from PC: $1219c (elapsed: 495156)
  process_thread_ctimer_process (local in ctimer.c) called from PC: $12738 (elapsed: 495357)
  call_process (local in process.c) called from PC: $1291c (elapsed: 495394)
  process_run (packetbuf.c) called from PC: $05edc (elapsed: 498611)
 WARN [Thread-2] (MspMote.java:229) - 43: # Watchdog[EXECUTION]: illegal write to WDTCTL (0) from $103ca - reset!!!!
Watchdog: illegal write to WDTCTL (0) from $103ca - reset!!!!
Stack Trace: number of calls: 5 PC: $103ca
  watchdog_reboot (packetbuf.c) called from PC: $24c30 (elapsed: 5)
  restart_time_synchronisation (packetbuf.c) called from PC: $159f2 (elapsed: 30447)
  process_thread_foure_timesynch_process (local in 4emac-timesynch.c) called from PC: $12738 (elapsed: 1449116)
  call_process (local in process.c) called from PC: $1291c (elapsed: 1449153)
  process_run (packetbuf.c) called from PC: $05edc (elapsed: 1452266)
 WARN [Thread-2] (MspMote.java:229) - 31: # Watchdog[EXECUTION]: illegal write to WDTCTL (0) from $103ca - reset!!!!
Watchdog: illegal write to WDTCTL (0) from $103ca - reset!!!!
Stack Trace: number of calls: 5 PC: $103ca
  watchdog_reboot (packetbuf.c) called from PC: $24c30 (elapsed: 5)
  restart_time_synchronisation (packetbuf.c) called from PC: $159f2 (elapsed: 30452)
  process_thread_foure_timesynch_process (local in 4emac-timesynch.c) called from PC: $12738 (elapsed: 1420007)
  call_process (local in process.c) called from PC: $1291c (elapsed: 1420044)
  process_run (packetbuf.c) called from PC: $05edc (elapsed: 1423416)
 WARN [Thread-2] (MspMote.java:229) - 27: # Watchdog[EXECUTION]: illegal write to WDTCTL (0) from $103ca - reset!!!!
Watchdog: illegal write to WDTCTL (0) from $103ca - reset!!!!
Stack Trace: number of calls: 5 PC: $103ca
  watchdog_reboot (packetbuf.c) called from PC: $24c30 (elapsed: 5)
  restart_time_synchronisation (packetbuf.c) called from PC: $159f2 (elapsed: 30453)
  process_thread_foure_timesynch_process (local in 4emac-timesynch.c) called from PC: $12738 (elapsed: 1386447)
  call_process (local in process.c) called from PC: $1291c (elapsed: 1386484)
  process_run (packetbuf.c) called from PC: $05edc (elapsed: 1389645)
 WARN [Thread-2] (MspMote.java:229) - 25: # Watchdog[EXECUTION]: illegal write to WDTCTL (0) from $103ca - reset!!!!
Watchdog: illegal write to WDTCTL (0) from $103ca - reset!!!!
Stack Trace: number of calls: 5 PC: $103ca
  watchdog_reboot (packetbuf.c) called from PC: $24c30 (elapsed: 5)
  restart_time_synchronisation (packetbuf.c) called from PC: $159f2 (elapsed: 30537)
  process_thread_foure_timesynch_process (local in 4emac-timesynch.c) called from PC: $12738 (elapsed: 1523337)
  call_process (local in process.c) called from PC: $1291c (elapsed: 1523374)
  process_run (packetbuf.c) called from PC: $05edc (elapsed: 1526911)
 WARN [Thread-2] (MspMote.java:229) - 17: # Watchdog[EXECUTION]: illegal write to WDTCTL (0) from $103ca - reset!!!!
Watchdog: illegal write to WDTCTL (0) from $103ca - reset!!!!
Stack Trace: number of calls: 5 PC: $103ca
  watchdog_reboot (packetbuf.c) called from PC: $24c30 (elapsed: 5)
  restart_time_synchronisation (packetbuf.c) called from PC: $159f2 (elapsed: 57175)
  process_thread_foure_timesynch_process (local in 4emac-timesynch.c) called from PC: $12738 (elapsed: 1501713)
  call_process (local in process.c) called from PC: $1291c (elapsed: 1501750)
  process_run (packetbuf.c) called from PC: $05edc (elapsed: 2368919)
 WARN [Thread-2] (MspMote.java:229) - 5: # Watchdog[EXECUTION]: illegal write to WDTCTL (0) from $103ca - reset!!!!
Watchdog: illegal write to WDTCTL (0) from $103ca - reset!!!!
Stack Trace: number of calls: 5 PC: $103ca
  watchdog_reboot (packetbuf.c) called from PC: $24c30 (elapsed: 5)
  restart_time_synchronisation (packetbuf.c) called from PC: $159f2 (elapsed: 30452)
  process_thread_foure_timesynch_process (local in 4emac-timesynch.c) called from PC: $12738 (elapsed: 1413545)
  call_process (local in process.c) called from PC: $1291c (elapsed: 1413582)
  process_run (packetbuf.c) called from PC: $05edc (elapsed: 1416506)
 WARN [Thread-2] (MspMote.java:229) - 11: # Watchdog[EXECUTION]: illegal write to WDTCTL (0) from $103ca - reset!!!!
 INFO [Thread-2] (LogScriptEngine.java:389) - Test script at 45.00%, done in 9969.3 sec
Watchdog: illegal write to WDTCTL (0) from $103ca - reset!!!!
Stack Trace: number of calls: 5 PC: $103ca
  watchdog_reboot (packetbuf.c) called from PC: $24c30 (elapsed: 5)
  restart_time_synchronisation (packetbuf.c) called from PC: $159f2 (elapsed: 30452)
  process_thread_foure_timesynch_process (local in 4emac-timesynch.c) called from PC: $12738 (elapsed: 1416636)
  call_process (local in process.c) called from PC: $1291c (elapsed: 1416673)
  process_run (packetbuf.c) called from PC: $05edc (elapsed: 1419744)
 WARN [Thread-2] (MspMote.java:229) - 23: # Watchdog[EXECUTION]: illegal write to WDTCTL (0) from $103ca - reset!!!!
Watchdog: illegal write to WDTCTL (0) from $103ca - reset!!!!
Stack Trace: number of calls: 5 PC: $103ca
  watchdog_reboot (packetbuf.c) called from PC: $24c30 (elapsed: 5)
  restart_time_synchronisation (packetbuf.c) called from PC: $159f2 (elapsed: 30452)
  process_thread_foure_timesynch_process (local in 4emac-timesynch.c) called from PC: $12738 (elapsed: 1365426)
  call_process (local in process.c) called from PC: $1291c (elapsed: 1365463)
  process_run (packetbuf.c) called from PC: $05edc (elapsed: 1368574)
 WARN [Thread-2] (MspMote.java:229) - 36: # Watchdog[EXECUTION]: illegal write to WDTCTL (0) from $103ca - reset!!!!
Watchdog: illegal write to WDTCTL (0) from $103ca - reset!!!!
Stack Trace: number of calls: 5 PC: $103ca
  watchdog_reboot (packetbuf.c) called from PC: $24c30 (elapsed: 5)
  restart_time_synchronisation (packetbuf.c) called from PC: $159f2 (elapsed: 30452)
  process_thread_foure_timesynch_process (local in 4emac-timesynch.c) called from PC: $12738 (elapsed: 1528045)
  call_process (local in process.c) called from PC: $1291c (elapsed: 1528082)
  process_run (packetbuf.c) called from PC: $05edc (elapsed: 1533772)
 WARN [Thread-2] (MspMote.java:229) - 16: # Watchdog[EXECUTION]: illegal write to WDTCTL (0) from $103ca - reset!!!!
Watchdog: illegal write to WDTCTL (0) from $103ca - reset!!!!
Stack Trace: number of calls: 5 PC: $103ca
  watchdog_reboot (packetbuf.c) called from PC: $24c30 (elapsed: 5)
  restart_time_synchronisation (packetbuf.c) called from PC: $159f2 (elapsed: 30453)
  process_thread_foure_timesynch_process (local in 4emac-timesynch.c) called from PC: $12738 (elapsed: 1435324)
  call_process (local in process.c) called from PC: $1291c (elapsed: 1435361)
  process_run (packetbuf.c) called from PC: $05edc (elapsed: 1438272)
 WARN [Thread-2] (MspMote.java:229) - 29: # Watchdog[EXECUTION]: illegal write to WDTCTL (0) from $103ca - reset!!!!
Watchdog: illegal write to WDTCTL (0) from $103ca - reset!!!!
Stack Trace: number of calls: 5 PC: $103ca
  watchdog_reboot (packetbuf.c) called from PC: $24c30 (elapsed: 5)
  restart_time_synchronisation (packetbuf.c) called from PC: $159f2 (elapsed: 30453)
  process_thread_foure_timesynch_process (local in 4emac-timesynch.c) called from PC: $12738 (elapsed: 1503439)
  call_process (local in process.c) called from PC: $1291c (elapsed: 1503476)
  process_run (packetbuf.c) called from PC: $05edc (elapsed: 1506508)
 WARN [Thread-2] (MspMote.java:229) - 28: # Watchdog[EXECUTION]: illegal write to WDTCTL (0) from $103ca - reset!!!!
Watchdog: illegal write to WDTCTL (0) from $103ca - reset!!!!
Stack Trace: number of calls: 5 PC: $103ca
  watchdog_reboot (packetbuf.c) called from PC: $24c30 (elapsed: 5)
  restart_time_synchronisation (packetbuf.c) called from PC: $159f2 (elapsed: 30452)
  process_thread_foure_timesynch_process (local in 4emac-timesynch.c) called from PC: $12738 (elapsed: 1419260)
  call_process (local in process.c) called from PC: $1291c (elapsed: 1419297)
  process_run (packetbuf.c) called from PC: $05edc (elapsed: 1422568)
 WARN [Thread-2] (MspMote.java:229) - 39: # Watchdog[EXECUTION]: illegal write to WDTCTL (0) from $103ca - reset!!!!
Watchdog: illegal write to WDTCTL (0) from $103ca - reset!!!!
Stack Trace: number of calls: 5 PC: $103ca
  watchdog_reboot (packetbuf.c) called from PC: $24c30 (elapsed: 5)
  restart_time_synchronisation (packetbuf.c) called from PC: $159f2 (elapsed: 30452)
  process_thread_foure_timesynch_process (local in 4emac-timesynch.c) called from PC: $12738 (elapsed: 1552126)
  call_process (local in process.c) called from PC: $1291c (elapsed: 1552163)
  process_run (packetbuf.c) called from PC: $05edc (elapsed: 1555155)
 WARN [Thread-2] (MspMote.java:229) - 3: # Watchdog[EXECUTION]: illegal write to WDTCTL (0) from $103ca - reset!!!!
Watchdog: illegal write to WDTCTL (0) from $103ca - reset!!!!
Stack Trace: number of calls: 5 PC: $103ca
  watchdog_reboot (packetbuf.c) called from PC: $24c30 (elapsed: 5)
  restart_time_synchronisation (packetbuf.c) called from PC: $159f2 (elapsed: 30645)
  process_thread_foure_timesynch_process (local in 4emac-timesynch.c) called from PC: $12738 (elapsed: 1581795)
  call_process (local in process.c) called from PC: $1291c (elapsed: 1581832)
  process_run (packetbuf.c) called from PC: $05edc (elapsed: 1709788)
 WARN [Thread-2] (MspMote.java:229) - 49: # Watchdog[EXECUTION]: illegal write to WDTCTL (0) from $103ca - reset!!!!
Watchdog: illegal write to WDTCTL (0) from $103ca - reset!!!!
Stack Trace: number of calls: 5 PC: $103ca
  watchdog_reboot (packetbuf.c) called from PC: $24c30 (elapsed: 5)
  restart_time_synchronisation (packetbuf.c) called from PC: $159f2 (elapsed: 30453)
  process_thread_foure_timesynch_process (local in 4emac-timesynch.c) called from PC: $12738 (elapsed: 775878)
  call_process (local in process.c) called from PC: $1291c (elapsed: 775915)
  process_run (packetbuf.c) called from PC: $05edc (elapsed: 779146)
 WARN [Thread-2] (MspMote.java:229) - 17: # Watchdog[EXECUTION]: illegal write to WDTCTL (0) from $103ca - reset!!!!
Watchdog: illegal write to WDTCTL (0) from $103ca - reset!!!!
Stack Trace: number of calls: 11 PC: $103ca
  watchdog_reboot (packetbuf.c) called from PC: $24c30 (elapsed: 5)
  restart_time_synchronisation (packetbuf.c) called from PC: $14eee (elapsed: 31370)
  foure_timesynch_parent_switch_callback (packetbuf.c) called from PC: $1e95c (elapsed: 69451)
  rpl_set_preferred_parent (local in rpl-dag.c) called from PC: $1ef8c (elapsed: 165009)
  rpl_nullify_parent (packetbuf.c) called from PC: $1fc26 (elapsed: 392867)
  rpl_process_parent_event (packetbuf.c) called from PC: $1fcbe (elapsed: 530305)
  rpl_recalculate_ranks (packetbuf.c) called from PC: $23726 (elapsed: 534402)
  handle_periodic_timer (local in rpl-timers.c) called from PC: $1219c (elapsed: 535009)
  process_thread_ctimer_process (local in ctimer.c) called from PC: $12738 (elapsed: 535210)
  call_process (local in process.c) called from PC: $1291c (elapsed: 535247)
  process_run (packetbuf.c) called from PC: $05edc (elapsed: 538241)
 WARN [Thread-2] (MspMote.java:229) - 11: # Watchdog[EXECUTION]: illegal write to WDTCTL (0) from $103ca - reset!!!!
Watchdog: illegal write to WDTCTL (0) from $103ca - reset!!!!
Stack Trace: number of calls: 5 PC: $103ca
  watchdog_reboot (packetbuf.c) called from PC: $24c30 (elapsed: 5)
  restart_time_synchronisation (packetbuf.c) called from PC: $159f2 (elapsed: 30453)
  process_thread_foure_timesynch_process (local in 4emac-timesynch.c) called from PC: $12738 (elapsed: 958912)
  call_process (local in process.c) called from PC: $1291c (elapsed: 958949)
  process_run (packetbuf.c) called from PC: $05edc (elapsed: 961941)
 WARN [Thread-2] (MspMote.java:229) - 43: # Watchdog[EXECUTION]: illegal write to WDTCTL (0) from $103ca - reset!!!!
Watchdog: illegal write to WDTCTL (0) from $103ca - reset!!!!
Stack Trace: number of calls: 5 PC: $103ca
  watchdog_reboot (packetbuf.c) called from PC: $24c30 (elapsed: 5)
  restart_time_synchronisation (packetbuf.c) called from PC: $159f2 (elapsed: 30452)
  process_thread_foure_timesynch_process (local in 4emac-timesynch.c) called from PC: $12738 (elapsed: 1486418)
  call_process (local in process.c) called from PC: $1291c (elapsed: 1486455)
  process_run (packetbuf.c) called from PC: $05edc (elapsed: 1489771)
 WARN [Thread-2] (MspMote.java:229) - 15: # Watchdog[EXECUTION]: illegal write to WDTCTL (0) from $103ca - reset!!!!
Watchdog: illegal write to WDTCTL (0) from $103ca - reset!!!!
Stack Trace: number of calls: 5 PC: $103ca
  watchdog_reboot (packetbuf.c) called from PC: $24c30 (elapsed: 5)
  restart_time_synchronisation (packetbuf.c) called from PC: $159f2 (elapsed: 30452)
  process_thread_foure_timesynch_process (local in 4emac-timesynch.c) called from PC: $12738 (elapsed: 1407863)
  call_process (local in process.c) called from PC: $1291c (elapsed: 1407900)
  process_run (packetbuf.c) called from PC: $05edc (elapsed: 1410894)
 WARN [Thread-2] (MspMote.java:229) - 41: # Watchdog[EXECUTION]: illegal write to WDTCTL (0) from $103ca - reset!!!!
Watchdog: illegal write to WDTCTL (0) from $103ca - reset!!!!
Stack Trace: number of calls: 5 PC: $103ca
  watchdog_reboot (packetbuf.c) called from PC: $24c30 (elapsed: 5)
  restart_time_synchronisation (packetbuf.c) called from PC: $159f2 (elapsed: 30447)
  process_thread_foure_timesynch_process (local in 4emac-timesynch.c) called from PC: $12738 (elapsed: 1368842)
  call_process (local in process.c) called from PC: $1291c (elapsed: 1368879)
  process_run (packetbuf.c) called from PC: $05edc (elapsed: 1371715)
 WARN [Thread-2] (MspMote.java:229) - 54: # Watchdog[EXECUTION]: illegal write to WDTCTL (0) from $103ca - reset!!!!
Watchdog: illegal write to WDTCTL (0) from $103ca - reset!!!!
Stack Trace: number of calls: 5 PC: $103ca
  watchdog_reboot (packetbuf.c) called from PC: $24c30 (elapsed: 5)
  restart_time_synchronisation (packetbuf.c) called from PC: $159f2 (elapsed: 30447)
  process_thread_foure_timesynch_process (local in 4emac-timesynch.c) called from PC: $12738 (elapsed: 1451833)
  call_process (local in process.c) called from PC: $1291c (elapsed: 1451870)
  process_run (packetbuf.c) called from PC: $05edc (elapsed: 1455053)
 WARN [Thread-2] (MspMote.java:229) - 9: # Watchdog[EXECUTION]: illegal write to WDTCTL (0) from $103ca - reset!!!!
Watchdog: illegal write to WDTCTL (0) from $103ca - reset!!!!
Stack Trace: number of calls: 5 PC: $103ca
  watchdog_reboot (packetbuf.c) called from PC: $24c30 (elapsed: 5)
  restart_time_synchronisation (packetbuf.c) called from PC: $159f2 (elapsed: 30453)
  process_thread_foure_timesynch_process (local in 4emac-timesynch.c) called from PC: $12738 (elapsed: 1446378)
  call_process (local in process.c) called from PC: $1291c (elapsed: 1446415)
  process_run (packetbuf.c) called from PC: $05edc (elapsed: 1449409)
 WARN [Thread-2] (MspMote.java:229) - 51: # Watchdog[EXECUTION]: illegal write to WDTCTL (0) from $103ca - reset!!!!
Watchdog: illegal write to WDTCTL (0) from $103ca - reset!!!!
Stack Trace: number of calls: 5 PC: $103ca
  watchdog_reboot (packetbuf.c) called from PC: $24c30 (elapsed: 5)
  restart_time_synchronisation (packetbuf.c) called from PC: $159f2 (elapsed: 30453)
  process_thread_foure_timesynch_process (local in 4emac-timesynch.c) called from PC: $12738 (elapsed: 1381155)
  call_process (local in process.c) called from PC: $1291c (elapsed: 1381192)
  process_run (packetbuf.c) called from PC: $05edc (elapsed: 1384186)
 WARN [Thread-2] (MspMote.java:229) - 37: # Watchdog[EXECUTION]: illegal write to WDTCTL (0) from $103ca - reset!!!!
Watchdog: illegal write to WDTCTL (0) from $103ca - reset!!!!
Stack Trace: number of calls: 5 PC: $103ca
  watchdog_reboot (packetbuf.c) called from PC: $24c30 (elapsed: 5)
  restart_time_synchronisation (packetbuf.c) called from PC: $159f2 (elapsed: 30452)
  process_thread_foure_timesynch_process (local in 4emac-timesynch.c) called from PC: $12738 (elapsed: 1428092)
  call_process (local in process.c) called from PC: $1291c (elapsed: 1428129)
  process_run (packetbuf.c) called from PC: $05edc (elapsed: 1431206)
 WARN [Thread-2] (MspMote.java:229) - 48: # Watchdog[EXECUTION]: illegal write to WDTCTL (0) from $103ca - reset!!!!
Watchdog: illegal write to WDTCTL (0) from $103ca - reset!!!!
Stack Trace: number of calls: 5 PC: $103ca
  watchdog_reboot (packetbuf.c) called from PC: $24c30 (elapsed: 5)
  restart_time_synchronisation (packetbuf.c) called from PC: $159f2 (elapsed: 30453)
  process_thread_foure_timesynch_process (local in 4emac-timesynch.c) called from PC: $12738 (elapsed: 1443681)
  call_process (local in process.c) called from PC: $1291c (elapsed: 1443718)
  process_run (packetbuf.c) called from PC: $05edc (elapsed: 1446978)
 WARN [Thread-2] (MspMote.java:229) - 52: # Watchdog[EXECUTION]: illegal write to WDTCTL (0) from $103ca - reset!!!!
Watchdog: illegal write to WDTCTL (0) from $103ca - reset!!!!
Stack Trace: number of calls: 5 PC: $103ca
  watchdog_reboot (packetbuf.c) called from PC: $24c30 (elapsed: 5)
  restart_time_synchronisation (packetbuf.c) called from PC: $159f2 (elapsed: 30453)
  process_thread_foure_timesynch_process (local in 4emac-timesynch.c) called from PC: $12738 (elapsed: 874784)
  call_process (local in process.c) called from PC: $1291c (elapsed: 874821)
  process_run (packetbuf.c) called from PC: $05edc (elapsed: 1637343)
 WARN [Thread-2] (MspMote.java:229) - 31: # Watchdog[EXECUTION]: illegal write to WDTCTL (0) from $103ca - reset!!!!
Watchdog: illegal write to WDTCTL (0) from $103ca - reset!!!!
Stack Trace: number of calls: 5 PC: $103ca
  watchdog_reboot (packetbuf.c) called from PC: $24c30 (elapsed: 5)
  restart_time_synchronisation (packetbuf.c) called from PC: $159f2 (elapsed: 30453)
  process_thread_foure_timesynch_process (local in 4emac-timesynch.c) called from PC: $12738 (elapsed: 1456694)
  call_process (local in process.c) called from PC: $1291c (elapsed: 1456731)
  process_run (packetbuf.c) called from PC: $05edc (elapsed: 1459752)
 WARN [Thread-2] (MspMote.java:229) - 22: # Watchdog[EXECUTION]: illegal write to WDTCTL (0) from $103ca - reset!!!!
Watchdog: illegal write to WDTCTL (0) from $103ca - reset!!!!
Stack Trace: number of calls: 5 PC: $103ca
  watchdog_reboot (packetbuf.c) called from PC: $24c30 (elapsed: 5)
  restart_time_synchronisation (packetbuf.c) called from PC: $159f2 (elapsed: 30452)
  process_thread_foure_timesynch_process (local in 4emac-timesynch.c) called from PC: $12738 (elapsed: 1491228)
  call_process (local in process.c) called from PC: $1291c (elapsed: 1491265)
  process_run (packetbuf.c) called from PC: $05edc (elapsed: 1494178)
 WARN [Thread-2] (MspMote.java:229) - 42: # Watchdog[EXECUTION]: illegal write to WDTCTL (0) from $103ca - reset!!!!
Watchdog: illegal write to WDTCTL (0) from $103ca - reset!!!!
Stack Trace: number of calls: 5 PC: $103ca
  watchdog_reboot (packetbuf.c) called from PC: $24c30 (elapsed: 5)
  restart_time_synchronisation (packetbuf.c) called from PC: $159f2 (elapsed: 30452)
  process_thread_foure_timesynch_process (local in 4emac-timesynch.c) called from PC: $12738 (elapsed: 1355245)
  call_process (local in process.c) called from PC: $1291c (elapsed: 1355282)
  process_run (packetbuf.c) called from PC: $05edc (elapsed: 1358544)
 WARN [Thread-2] (MspMote.java:229) - 14: # Watchdog[EXECUTION]: illegal write to WDTCTL (0) from $103ca - reset!!!!
 INFO [Thread-2] (LogScriptEngine.java:389) - Test script at 50.00%, done in 8913.7 sec
Watchdog: illegal write to WDTCTL (0) from $103ca - reset!!!!
Stack Trace: number of calls: 5 PC: $103ca
  watchdog_reboot (packetbuf.c) called from PC: $24c30 (elapsed: 5)
  restart_time_synchronisation (packetbuf.c) called from PC: $159f2 (elapsed: 30452)
  process_thread_foure_timesynch_process (local in 4emac-timesynch.c) called from PC: $12738 (elapsed: 1390186)
  call_process (local in process.c) called from PC: $1291c (elapsed: 1390223)
  process_run (packetbuf.c) called from PC: $05edc (elapsed: 1393514)
 WARN [Thread-2] (MspMote.java:229) - 8: # Watchdog[EXECUTION]: illegal write to WDTCTL (0) from $103ca - reset!!!!
Watchdog: illegal write to WDTCTL (0) from $103ca - reset!!!!
Stack Trace: number of calls: 5 PC: $103ca
  watchdog_reboot (packetbuf.c) called from PC: $24c30 (elapsed: 5)
  restart_time_synchronisation (packetbuf.c) called from PC: $159f2 (elapsed: 30452)
  process_thread_foure_timesynch_process (local in 4emac-timesynch.c) called from PC: $12738 (elapsed: 1215108)
  call_process (local in process.c) called from PC: $1291c (elapsed: 1215145)
  process_run (packetbuf.c) called from PC: $05edc (elapsed: 1218139)
 WARN [Thread-2] (MspMote.java:229) - 2: # Watchdog[EXECUTION]: illegal write to WDTCTL (0) from $103ca - reset!!!!
Watchdog: illegal write to WDTCTL (0) from $103ca - reset!!!!
Stack Trace: number of calls: 5 PC: $103ca
  watchdog_reboot (packetbuf.c) called from PC: $24c30 (elapsed: 5)
  restart_time_synchronisation (packetbuf.c) called from PC: $159f2 (elapsed: 30452)
  process_thread_foure_timesynch_process (local in 4emac-timesynch.c) called from PC: $12738 (elapsed: 1398555)
  call_process (local in process.c) called from PC: $1291c (elapsed: 1398592)
  process_run (packetbuf.c) called from PC: $05edc (elapsed: 1401863)
 WARN [Thread-2] (MspMote.java:229) - 10: # Watchdog[EXECUTION]: illegal write to WDTCTL (0) from $103ca - reset!!!!
Watchdog: illegal write to WDTCTL (0) from $103ca - reset!!!!
Stack Trace: number of calls: 5 PC: $103ca
  watchdog_reboot (packetbuf.c) called from PC: $24c30 (elapsed: 5)
  restart_time_synchronisation (packetbuf.c) called from PC: $159f2 (elapsed: 30452)
  process_thread_foure_timesynch_process (local in 4emac-timesynch.c) called from PC: $12738 (elapsed: 1361654)
  call_process (local in process.c) called from PC: $1291c (elapsed: 1361691)
  process_run (packetbuf.c) called from PC: $05edc (elapsed: 1364609)
 WARN [Thread-2] (MspMote.java:229) - 26: # Watchdog[EXECUTION]: illegal write to WDTCTL (0) from $103ca - reset!!!!
Watchdog: illegal write to WDTCTL (0) from $103ca - reset!!!!
Stack Trace: number of calls: 5 PC: $103ca
  watchdog_reboot (packetbuf.c) called from PC: $24c30 (elapsed: 5)
  restart_time_synchronisation (packetbuf.c) called from PC: $159f2 (elapsed: 30447)
  process_thread_foure_timesynch_process (local in 4emac-timesynch.c) called from PC: $12738 (elapsed: 1389967)
  call_process (local in process.c) called from PC: $1291c (elapsed: 1390004)
  process_run (packetbuf.c) called from PC: $05edc (elapsed: 1393034)
 WARN [Thread-2] (MspMote.java:229) - 32: # Watchdog[EXECUTION]: illegal write to WDTCTL (0) from $103ca - reset!!!!
Watchdog: illegal write to WDTCTL (0) from $103ca - reset!!!!
Stack Trace: number of calls: 11 PC: $103ca
  watchdog_reboot (packetbuf.c) called from PC: $24c30 (elapsed: 5)
  restart_time_synchronisation (packetbuf.c) called from PC: $14eee (elapsed: 31370)
  foure_timesynch_parent_switch_callback (packetbuf.c) called from PC: $1e95c (elapsed: 69451)
  rpl_set_preferred_parent (local in rpl-dag.c) called from PC: $1ef8c (elapsed: 198503)
  rpl_nullify_parent (packetbuf.c) called from PC: $1fc26 (elapsed: 422360)
  rpl_process_parent_event (packetbuf.c) called from PC: $1fcbe (elapsed: 524196)
  rpl_recalculate_ranks (packetbuf.c) called from PC: $23726 (elapsed: 527724)
  handle_periodic_timer (local in rpl-timers.c) called from PC: $1219c (elapsed: 528076)
  process_thread_ctimer_process (local in ctimer.c) called from PC: $12738 (elapsed: 528301)
  call_process (local in process.c) called from PC: $1291c (elapsed: 528338)
  process_run (packetbuf.c) called from PC: $05edc (elapsed: 531174)
 WARN [Thread-2] (MspMote.java:229) - 21: # Watchdog[EXECUTION]: illegal write to WDTCTL (0) from $103ca - reset!!!!
Watchdog: illegal write to WDTCTL (0) from $103ca - reset!!!!
Stack Trace: number of calls: 5 PC: $103ca
  watchdog_reboot (packetbuf.c) called from PC: $24c30 (elapsed: 5)
  restart_time_synchronisation (packetbuf.c) called from PC: $159f2 (elapsed: 30452)
  process_thread_foure_timesynch_process (local in 4emac-timesynch.c) called from PC: $12738 (elapsed: 1345028)
  call_process (local in process.c) called from PC: $1291c (elapsed: 1345065)
  process_run (packetbuf.c) called from PC: $05edc (elapsed: 1348433)
 WARN [Thread-2] (MspMote.java:229) - 4: # Watchdog[EXECUTION]: illegal write to WDTCTL (0) from $103ca - reset!!!!
Watchdog: illegal write to WDTCTL (0) from $103ca - reset!!!!
Stack Trace: number of calls: 5 PC: $103ca
  watchdog_reboot (packetbuf.c) called from PC: $24c30 (elapsed: 5)
  restart_time_synchronisation (packetbuf.c) called from PC: $159f2 (elapsed: 30452)
  process_thread_foure_timesynch_process (local in 4emac-timesynch.c) called from PC: $12738 (elapsed: 667811)
  call_process (local in process.c) called from PC: $1291c (elapsed: 667848)
  process_run (packetbuf.c) called from PC: $05edc (elapsed: 670919)
 WARN [Thread-2] (MspMote.java:229) - 30: # Watchdog[EXECUTION]: illegal write to WDTCTL (0) from $103ca - reset!!!!
Watchdog: illegal write to WDTCTL (0) from $103ca - reset!!!!
Stack Trace: number of calls: 5 PC: $103ca
  watchdog_reboot (packetbuf.c) called from PC: $24c30 (elapsed: 5)
  restart_time_synchronisation (packetbuf.c) called from PC: $159f2 (elapsed: 30453)
  process_thread_foure_timesynch_process (local in 4emac-timesynch.c) called from PC: $12738 (elapsed: 816032)
  call_process (local in process.c) called from PC: $1291c (elapsed: 816069)
  process_run (packetbuf.c) called from PC: $05edc (elapsed: 819250)
 WARN [Thread-2] (MspMote.java:229) - 18: # Watchdog[EXECUTION]: illegal write to WDTCTL (0) from $103ca - reset!!!!
Watchdog: illegal write to WDTCTL (0) from $103ca - reset!!!!
Stack Trace: number of calls: 5 PC: $103ca
  watchdog_reboot (packetbuf.c) called from PC: $24c30 (elapsed: 5)
  restart_time_synchronisation (packetbuf.c) called from PC: $159f2 (elapsed: 30453)
  process_thread_foure_timesynch_process (local in 4emac-timesynch.c) called from PC: $12738 (elapsed: 1373596)
  call_process (local in process.c) called from PC: $1291c (elapsed: 1373633)
  process_run (packetbuf.c) called from PC: $05edc (elapsed: 1376625)
 WARN [Thread-2] (MspMote.java:229) - 34: # Watchdog[EXECUTION]: illegal write to WDTCTL (0) from $103ca - reset!!!!
Watchdog: illegal write to WDTCTL (0) from $103ca - reset!!!!
Stack Trace: number of calls: 5 PC: $103ca
  watchdog_reboot (packetbuf.c) called from PC: $24c30 (elapsed: 5)
  restart_time_synchronisation (packetbuf.c) called from PC: $159f2 (elapsed: 30447)
  process_thread_foure_timesynch_process (local in 4emac-timesynch.c) called from PC: $12738 (elapsed: 1077177)
  call_process (local in process.c) called from PC: $1291c (elapsed: 1077214)
  process_run (packetbuf.c) called from PC: $05edc (elapsed: 1080287)
 WARN [Thread-2] (MspMote.java:229) - 3: # Watchdog[EXECUTION]: illegal write to WDTCTL (0) from $103ca - reset!!!!
Watchdog: illegal write to WDTCTL (0) from $103ca - reset!!!!
Stack Trace: number of calls: 5 PC: $103ca
  watchdog_reboot (packetbuf.c) called from PC: $24c30 (elapsed: 5)
  restart_time_synchronisation (packetbuf.c) called from PC: $159f2 (elapsed: 30453)
  process_thread_foure_timesynch_process (local in 4emac-timesynch.c) called from PC: $12738 (elapsed: 1435545)
  call_process (local in process.c) called from PC: $1291c (elapsed: 1435582)
  process_run (packetbuf.c) called from PC: $05edc (elapsed: 1438763)
 WARN [Thread-2] (MspMote.java:229) - 20: # Watchdog[EXECUTION]: illegal write to WDTCTL (0) from $103ca - reset!!!!
Watchdog: illegal write to WDTCTL (0) from $103ca - reset!!!!
Stack Trace: number of calls: 5 PC: $103ca
  watchdog_reboot (packetbuf.c) called from PC: $24c30 (elapsed: 5)
  restart_time_synchronisation (packetbuf.c) called from PC: $159f2 (elapsed: 30447)
  process_thread_foure_timesynch_process (local in 4emac-timesynch.c) called from PC: $12738 (elapsed: 952925)
  call_process (local in process.c) called from PC: $1291c (elapsed: 952962)
  process_run (packetbuf.c) called from PC: $05edc (elapsed: 956033)
 WARN [Thread-2] (MspMote.java:229) - 27: # Watchdog[EXECUTION]: illegal write to WDTCTL (0) from $103ca - reset!!!!
Watchdog: illegal write to WDTCTL (0) from $103ca - reset!!!!
Stack Trace: number of calls: 5 PC: $103ca
  watchdog_reboot (packetbuf.c) called from PC: $24c30 (elapsed: 5)
  restart_time_synchronisation (packetbuf.c) called from PC: $159f2 (elapsed: 30453)
  process_thread_foure_timesynch_process (local in 4emac-timesynch.c) called from PC: $12738 (elapsed: 833707)
  call_process (local in process.c) called from PC: $1291c (elapsed: 833744)
  process_run (packetbuf.c) called from PC: $05edc (elapsed: 837083)
 WARN [Thread-2] (MspMote.java:229) - 16: # Watchdog[EXECUTION]: illegal write to WDTCTL (0) from $103ca - reset!!!!
Watchdog: illegal write to WDTCTL (0) from $103ca - reset!!!!
Stack Trace: number of calls: 5 PC: $103ca
  watchdog_reboot (packetbuf.c) called from PC: $24c30 (elapsed: 5)
  restart_time_synchronisation (packetbuf.c) called from PC: $159f2 (elapsed: 31359)
  process_thread_foure_timesynch_process (local in 4emac-timesynch.c) called from PC: $12738 (elapsed: 185423)
  call_process (local in process.c) called from PC: $1291c (elapsed: 185460)
  process_run (packetbuf.c) called from PC: $05edc (elapsed: 187820)
 WARN [Thread-2] (MspMote.java:229) - 31: # Watchdog[EXECUTION]: illegal write to WDTCTL (0) from $103ca - reset!!!!
Watchdog: illegal write to WDTCTL (0) from $103ca - reset!!!!
Stack Trace: number of calls: 5 PC: $103ca
  watchdog_reboot (packetbuf.c) called from PC: $24c30 (elapsed: 5)
  restart_time_synchronisation (packetbuf.c) called from PC: $159f2 (elapsed: 30453)
  process_thread_foure_timesynch_process (local in 4emac-timesynch.c) called from PC: $12738 (elapsed: 1381993)
  call_process (local in process.c) called from PC: $1291c (elapsed: 1382030)
  process_run (packetbuf.c) called from PC: $05edc (elapsed: 1385983)
 WARN [Thread-2] (MspMote.java:229) - 5: # Watchdog[EXECUTION]: illegal write to WDTCTL (0) from $103ca - reset!!!!
Watchdog: illegal write to WDTCTL (0) from $103ca - reset!!!!
Stack Trace: number of calls: 5 PC: $103ca
  watchdog_reboot (packetbuf.c) called from PC: $24c30 (elapsed: 5)
  restart_time_synchronisation (packetbuf.c) called from PC: $159f2 (elapsed: 30651)
  process_thread_foure_timesynch_process (local in 4emac-timesynch.c) called from PC: $12738 (elapsed: 943767)
  call_process (local in process.c) called from PC: $1291c (elapsed: 943804)
  process_run (packetbuf.c) called from PC: $05edc (elapsed: 946798)
 WARN [Thread-2] (MspMote.java:229) - 13: # Watchdog[EXECUTION]: illegal write to WDTCTL (0) from $103ca - reset!!!!
Watchdog: illegal write to WDTCTL (0) from $103ca - reset!!!!
Stack Trace: number of calls: 5 PC: $103ca
  watchdog_reboot (packetbuf.c) called from PC: $24c30 (elapsed: 5)
  restart_time_synchronisation (packetbuf.c) called from PC: $159f2 (elapsed: 30447)
  process_thread_foure_timesynch_process (local in 4emac-timesynch.c) called from PC: $12738 (elapsed: 1072822)
  call_process (local in process.c) called from PC: $1291c (elapsed: 1072859)
  process_run (packetbuf.c) called from PC: $05edc (elapsed: 1076038)
 WARN [Thread-2] (MspMote.java:229) - 6: # Watchdog[EXECUTION]: illegal write to WDTCTL (0) from $103ca - reset!!!!
Watchdog: illegal write to WDTCTL (0) from $103ca - reset!!!!
Stack Trace: number of calls: 5 PC: $103ca
  watchdog_reboot (packetbuf.c) called from PC: $24c30 (elapsed: 5)
  restart_time_synchronisation (packetbuf.c) called from PC: $159f2 (elapsed: 30447)
  process_thread_foure_timesynch_process (local in 4emac-timesynch.c) called from PC: $12738 (elapsed: 1273155)
  call_process (local in process.c) called from PC: $1291c (elapsed: 1273192)
  process_run (packetbuf.c) called from PC: $05edc (elapsed: 1276440)
 WARN [Thread-2] (MspMote.java:229) - 1: # Watchdog[EXECUTION]: illegal write to WDTCTL (0) from $103ca - reset!!!!
Watchdog: illegal write to WDTCTL (0) from $103ca - reset!!!!
Stack Trace: number of calls: 5 PC: $103ca
  watchdog_reboot (packetbuf.c) called from PC: $24c30 (elapsed: 5)
  restart_time_synchronisation (packetbuf.c) called from PC: $159f2 (elapsed: 30567)
  process_thread_foure_timesynch_process (local in 4emac-timesynch.c) called from PC: $12738 (elapsed: 1077506)
  call_process (local in process.c) called from PC: $1291c (elapsed: 1077543)
  process_run (packetbuf.c) called from PC: $05edc (elapsed: 1080693)
 WARN [Thread-2] (MspMote.java:229) - 14: # Watchdog[EXECUTION]: illegal write to WDTCTL (0) from $103ca - reset!!!!
Watchdog: illegal write to WDTCTL (0) from $103ca - reset!!!!
Stack Trace: number of calls: 5 PC: $103ca
  watchdog_reboot (packetbuf.c) called from PC: $24c30 (elapsed: 5)
  restart_time_synchronisation (packetbuf.c) called from PC: $159f2 (elapsed: 30452)
  process_thread_foure_timesynch_process (local in 4emac-timesynch.c) called from PC: $12738 (elapsed: 536466)
  call_process (local in process.c) called from PC: $1291c (elapsed: 536503)
  process_run (packetbuf.c) called from PC: $05edc (elapsed: 539580)
 WARN [Thread-2] (MspMote.java:229) - 29: # Watchdog[EXECUTION]: illegal write to WDTCTL (0) from $103ca - reset!!!!
Watchdog: illegal write to WDTCTL (0) from $103ca - reset!!!!
Stack Trace: number of calls: 5 PC: $103ca
  watchdog_reboot (packetbuf.c) called from PC: $24c30 (elapsed: 5)
  restart_time_synchronisation (packetbuf.c) called from PC: $159f2 (elapsed: 30453)
  process_thread_foure_timesynch_process (local in 4emac-timesynch.c) called from PC: $12738 (elapsed: 1010125)
  call_process (local in process.c) called from PC: $1291c (elapsed: 1010162)
  process_run (packetbuf.c) called from PC: $05edc (elapsed: 1013316)
 WARN [Thread-2] (MspMote.java:229) - 15: # Watchdog[EXECUTION]: illegal write to WDTCTL (0) from $103ca - reset!!!!
Watchdog: illegal write to WDTCTL (0) from $103ca - reset!!!!
Stack Trace: number of calls: 5 PC: $103ca
  watchdog_reboot (packetbuf.c) called from PC: $24c30 (elapsed: 5)
  restart_time_synchronisation (packetbuf.c) called from PC: $159f2 (elapsed: 31364)
  process_thread_foure_timesynch_process (local in 4emac-timesynch.c) called from PC: $12738 (elapsed: 217150)
  call_process (local in process.c) called from PC: $1291c (elapsed: 217187)
  process_run (packetbuf.c) called from PC: $05edc (elapsed: 220277)
 WARN [Thread-2] (MspMote.java:229) - 36: # Watchdog[EXECUTION]: illegal write to WDTCTL (0) from $103ca - reset!!!!
Watchdog: illegal write to WDTCTL (0) from $103ca - reset!!!!
Stack Trace: number of calls: 5 PC: $103ca
  watchdog_reboot (packetbuf.c) called from PC: $24c30 (elapsed: 5)
  restart_time_synchronisation (packetbuf.c) called from PC: $159f2 (elapsed: 30537)
  process_thread_foure_timesynch_process (local in 4emac-timesynch.c) called from PC: $12738 (elapsed: 943693)
  call_process (local in process.c) called from PC: $1291c (elapsed: 943730)
  process_run (packetbuf.c) called from PC: $05edc (elapsed: 946799)
 WARN [Thread-2] (MspMote.java:229) - 17: # Watchdog[EXECUTION]: illegal write to WDTCTL (0) from $103ca - reset!!!!
Watchdog: illegal write to WDTCTL (0) from $103ca - reset!!!!
Stack Trace: number of calls: 5 PC: $103ca
  watchdog_reboot (packetbuf.c) called from PC: $24c30 (elapsed: 5)
  restart_time_synchronisation (packetbuf.c) called from PC: $159f2 (elapsed: 30452)
  process_thread_foure_timesynch_process (local in 4emac-timesynch.c) called from PC: $12738 (elapsed: 840243)
  call_process (local in process.c) called from PC: $1291c (elapsed: 840280)
  process_run (packetbuf.c) called from PC: $05edc (elapsed: 843435)
 WARN [Thread-2] (MspMote.java:229) - 24: # Watchdog[EXECUTION]: illegal write to WDTCTL (0) from $103ca - reset!!!!
Watchdog: illegal write to WDTCTL (0) from $103ca - reset!!!!
Stack Trace: number of calls: 5 PC: $103ca
  watchdog_reboot (packetbuf.c) called from PC: $24c30 (elapsed: 5)
  restart_time_synchronisation (packetbuf.c) called from PC: $159f2 (elapsed: 30452)
  process_thread_foure_timesynch_process (local in 4emac-timesynch.c) called from PC: $12738 (elapsed: 1415020)
  call_process (local in process.c) called from PC: $1291c (elapsed: 1415057)
  process_run (packetbuf.c) called from PC: $05edc (elapsed: 1418161)
 WARN [Thread-2] (MspMote.java:229) - 53: # Watchdog[EXECUTION]: illegal write to WDTCTL (0) from $103ca - reset!!!!
Watchdog: illegal write to WDTCTL (0) from $103ca - reset!!!!
Stack Trace: number of calls: 5 PC: $103ca
  watchdog_reboot (packetbuf.c) called from PC: $24c30 (elapsed: 5)
  restart_time_synchronisation (packetbuf.c) called from PC: $159f2 (elapsed: 30452)
  process_thread_foure_timesynch_process (local in 4emac-timesynch.c) called from PC: $12738 (elapsed: 1424783)
  call_process (local in process.c) called from PC: $1291c (elapsed: 1424820)
  process_run (packetbuf.c) called from PC: $05edc (elapsed: 1428864)
 WARN [Thread-2] (MspMote.java:229) - 59: # Watchdog[EXECUTION]: illegal write to WDTCTL (0) from $103ca - reset!!!!
Watchdog: illegal write to WDTCTL (0) from $103ca - reset!!!!
Stack Trace: number of calls: 5 PC: $103ca
  watchdog_reboot (packetbuf.c) called from PC: $24c30 (elapsed: 5)
  restart_time_synchronisation (packetbuf.c) called from PC: $159f2 (elapsed: 84916)
  process_thread_foure_timesynch_process (local in 4emac-timesynch.c) called from PC: $12738 (elapsed: 1409595)
  call_process (local in process.c) called from PC: $1291c (elapsed: 1409632)
  process_run (packetbuf.c) called from PC: $05edc (elapsed: 1412782)
 WARN [Thread-2] (MspMote.java:229) - 55: # Watchdog[EXECUTION]: illegal write to WDTCTL (0) from $103ca - reset!!!!
Watchdog: illegal write to WDTCTL (0) from $103ca - reset!!!!
Stack Trace: number of calls: 5 PC: $103ca
  watchdog_reboot (packetbuf.c) called from PC: $24c30 (elapsed: 5)
  restart_time_synchronisation (packetbuf.c) called from PC: $159f2 (elapsed: 31372)
  process_thread_foure_timesynch_process (local in 4emac-timesynch.c) called from PC: $12738 (elapsed: 185566)
  call_process (local in process.c) called from PC: $1291c (elapsed: 185603)
  process_run (packetbuf.c) called from PC: $05edc (elapsed: 188776)
 WARN [Thread-2] (MspMote.java:229) - 48: # Watchdog[EXECUTION]: illegal write to WDTCTL (0) from $103ca - reset!!!!
Watchdog: illegal write to WDTCTL (0) from $103ca - reset!!!!
Stack Trace: number of calls: 5 PC: $103ca
  watchdog_reboot (packetbuf.c) called from PC: $24c30 (elapsed: 5)
  restart_time_synchronisation (packetbuf.c) called from PC: $159f2 (elapsed: 56123)
  process_thread_foure_timesynch_process (local in 4emac-timesynch.c) called from PC: $12738 (elapsed: 1511052)
  call_process (local in process.c) called from PC: $1291c (elapsed: 1511089)
  process_run (packetbuf.c) called from PC: $05edc (elapsed: 1514270)
 WARN [Thread-2] (MspMote.java:229) - 60: # Watchdog[EXECUTION]: illegal write to WDTCTL (0) from $103ca - reset!!!!
Watchdog: illegal write to WDTCTL (0) from $103ca - reset!!!!
Stack Trace: number of calls: 5 PC: $103ca
  watchdog_reboot (packetbuf.c) called from PC: $24c30 (elapsed: 5)
  restart_time_synchronisation (packetbuf.c) called from PC: $159f2 (elapsed: 30447)
  process_thread_foure_timesynch_process (local in 4emac-timesynch.c) called from PC: $12738 (elapsed: 1087171)
  call_process (local in process.c) called from PC: $1291c (elapsed: 1087208)
  process_run (packetbuf.c) called from PC: $05edc (elapsed: 1090362)
 WARN [Thread-2] (MspMote.java:229) - 54: # Watchdog[EXECUTION]: illegal write to WDTCTL (0) from $103ca - reset!!!!
Watchdog: illegal write to WDTCTL (0) from $103ca - reset!!!!
Stack Trace: number of calls: 5 PC: $103ca
  watchdog_reboot (packetbuf.c) called from PC: $24c30 (elapsed: 5)
  restart_time_synchronisation (packetbuf.c) called from PC: $159f2 (elapsed: 30447)
  process_thread_foure_timesynch_process (local in 4emac-timesynch.c) called from PC: $12738 (elapsed: 1425195)
  call_process (local in process.c) called from PC: $1291c (elapsed: 1425232)
  process_run (packetbuf.c) called from PC: $05edc (elapsed: 1428147)
 WARN [Thread-2] (MspMote.java:229) - 58: # Watchdog[EXECUTION]: illegal write to WDTCTL (0) from $103ca - reset!!!!
Watchdog: illegal write to WDTCTL (0) from $103ca - reset!!!!
Stack Trace: number of calls: 5 PC: $103ca
  watchdog_reboot (packetbuf.c) called from PC: $24c30 (elapsed: 5)
  restart_time_synchronisation (packetbuf.c) called from PC: $159f2 (elapsed: 30452)
  process_thread_foure_timesynch_process (local in 4emac-timesynch.c) called from PC: $12738 (elapsed: 1227219)
  call_process (local in process.c) called from PC: $1291c (elapsed: 1227256)
  process_run (packetbuf.c) called from PC: $05edc (elapsed: 1230466)
 WARN [Thread-2] (MspMote.java:229) - 33: # Watchdog[EXECUTION]: illegal write to WDTCTL (0) from $103ca - reset!!!!
Watchdog: illegal write to WDTCTL (0) from $103ca - reset!!!!
Stack Trace: number of calls: 5 PC: $103ca
  watchdog_reboot (packetbuf.c) called from PC: $24c30 (elapsed: 5)
  restart_time_synchronisation (packetbuf.c) called from PC: $159f2 (elapsed: 30452)
  process_thread_foure_timesynch_process (local in 4emac-timesynch.c) called from PC: $12738 (elapsed: 982874)
  call_process (local in process.c) called from PC: $1291c (elapsed: 982911)
  process_run (packetbuf.c) called from PC: $05edc (elapsed: 985907)
 WARN [Thread-2] (MspMote.java:229) - 22: # Watchdog[EXECUTION]: illegal write to WDTCTL (0) from $103ca - reset!!!!
Watchdog: illegal write to WDTCTL (0) from $103ca - reset!!!!
Stack Trace: number of calls: 5 PC: $103ca
  watchdog_reboot (packetbuf.c) called from PC: $24c30 (elapsed: 5)
  restart_time_synchronisation (packetbuf.c) called from PC: $159f2 (elapsed: 30573)
  process_thread_foure_timesynch_process (local in 4emac-timesynch.c) called from PC: $12738 (elapsed: 768625)
  call_process (local in process.c) called from PC: $1291c (elapsed: 768662)
  process_run (packetbuf.c) called from PC: $05edc (elapsed: 771735)
 WARN [Thread-2] (MspMote.java:229) - 8: # Watchdog[EXECUTION]: illegal write to WDTCTL (0) from $103ca - reset!!!!
 INFO [Thread-2] (LogScriptEngine.java:389) - Test script at 55.00%, done in 7649.7 sec
Watchdog: illegal write to WDTCTL (0) from $103ca - reset!!!!
Stack Trace: number of calls: 5 PC: $103ca
  watchdog_reboot (packetbuf.c) called from PC: $24c30 (elapsed: 5)
  restart_time_synchronisation (packetbuf.c) called from PC: $159f2 (elapsed: 30447)
  process_thread_foure_timesynch_process (local in 4emac-timesynch.c) called from PC: $12738 (elapsed: 1087039)
  call_process (local in process.c) called from PC: $1291c (elapsed: 1087076)
  process_run (packetbuf.c) called from PC: $05edc (elapsed: 1090259)
 WARN [Thread-2] (MspMote.java:229) - 49: # Watchdog[EXECUTION]: illegal write to WDTCTL (0) from $103ca - reset!!!!
Watchdog: illegal write to WDTCTL (0) from $103ca - reset!!!!
Stack Trace: number of calls: 5 PC: $103ca
  watchdog_reboot (packetbuf.c) called from PC: $24c30 (elapsed: 5)
  restart_time_synchronisation (packetbuf.c) called from PC: $159f2 (elapsed: 30447)
  process_thread_foure_timesynch_process (local in 4emac-timesynch.c) called from PC: $12738 (elapsed: 1387045)
  call_process (local in process.c) called from PC: $1291c (elapsed: 1387082)
  process_run (packetbuf.c) called from PC: $05edc (elapsed: 1390103)
 WARN [Thread-2] (MspMote.java:229) - 61: # Watchdog[EXECUTION]: illegal write to WDTCTL (0) from $103ca - reset!!!!
Watchdog: illegal write to WDTCTL (0) from $103ca - reset!!!!
Stack Trace: number of calls: 5 PC: $103ca
  watchdog_reboot (packetbuf.c) called from PC: $24c30 (elapsed: 5)
  restart_time_synchronisation (packetbuf.c) called from PC: $159f2 (elapsed: 30452)
  process_thread_foure_timesynch_process (local in 4emac-timesynch.c) called from PC: $12738 (elapsed: 670958)
  call_process (local in process.c) called from PC: $1291c (elapsed: 670995)
  process_run (packetbuf.c) called from PC: $05edc (elapsed: 674152)
 WARN [Thread-2] (MspMote.java:229) - 23: # Watchdog[EXECUTION]: illegal write to WDTCTL (0) from $103ca - reset!!!!
Watchdog: illegal write to WDTCTL (0) from $103ca - reset!!!!
Stack Trace: number of calls: 5 PC: $103ca
  watchdog_reboot (packetbuf.c) called from PC: $24c30 (elapsed: 5)
  restart_time_synchronisation (packetbuf.c) called from PC: $159f2 (elapsed: 30453)
  process_thread_foure_timesynch_process (local in 4emac-timesynch.c) called from PC: $12738 (elapsed: 1394570)
  call_process (local in process.c) called from PC: $1291c (elapsed: 1394607)
  process_run (packetbuf.c) called from PC: $05edc (elapsed: 1397923)
 WARN [Thread-2] (MspMote.java:229) - 45: # Watchdog[EXECUTION]: illegal write to WDTCTL (0) from $103ca - reset!!!!
Watchdog: illegal write to WDTCTL (0) from $103ca - reset!!!!
Stack Trace: number of calls: 5 PC: $103ca
  watchdog_reboot (packetbuf.c) called from PC: $24c30 (elapsed: 5)
  restart_time_synchronisation (packetbuf.c) called from PC: $159f2 (elapsed: 30452)
  process_thread_foure_timesynch_process (local in 4emac-timesynch.c) called from PC: $12738 (elapsed: 988082)
  call_process (local in process.c) called from PC: $1291c (elapsed: 988119)
  process_run (packetbuf.c) called from PC: $05edc (elapsed: 991032)
 WARN [Thread-2] (MspMote.java:229) - 37: # Watchdog[EXECUTION]: illegal write to WDTCTL (0) from $103ca - reset!!!!
Watchdog: illegal write to WDTCTL (0) from $103ca - reset!!!!
Stack Trace: number of calls: 5 PC: $103ca
  watchdog_reboot (packetbuf.c) called from PC: $24c30 (elapsed: 5)
  restart_time_synchronisation (packetbuf.c) called from PC: $159f2 (elapsed: 30465)
  process_thread_foure_timesynch_process (local in 4emac-timesynch.c) called from PC: $12738 (elapsed: 1266036)
  call_process (local in process.c) called from PC: $1291c (elapsed: 1266073)
  process_run (packetbuf.c) called from PC: $05edc (elapsed: 1269204)
 WARN [Thread-2] (MspMote.java:229) - 39: # Watchdog[EXECUTION]: illegal write to WDTCTL (0) from $103ca - reset!!!!
Watchdog: illegal write to WDTCTL (0) from $103ca - reset!!!!
Stack Trace: number of calls: 5 PC: $103ca
  watchdog_reboot (packetbuf.c) called from PC: $24c30 (elapsed: 5)
  restart_time_synchronisation (packetbuf.c) called from PC: $159f2 (elapsed: 30453)
  process_thread_foure_timesynch_process (local in 4emac-timesynch.c) called from PC: $12738 (elapsed: 539169)
  call_process (local in process.c) called from PC: $1291c (elapsed: 539206)
  process_run (packetbuf.c) called from PC: $05edc (elapsed: 568373)
 WARN [Thread-2] (MspMote.java:229) - 45: # Watchdog[EXECUTION]: illegal write to WDTCTL (0) from $103ca - reset!!!!
Watchdog: illegal write to WDTCTL (0) from $103ca - reset!!!!
Stack Trace: number of calls: 5 PC: $103ca
  watchdog_reboot (packetbuf.c) called from PC: $24c30 (elapsed: 5)
  restart_time_synchronisation (packetbuf.c) called from PC: $159f2 (elapsed: 30452)
  process_thread_foure_timesynch_process (local in 4emac-timesynch.c) called from PC: $12738 (elapsed: 1474675)
  call_process (local in process.c) called from PC: $1291c (elapsed: 1474712)
  process_run (packetbuf.c) called from PC: $05edc (elapsed: 1477652)
 WARN [Thread-2] (MspMote.java:229) - 47: # Watchdog[EXECUTION]: illegal write to WDTCTL (0) from $103ca - reset!!!!
Watchdog: illegal write to WDTCTL (0) from $103ca - reset!!!!
Stack Trace: number of calls: 5 PC: $103ca
  watchdog_reboot (packetbuf.c) called from PC: $24c30 (elapsed: 5)
  restart_time_synchronisation (packetbuf.c) called from PC: $159f2 (elapsed: 30452)
  process_thread_foure_timesynch_process (local in 4emac-timesynch.c) called from PC: $12738 (elapsed: 1294122)
  call_process (local in process.c) called from PC: $1291c (elapsed: 1294159)
  process_run (packetbuf.c) called from PC: $05edc (elapsed: 1297182)
 WARN [Thread-2] (MspMote.java:229) - 52: # Watchdog[EXECUTION]: illegal write to WDTCTL (0) from $103ca - reset!!!!
Watchdog: illegal write to WDTCTL (0) from $103ca - reset!!!!
Stack Trace: number of calls: 5 PC: $103ca
  watchdog_reboot (packetbuf.c) called from PC: $24c30 (elapsed: 5)
  restart_time_synchronisation (packetbuf.c) called from PC: $159f2 (elapsed: 30555)
  process_thread_foure_timesynch_process (local in 4emac-timesynch.c) called from PC: $12738 (elapsed: 1256530)
  call_process (local in process.c) called from PC: $1291c (elapsed: 1256567)
  process_run (packetbuf.c) called from PC: $05edc (elapsed: 2063269)
 WARN [Thread-2] (MspMote.java:229) - 26: # Watchdog[EXECUTION]: illegal write to WDTCTL (0) from $103ca - reset!!!!
Watchdog: illegal write to WDTCTL (0) from $103ca - reset!!!!
Stack Trace: number of calls: 5 PC: $103ca
  watchdog_reboot (packetbuf.c) called from PC: $24c30 (elapsed: 5)
  restart_time_synchronisation (packetbuf.c) called from PC: $159f2 (elapsed: 31364)
  process_thread_foure_timesynch_process (local in 4emac-timesynch.c) called from PC: $12738 (elapsed: 185460)
  call_process (local in process.c) called from PC: $1291c (elapsed: 185497)
  process_run (packetbuf.c) called from PC: $05edc (elapsed: 187859)
 WARN [Thread-2] (MspMote.java:229) - 16: # Watchdog[EXECUTION]: illegal write to WDTCTL (0) from $103ca - reset!!!!
Watchdog: illegal write to WDTCTL (0) from $103ca - reset!!!!
Stack Trace: number of calls: 5 PC: $103ca
  watchdog_reboot (packetbuf.c) called from PC: $24c30 (elapsed: 5)
  restart_time_synchronisation (packetbuf.c) called from PC: $159f2 (elapsed: 30452)
  process_thread_foure_timesynch_process (local in 4emac-timesynch.c) called from PC: $12738 (elapsed: 1363351)
  call_process (local in process.c) called from PC: $1291c (elapsed: 1363388)
  process_run (packetbuf.c) called from PC: $05edc (elapsed: 1366765)
 WARN [Thread-2] (MspMote.java:229) - 38: # Watchdog[EXECUTION]: illegal write to WDTCTL (0) from $103ca - reset!!!!
Watchdog: illegal write to WDTCTL (0) from $103ca - reset!!!!
Stack Trace: number of calls: 5 PC: $103ca
  watchdog_reboot (packetbuf.c) called from PC: $24c30 (elapsed: 5)
  restart_time_synchronisation (packetbuf.c) called from PC: $159f2 (elapsed: 30447)
  process_thread_foure_timesynch_process (local in 4emac-timesynch.c) called from PC: $12738 (elapsed: 952983)
  call_process (local in process.c) called from PC: $1291c (elapsed: 953020)
  process_run (packetbuf.c) called from PC: $05edc (elapsed: 956012)
 WARN [Thread-2] (MspMote.java:229) - 31: # Watchdog[EXECUTION]: illegal write to WDTCTL (0) from $103ca - reset!!!!
Watchdog: illegal write to WDTCTL (0) from $103ca - reset!!!!
Stack Trace: number of calls: 5 PC: $103ca
  watchdog_reboot (packetbuf.c) called from PC: $24c30 (elapsed: 5)
  restart_time_synchronisation (packetbuf.c) called from PC: $159f2 (elapsed: 62361)
  process_thread_foure_timesynch_process (local in 4emac-timesynch.c) called from PC: $12738 (elapsed: 532936)
  call_process (local in process.c) called from PC: $1291c (elapsed: 532973)
  process_run (packetbuf.c) called from PC: $05edc (elapsed: 536046)
 WARN [Thread-2] (MspMote.java:229) - 29: # Watchdog[EXECUTION]: illegal write to WDTCTL (0) from $103ca - reset!!!!
Watchdog: illegal write to WDTCTL (0) from $103ca - reset!!!!
Stack Trace: number of calls: 5 PC: $103ca
  watchdog_reboot (packetbuf.c) called from PC: $24c30 (elapsed: 5)
  restart_time_synchronisation (packetbuf.c) called from PC: $159f2 (elapsed: 30452)
  process_thread_foure_timesynch_process (local in 4emac-timesynch.c) called from PC: $12738 (elapsed: 502997)
  call_process (local in process.c) called from PC: $1291c (elapsed: 503034)
  process_run (packetbuf.c) called from PC: $05edc (elapsed: 505952)
 WARN [Thread-2] (MspMote.java:229) - 28: # Watchdog[EXECUTION]: illegal write to WDTCTL (0) from $103ca - reset!!!!
Watchdog: illegal write to WDTCTL (0) from $103ca - reset!!!!
Stack Trace: number of calls: 5 PC: $103ca
  watchdog_reboot (packetbuf.c) called from PC: $24c30 (elapsed: 5)
  restart_time_synchronisation (packetbuf.c) called from PC: $159f2 (elapsed: 30452)
  process_thread_foure_timesynch_process (local in 4emac-timesynch.c) called from PC: $12738 (elapsed: 801948)
  call_process (local in process.c) called from PC: $1291c (elapsed: 801985)
  process_run (packetbuf.c) called from PC: $05edc (elapsed: 805218)
 WARN [Thread-2] (MspMote.java:229) - 14: # Watchdog[EXECUTION]: illegal write to WDTCTL (0) from $103ca - reset!!!!
Watchdog: illegal write to WDTCTL (0) from $103ca - reset!!!!
Stack Trace: number of calls: 5 PC: $103ca
  watchdog_reboot (packetbuf.c) called from PC: $24c30 (elapsed: 5)
  restart_time_synchronisation (packetbuf.c) called from PC: $159f2 (elapsed: 30452)
  process_thread_foure_timesynch_process (local in 4emac-timesynch.c) called from PC: $12738 (elapsed: 839795)
  call_process (local in process.c) called from PC: $1291c (elapsed: 839832)
  process_run (packetbuf.c) called from PC: $05edc (elapsed: 842932)
 WARN [Thread-2] (MspMote.java:229) - 22: # Watchdog[EXECUTION]: illegal write to WDTCTL (0) from $103ca - reset!!!!
Watchdog: illegal write to WDTCTL (0) from $103ca - reset!!!!
Stack Trace: number of calls: 5 PC: $103ca
  watchdog_reboot (packetbuf.c) called from PC: $24c30 (elapsed: 5)
  restart_time_synchronisation (packetbuf.c) called from PC: $159f2 (elapsed: 59061)
  process_thread_foure_timesynch_process (local in 4emac-timesynch.c) called from PC: $12738 (elapsed: 535282)
  call_process (local in process.c) called from PC: $1291c (elapsed: 535319)
  process_run (packetbuf.c) called from PC: $05edc (elapsed: 538473)
 WARN [Thread-2] (MspMote.java:229) - 41: # Watchdog[EXECUTION]: illegal write to WDTCTL (0) from $103ca - reset!!!!
Watchdog: illegal write to WDTCTL (0) from $103ca - reset!!!!
Stack Trace: number of calls: 5 PC: $103ca
  watchdog_reboot (packetbuf.c) called from PC: $24c30 (elapsed: 5)
  restart_time_synchronisation (packetbuf.c) called from PC: $159f2 (elapsed: 30453)
  process_thread_foure_timesynch_process (local in 4emac-timesynch.c) called from PC: $12738 (elapsed: 812494)
  call_process (local in process.c) called from PC: $1291c (elapsed: 812531)
  process_run (packetbuf.c) called from PC: $05edc (elapsed: 815529)
 WARN [Thread-2] (MspMote.java:229) - 48: # Watchdog[EXECUTION]: illegal write to WDTCTL (0) from $103ca - reset!!!!
Watchdog: illegal write to WDTCTL (0) from $103ca - reset!!!!
Stack Trace: number of calls: 5 PC: $103ca
  watchdog_reboot (packetbuf.c) called from PC: $24c30 (elapsed: 5)
  restart_time_synchronisation (packetbuf.c) called from PC: $159f2 (elapsed: 30495)
  process_thread_foure_timesynch_process (local in 4emac-timesynch.c) called from PC: $12738 (elapsed: 952575)
  call_process (local in process.c) called from PC: $1291c (elapsed: 952612)
  process_run (packetbuf.c) called from PC: $05edc (elapsed: 955764)
 WARN [Thread-2] (MspMote.java:229) - 43: # Watchdog[EXECUTION]: illegal write to WDTCTL (0) from $103ca - reset!!!!
Watchdog: illegal write to WDTCTL (0) from $103ca - reset!!!!
Stack Trace: number of calls: 5 PC: $103ca
  watchdog_reboot (packetbuf.c) called from PC: $24c30 (elapsed: 5)
  restart_time_synchronisation (packetbuf.c) called from PC: $159f2 (elapsed: 30453)
  process_thread_foure_timesynch_process (local in 4emac-timesynch.c) called from PC: $12738 (elapsed: 1257152)
  call_process (local in process.c) called from PC: $1291c (elapsed: 1257189)
  process_run (packetbuf.c) called from PC: $05edc (elapsed: 1260347)
 WARN [Thread-2] (MspMote.java:229) - 27: # Watchdog[EXECUTION]: illegal write to WDTCTL (0) from $103ca - reset!!!!
Watchdog: illegal write to WDTCTL (0) from $103ca - reset!!!!
Stack Trace: number of calls: 5 PC: $103ca
  watchdog_reboot (packetbuf.c) called from PC: $24c30 (elapsed: 5)
  restart_time_synchronisation (packetbuf.c) called from PC: $159f2 (elapsed: 30447)
  process_thread_foure_timesynch_process (local in 4emac-timesynch.c) called from PC: $12738 (elapsed: 1392087)
  call_process (local in process.c) called from PC: $1291c (elapsed: 1392124)
  process_run (packetbuf.c) called from PC: $05edc (elapsed: 1395366)
 WARN [Thread-2] (MspMote.java:229) - 46: # Watchdog[EXECUTION]: illegal write to WDTCTL (0) from $103ca - reset!!!!
Watchdog: illegal write to WDTCTL (0) from $103ca - reset!!!!
Stack Trace: number of calls: 5 PC: $103ca
  watchdog_reboot (packetbuf.c) called from PC: $24c30 (elapsed: 5)
  restart_time_synchronisation (packetbuf.c) called from PC: $159f2 (elapsed: 30453)
  process_thread_foure_timesynch_process (local in 4emac-timesynch.c) called from PC: $12738 (elapsed: 1127792)
  call_process (local in process.c) called from PC: $1291c (elapsed: 1127829)
  process_run (packetbuf.c) called from PC: $05edc (elapsed: 1131122)
 WARN [Thread-2] (MspMote.java:229) - 32: # Watchdog[EXECUTION]: illegal write to WDTCTL (0) from $103ca - reset!!!!
Watchdog: illegal write to WDTCTL (0) from $103ca - reset!!!!
Stack Trace: number of calls: 5 PC: $103ca
  watchdog_reboot (packetbuf.c) called from PC: $24c30 (elapsed: 5)
  restart_time_synchronisation (packetbuf.c) called from PC: $159f2 (elapsed: 30453)
  process_thread_foure_timesynch_process (local in 4emac-timesynch.c) called from PC: $12738 (elapsed: 810498)
  call_process (local in process.c) called from PC: $1291c (elapsed: 810535)
  process_run (packetbuf.c) called from PC: $05edc (elapsed: 813531)
 WARN [Thread-2] (MspMote.java:229) - 54: # Watchdog[EXECUTION]: illegal write to WDTCTL (0) from $103ca - reset!!!!
Watchdog: illegal write to WDTCTL (0) from $103ca - reset!!!!
Stack Trace: number of calls: 5 PC: $103ca
  watchdog_reboot (packetbuf.c) called from PC: $24c30 (elapsed: 5)
  restart_time_synchronisation (packetbuf.c) called from PC: $159f2 (elapsed: 30447)
  process_thread_foure_timesynch_process (local in 4emac-timesynch.c) called from PC: $12738 (elapsed: 641682)
  call_process (local in process.c) called from PC: $1291c (elapsed: 641719)
  process_run (packetbuf.c) called from PC: $05edc (elapsed: 644792)
 WARN [Thread-2] (MspMote.java:229) - 30: # Watchdog[EXECUTION]: illegal write to WDTCTL (0) from $103ca - reset!!!!
Watchdog: illegal write to WDTCTL (0) from $103ca - reset!!!!
Stack Trace: number of calls: 5 PC: $103ca
  watchdog_reboot (packetbuf.c) called from PC: $24c30 (elapsed: 5)
  restart_time_synchronisation (packetbuf.c) called from PC: $159f2 (elapsed: 30453)
  process_thread_foure_timesynch_process (local in 4emac-timesynch.c) called from PC: $12738 (elapsed: 1448357)
  call_process (local in process.c) called from PC: $1291c (elapsed: 1448394)
  process_run (packetbuf.c) called from PC: $05edc (elapsed: 1451497)
 WARN [Thread-2] (MspMote.java:229) - 57: # Watchdog[EXECUTION]: illegal write to WDTCTL (0) from $103ca - reset!!!!
Watchdog: illegal write to WDTCTL (0) from $103ca - reset!!!!
Stack Trace: number of calls: 5 PC: $103ca
  watchdog_reboot (packetbuf.c) called from PC: $24c30 (elapsed: 5)
  restart_time_synchronisation (packetbuf.c) called from PC: $159f2 (elapsed: 30452)
  process_thread_foure_timesynch_process (local in 4emac-timesynch.c) called from PC: $12738 (elapsed: 978667)
  call_process (local in process.c) called from PC: $1291c (elapsed: 978704)
  process_run (packetbuf.c) called from PC: $05edc (elapsed: 981966)
 WARN [Thread-2] (MspMote.java:229) - 58: # Watchdog[EXECUTION]: illegal write to WDTCTL (0) from $103ca - reset!!!!
Watchdog: illegal write to WDTCTL (0) from $103ca - reset!!!!
Stack Trace: number of calls: 5 PC: $103ca
  watchdog_reboot (packetbuf.c) called from PC: $24c30 (elapsed: 5)
  restart_time_synchronisation (packetbuf.c) called from PC: $159f2 (elapsed: 30465)
  process_thread_foure_timesynch_process (local in 4emac-timesynch.c) called from PC: $12738 (elapsed: 1440213)
  call_process (local in process.c) called from PC: $1291c (elapsed: 1440250)
  process_run (packetbuf.c) called from PC: $05edc (elapsed: 1443525)
 WARN [Thread-2] (MspMote.java:229) - 50: # Watchdog[EXECUTION]: illegal write to WDTCTL (0) from $103ca - reset!!!!
Watchdog: illegal write to WDTCTL (0) from $103ca - reset!!!!
Stack Trace: number of calls: 5 PC: $103ca
  watchdog_reboot (packetbuf.c) called from PC: $24c30 (elapsed: 5)
  restart_time_synchronisation (packetbuf.c) called from PC: $159f2 (elapsed: 30573)
  process_thread_foure_timesynch_process (local in 4emac-timesynch.c) called from PC: $12738 (elapsed: 1374304)
  call_process (local in process.c) called from PC: $1291c (elapsed: 1374341)
  process_run (packetbuf.c) called from PC: $05edc (elapsed: 1377338)
 WARN [Thread-2] (MspMote.java:229) - 40: # Watchdog[EXECUTION]: illegal write to WDTCTL (0) from $103ca - reset!!!!
Watchdog: illegal write to WDTCTL (0) from $103ca - reset!!!!
Stack Trace: number of calls: 5 PC: $103ca
  watchdog_reboot (packetbuf.c) called from PC: $24c30 (elapsed: 5)
  restart_time_synchronisation (packetbuf.c) called from PC: $159f2 (elapsed: 30453)
  process_thread_foure_timesynch_process (local in 4emac-timesynch.c) called from PC: $12738 (elapsed: 950517)
  call_process (local in process.c) called from PC: $1291c (elapsed: 950554)
  process_run (packetbuf.c) called from PC: $05edc (elapsed: 953893)
 WARN [Thread-2] (MspMote.java:229) - 18: # Watchdog[EXECUTION]: illegal write to WDTCTL (0) from $103ca - reset!!!!
Watchdog: illegal write to WDTCTL (0) from $103ca - reset!!!!
Stack Trace: number of calls: 5 PC: $103ca
  watchdog_reboot (packetbuf.c) called from PC: $24c30 (elapsed: 5)
  restart_time_synchronisation (packetbuf.c) called from PC: $159f2 (elapsed: 30447)
  process_thread_foure_timesynch_process (local in 4emac-timesynch.c) called from PC: $12738 (elapsed: 950919)
  call_process (local in process.c) called from PC: $1291c (elapsed: 950956)
  process_run (packetbuf.c) called from PC: $05edc (elapsed: 954108)
 WARN [Thread-2] (MspMote.java:229) - 15: # Watchdog[EXECUTION]: illegal write to WDTCTL (0) from $103ca - reset!!!!
Watchdog: illegal write to WDTCTL (0) from $103ca - reset!!!!
Stack Trace: number of calls: 5 PC: $103ca
  watchdog_reboot (packetbuf.c) called from PC: $24c30 (elapsed: 5)
  restart_time_synchronisation (packetbuf.c) called from PC: $159f2 (elapsed: 30627)
  process_thread_foure_timesynch_process (local in 4emac-timesynch.c) called from PC: $12738 (elapsed: 504280)
  call_process (local in process.c) called from PC: $1291c (elapsed: 504317)
  process_run (packetbuf.c) called from PC: $05edc (elapsed: 507313)
 WARN [Thread-2] (MspMote.java:229) - 33: # Watchdog[EXECUTION]: illegal write to WDTCTL (0) from $103ca - reset!!!!
Watchdog: illegal write to WDTCTL (0) from $103ca - reset!!!!
Stack Trace: number of calls: 5 PC: $103ca
  watchdog_reboot (packetbuf.c) called from PC: $24c30 (elapsed: 5)
  restart_time_synchronisation (packetbuf.c) called from PC: $159f2 (elapsed: 30452)
  process_thread_foure_timesynch_process (local in 4emac-timesynch.c) called from PC: $12738 (elapsed: 906790)
  call_process (local in process.c) called from PC: $1291c (elapsed: 906827)
  process_run (packetbuf.c) called from PC: $05edc (elapsed: 909819)
 WARN [Thread-2] (MspMote.java:229) - 17: # Watchdog[EXECUTION]: illegal write to WDTCTL (0) from $103ca - reset!!!!
Watchdog: illegal write to WDTCTL (0) from $103ca - reset!!!!
Stack Trace: number of calls: 5 PC: $103ca
  watchdog_reboot (packetbuf.c) called from PC: $24c30 (elapsed: 5)
  restart_time_synchronisation (packetbuf.c) called from PC: $159f2 (elapsed: 30452)
  process_thread_foure_timesynch_process (local in 4emac-timesynch.c) called from PC: $12738 (elapsed: 986461)
  call_process (local in process.c) called from PC: $1291c (elapsed: 986498)
  process_run (packetbuf.c) called from PC: $05edc (elapsed: 989650)
 WARN [Thread-2] (MspMote.java:229) - 20: # Watchdog[EXECUTION]: illegal write to WDTCTL (0) from $103ca - reset!!!!
Watchdog: illegal write to WDTCTL (0) from $103ca - reset!!!!
Stack Trace: number of calls: 5 PC: $103ca
  watchdog_reboot (packetbuf.c) called from PC: $24c30 (elapsed: 5)
  restart_time_synchronisation (packetbuf.c) called from PC: $159f2 (elapsed: 30452)
  process_thread_foure_timesynch_process (local in 4emac-timesynch.c) called from PC: $12738 (elapsed: 1113241)
  call_process (local in process.c) called from PC: $1291c (elapsed: 1113278)
  process_run (packetbuf.c) called from PC: $05edc (elapsed: 1116270)
 WARN [Thread-2] (MspMote.java:229) - 21: # Watchdog[EXECUTION]: illegal write to WDTCTL (0) from $103ca - reset!!!!
Watchdog: illegal write to WDTCTL (0) from $103ca - reset!!!!
Stack Trace: number of calls: 5 PC: $103ca
  watchdog_reboot (packetbuf.c) called from PC: $24c30 (elapsed: 5)
  restart_time_synchronisation (packetbuf.c) called from PC: $159f2 (elapsed: 30452)
  process_thread_foure_timesynch_process (local in 4emac-timesynch.c) called from PC: $12738 (elapsed: 1093413)
  call_process (local in process.c) called from PC: $1291c (elapsed: 1093450)
  process_run (packetbuf.c) called from PC: $05edc (elapsed: 1096660)
 WARN [Thread-2] (MspMote.java:229) - 10: # Watchdog[EXECUTION]: illegal write to WDTCTL (0) from $103ca - reset!!!!
Watchdog: illegal write to WDTCTL (0) from $103ca - reset!!!!
Stack Trace: number of calls: 5 PC: $103ca
  watchdog_reboot (packetbuf.c) called from PC: $24c30 (elapsed: 5)
  restart_time_synchronisation (packetbuf.c) called from PC: $159f2 (elapsed: 30452)
  process_thread_foure_timesynch_process (local in 4emac-timesynch.c) called from PC: $12738 (elapsed: 796502)
  call_process (local in process.c) called from PC: $1291c (elapsed: 796539)
  process_run (packetbuf.c) called from PC: $05edc (elapsed: 799529)
 WARN [Thread-2] (MspMote.java:229) - 2: # Watchdog[EXECUTION]: illegal write to WDTCTL (0) from $103ca - reset!!!!
Watchdog: illegal write to WDTCTL (0) from $103ca - reset!!!!
Stack Trace: number of calls: 5 PC: $103ca
  watchdog_reboot (packetbuf.c) called from PC: $24c30 (elapsed: 5)
  restart_time_synchronisation (packetbuf.c) called from PC: $159f2 (elapsed: 30447)
  process_thread_foure_timesynch_process (local in 4emac-timesynch.c) called from PC: $12738 (elapsed: 1078167)
  call_process (local in process.c) called from PC: $1291c (elapsed: 1078204)
  process_run (packetbuf.c) called from PC: $05edc (elapsed: 1081383)
 WARN [Thread-2] (MspMote.java:229) - 16: # Watchdog[EXECUTION]: illegal write to WDTCTL (0) from $103ca - reset!!!!
 INFO [Thread-2] (LogScriptEngine.java:389) - Test script at 60.00%, done in 6453.7 sec
Watchdog: illegal write to WDTCTL (0) from $103ca - reset!!!!
Stack Trace: number of calls: 5 PC: $103ca
  watchdog_reboot (packetbuf.c) called from PC: $24c30 (elapsed: 5)
  restart_time_synchronisation (packetbuf.c) called from PC: $159f2 (elapsed: 30567)
  process_thread_foure_timesynch_process (local in 4emac-timesynch.c) called from PC: $12738 (elapsed: 1078862)
  call_process (local in process.c) called from PC: $1291c (elapsed: 1078899)
  process_run (packetbuf.c) called from PC: $05edc (elapsed: 1081812)
 WARN [Thread-2] (MspMote.java:229) - 3: # Watchdog[EXECUTION]: illegal write to WDTCTL (0) from $103ca - reset!!!!
Watchdog: illegal write to WDTCTL (0) from $103ca - reset!!!!
Stack Trace: number of calls: 5 PC: $103ca
  watchdog_reboot (packetbuf.c) called from PC: $24c30 (elapsed: 5)
  restart_time_synchronisation (packetbuf.c) called from PC: $159f2 (elapsed: 30627)
  process_thread_foure_timesynch_process (local in 4emac-timesynch.c) called from PC: $12738 (elapsed: 1125566)
  call_process (local in process.c) called from PC: $1291c (elapsed: 1125603)
  process_run (packetbuf.c) called from PC: $05edc (elapsed: 1128595)
 WARN [Thread-2] (MspMote.java:229) - 4: # Watchdog[EXECUTION]: illegal write to WDTCTL (0) from $103ca - reset!!!!
Watchdog: illegal write to WDTCTL (0) from $103ca - reset!!!!
Stack Trace: number of calls: 5 PC: $103ca
  watchdog_reboot (packetbuf.c) called from PC: $24c30 (elapsed: 5)
  restart_time_synchronisation (packetbuf.c) called from PC: $159f2 (elapsed: 30453)
  process_thread_foure_timesynch_process (local in 4emac-timesynch.c) called from PC: $12738 (elapsed: 501960)
  call_process (local in process.c) called from PC: $1291c (elapsed: 501997)
  process_run (packetbuf.c) called from PC: $05edc (elapsed: 505149)
 WARN [Thread-2] (MspMote.java:229) - 1: # Watchdog[EXECUTION]: illegal write to WDTCTL (0) from $103ca - reset!!!!
Watchdog: illegal write to WDTCTL (0) from $103ca - reset!!!!
Stack Trace: number of calls: 5 PC: $103ca
  watchdog_reboot (packetbuf.c) called from PC: $24c30 (elapsed: 5)
  restart_time_synchronisation (packetbuf.c) called from PC: $159f2 (elapsed: 30453)
  process_thread_foure_timesynch_process (local in 4emac-timesynch.c) called from PC: $12738 (elapsed: 500124)
  call_process (local in process.c) called from PC: $1291c (elapsed: 500161)
  process_run (packetbuf.c) called from PC: $05edc (elapsed: 503085)
 WARN [Thread-2] (MspMote.java:229) - 35: # Watchdog[EXECUTION]: illegal write to WDTCTL (0) from $103ca - reset!!!!
Watchdog: illegal write to WDTCTL (0) from $103ca - reset!!!!
Stack Trace: number of calls: 5 PC: $103ca
  watchdog_reboot (packetbuf.c) called from PC: $24c30 (elapsed: 5)
  restart_time_synchronisation (packetbuf.c) called from PC: $159f2 (elapsed: 30452)
  process_thread_foure_timesynch_process (local in 4emac-timesynch.c) called from PC: $12738 (elapsed: 1113123)
  call_process (local in process.c) called from PC: $1291c (elapsed: 1113160)
  process_run (packetbuf.c) called from PC: $05edc (elapsed: 1116370)
 WARN [Thread-2] (MspMote.java:229) - 23: # Watchdog[EXECUTION]: illegal write to WDTCTL (0) from $103ca - reset!!!!
Watchdog: illegal write to WDTCTL (0) from $103ca - reset!!!!
Stack Trace: number of calls: 5 PC: $103ca
  watchdog_reboot (packetbuf.c) called from PC: $24c30 (elapsed: 5)
  restart_time_synchronisation (packetbuf.c) called from PC: $159f2 (elapsed: 30452)
  process_thread_foure_timesynch_process (local in 4emac-timesynch.c) called from PC: $12738 (elapsed: 1236003)
  call_process (local in process.c) called from PC: $1291c (elapsed: 1236040)
  process_run (packetbuf.c) called from PC: $05edc (elapsed: 1239035)
 WARN [Thread-2] (MspMote.java:229) - 51: # Watchdog[EXECUTION]: illegal write to WDTCTL (0) from $103ca - reset!!!!
Watchdog: illegal write to WDTCTL (0) from $103ca - reset!!!!
Stack Trace: number of calls: 5 PC: $103ca
  watchdog_reboot (packetbuf.c) called from PC: $24c30 (elapsed: 5)
  restart_time_synchronisation (packetbuf.c) called from PC: $159f2 (elapsed: 30453)
  process_thread_foure_timesynch_process (local in 4emac-timesynch.c) called from PC: $12738 (elapsed: 943908)
  call_process (local in process.c) called from PC: $1291c (elapsed: 943945)
  process_run (packetbuf.c) called from PC: $05edc (elapsed: 946937)
 WARN [Thread-2] (MspMote.java:229) - 5: # Watchdog[EXECUTION]: illegal write to WDTCTL (0) from $103ca - reset!!!!
Watchdog: illegal write to WDTCTL (0) from $103ca - reset!!!!
Stack Trace: number of calls: 5 PC: $103ca
  watchdog_reboot (packetbuf.c) called from PC: $24c30 (elapsed: 5)
  restart_time_synchronisation (packetbuf.c) called from PC: $159f2 (elapsed: 30483)
  process_thread_foure_timesynch_process (local in 4emac-timesynch.c) called from PC: $12738 (elapsed: 817984)
  call_process (local in process.c) called from PC: $1291c (elapsed: 818021)
  process_run (packetbuf.c) called from PC: $05edc (elapsed: 821200)
 WARN [Thread-2] (MspMote.java:229) - 45: # Watchdog[EXECUTION]: illegal write to WDTCTL (0) from $103ca - reset!!!!
Watchdog: illegal write to WDTCTL (0) from $103ca - reset!!!!
Stack Trace: number of calls: 5 PC: $103ca
  watchdog_reboot (packetbuf.c) called from PC: $24c30 (elapsed: 5)
  restart_time_synchronisation (packetbuf.c) called from PC: $159f2 (elapsed: 30447)
  process_thread_foure_timesynch_process (local in 4emac-timesynch.c) called from PC: $12738 (elapsed: 809357)
  call_process (local in process.c) called from PC: $1291c (elapsed: 809394)
  process_run (packetbuf.c) called from PC: $05edc (elapsed: 812310)
 WARN [Thread-2] (MspMote.java:229) - 34: # Watchdog[EXECUTION]: illegal write to WDTCTL (0) from $103ca - reset!!!!
Watchdog: illegal write to WDTCTL (0) from $103ca - reset!!!!
Stack Trace: number of calls: 5 PC: $103ca
  watchdog_reboot (packetbuf.c) called from PC: $24c30 (elapsed: 5)
  restart_time_synchronisation (packetbuf.c) called from PC: $159f2 (elapsed: 30452)
  process_thread_foure_timesynch_process (local in 4emac-timesynch.c) called from PC: $12738 (elapsed: 1361813)
  call_process (local in process.c) called from PC: $1291c (elapsed: 1361850)
  process_run (packetbuf.c) called from PC: $05edc (elapsed: 1366214)
 WARN [Thread-2] (MspMote.java:229) - 39: # Watchdog[EXECUTION]: illegal write to WDTCTL (0) from $103ca - reset!!!!
Watchdog: illegal write to WDTCTL (0) from $103ca - reset!!!!
Stack Trace: number of calls: 5 PC: $103ca
  watchdog_reboot (packetbuf.c) called from PC: $24c30 (elapsed: 5)
  restart_time_synchronisation (packetbuf.c) called from PC: $159f2 (elapsed: 30452)
  process_thread_foure_timesynch_process (local in 4emac-timesynch.c) called from PC: $12738 (elapsed: 782842)
  call_process (local in process.c) called from PC: $1291c (elapsed: 782879)
  process_run (packetbuf.c) called from PC: $05edc (elapsed: 786112)
 WARN [Thread-2] (MspMote.java:229) - 53: # Watchdog[EXECUTION]: illegal write to WDTCTL (0) from $103ca - reset!!!!
Watchdog: illegal write to WDTCTL (0) from $103ca - reset!!!!
Stack Trace: number of calls: 5 PC: $103ca
  watchdog_reboot (packetbuf.c) called from PC: $24c30 (elapsed: 5)
  restart_time_synchronisation (packetbuf.c) called from PC: $159f2 (elapsed: 30452)
  process_thread_foure_timesynch_process (local in 4emac-timesynch.c) called from PC: $12738 (elapsed: 982902)
  call_process (local in process.c) called from PC: $1291c (elapsed: 982939)
  process_run (packetbuf.c) called from PC: $05edc (elapsed: 985852)
 WARN [Thread-2] (MspMote.java:229) - 38: # Watchdog[EXECUTION]: illegal write to WDTCTL (0) from $103ca - reset!!!!
Watchdog: illegal write to WDTCTL (0) from $103ca - reset!!!!
Stack Trace: number of calls: 5 PC: $103ca
  watchdog_reboot (packetbuf.c) called from PC: $24c30 (elapsed: 5)
  restart_time_synchronisation (packetbuf.c) called from PC: $159f2 (elapsed: 30453)
  process_thread_foure_timesynch_process (local in 4emac-timesynch.c) called from PC: $12738 (elapsed: 1255464)
  call_process (local in process.c) called from PC: $1291c (elapsed: 1255501)
  process_run (packetbuf.c) called from PC: $05edc (elapsed: 1258425)
 WARN [Thread-2] (MspMote.java:229) - 56: # Watchdog[EXECUTION]: illegal write to WDTCTL (0) from $103ca - reset!!!!
Watchdog: illegal write to WDTCTL (0) from $103ca - reset!!!!
Stack Trace: number of calls: 5 PC: $103ca
  watchdog_reboot (packetbuf.c) called from PC: $24c30 (elapsed: 5)
  restart_time_synchronisation (packetbuf.c) called from PC: $159f2 (elapsed: 30452)
  process_thread_foure_timesynch_process (local in 4emac-timesynch.c) called from PC: $12738 (elapsed: 1356880)
  call_process (local in process.c) called from PC: $1291c (elapsed: 1356917)
  process_run (packetbuf.c) called from PC: $05edc (elapsed: 1360157)
 WARN [Thread-2] (MspMote.java:229) - 44: # Watchdog[EXECUTION]: illegal write to WDTCTL (0) from $103ca - reset!!!!
Watchdog: illegal write to WDTCTL (0) from $103ca - reset!!!!
Stack Trace: number of calls: 5 PC: $103ca
  watchdog_reboot (packetbuf.c) called from PC: $24c30 (elapsed: 5)
  restart_time_synchronisation (packetbuf.c) called from PC: $159f2 (elapsed: 30453)
  process_thread_foure_timesynch_process (local in 4emac-timesynch.c) called from PC: $12738 (elapsed: 498772)
  call_process (local in process.c) called from PC: $1291c (elapsed: 498809)
  process_run (packetbuf.c) called from PC: $05edc (elapsed: 501966)
 WARN [Thread-2] (MspMote.java:229) - 6: # Watchdog[EXECUTION]: illegal write to WDTCTL (0) from $103ca - reset!!!!
Watchdog: illegal write to WDTCTL (0) from $103ca - reset!!!!
Stack Trace: number of calls: 5 PC: $103ca
  watchdog_reboot (packetbuf.c) called from PC: $24c30 (elapsed: 5)
  restart_time_synchronisation (packetbuf.c) called from PC: $159f2 (elapsed: 30453)
  process_thread_foure_timesynch_process (local in 4emac-timesynch.c) called from PC: $12738 (elapsed: 686133)
  call_process (local in process.c) called from PC: $1291c (elapsed: 686170)
  process_run (packetbuf.c) called from PC: $05edc (elapsed: 689241)
 WARN [Thread-2] (MspMote.java:229) - 40: # Watchdog[EXECUTION]: illegal write to WDTCTL (0) from $103ca - reset!!!!
Watchdog: illegal write to WDTCTL (0) from $103ca - reset!!!!
Stack Trace: number of calls: 5 PC: $103ca
  watchdog_reboot (packetbuf.c) called from PC: $24c30 (elapsed: 5)
  restart_time_synchronisation (packetbuf.c) called from PC: $159f2 (elapsed: 30447)
  process_thread_foure_timesynch_process (local in 4emac-timesynch.c) called from PC: $12738 (elapsed: 950434)
  call_process (local in process.c) called from PC: $1291c (elapsed: 950471)
  process_run (packetbuf.c) called from PC: $05edc (elapsed: 953623)
 WARN [Thread-2] (MspMote.java:229) - 59: # Watchdog[EXECUTION]: illegal write to WDTCTL (0) from $103ca - reset!!!!
Watchdog: illegal write to WDTCTL (0) from $103ca - reset!!!!
Stack Trace: number of calls: 5 PC: $103ca
  watchdog_reboot (packetbuf.c) called from PC: $24c30 (elapsed: 5)
  restart_time_synchronisation (packetbuf.c) called from PC: $159f2 (elapsed: 30453)
  process_thread_foure_timesynch_process (local in 4emac-timesynch.c) called from PC: $12738 (elapsed: 811218)
  call_process (local in process.c) called from PC: $1291c (elapsed: 811255)
  process_run (packetbuf.c) called from PC: $05edc (elapsed: 814328)
 WARN [Thread-2] (MspMote.java:229) - 46: # Watchdog[EXECUTION]: illegal write to WDTCTL (0) from $103ca - reset!!!!
Watchdog: illegal write to WDTCTL (0) from $103ca - reset!!!!
Stack Trace: number of calls: 5 PC: $103ca
  watchdog_reboot (packetbuf.c) called from PC: $24c30 (elapsed: 5)
  restart_time_synchronisation (packetbuf.c) called from PC: $159f2 (elapsed: 30452)
  process_thread_foure_timesynch_process (local in 4emac-timesynch.c) called from PC: $12738 (elapsed: 979101)
  call_process (local in process.c) called from PC: $1291c (elapsed: 979138)
  process_run (packetbuf.c) called from PC: $05edc (elapsed: 982051)
 WARN [Thread-2] (MspMote.java:229) - 58: # Watchdog[EXECUTION]: illegal write to WDTCTL (0) from $103ca - reset!!!!
Watchdog: illegal write to WDTCTL (0) from $103ca - reset!!!!
Stack Trace: number of calls: 5 PC: $103ca
  watchdog_reboot (packetbuf.c) called from PC: $24c30 (elapsed: 5)
  restart_time_synchronisation (packetbuf.c) called from PC: $159f2 (elapsed: 30447)
  process_thread_foure_timesynch_process (local in 4emac-timesynch.c) called from PC: $12738 (elapsed: 712591)
  call_process (local in process.c) called from PC: $1291c (elapsed: 712628)
  process_run (packetbuf.c) called from PC: $05edc (elapsed: 715541)
 WARN [Thread-2] (MspMote.java:229) - 26: # Watchdog[EXECUTION]: illegal write to WDTCTL (0) from $103ca - reset!!!!
Watchdog: illegal write to WDTCTL (0) from $103ca - reset!!!!
Stack Trace: number of calls: 5 PC: $103ca
  watchdog_reboot (packetbuf.c) called from PC: $24c30 (elapsed: 5)
  restart_time_synchronisation (packetbuf.c) called from PC: $159f2 (elapsed: 30477)
  process_thread_foure_timesynch_process (local in 4emac-timesynch.c) called from PC: $12738 (elapsed: 1150059)
  call_process (local in process.c) called from PC: $1291c (elapsed: 1150096)
  process_run (packetbuf.c) called from PC: $05edc (elapsed: 1153246)
 WARN [Thread-2] (MspMote.java:229) - 54: # Watchdog[EXECUTION]: illegal write to WDTCTL (0) from $103ca - reset!!!!
Watchdog: illegal write to WDTCTL (0) from $103ca - reset!!!!
Stack Trace: number of calls: 5 PC: $103ca
  watchdog_reboot (packetbuf.c) called from PC: $24c30 (elapsed: 5)
  restart_time_synchronisation (packetbuf.c) called from PC: $159f2 (elapsed: 30452)
  process_thread_foure_timesynch_process (local in 4emac-timesynch.c) called from PC: $12738 (elapsed: 1288107)
  call_process (local in process.c) called from PC: $1291c (elapsed: 1288144)
  process_run (packetbuf.c) called from PC: $05edc (elapsed: 1291296)
 WARN [Thread-2] (MspMote.java:229) - 55: # Watchdog[EXECUTION]: illegal write to WDTCTL (0) from $103ca - reset!!!!
Watchdog: illegal write to WDTCTL (0) from $103ca - reset!!!!
Stack Trace: number of calls: 5 PC: $103ca
  watchdog_reboot (packetbuf.c) called from PC: $24c30 (elapsed: 5)
  restart_time_synchronisation (packetbuf.c) called from PC: $159f2 (elapsed: 30452)
  process_thread_foure_timesynch_process (local in 4emac-timesynch.c) called from PC: $12738 (elapsed: 849109)
  call_process (local in process.c) called from PC: $1291c (elapsed: 849146)
  process_run (packetbuf.c) called from PC: $05edc (elapsed: 853184)
 WARN [Thread-2] (MspMote.java:229) - 27: # Watchdog[EXECUTION]: illegal write to WDTCTL (0) from $103ca - reset!!!!
Watchdog: illegal write to WDTCTL (0) from $103ca - reset!!!!
Stack Trace: number of calls: 5 PC: $103ca
  watchdog_reboot (packetbuf.c) called from PC: $24c30 (elapsed: 5)
  restart_time_synchronisation (packetbuf.c) called from PC: $159f2 (elapsed: 30453)
  process_thread_foure_timesynch_process (local in 4emac-timesynch.c) called from PC: $12738 (elapsed: 1088277)
  call_process (local in process.c) called from PC: $1291c (elapsed: 1088314)
  process_run (packetbuf.c) called from PC: $05edc (elapsed: 1091574)
 WARN [Thread-2] (MspMote.java:229) - 60: # Watchdog[EXECUTION]: illegal write to WDTCTL (0) from $103ca - reset!!!!
Watchdog: illegal write to WDTCTL (0) from $103ca - reset!!!!
Stack Trace: number of calls: 5 PC: $103ca
  watchdog_reboot (packetbuf.c) called from PC: $24c30 (elapsed: 5)
  restart_time_synchronisation (packetbuf.c) called from PC: $159f2 (elapsed: 31365)
  process_thread_foure_timesynch_process (local in 4emac-timesynch.c) called from PC: $12738 (elapsed: 185429)
  call_process (local in process.c) called from PC: $1291c (elapsed: 185466)
  process_run (packetbuf.c) called from PC: $05edc (elapsed: 186753)
 WARN [Thread-2] (MspMote.java:229) - 30: # Watchdog[EXECUTION]: illegal write to WDTCTL (0) from $103ca - reset!!!!
Watchdog: illegal write to WDTCTL (0) from $103ca - reset!!!!
Stack Trace: number of calls: 5 PC: $103ca
  watchdog_reboot (packetbuf.c) called from PC: $24c30 (elapsed: 5)
  restart_time_synchronisation (packetbuf.c) called from PC: $159f2 (elapsed: 30452)
  process_thread_foure_timesynch_process (local in 4emac-timesynch.c) called from PC: $12738 (elapsed: 680320)
  call_process (local in process.c) called from PC: $1291c (elapsed: 680357)
  process_run (packetbuf.c) called from PC: $05edc (elapsed: 683430)
 WARN [Thread-2] (MspMote.java:229) - 15: # Watchdog[EXECUTION]: illegal write to WDTCTL (0) from $103ca - reset!!!!
Watchdog: illegal write to WDTCTL (0) from $103ca - reset!!!!
Stack Trace: number of calls: 5 PC: $103ca
  watchdog_reboot (packetbuf.c) called from PC: $24c30 (elapsed: 5)
  restart_time_synchronisation (packetbuf.c) called from PC: $159f2 (elapsed: 30447)
  process_thread_foure_timesynch_process (local in 4emac-timesynch.c) called from PC: $12738 (elapsed: 506120)
  call_process (local in process.c) called from PC: $1291c (elapsed: 506157)
  process_run (packetbuf.c) called from PC: $05edc (elapsed: 509232)
 WARN [Thread-2] (MspMote.java:229) - 48: # Watchdog[EXECUTION]: illegal write to WDTCTL (0) from $103ca - reset!!!!
Watchdog: illegal write to WDTCTL (0) from $103ca - reset!!!!
Stack Trace: number of calls: 5 PC: $103ca
  watchdog_reboot (packetbuf.c) called from PC: $24c30 (elapsed: 5)
  restart_time_synchronisation (packetbuf.c) called from PC: $159f2 (elapsed: 30452)
  process_thread_foure_timesynch_process (local in 4emac-timesynch.c) called from PC: $12738 (elapsed: 982203)
  call_process (local in process.c) called from PC: $1291c (elapsed: 982240)
  process_run (packetbuf.c) called from PC: $05edc (elapsed: 985238)
 WARN [Thread-2] (MspMote.java:229) - 47: # Watchdog[EXECUTION]: illegal write to WDTCTL (0) from $103ca - reset!!!!
Watchdog: illegal write to WDTCTL (0) from $103ca - reset!!!!
Stack Trace: number of calls: 5 PC: $103ca
  watchdog_reboot (packetbuf.c) called from PC: $24c30 (elapsed: 5)
  restart_time_synchronisation (packetbuf.c) called from PC: $159f2 (elapsed: 30452)
  process_thread_foure_timesynch_process (local in 4emac-timesynch.c) called from PC: $12738 (elapsed: 668283)
  call_process (local in process.c) called from PC: $1291c (elapsed: 668320)
  process_run (packetbuf.c) called from PC: $05edc (elapsed: 671393)
 WARN [Thread-2] (MspMote.java:229) - 33: # Watchdog[EXECUTION]: illegal write to WDTCTL (0) from $103ca - reset!!!!
Watchdog: illegal write to WDTCTL (0) from $103ca - reset!!!!
Stack Trace: number of calls: 5 PC: $103ca
  watchdog_reboot (packetbuf.c) called from PC: $24c30 (elapsed: 5)
  restart_time_synchronisation (packetbuf.c) called from PC: $159f2 (elapsed: 30452)
  process_thread_foure_timesynch_process (local in 4emac-timesynch.c) called from PC: $12738 (elapsed: 1038036)
  call_process (local in process.c) called from PC: $1291c (elapsed: 1038073)
  process_run (packetbuf.c) called from PC: $05edc (elapsed: 1041173)
 WARN [Thread-2] (MspMote.java:229) - 1: # Watchdog[EXECUTION]: illegal write to WDTCTL (0) from $103ca - reset!!!!
Watchdog: illegal write to WDTCTL (0) from $103ca - reset!!!!
Stack Trace: number of calls: 5 PC: $103ca
  watchdog_reboot (packetbuf.c) called from PC: $24c30 (elapsed: 5)
  restart_time_synchronisation (packetbuf.c) called from PC: $159f2 (elapsed: 30447)
  process_thread_foure_timesynch_process (local in 4emac-timesynch.c) called from PC: $12738 (elapsed: 1085096)
  call_process (local in process.c) called from PC: $1291c (elapsed: 1085133)
  process_run (packetbuf.c) called from PC: $05edc (elapsed: 1088314)
 WARN [Thread-2] (MspMote.java:229) - 61: # Watchdog[EXECUTION]: illegal write to WDTCTL (0) from $103ca - reset!!!!
Watchdog: illegal write to WDTCTL (0) from $103ca - reset!!!!
Stack Trace: number of calls: 5 PC: $103ca
  watchdog_reboot (packetbuf.c) called from PC: $24c30 (elapsed: 5)
  restart_time_synchronisation (packetbuf.c) called from PC: $159f2 (elapsed: 30452)
  process_thread_foure_timesynch_process (local in 4emac-timesynch.c) called from PC: $12738 (elapsed: 1220519)
  call_process (local in process.c) called from PC: $1291c (elapsed: 1220556)
  process_run (packetbuf.c) called from PC: $05edc (elapsed: 1223469)
 WARN [Thread-2] (MspMote.java:229) - 43: # Watchdog[EXECUTION]: illegal write to WDTCTL (0) from $103ca - reset!!!!
Watchdog: illegal write to WDTCTL (0) from $103ca - reset!!!!
Stack Trace: number of calls: 5 PC: $103ca
  watchdog_reboot (packetbuf.c) called from PC: $24c30 (elapsed: 5)
  restart_time_synchronisation (packetbuf.c) called from PC: $159f2 (elapsed: 30453)
  process_thread_foure_timesynch_process (local in 4emac-timesynch.c) called from PC: $12738 (elapsed: 1253455)
  call_process (local in process.c) called from PC: $1291c (elapsed: 1253492)
  process_run (packetbuf.c) called from PC: $05edc (elapsed: 1256490)
 WARN [Thread-2] (MspMote.java:229) - 14: # Watchdog[EXECUTION]: illegal write to WDTCTL (0) from $103ca - reset!!!!
Watchdog: illegal write to WDTCTL (0) from $103ca - reset!!!!
Stack Trace: number of calls: 5 PC: $103ca
  watchdog_reboot (packetbuf.c) called from PC: $24c30 (elapsed: 5)
  restart_time_synchronisation (packetbuf.c) called from PC: $159f2 (elapsed: 31364)
  process_thread_foure_timesynch_process (local in 4emac-timesynch.c) called from PC: $12738 (elapsed: 186281)
  call_process (local in process.c) called from PC: $1291c (elapsed: 186318)
  process_run (packetbuf.c) called from PC: $05edc (elapsed: 188766)
 WARN [Thread-2] (MspMote.java:229) - 12: # Watchdog[EXECUTION]: illegal write to WDTCTL (0) from $103ca - reset!!!!
 INFO [Thread-2] (LogScriptEngine.java:389) - Test script at 65.00%, done in 5413.5 sec
Watchdog: illegal write to WDTCTL (0) from $103ca - reset!!!!
Stack Trace: number of calls: 5 PC: $103ca
  watchdog_reboot (packetbuf.c) called from PC: $24c30 (elapsed: 5)
  restart_time_synchronisation (packetbuf.c) called from PC: $159f2 (elapsed: 30447)
  process_thread_foure_timesynch_process (local in 4emac-timesynch.c) called from PC: $12738 (elapsed: 1018005)
  call_process (local in process.c) called from PC: $1291c (elapsed: 1018042)
  process_run (packetbuf.c) called from PC: $05edc (elapsed: 1021049)
 WARN [Thread-2] (MspMote.java:229) - 9: # Watchdog[EXECUTION]: illegal write to WDTCTL (0) from $103ca - reset!!!!
Watchdog: illegal write to WDTCTL (0) from $103ca - reset!!!!
Stack Trace: number of calls: 5 PC: $103ca
  watchdog_reboot (packetbuf.c) called from PC: $24c30 (elapsed: 5)
  restart_time_synchronisation (packetbuf.c) called from PC: $159f2 (elapsed: 30452)
  process_thread_foure_timesynch_process (local in 4emac-timesynch.c) called from PC: $12738 (elapsed: 1342720)
  call_process (local in process.c) called from PC: $1291c (elapsed: 1342757)
  process_run (packetbuf.c) called from PC: $05edc (elapsed: 1345565)
 WARN [Thread-2] (MspMote.java:229) - 8: # Watchdog[EXECUTION]: illegal write to WDTCTL (0) from $103ca - reset!!!!
Watchdog: illegal write to WDTCTL (0) from $103ca - reset!!!!
Stack Trace: number of calls: 5 PC: $103ca
  watchdog_reboot (packetbuf.c) called from PC: $24c30 (elapsed: 5)
  restart_time_synchronisation (packetbuf.c) called from PC: $159f2 (elapsed: 30597)
  process_thread_foure_timesynch_process (local in 4emac-timesynch.c) called from PC: $12738 (elapsed: 706321)
  call_process (local in process.c) called from PC: $1291c (elapsed: 706358)
  process_run (packetbuf.c) called from PC: $05edc (elapsed: 709271)
 WARN [Thread-2] (MspMote.java:229) - 22: # Watchdog[EXECUTION]: illegal write to WDTCTL (0) from $103ca - reset!!!!
Watchdog: illegal write to WDTCTL (0) from $103ca - reset!!!!
Stack Trace: number of calls: 5 PC: $103ca
  watchdog_reboot (packetbuf.c) called from PC: $24c30 (elapsed: 5)
  restart_time_synchronisation (packetbuf.c) called from PC: $159f2 (elapsed: 30453)
  process_thread_foure_timesynch_process (local in 4emac-timesynch.c) called from PC: $12738 (elapsed: 1088464)
  call_process (local in process.c) called from PC: $1291c (elapsed: 1088501)
  process_run (packetbuf.c) called from PC: $05edc (elapsed: 1091493)
 WARN [Thread-2] (MspMote.java:229) - 20: # Watchdog[EXECUTION]: illegal write to WDTCTL (0) from $103ca - reset!!!!
Watchdog: illegal write to WDTCTL (0) from $103ca - reset!!!!
Stack Trace: number of calls: 5 PC: $103ca
  watchdog_reboot (packetbuf.c) called from PC: $24c30 (elapsed: 5)
  restart_time_synchronisation (packetbuf.c) called from PC: $159f2 (elapsed: 30639)
  process_thread_foure_timesynch_process (local in 4emac-timesynch.c) called from PC: $12738 (elapsed: 947122)
  call_process (local in process.c) called from PC: $1291c (elapsed: 947159)
  process_run (packetbuf.c) called from PC: $05edc (elapsed: 950153)
 WARN [Thread-2] (MspMote.java:229) - 10: # Watchdog[EXECUTION]: illegal write to WDTCTL (0) from $103ca - reset!!!!
Watchdog: illegal write to WDTCTL (0) from $103ca - reset!!!!
Stack Trace: number of calls: 5 PC: $103ca
  watchdog_reboot (packetbuf.c) called from PC: $24c30 (elapsed: 5)
  restart_time_synchronisation (packetbuf.c) called from PC: $159f2 (elapsed: 30447)
  process_thread_foure_timesynch_process (local in 4emac-timesynch.c) called from PC: $12738 (elapsed: 948784)
  call_process (local in process.c) called from PC: $1291c (elapsed: 948821)
  process_run (packetbuf.c) called from PC: $05edc (elapsed: 951973)
 WARN [Thread-2] (MspMote.java:229) - 60: # Watchdog[EXECUTION]: illegal write to WDTCTL (0) from $103ca - reset!!!!
Watchdog: illegal write to WDTCTL (0) from $103ca - reset!!!!
Stack Trace: number of calls: 5 PC: $103ca
  watchdog_reboot (packetbuf.c) called from PC: $24c30 (elapsed: 5)
  restart_time_synchronisation (packetbuf.c) called from PC: $159f2 (elapsed: 30452)
  process_thread_foure_timesynch_process (local in 4emac-timesynch.c) called from PC: $12738 (elapsed: 919142)
  call_process (local in process.c) called from PC: $1291c (elapsed: 919179)
  process_run (packetbuf.c) called from PC: $05edc (elapsed: 922252)
 WARN [Thread-2] (MspMote.java:229) - 21: # Watchdog[EXECUTION]: illegal write to WDTCTL (0) from $103ca - reset!!!!
Watchdog: illegal write to WDTCTL (0) from $103ca - reset!!!!
Stack Trace: number of calls: 5 PC: $103ca
  watchdog_reboot (packetbuf.c) called from PC: $24c30 (elapsed: 5)
  restart_time_synchronisation (packetbuf.c) called from PC: $159f2 (elapsed: 30452)
  process_thread_foure_timesynch_process (local in 4emac-timesynch.c) called from PC: $12738 (elapsed: 1403544)
  call_process (local in process.c) called from PC: $1291c (elapsed: 1403581)
  process_run (packetbuf.c) called from PC: $05edc (elapsed: 1406810)
 WARN [Thread-2] (MspMote.java:229) - 49: # Watchdog[EXECUTION]: illegal write to WDTCTL (0) from $103ca - reset!!!!
Watchdog: illegal write to WDTCTL (0) from $103ca - reset!!!!
Stack Trace: number of calls: 5 PC: $103ca
  watchdog_reboot (packetbuf.c) called from PC: $24c30 (elapsed: 5)
  restart_time_synchronisation (packetbuf.c) called from PC: $159f2 (elapsed: 30452)
  process_thread_foure_timesynch_process (local in 4emac-timesynch.c) called from PC: $12738 (elapsed: 860643)
  call_process (local in process.c) called from PC: $1291c (elapsed: 860680)
  process_run (packetbuf.c) called from PC: $05edc (elapsed: 863755)
 WARN [Thread-2] (MspMote.java:229) - 17: # Watchdog[EXECUTION]: illegal write to WDTCTL (0) from $103ca - reset!!!!
Watchdog: illegal write to WDTCTL (0) from $103ca - reset!!!!
Stack Trace: number of calls: 5 PC: $103ca
  watchdog_reboot (packetbuf.c) called from PC: $24c30 (elapsed: 5)
  restart_time_synchronisation (packetbuf.c) called from PC: $159f2 (elapsed: 30447)
  process_thread_foure_timesynch_process (local in 4emac-timesynch.c) called from PC: $12738 (elapsed: 955067)
  call_process (local in process.c) called from PC: $1291c (elapsed: 955104)
  process_run (packetbuf.c) called from PC: $05edc (elapsed: 958019)
 WARN [Thread-2] (MspMote.java:229) - 29: # Watchdog[EXECUTION]: illegal write to WDTCTL (0) from $103ca - reset!!!!
Watchdog: illegal write to WDTCTL (0) from $103ca - reset!!!!
Stack Trace: number of calls: 5 PC: $103ca
  watchdog_reboot (packetbuf.c) called from PC: $24c30 (elapsed: 5)
  restart_time_synchronisation (packetbuf.c) called from PC: $159f2 (elapsed: 30465)
  process_thread_foure_timesynch_process (local in 4emac-timesynch.c) called from PC: $12738 (elapsed: 913786)
  call_process (local in process.c) called from PC: $1291c (elapsed: 913823)
  process_run (packetbuf.c) called from PC: $05edc (elapsed: 916928)
 WARN [Thread-2] (MspMote.java:229) - 24: # Watchdog[EXECUTION]: illegal write to WDTCTL (0) from $103ca - reset!!!!
Watchdog: illegal write to WDTCTL (0) from $103ca - reset!!!!
Stack Trace: number of calls: 5 PC: $103ca
  watchdog_reboot (packetbuf.c) called from PC: $24c30 (elapsed: 5)
  restart_time_synchronisation (packetbuf.c) called from PC: $159f2 (elapsed: 30453)
  process_thread_foure_timesynch_process (local in 4emac-timesynch.c) called from PC: $12738 (elapsed: 1059401)
  call_process (local in process.c) called from PC: $1291c (elapsed: 1059438)
  process_run (packetbuf.c) called from PC: $05edc (elapsed: 1062806)
 WARN [Thread-2] (MspMote.java:229) - 48: # Watchdog[EXECUTION]: illegal write to WDTCTL (0) from $103ca - reset!!!!
Watchdog: illegal write to WDTCTL (0) from $103ca - reset!!!!
Stack Trace: number of calls: 5 PC: $103ca
  watchdog_reboot (packetbuf.c) called from PC: $24c30 (elapsed: 5)
  restart_time_synchronisation (packetbuf.c) called from PC: $159f2 (elapsed: 30453)
  process_thread_foure_timesynch_process (local in 4emac-timesynch.c) called from PC: $12738 (elapsed: 942154)
  call_process (local in process.c) called from PC: $1291c (elapsed: 942191)
  process_run (packetbuf.c) called from PC: $05edc (elapsed: 945104)
 WARN [Thread-2] (MspMote.java:229) - 59: # Watchdog[EXECUTION]: illegal write to WDTCTL (0) from $103ca - reset!!!!
Watchdog: illegal write to WDTCTL (0) from $103ca - reset!!!!
Stack Trace: number of calls: 5 PC: $103ca
  watchdog_reboot (packetbuf.c) called from PC: $24c30 (elapsed: 5)
  restart_time_synchronisation (packetbuf.c) called from PC: $159f2 (elapsed: 30453)
  process_thread_foure_timesynch_process (local in 4emac-timesynch.c) called from PC: $12738 (elapsed: 689221)
  call_process (local in process.c) called from PC: $1291c (elapsed: 689258)
  process_run (packetbuf.c) called from PC: $05edc (elapsed: 692493)
 WARN [Thread-2] (MspMote.java:229) - 16: # Watchdog[EXECUTION]: illegal write to WDTCTL (0) from $103ca - reset!!!!
Watchdog: illegal write to WDTCTL (0) from $103ca - reset!!!!
Stack Trace: number of calls: 11 PC: $103ca
  watchdog_reboot (packetbuf.c) called from PC: $24c30 (elapsed: 5)
  restart_time_synchronisation (packetbuf.c) called from PC: $14eee (elapsed: 31370)
  foure_timesynch_parent_switch_callback (packetbuf.c) called from PC: $1e95c (elapsed: 69452)
  rpl_set_preferred_parent (local in rpl-dag.c) called from PC: $1ef8c (elapsed: 164205)
  rpl_nullify_parent (packetbuf.c) called from PC: $1fc26 (elapsed: 385569)
  rpl_process_parent_event (packetbuf.c) called from PC: $1fcbe (elapsed: 482893)
  rpl_recalculate_ranks (packetbuf.c) called from PC: $23726 (elapsed: 484556)
  handle_periodic_timer (local in rpl-timers.c) called from PC: $1219c (elapsed: 484823)
  process_thread_ctimer_process (local in ctimer.c) called from PC: $12738 (elapsed: 485048)
  call_process (local in process.c) called from PC: $1291c (elapsed: 485085)
  process_run (packetbuf.c) called from PC: $05edc (elapsed: 488079)
 WARN [Thread-2] (MspMote.java:229) - 61: # Watchdog[EXECUTION]: illegal write to WDTCTL (0) from $103ca - reset!!!!
Watchdog: illegal write to WDTCTL (0) from $103ca - reset!!!!
Stack Trace: number of calls: 5 PC: $103ca
  watchdog_reboot (packetbuf.c) called from PC: $24c30 (elapsed: 5)
  restart_time_synchronisation (packetbuf.c) called from PC: $159f2 (elapsed: 30447)
  process_thread_foure_timesynch_process (local in 4emac-timesynch.c) called from PC: $12738 (elapsed: 818058)
  call_process (local in process.c) called from PC: $1291c (elapsed: 818095)
  process_run (packetbuf.c) called from PC: $05edc (elapsed: 821012)
 WARN [Thread-2] (MspMote.java:229) - 23: # Watchdog[EXECUTION]: illegal write to WDTCTL (0) from $103ca - reset!!!!
Watchdog: illegal write to WDTCTL (0) from $103ca - reset!!!!
Stack Trace: number of calls: 5 PC: $103ca
  watchdog_reboot (packetbuf.c) called from PC: $24c30 (elapsed: 5)
  restart_time_synchronisation (packetbuf.c) called from PC: $159f2 (elapsed: 30447)
  process_thread_foure_timesynch_process (local in 4emac-timesynch.c) called from PC: $12738 (elapsed: 642247)
  call_process (local in process.c) called from PC: $1291c (elapsed: 642284)
  process_run (packetbuf.c) called from PC: $05edc (elapsed: 645210)
 WARN [Thread-2] (MspMote.java:229) - 36: # Watchdog[EXECUTION]: illegal write to WDTCTL (0) from $103ca - reset!!!!
Watchdog: illegal write to WDTCTL (0) from $103ca - reset!!!!
Stack Trace: number of calls: 5 PC: $103ca
  watchdog_reboot (packetbuf.c) called from PC: $24c30 (elapsed: 5)
  restart_time_synchronisation (packetbuf.c) called from PC: $159f2 (elapsed: 30452)
  process_thread_foure_timesynch_process (local in 4emac-timesynch.c) called from PC: $12738 (elapsed: 982087)
  call_process (local in process.c) called from PC: $1291c (elapsed: 982124)
  process_run (packetbuf.c) called from PC: $05edc (elapsed: 985118)
 WARN [Thread-2] (MspMote.java:229) - 41: # Watchdog[EXECUTION]: illegal write to WDTCTL (0) from $103ca - reset!!!!
Watchdog: illegal write to WDTCTL (0) from $103ca - reset!!!!
Stack Trace: number of calls: 5 PC: $103ca
  watchdog_reboot (packetbuf.c) called from PC: $24c30 (elapsed: 5)
  restart_time_synchronisation (packetbuf.c) called from PC: $159f2 (elapsed: 30452)
  process_thread_foure_timesynch_process (local in 4emac-timesynch.c) called from PC: $12738 (elapsed: 1212193)
  call_process (local in process.c) called from PC: $1291c (elapsed: 1212230)
  process_run (packetbuf.c) called from PC: $05edc (elapsed: 1215330)
 WARN [Thread-2] (MspMote.java:229) - 3: # Watchdog[EXECUTION]: illegal write to WDTCTL (0) from $103ca - reset!!!!
Watchdog: illegal write to WDTCTL (0) from $103ca - reset!!!!
Stack Trace: number of calls: 11 PC: $103ca
  watchdog_reboot (packetbuf.c) called from PC: $24c30 (elapsed: 5)
  restart_time_synchronisation (packetbuf.c) called from PC: $14eee (elapsed: 31370)
  foure_timesynch_parent_switch_callback (packetbuf.c) called from PC: $1e95c (elapsed: 69451)
  rpl_set_preferred_parent (local in rpl-dag.c) called from PC: $1ef8c (elapsed: 164483)
  rpl_nullify_parent (packetbuf.c) called from PC: $1fc26 (elapsed: 389313)
  rpl_process_parent_event (packetbuf.c) called from PC: $1fcbe (elapsed: 489349)
  rpl_recalculate_ranks (packetbuf.c) called from PC: $23726 (elapsed: 492202)
  handle_periodic_timer (local in rpl-timers.c) called from PC: $1219c (elapsed: 492469)
  process_thread_ctimer_process (local in ctimer.c) called from PC: $12738 (elapsed: 492694)
  call_process (local in process.c) called from PC: $1291c (elapsed: 492731)
  process_run (packetbuf.c) called from PC: $05edc (elapsed: 495883)
 WARN [Thread-2] (MspMote.java:229) - 55: # Watchdog[EXECUTION]: illegal write to WDTCTL (0) from $103ca - reset!!!!
Watchdog: illegal write to WDTCTL (0) from $103ca - reset!!!!
Stack Trace: number of calls: 5 PC: $103ca
  watchdog_reboot (packetbuf.c) called from PC: $24c30 (elapsed: 5)
  restart_time_synchronisation (packetbuf.c) called from PC: $159f2 (elapsed: 30452)
  process_thread_foure_timesynch_process (local in 4emac-timesynch.c) called from PC: $12738 (elapsed: 808016)
  call_process (local in process.c) called from PC: $1291c (elapsed: 808053)
  process_run (packetbuf.c) called from PC: $05edc (elapsed: 811128)
 WARN [Thread-2] (MspMote.java:229) - 27: # Watchdog[EXECUTION]: illegal write to WDTCTL (0) from $103ca - reset!!!!
Watchdog: illegal write to WDTCTL (0) from $103ca - reset!!!!
Stack Trace: number of calls: 5 PC: $103ca
  watchdog_reboot (packetbuf.c) called from PC: $24c30 (elapsed: 5)
  restart_time_synchronisation (packetbuf.c) called from PC: $159f2 (elapsed: 30452)
  process_thread_foure_timesynch_process (local in 4emac-timesynch.c) called from PC: $12738 (elapsed: 842425)
  call_process (local in process.c) called from PC: $1291c (elapsed: 842462)
  process_run (packetbuf.c) called from PC: $05edc (elapsed: 845456)
 WARN [Thread-2] (MspMote.java:229) - 47: # Watchdog[EXECUTION]: illegal write to WDTCTL (0) from $103ca - reset!!!!
Watchdog: illegal write to WDTCTL (0) from $103ca - reset!!!!
Stack Trace: number of calls: 5 PC: $103ca
  watchdog_reboot (packetbuf.c) called from PC: $24c30 (elapsed: 5)
  restart_time_synchronisation (packetbuf.c) called from PC: $159f2 (elapsed: 30477)
  process_thread_foure_timesynch_process (local in 4emac-timesynch.c) called from PC: $12738 (elapsed: 1394307)
  call_process (local in process.c) called from PC: $1291c (elapsed: 1394344)
  process_run (packetbuf.c) called from PC: $05edc (elapsed: 1397494)
 WARN [Thread-2] (MspMote.java:229) - 49: # Watchdog[EXECUTION]: illegal write to WDTCTL (0) from $103ca - reset!!!!
Watchdog: illegal write to WDTCTL (0) from $103ca - reset!!!!
Stack Trace: number of calls: 5 PC: $103ca
  watchdog_reboot (packetbuf.c) called from PC: $24c30 (elapsed: 5)
  restart_time_synchronisation (packetbuf.c) called from PC: $159f2 (elapsed: 30453)
  process_thread_foure_timesynch_process (local in 4emac-timesynch.c) called from PC: $12738 (elapsed: 1083259)
  call_process (local in process.c) called from PC: $1291c (elapsed: 1083296)
  process_run (packetbuf.c) called from PC: $05edc (elapsed: 1086448)
 WARN [Thread-2] (MspMote.java:229) - 43: # Watchdog[EXECUTION]: illegal write to WDTCTL (0) from $103ca - reset!!!!
Watchdog: illegal write to WDTCTL (0) from $103ca - reset!!!!
Stack Trace: number of calls: 11 PC: $103ca
  watchdog_reboot (packetbuf.c) called from PC: $24c30 (elapsed: 5)
  restart_time_synchronisation (packetbuf.c) called from PC: $14eee (elapsed: 31370)
  foure_timesynch_parent_switch_callback (packetbuf.c) called from PC: $1e95c (elapsed: 69451)
  rpl_set_preferred_parent (local in rpl-dag.c) called from PC: $1ef8c (elapsed: 163985)
  rpl_nullify_parent (packetbuf.c) called from PC: $1fc26 (elapsed: 383007)
  rpl_process_parent_event (packetbuf.c) called from PC: $1fcbe (elapsed: 478574)
  rpl_recalculate_ranks (packetbuf.c) called from PC: $23726 (elapsed: 479594)
  handle_periodic_timer (local in rpl-timers.c) called from PC: $1219c (elapsed: 479946)
  process_thread_ctimer_process (local in ctimer.c) called from PC: $12738 (elapsed: 480171)
  call_process (local in process.c) called from PC: $1291c (elapsed: 480208)
  process_run (packetbuf.c) called from PC: $05edc (elapsed: 483123)
 WARN [Thread-2] (MspMote.java:229) - 61: # Watchdog[EXECUTION]: illegal write to WDTCTL (0) from $103ca - reset!!!!
Watchdog: illegal write to WDTCTL (0) from $103ca - reset!!!!
Stack Trace: number of calls: 5 PC: $103ca
  watchdog_reboot (packetbuf.c) called from PC: $24c30 (elapsed: 5)
  restart_time_synchronisation (packetbuf.c) called from PC: $159f2 (elapsed: 30447)
  process_thread_foure_timesynch_process (local in 4emac-timesynch.c) called from PC: $12738 (elapsed: 1260658)
  call_process (local in process.c) called from PC: $1291c (elapsed: 1260695)
  process_run (packetbuf.c) called from PC: $05edc (elapsed: 1263687)
 WARN [Thread-2] (MspMote.java:229) - 39: # Watchdog[EXECUTION]: illegal write to WDTCTL (0) from $103ca - reset!!!!
Watchdog: illegal write to WDTCTL (0) from $103ca - reset!!!!
Stack Trace: number of calls: 5 PC: $103ca
  watchdog_reboot (packetbuf.c) called from PC: $24c30 (elapsed: 5)
  restart_time_synchronisation (packetbuf.c) called from PC: $159f2 (elapsed: 31364)
  process_thread_foure_timesynch_process (local in 4emac-timesynch.c) called from PC: $12738 (elapsed: 185298)
  call_process (local in process.c) called from PC: $1291c (elapsed: 185335)
  process_run (packetbuf.c) called from PC: $05edc (elapsed: 188504)
 WARN [Thread-2] (MspMote.java:229) - 12: # Watchdog[EXECUTION]: illegal write to WDTCTL (0) from $103ca - reset!!!!
 INFO [Thread-2] (LogScriptEngine.java:389) - Test script at 70.00%, done in 4478.3 sec
Watchdog: illegal write to WDTCTL (0) from $103ca - reset!!!!
Stack Trace: number of calls: 5 PC: $103ca
  watchdog_reboot (packetbuf.c) called from PC: $24c30 (elapsed: 5)
  restart_time_synchronisation (packetbuf.c) called from PC: $159f2 (elapsed: 30453)
  process_thread_foure_timesynch_process (local in 4emac-timesynch.c) called from PC: $12738 (elapsed: 945820)
  call_process (local in process.c) called from PC: $1291c (elapsed: 945857)
  process_run (packetbuf.c) called from PC: $05edc (elapsed: 949049)
 WARN [Thread-2] (MspMote.java:229) - 11: # Watchdog[EXECUTION]: illegal write to WDTCTL (0) from $103ca - reset!!!!
Watchdog: illegal write to WDTCTL (0) from $103ca - reset!!!!
Stack Trace: number of calls: 5 PC: $103ca
  watchdog_reboot (packetbuf.c) called from PC: $24c30 (elapsed: 5)
  restart_time_synchronisation (packetbuf.c) called from PC: $159f2 (elapsed: 30453)
  process_thread_foure_timesynch_process (local in 4emac-timesynch.c) called from PC: $12738 (elapsed: 944074)
  call_process (local in process.c) called from PC: $1291c (elapsed: 944111)
  process_run (packetbuf.c) called from PC: $05edc (elapsed: 947263)
 WARN [Thread-2] (MspMote.java:229) - 9: # Watchdog[EXECUTION]: illegal write to WDTCTL (0) from $103ca - reset!!!!
Watchdog: illegal write to WDTCTL (0) from $103ca - reset!!!!
Stack Trace: number of calls: 5 PC: $103ca
  watchdog_reboot (packetbuf.c) called from PC: $24c30 (elapsed: 5)
  restart_time_synchronisation (packetbuf.c) called from PC: $159f2 (elapsed: 30453)
  process_thread_foure_timesynch_process (local in 4emac-timesynch.c) called from PC: $12738 (elapsed: 1375515)
  call_process (local in process.c) called from PC: $1291c (elapsed: 1375552)
  process_run (packetbuf.c) called from PC: $05edc (elapsed: 1378783)
 WARN [Thread-2] (MspMote.java:229) - 51: # Watchdog[EXECUTION]: illegal write to WDTCTL (0) from $103ca - reset!!!!
Watchdog: illegal write to WDTCTL (0) from $103ca - reset!!!!
Stack Trace: number of calls: 5 PC: $103ca
  watchdog_reboot (packetbuf.c) called from PC: $24c30 (elapsed: 5)
  restart_time_synchronisation (packetbuf.c) called from PC: $159f2 (elapsed: 30452)
  process_thread_foure_timesynch_process (local in 4emac-timesynch.c) called from PC: $12738 (elapsed: 1243153)
  call_process (local in process.c) called from PC: $1291c (elapsed: 1243190)
  process_run (packetbuf.c) called from PC: $05edc (elapsed: 1246103)
 WARN [Thread-2] (MspMote.java:229) - 45: # Watchdog[EXECUTION]: illegal write to WDTCTL (0) from $103ca - reset!!!!
Watchdog: illegal write to WDTCTL (0) from $103ca - reset!!!!
Stack Trace: number of calls: 5 PC: $103ca
  watchdog_reboot (packetbuf.c) called from PC: $24c30 (elapsed: 5)
  restart_time_synchronisation (packetbuf.c) called from PC: $159f2 (elapsed: 31473)
  process_thread_foure_timesynch_process (local in 4emac-timesynch.c) called from PC: $12738 (elapsed: 185701)
  call_process (local in process.c) called from PC: $1291c (elapsed: 185738)
  process_run (packetbuf.c) called from PC: $05edc (elapsed: 187025)
 WARN [Thread-2] (MspMote.java:229) - 28: # Watchdog[EXECUTION]: illegal write to WDTCTL (0) from $103ca - reset!!!!
Watchdog: illegal write to WDTCTL (0) from $103ca - reset!!!!
Stack Trace: number of calls: 5 PC: $103ca
  watchdog_reboot (packetbuf.c) called from PC: $24c30 (elapsed: 5)
  restart_time_synchronisation (packetbuf.c) called from PC: $159f2 (elapsed: 30453)
  process_thread_foure_timesynch_process (local in 4emac-timesynch.c) called from PC: $12738 (elapsed: 1083865)
  call_process (local in process.c) called from PC: $1291c (elapsed: 1083902)
  process_run (packetbuf.c) called from PC: $05edc (elapsed: 1086977)
 WARN [Thread-2] (MspMote.java:229) - 58: # Watchdog[EXECUTION]: illegal write to WDTCTL (0) from $103ca - reset!!!!
Watchdog: illegal write to WDTCTL (0) from $103ca - reset!!!!
Stack Trace: number of calls: 5 PC: $103ca
  watchdog_reboot (packetbuf.c) called from PC: $24c30 (elapsed: 5)
  restart_time_synchronisation (packetbuf.c) called from PC: $159f2 (elapsed: 30501)
  process_thread_foure_timesynch_process (local in 4emac-timesynch.c) called from PC: $12738 (elapsed: 999434)
  call_process (local in process.c) called from PC: $1291c (elapsed: 999471)
  process_run (packetbuf.c) called from PC: $05edc (elapsed: 1002553)
 WARN [Thread-2] (MspMote.java:229) - 52: # Watchdog[EXECUTION]: illegal write to WDTCTL (0) from $103ca - reset!!!!
Watchdog: illegal write to WDTCTL (0) from $103ca - reset!!!!
Stack Trace: number of calls: 5 PC: $103ca
  watchdog_reboot (packetbuf.c) called from PC: $24c30 (elapsed: 5)
  restart_time_synchronisation (packetbuf.c) called from PC: $159f2 (elapsed: 30453)
  process_thread_foure_timesynch_process (local in 4emac-timesynch.c) called from PC: $12738 (elapsed: 1259930)
  call_process (local in process.c) called from PC: $1291c (elapsed: 1259967)
  process_run (packetbuf.c) called from PC: $05edc (elapsed: 1262885)
 WARN [Thread-2] (MspMote.java:229) - 57: # Watchdog[EXECUTION]: illegal write to WDTCTL (0) from $103ca - reset!!!!
Watchdog: illegal write to WDTCTL (0) from $103ca - reset!!!!
Stack Trace: number of calls: 5 PC: $103ca
  watchdog_reboot (packetbuf.c) called from PC: $24c30 (elapsed: 5)
  restart_time_synchronisation (packetbuf.c) called from PC: $159f2 (elapsed: 30452)
  process_thread_foure_timesynch_process (local in 4emac-timesynch.c) called from PC: $12738 (elapsed: 1225805)
  call_process (local in process.c) called from PC: $1291c (elapsed: 1225842)
  process_run (packetbuf.c) called from PC: $05edc (elapsed: 1228994)
 WARN [Thread-2] (MspMote.java:229) - 44: # Watchdog[EXECUTION]: illegal write to WDTCTL (0) from $103ca - reset!!!!
Watchdog: illegal write to WDTCTL (0) from $103ca - reset!!!!
Stack Trace: number of calls: 5 PC: $103ca
  watchdog_reboot (packetbuf.c) called from PC: $24c30 (elapsed: 5)
  restart_time_synchronisation (packetbuf.c) called from PC: $159f2 (elapsed: 30579)
  process_thread_foure_timesynch_process (local in 4emac-timesynch.c) called from PC: $12738 (elapsed: 1271696)
  call_process (local in process.c) called from PC: $1291c (elapsed: 1271733)
  process_run (packetbuf.c) called from PC: $05edc (elapsed: 1274806)
 WARN [Thread-2] (MspMote.java:229) - 56: # Watchdog[EXECUTION]: illegal write to WDTCTL (0) from $103ca - reset!!!!
Watchdog: illegal write to WDTCTL (0) from $103ca - reset!!!!
Stack Trace: number of calls: 5 PC: $103ca
  watchdog_reboot (packetbuf.c) called from PC: $24c30 (elapsed: 5)
  restart_time_synchronisation (packetbuf.c) called from PC: $159f2 (elapsed: 30452)
  process_thread_foure_timesynch_process (local in 4emac-timesynch.c) called from PC: $12738 (elapsed: 1262279)
  call_process (local in process.c) called from PC: $1291c (elapsed: 1262316)
  process_run (packetbuf.c) called from PC: $05edc (elapsed: 1265392)
 WARN [Thread-2] (MspMote.java:229) - 50: # Watchdog[EXECUTION]: illegal write to WDTCTL (0) from $103ca - reset!!!!
Watchdog: illegal write to WDTCTL (0) from $103ca - reset!!!!
Stack Trace: number of calls: 5 PC: $103ca
  watchdog_reboot (packetbuf.c) called from PC: $24c30 (elapsed: 5)
  restart_time_synchronisation (packetbuf.c) called from PC: $159f2 (elapsed: 56652)
  process_thread_foure_timesynch_process (local in 4emac-timesynch.c) called from PC: $12738 (elapsed: 1276558)
  call_process (local in process.c) called from PC: $1291c (elapsed: 1276595)
  process_run (packetbuf.c) called from PC: $05edc (elapsed: 1279824)
 WARN [Thread-2] (MspMote.java:229) - 16: # Watchdog[EXECUTION]: illegal write to WDTCTL (0) from $103ca - reset!!!!
Watchdog: illegal write to WDTCTL (0) from $103ca - reset!!!!
Stack Trace: number of calls: 5 PC: $103ca
  watchdog_reboot (packetbuf.c) called from PC: $24c30 (elapsed: 5)
  restart_time_synchronisation (packetbuf.c) called from PC: $159f2 (elapsed: 30447)
  process_thread_foure_timesynch_process (local in 4emac-timesynch.c) called from PC: $12738 (elapsed: 1076038)
  call_process (local in process.c) called from PC: $1291c (elapsed: 1076075)
  process_run (packetbuf.c) called from PC: $05edc (elapsed: 1079150)
 WARN [Thread-2] (MspMote.java:229) - 10: # Watchdog[EXECUTION]: illegal write to WDTCTL (0) from $103ca - reset!!!!
Watchdog: illegal write to WDTCTL (0) from $103ca - reset!!!!
Stack Trace: number of calls: 5 PC: $103ca
  watchdog_reboot (packetbuf.c) called from PC: $24c30 (elapsed: 5)
  restart_time_synchronisation (packetbuf.c) called from PC: $159f2 (elapsed: 30453)
  process_thread_foure_timesynch_process (local in 4emac-timesynch.c) called from PC: $12738 (elapsed: 954609)
  call_process (local in process.c) called from PC: $1291c (elapsed: 954646)
  process_run (packetbuf.c) called from PC: $05edc (elapsed: 959156)
 WARN [Thread-2] (MspMote.java:229) - 43: # Watchdog[EXECUTION]: illegal write to WDTCTL (0) from $103ca - reset!!!!
Watchdog: illegal write to WDTCTL (0) from $103ca - reset!!!!
Stack Trace: number of calls: 5 PC: $103ca
  watchdog_reboot (packetbuf.c) called from PC: $24c30 (elapsed: 5)
  restart_time_synchronisation (packetbuf.c) called from PC: $159f2 (elapsed: 30452)
  process_thread_foure_timesynch_process (local in 4emac-timesynch.c) called from PC: $12738 (elapsed: 1392665)
  call_process (local in process.c) called from PC: $1291c (elapsed: 1392702)
  process_run (packetbuf.c) called from PC: $05edc (elapsed: 1400319)
 WARN [Thread-2] (MspMote.java:229) - 6: # Watchdog[EXECUTION]: illegal write to WDTCTL (0) from $103ca - reset!!!!
Watchdog: illegal write to WDTCTL (0) from $103ca - reset!!!!
Stack Trace: number of calls: 5 PC: $103ca
  watchdog_reboot (packetbuf.c) called from PC: $24c30 (elapsed: 5)
  restart_time_synchronisation (packetbuf.c) called from PC: $159f2 (elapsed: 30453)
  process_thread_foure_timesynch_process (local in 4emac-timesynch.c) called from PC: $12738 (elapsed: 1389567)
  call_process (local in process.c) called from PC: $1291c (elapsed: 1389604)
  process_run (packetbuf.c) called from PC: $05edc (elapsed: 1392436)
 WARN [Thread-2] (MspMote.java:229) - 15: # Watchdog[EXECUTION]: illegal write to WDTCTL (0) from $103ca - reset!!!!
Watchdog: illegal write to WDTCTL (0) from $103ca - reset!!!!
Stack Trace: number of calls: 5 PC: $103ca
  watchdog_reboot (packetbuf.c) called from PC: $24c30 (elapsed: 5)
  restart_time_synchronisation (packetbuf.c) called from PC: $159f2 (elapsed: 30452)
  process_thread_foure_timesynch_process (local in 4emac-timesynch.c) called from PC: $12738 (elapsed: 800483)
  call_process (local in process.c) called from PC: $1291c (elapsed: 800520)
  process_run (packetbuf.c) called from PC: $05edc (elapsed: 804872)
 WARN [Thread-2] (MspMote.java:229) - 17: # Watchdog[EXECUTION]: illegal write to WDTCTL (0) from $103ca - reset!!!!
Watchdog: illegal write to WDTCTL (0) from $103ca - reset!!!!
Stack Trace: number of calls: 5 PC: $103ca
  watchdog_reboot (packetbuf.c) called from PC: $24c30 (elapsed: 5)
  restart_time_synchronisation (packetbuf.c) called from PC: $159f2 (elapsed: 30452)
  process_thread_foure_timesynch_process (local in 4emac-timesynch.c) called from PC: $12738 (elapsed: 1100145)
  call_process (local in process.c) called from PC: $1291c (elapsed: 1100182)
  process_run (packetbuf.c) called from PC: $05edc (elapsed: 1103097)
 WARN [Thread-2] (MspMote.java:229) - 9: # Watchdog[EXECUTION]: illegal write to WDTCTL (0) from $103ca - reset!!!!
Watchdog: illegal write to WDTCTL (0) from $103ca - reset!!!!
Stack Trace: number of calls: 5 PC: $103ca
  watchdog_reboot (packetbuf.c) called from PC: $24c30 (elapsed: 5)
  restart_time_synchronisation (packetbuf.c) called from PC: $159f2 (elapsed: 30452)
  process_thread_foure_timesynch_process (local in 4emac-timesynch.c) called from PC: $12738 (elapsed: 1340092)
  call_process (local in process.c) called from PC: $1291c (elapsed: 1340129)
  process_run (packetbuf.c) called from PC: $05edc (elapsed: 1343310)
 WARN [Thread-2] (MspMote.java:229) - 3: # Watchdog[EXECUTION]: illegal write to WDTCTL (0) from $103ca - reset!!!!
Watchdog: illegal write to WDTCTL (0) from $103ca - reset!!!!
Stack Trace: number of calls: 5 PC: $103ca
  watchdog_reboot (packetbuf.c) called from PC: $24c30 (elapsed: 5)
  restart_time_synchronisation (packetbuf.c) called from PC: $159f2 (elapsed: 60469)
  process_thread_foure_timesynch_process (local in 4emac-timesynch.c) called from PC: $12738 (elapsed: 1123789)
  call_process (local in process.c) called from PC: $1291c (elapsed: 1123826)
  process_run (packetbuf.c) called from PC: $05edc (elapsed: 1126957)
 WARN [Thread-2] (MspMote.java:229) - 27: # Watchdog[EXECUTION]: illegal write to WDTCTL (0) from $103ca - reset!!!!
Watchdog: illegal write to WDTCTL (0) from $103ca - reset!!!!
Stack Trace: number of calls: 5 PC: $103ca
  watchdog_reboot (packetbuf.c) called from PC: $24c30 (elapsed: 5)
  restart_time_synchronisation (packetbuf.c) called from PC: $159f2 (elapsed: 30452)
  process_thread_foure_timesynch_process (local in 4emac-timesynch.c) called from PC: $12738 (elapsed: 779903)
  call_process (local in process.c) called from PC: $1291c (elapsed: 779940)
  process_run (packetbuf.c) called from PC: $05edc (elapsed: 783119)
 WARN [Thread-2] (MspMote.java:229) - 46: # Watchdog[EXECUTION]: illegal write to WDTCTL (0) from $103ca - reset!!!!
Watchdog: illegal write to WDTCTL (0) from $103ca - reset!!!!
Stack Trace: number of calls: 5 PC: $103ca
  watchdog_reboot (packetbuf.c) called from PC: $24c30 (elapsed: 5)
  restart_time_synchronisation (packetbuf.c) called from PC: $159f2 (elapsed: 30447)
  process_thread_foure_timesynch_process (local in 4emac-timesynch.c) called from PC: $12738 (elapsed: 944917)
  call_process (local in process.c) called from PC: $1291c (elapsed: 944954)
  process_run (packetbuf.c) called from PC: $05edc (elapsed: 946800)
 WARN [Thread-2] (MspMote.java:229) - 30: # Watchdog[EXECUTION]: illegal write to WDTCTL (0) from $103ca - reset!!!!
Watchdog: illegal write to WDTCTL (0) from $103ca - reset!!!!
Stack Trace: number of calls: 5 PC: $103ca
  watchdog_reboot (packetbuf.c) called from PC: $24c30 (elapsed: 5)
  restart_time_synchronisation (packetbuf.c) called from PC: $159f2 (elapsed: 30452)
  process_thread_foure_timesynch_process (local in 4emac-timesynch.c) called from PC: $12738 (elapsed: 808141)
  call_process (local in process.c) called from PC: $1291c (elapsed: 808178)
  process_run (packetbuf.c) called from PC: $05edc (elapsed: 811330)
 WARN [Thread-2] (MspMote.java:229) - 59: # Watchdog[EXECUTION]: illegal write to WDTCTL (0) from $103ca - reset!!!!
Watchdog: illegal write to WDTCTL (0) from $103ca - reset!!!!
Stack Trace: number of calls: 5 PC: $103ca
  watchdog_reboot (packetbuf.c) called from PC: $24c30 (elapsed: 5)
  restart_time_synchronisation (packetbuf.c) called from PC: $159f2 (elapsed: 30452)
  process_thread_foure_timesynch_process (local in 4emac-timesynch.c) called from PC: $12738 (elapsed: 1119028)
  call_process (local in process.c) called from PC: $1291c (elapsed: 1119065)
  process_run (packetbuf.c) called from PC: $05edc (elapsed: 1122059)
 WARN [Thread-2] (MspMote.java:229) - 55: # Watchdog[EXECUTION]: illegal write to WDTCTL (0) from $103ca - reset!!!!
Watchdog: illegal write to WDTCTL (0) from $103ca - reset!!!!
Stack Trace: number of calls: 5 PC: $103ca
  watchdog_reboot (packetbuf.c) called from PC: $24c30 (elapsed: 5)
  restart_time_synchronisation (packetbuf.c) called from PC: $159f2 (elapsed: 30453)
  process_thread_foure_timesynch_process (local in 4emac-timesynch.c) called from PC: $12738 (elapsed: 939585)
  call_process (local in process.c) called from PC: $1291c (elapsed: 939622)
  process_run (packetbuf.c) called from PC: $05edc (elapsed: 942693)
 WARN [Thread-2] (MspMote.java:229) - 21: # Watchdog[EXECUTION]: illegal write to WDTCTL (0) from $103ca - reset!!!!
Watchdog: illegal write to WDTCTL (0) from $103ca - reset!!!!
Stack Trace: number of calls: 5 PC: $103ca
  watchdog_reboot (packetbuf.c) called from PC: $24c30 (elapsed: 5)
  restart_time_synchronisation (packetbuf.c) called from PC: $159f2 (elapsed: 30452)
  process_thread_foure_timesynch_process (local in 4emac-timesynch.c) called from PC: $12738 (elapsed: 842560)
  call_process (local in process.c) called from PC: $1291c (elapsed: 842597)
  process_run (packetbuf.c) called from PC: $05edc (elapsed: 846953)
 WARN [Thread-2] (MspMote.java:229) - 49: # Watchdog[EXECUTION]: illegal write to WDTCTL (0) from $103ca - reset!!!!
Watchdog: illegal write to WDTCTL (0) from $103ca - reset!!!!
Stack Trace: number of calls: 5 PC: $103ca
  watchdog_reboot (packetbuf.c) called from PC: $24c30 (elapsed: 5)
  restart_time_synchronisation (packetbuf.c) called from PC: $159f2 (elapsed: 30513)
  process_thread_foure_timesynch_process (local in 4emac-timesynch.c) called from PC: $12738 (elapsed: 1251446)
  call_process (local in process.c) called from PC: $1291c (elapsed: 1251483)
  process_run (packetbuf.c) called from PC: $05edc (elapsed: 1254644)
 WARN [Thread-2] (MspMote.java:229) - 13: # Watchdog[EXECUTION]: illegal write to WDTCTL (0) from $103ca - reset!!!!
Watchdog: illegal write to WDTCTL (0) from $103ca - reset!!!!
Stack Trace: number of calls: 5 PC: $103ca
  watchdog_reboot (packetbuf.c) called from PC: $24c30 (elapsed: 5)
  restart_time_synchronisation (packetbuf.c) called from PC: $159f2 (elapsed: 30452)
  process_thread_foure_timesynch_process (local in 4emac-timesynch.c) called from PC: $12738 (elapsed: 1403314)
  call_process (local in process.c) called from PC: $1291c (elapsed: 1403351)
  process_run (packetbuf.c) called from PC: $05edc (elapsed: 1406187)
 WARN [Thread-2] (MspMote.java:229) - 19: # Watchdog[EXECUTION]: illegal write to WDTCTL (0) from $103ca - reset!!!!
Watchdog: illegal write to WDTCTL (0) from $103ca - reset!!!!
Stack Trace: number of calls: 5 PC: $103ca
  watchdog_reboot (packetbuf.c) called from PC: $24c30 (elapsed: 5)
  restart_time_synchronisation (packetbuf.c) called from PC: $159f2 (elapsed: 30453)
  process_thread_foure_timesynch_process (local in 4emac-timesynch.c) called from PC: $12738 (elapsed: 809195)
  call_process (local in process.c) called from PC: $1291c (elapsed: 809232)
  process_run (packetbuf.c) called from PC: $05edc (elapsed: 812226)
 WARN [Thread-2] (MspMote.java:229) - 1: # Watchdog[EXECUTION]: illegal write to WDTCTL (0) from $103ca - reset!!!!
Watchdog: illegal write to WDTCTL (0) from $103ca - reset!!!!
Stack Trace: number of calls: 5 PC: $103ca
  watchdog_reboot (packetbuf.c) called from PC: $24c30 (elapsed: 5)
  restart_time_synchronisation (packetbuf.c) called from PC: $159f2 (elapsed: 30452)
  process_thread_foure_timesynch_process (local in 4emac-timesynch.c) called from PC: $12738 (elapsed: 978833)
  call_process (local in process.c) called from PC: $1291c (elapsed: 978870)
  process_run (packetbuf.c) called from PC: $05edc (elapsed: 981862)
 WARN [Thread-2] (MspMote.java:229) - 33: # Watchdog[EXECUTION]: illegal write to WDTCTL (0) from $103ca - reset!!!!
Watchdog: illegal write to WDTCTL (0) from $103ca - reset!!!!
Stack Trace: number of calls: 5 PC: $103ca
  watchdog_reboot (packetbuf.c) called from PC: $24c30 (elapsed: 5)
  restart_time_synchronisation (packetbuf.c) called from PC: $159f2 (elapsed: 30453)
  process_thread_foure_timesynch_process (local in 4emac-timesynch.c) called from PC: $12738 (elapsed: 1383040)
  call_process (local in process.c) called from PC: $1291c (elapsed: 1383077)
  process_run (packetbuf.c) called from PC: $05edc (elapsed: 1386493)
 WARN [Thread-2] (MspMote.java:229) - 20: # Watchdog[EXECUTION]: illegal write to WDTCTL (0) from $103ca - reset!!!!
Watchdog: illegal write to WDTCTL (0) from $103ca - reset!!!!
Stack Trace: number of calls: 5 PC: $103ca
  watchdog_reboot (packetbuf.c) called from PC: $24c30 (elapsed: 5)
  restart_time_synchronisation (packetbuf.c) called from PC: $159f2 (elapsed: 30452)
  process_thread_foure_timesynch_process (local in 4emac-timesynch.c) called from PC: $12738 (elapsed: 1345633)
  call_process (local in process.c) called from PC: $1291c (elapsed: 1345670)
  process_run (packetbuf.c) called from PC: $05edc (elapsed: 1348820)
 WARN [Thread-2] (MspMote.java:229) - 14: # Watchdog[EXECUTION]: illegal write to WDTCTL (0) from $103ca - reset!!!!
Watchdog: illegal write to WDTCTL (0) from $103ca - reset!!!!
Stack Trace: number of calls: 5 PC: $103ca
  watchdog_reboot (packetbuf.c) called from PC: $24c30 (elapsed: 5)
  restart_time_synchronisation (packetbuf.c) called from PC: $159f2 (elapsed: 30513)
  process_thread_foure_timesynch_process (local in 4emac-timesynch.c) called from PC: $12738 (elapsed: 1261516)
  call_process (local in process.c) called from PC: $1291c (elapsed: 1261553)
  process_run (packetbuf.c) called from PC: $05edc (elapsed: 1264714)
 WARN [Thread-2] (MspMote.java:229) - 2: # Watchdog[EXECUTION]: illegal write to WDTCTL (0) from $103ca - reset!!!!
Watchdog: illegal write to WDTCTL (0) from $103ca - reset!!!!
Stack Trace: number of calls: 5 PC: $103ca
  watchdog_reboot (packetbuf.c) called from PC: $24c30 (elapsed: 5)
  restart_time_synchronisation (packetbuf.c) called from PC: $159f2 (elapsed: 30453)
  process_thread_foure_timesynch_process (local in 4emac-timesynch.c) called from PC: $12738 (elapsed: 1383874)
  call_process (local in process.c) called from PC: $1291c (elapsed: 1383911)
  process_run (packetbuf.c) called from PC: $05edc (elapsed: 1386912)
 WARN [Thread-2] (MspMote.java:229) - 4: # Watchdog[EXECUTION]: illegal write to WDTCTL (0) from $103ca - reset!!!!
 INFO [Thread-2] (LogScriptEngine.java:389) - Test script at 75.00%, done in 3623.5 sec
Watchdog: illegal write to WDTCTL (0) from $103ca - reset!!!!
Stack Trace: number of calls: 5 PC: $103ca
  watchdog_reboot (packetbuf.c) called from PC: $24c30 (elapsed: 5)
  restart_time_synchronisation (packetbuf.c) called from PC: $159f2 (elapsed: 30453)
  process_thread_foure_timesynch_process (local in 4emac-timesynch.c) called from PC: $12738 (elapsed: 497842)
  call_process (local in process.c) called from PC: $1291c (elapsed: 497879)
  process_run (packetbuf.c) called from PC: $05edc (elapsed: 500882)
 WARN [Thread-2] (MspMote.java:229) - 32: # Watchdog[EXECUTION]: illegal write to WDTCTL (0) from $103ca - reset!!!!
Watchdog: illegal write to WDTCTL (0) from $103ca - reset!!!!
Stack Trace: number of calls: 5 PC: $103ca
  watchdog_reboot (packetbuf.c) called from PC: $24c30 (elapsed: 5)
  restart_time_synchronisation (packetbuf.c) called from PC: $159f2 (elapsed: 30447)
  process_thread_foure_timesynch_process (local in 4emac-timesynch.c) called from PC: $12738 (elapsed: 1085596)
  call_process (local in process.c) called from PC: $1291c (elapsed: 1085633)
  process_run (packetbuf.c) called from PC: $05edc (elapsed: 1088735)
 WARN [Thread-2] (MspMote.java:229) - 61: # Watchdog[EXECUTION]: illegal write to WDTCTL (0) from $103ca - reset!!!!
Watchdog: illegal write to WDTCTL (0) from $103ca - reset!!!!
Stack Trace: number of calls: 5 PC: $103ca
  watchdog_reboot (packetbuf.c) called from PC: $24c30 (elapsed: 5)
  restart_time_synchronisation (packetbuf.c) called from PC: $159f2 (elapsed: 30447)
  process_thread_foure_timesynch_process (local in 4emac-timesynch.c) called from PC: $12738 (elapsed: 643065)
  call_process (local in process.c) called from PC: $1291c (elapsed: 643102)
  process_run (packetbuf.c) called from PC: $05edc (elapsed: 646105)
 WARN [Thread-2] (MspMote.java:229) - 35: # Watchdog[EXECUTION]: illegal write to WDTCTL (0) from $103ca - reset!!!!
Watchdog: illegal write to WDTCTL (0) from $103ca - reset!!!!
Stack Trace: number of calls: 5 PC: $103ca
  watchdog_reboot (packetbuf.c) called from PC: $24c30 (elapsed: 5)
  restart_time_synchronisation (packetbuf.c) called from PC: $159f2 (elapsed: 31359)
  process_thread_foure_timesynch_process (local in 4emac-timesynch.c) called from PC: $12738 (elapsed: 185187)
  call_process (local in process.c) called from PC: $1291c (elapsed: 185224)
  process_run (packetbuf.c) called from PC: $05edc (elapsed: 188393)
 WARN [Thread-2] (MspMote.java:229) - 21: # Watchdog[EXECUTION]: illegal write to WDTCTL (0) from $103ca - reset!!!!
Watchdog: illegal write to WDTCTL (0) from $103ca - reset!!!!
Stack Trace: number of calls: 5 PC: $103ca
  watchdog_reboot (packetbuf.c) called from PC: $24c30 (elapsed: 5)
  restart_time_synchronisation (packetbuf.c) called from PC: $159f2 (elapsed: 30452)
  process_thread_foure_timesynch_process (local in 4emac-timesynch.c) called from PC: $12738 (elapsed: 1238198)
  call_process (local in process.c) called from PC: $1291c (elapsed: 1238235)
  process_run (packetbuf.c) called from PC: $05edc (elapsed: 2180518)
 WARN [Thread-2] (MspMote.java:229) - 5: # Watchdog[EXECUTION]: illegal write to WDTCTL (0) from $103ca - reset!!!!
Watchdog: illegal write to WDTCTL (0) from $103ca - reset!!!!
Stack Trace: number of calls: 5 PC: $103ca
  watchdog_reboot (packetbuf.c) called from PC: $24c30 (elapsed: 5)
  restart_time_synchronisation (packetbuf.c) called from PC: $159f2 (elapsed: 30501)
  process_thread_foure_timesynch_process (local in 4emac-timesynch.c) called from PC: $12738 (elapsed: 1072959)
  call_process (local in process.c) called from PC: $1291c (elapsed: 1072996)
  process_run (packetbuf.c) called from PC: $05edc (elapsed: 1076206)
 WARN [Thread-2] (MspMote.java:229) - 3: # Watchdog[EXECUTION]: illegal write to WDTCTL (0) from $103ca - reset!!!!
Watchdog: illegal write to WDTCTL (0) from $103ca - reset!!!!
Stack Trace: number of calls: 5 PC: $103ca
  watchdog_reboot (packetbuf.c) called from PC: $24c30 (elapsed: 5)
  restart_time_synchronisation (packetbuf.c) called from PC: $159f2 (elapsed: 30449)
  process_thread_foure_timesynch_process (local in 4emac-timesynch.c) called from PC: $12738 (elapsed: 947825)
  call_process (local in process.c) called from PC: $1291c (elapsed: 947862)
  process_run (packetbuf.c) called from PC: $05edc (elapsed: 950966)
 WARN [Thread-2] (MspMote.java:229) - 16: # Watchdog[EXECUTION]: illegal write to WDTCTL (0) from $103ca - reset!!!!
Watchdog: illegal write to WDTCTL (0) from $103ca - reset!!!!
Stack Trace: number of calls: 5 PC: $103ca
  watchdog_reboot (packetbuf.c) called from PC: $24c30 (elapsed: 5)
  restart_time_synchronisation (packetbuf.c) called from PC: $159f2 (elapsed: 30452)
  process_thread_foure_timesynch_process (local in 4emac-timesynch.c) called from PC: $12738 (elapsed: 1405527)
  call_process (local in process.c) called from PC: $1291c (elapsed: 1405564)
  process_run (packetbuf.c) called from PC: $05edc (elapsed: 1408695)
 WARN [Thread-2] (MspMote.java:229) - 15: # Watchdog[EXECUTION]: illegal write to WDTCTL (0) from $103ca - reset!!!!
Watchdog: illegal write to WDTCTL (0) from $103ca - reset!!!!
Stack Trace: number of calls: 5 PC: $103ca
  watchdog_reboot (packetbuf.c) called from PC: $24c30 (elapsed: 5)
  restart_time_synchronisation (packetbuf.c) called from PC: $159f2 (elapsed: 30447)
  process_thread_foure_timesynch_process (local in 4emac-timesynch.c) called from PC: $12738 (elapsed: 933745)
  call_process (local in process.c) called from PC: $1291c (elapsed: 933782)
  process_run (packetbuf.c) called from PC: $05edc (elapsed: 936774)
 WARN [Thread-2] (MspMote.java:229) - 11: # Watchdog[EXECUTION]: illegal write to WDTCTL (0) from $103ca - reset!!!!
Watchdog: illegal write to WDTCTL (0) from $103ca - reset!!!!
Stack Trace: number of calls: 5 PC: $103ca
  watchdog_reboot (packetbuf.c) called from PC: $24c30 (elapsed: 5)
  restart_time_synchronisation (packetbuf.c) called from PC: $159f2 (elapsed: 30471)
  process_thread_foure_timesynch_process (local in 4emac-timesynch.c) called from PC: $12738 (elapsed: 1086631)
  call_process (local in process.c) called from PC: $1291c (elapsed: 1086668)
  process_run (packetbuf.c) called from PC: $05edc (elapsed: 1089662)
 WARN [Thread-2] (MspMote.java:229) - 12: # Watchdog[EXECUTION]: illegal write to WDTCTL (0) from $103ca - reset!!!!
Watchdog: illegal write to WDTCTL (0) from $103ca - reset!!!!
Stack Trace: number of calls: 5 PC: $103ca
  watchdog_reboot (packetbuf.c) called from PC: $24c30 (elapsed: 5)
  restart_time_synchronisation (packetbuf.c) called from PC: $159f2 (elapsed: 31364)
  process_thread_foure_timesynch_process (local in 4emac-timesynch.c) called from PC: $12738 (elapsed: 185504)
  call_process (local in process.c) called from PC: $1291c (elapsed: 185541)
  process_run (packetbuf.c) called from PC: $05edc (elapsed: 187822)
 WARN [Thread-2] (MspMote.java:229) - 10: # Watchdog[EXECUTION]: illegal write to WDTCTL (0) from $103ca - reset!!!!
Watchdog: illegal write to WDTCTL (0) from $103ca - reset!!!!
Stack Trace: number of calls: 5 PC: $103ca
  watchdog_reboot (packetbuf.c) called from PC: $24c30 (elapsed: 5)
  restart_time_synchronisation (packetbuf.c) called from PC: $159f2 (elapsed: 30453)
  process_thread_foure_timesynch_process (local in 4emac-timesynch.c) called from PC: $12738 (elapsed: 1572419)
  call_process (local in process.c) called from PC: $1291c (elapsed: 1572456)
  process_run (packetbuf.c) called from PC: $05edc (elapsed: 1575702)
 WARN [Thread-2] (MspMote.java:229) - 18: # Watchdog[EXECUTION]: illegal write to WDTCTL (0) from $103ca - reset!!!!
Watchdog: illegal write to WDTCTL (0) from $103ca - reset!!!!
Stack Trace: number of calls: 5 PC: $103ca
  watchdog_reboot (packetbuf.c) called from PC: $24c30 (elapsed: 5)
  restart_time_synchronisation (packetbuf.c) called from PC: $159f2 (elapsed: 37836)
  process_thread_foure_timesynch_process (local in 4emac-timesynch.c) called from PC: $12738 (elapsed: 1289635)
  call_process (local in process.c) called from PC: $1291c (elapsed: 1289672)
  process_run (packetbuf.c) called from PC: $05edc (elapsed: 1292802)
 WARN [Thread-2] (MspMote.java:229) - 24: # Watchdog[EXECUTION]: illegal write to WDTCTL (0) from $103ca - reset!!!!
Watchdog: illegal write to WDTCTL (0) from $103ca - reset!!!!
Stack Trace: number of calls: 5 PC: $103ca
  watchdog_reboot (packetbuf.c) called from PC: $24c30 (elapsed: 5)
  restart_time_synchronisation (packetbuf.c) called from PC: $159f2 (elapsed: 30447)
  process_thread_foure_timesynch_process (local in 4emac-timesynch.c) called from PC: $12738 (elapsed: 1084302)
  call_process (local in process.c) called from PC: $1291c (elapsed: 1084339)
  process_run (packetbuf.c) called from PC: $05edc (elapsed: 1087549)
 WARN [Thread-2] (MspMote.java:229) - 6: # Watchdog[EXECUTION]: illegal write to WDTCTL (0) from $103ca - reset!!!!
 INFO [Thread-2] (LogScriptEngine.java:389) - Test script at 80.00%, done in 2834.6 sec
Watchdog: illegal write to WDTCTL (0) from $103ca - reset!!!!
Stack Trace: number of calls: 5 PC: $103ca
  watchdog_reboot (packetbuf.c) called from PC: $24c30 (elapsed: 5)
  restart_time_synchronisation (packetbuf.c) called from PC: $159f2 (elapsed: 31365)
  process_thread_foure_timesynch_process (local in 4emac-timesynch.c) called from PC: $12738 (elapsed: 186347)
  call_process (local in process.c) called from PC: $1291c (elapsed: 186384)
  process_run (packetbuf.c) called from PC: $05edc (elapsed: 187598)
 WARN [Thread-2] (MspMote.java:229) - 26: # Watchdog[EXECUTION]: illegal write to WDTCTL (0) from $103ca - reset!!!!
Watchdog: illegal write to WDTCTL (0) from $103ca - reset!!!!
Stack Trace: number of calls: 5 PC: $103ca
  watchdog_reboot (packetbuf.c) called from PC: $24c30 (elapsed: 5)
  restart_time_synchronisation (packetbuf.c) called from PC: $159f2 (elapsed: 30452)
  process_thread_foure_timesynch_process (local in 4emac-timesynch.c) called from PC: $12738 (elapsed: 1111343)
  call_process (local in process.c) called from PC: $1291c (elapsed: 1111380)
  process_run (packetbuf.c) called from PC: $05edc (elapsed: 1114484)
 WARN [Thread-2] (MspMote.java:229) - 11: # Watchdog[EXECUTION]: illegal write to WDTCTL (0) from $103ca - reset!!!!
Watchdog: illegal write to WDTCTL (0) from $103ca - reset!!!!
Stack Trace: number of calls: 5 PC: $103ca
  watchdog_reboot (packetbuf.c) called from PC: $24c30 (elapsed: 5)
  restart_time_synchronisation (packetbuf.c) called from PC: $159f2 (elapsed: 30452)
  process_thread_foure_timesynch_process (local in 4emac-timesynch.c) called from PC: $12738 (elapsed: 839751)
  call_process (local in process.c) called from PC: $1291c (elapsed: 839788)
  process_run (packetbuf.c) called from PC: $05edc (elapsed: 843314)
 WARN [Thread-2] (MspMote.java:229) - 27: # Watchdog[EXECUTION]: illegal write to WDTCTL (0) from $103ca - reset!!!!
Watchdog: illegal write to WDTCTL (0) from $103ca - reset!!!!
Stack Trace: number of calls: 5 PC: $103ca
  watchdog_reboot (packetbuf.c) called from PC: $24c30 (elapsed: 5)
  restart_time_synchronisation (packetbuf.c) called from PC: $159f2 (elapsed: 30452)
  process_thread_foure_timesynch_process (local in 4emac-timesynch.c) called from PC: $12738 (elapsed: 1083482)
  call_process (local in process.c) called from PC: $1291c (elapsed: 1083519)
  process_run (packetbuf.c) called from PC: $05edc (elapsed: 1117730)
 WARN [Thread-2] (MspMote.java:229) - 20: # Watchdog[EXECUTION]: illegal write to WDTCTL (0) from $103ca - reset!!!!
Watchdog: illegal write to WDTCTL (0) from $103ca - reset!!!!
Stack Trace: number of calls: 5 PC: $103ca
  watchdog_reboot (packetbuf.c) called from PC: $24c30 (elapsed: 5)
  restart_time_synchronisation (packetbuf.c) called from PC: $159f2 (elapsed: 30525)
  process_thread_foure_timesynch_process (local in 4emac-timesynch.c) called from PC: $12738 (elapsed: 938020)
  call_process (local in process.c) called from PC: $1291c (elapsed: 938057)
  process_run (packetbuf.c) called from PC: $05edc (elapsed: 941209)
 WARN [Thread-2] (MspMote.java:229) - 11: # Watchdog[EXECUTION]: illegal write to WDTCTL (0) from $103ca - reset!!!!
Watchdog: illegal write to WDTCTL (0) from $103ca - reset!!!!
Stack Trace: number of calls: 5 PC: $103ca
  watchdog_reboot (packetbuf.c) called from PC: $24c30 (elapsed: 5)
  restart_time_synchronisation (packetbuf.c) called from PC: $159f2 (elapsed: 30452)
  process_thread_foure_timesynch_process (local in 4emac-timesynch.c) called from PC: $12738 (elapsed: 805616)
  call_process (local in process.c) called from PC: $1291c (elapsed: 805653)
  process_run (packetbuf.c) called from PC: $05edc (elapsed: 808847)
 WARN [Thread-2] (MspMote.java:229) - 22: # Watchdog[EXECUTION]: illegal write to WDTCTL (0) from $103ca - reset!!!!
Watchdog: illegal write to WDTCTL (0) from $103ca - reset!!!!
Stack Trace: number of calls: 5 PC: $103ca
  watchdog_reboot (packetbuf.c) called from PC: $24c30 (elapsed: 5)
  restart_time_synchronisation (packetbuf.c) called from PC: $159f2 (elapsed: 30453)
  process_thread_foure_timesynch_process (local in 4emac-timesynch.c) called from PC: $12738 (elapsed: 1373513)
  call_process (local in process.c) called from PC: $1291c (elapsed: 1373550)
  process_run (packetbuf.c) called from PC: $05edc (elapsed: 1376784)
 WARN [Thread-2] (MspMote.java:229) - 2: # Watchdog[EXECUTION]: illegal write to WDTCTL (0) from $103ca - reset!!!!
Watchdog: illegal write to WDTCTL (0) from $103ca - reset!!!!
Stack Trace: number of calls: 5 PC: $103ca
  watchdog_reboot (packetbuf.c) called from PC: $24c30 (elapsed: 5)
  restart_time_synchronisation (packetbuf.c) called from PC: $159f2 (elapsed: 30452)
  process_thread_foure_timesynch_process (local in 4emac-timesynch.c) called from PC: $12738 (elapsed: 1428017)
  call_process (local in process.c) called from PC: $1291c (elapsed: 1428054)
  process_run (packetbuf.c) called from PC: $05edc (elapsed: 1430997)
 WARN [Thread-2] (MspMote.java:229) - 43: # Watchdog[EXECUTION]: illegal write to WDTCTL (0) from $103ca - reset!!!!
Watchdog: illegal write to WDTCTL (0) from $103ca - reset!!!!
Stack Trace: number of calls: 5 PC: $103ca
  watchdog_reboot (packetbuf.c) called from PC: $24c30 (elapsed: 5)
  restart_time_synchronisation (packetbuf.c) called from PC: $159f2 (elapsed: 30447)
  process_thread_foure_timesynch_process (local in 4emac-timesynch.c) called from PC: $12738 (elapsed: 1392945)
  call_process (local in process.c) called from PC: $1291c (elapsed: 1392982)
  process_run (packetbuf.c) called from PC: $05edc (elapsed: 1395927)
 WARN [Thread-2] (MspMote.java:229) - 52: # Watchdog[EXECUTION]: illegal write to WDTCTL (0) from $103ca - reset!!!!
Watchdog: illegal write to WDTCTL (0) from $103ca - reset!!!!
Stack Trace: number of calls: 5 PC: $103ca
  watchdog_reboot (packetbuf.c) called from PC: $24c30 (elapsed: 5)
  restart_time_synchronisation (packetbuf.c) called from PC: $159f2 (elapsed: 30447)
  process_thread_foure_timesynch_process (local in 4emac-timesynch.c) called from PC: $12738 (elapsed: 1396888)
  call_process (local in process.c) called from PC: $1291c (elapsed: 1396925)
  process_run (packetbuf.c) called from PC: $05edc (elapsed: 1400212)
 WARN [Thread-2] (MspMote.java:229) - 31: # Watchdog[EXECUTION]: illegal write to WDTCTL (0) from $103ca - reset!!!!
Watchdog: illegal write to WDTCTL (0) from $103ca - reset!!!!
Stack Trace: number of calls: 5 PC: $103ca
  watchdog_reboot (packetbuf.c) called from PC: $24c30 (elapsed: 5)
  restart_time_synchronisation (packetbuf.c) called from PC: $159f2 (elapsed: 30452)
  process_thread_foure_timesynch_process (local in 4emac-timesynch.c) called from PC: $12738 (elapsed: 1154372)
  call_process (local in process.c) called from PC: $1291c (elapsed: 1154409)
  process_run (packetbuf.c) called from PC: $05edc (elapsed: 1157331)
 WARN [Thread-2] (MspMote.java:229) - 29: # Watchdog[EXECUTION]: illegal write to WDTCTL (0) from $103ca - reset!!!!
 INFO [Thread-2] (LogScriptEngine.java:389) - Test script at 85.00%, done in 2092.9 sec
Watchdog: illegal write to WDTCTL (0) from $103ca - reset!!!!
Stack Trace: number of calls: 5 PC: $103ca
  watchdog_reboot (packetbuf.c) called from PC: $24c30 (elapsed: 5)
  restart_time_synchronisation (packetbuf.c) called from PC: $159f2 (elapsed: 30447)
  process_thread_foure_timesynch_process (local in 4emac-timesynch.c) called from PC: $12738 (elapsed: 1387535)
  call_process (local in process.c) called from PC: $1291c (elapsed: 1387572)
  process_run (packetbuf.c) called from PC: $05edc (elapsed: 1390490)
 WARN [Thread-2] (MspMote.java:229) - 13: # Watchdog[EXECUTION]: illegal write to WDTCTL (0) from $103ca - reset!!!!
Watchdog: illegal write to WDTCTL (0) from $103ca - reset!!!!
Stack Trace: number of calls: 5 PC: $103ca
  watchdog_reboot (packetbuf.c) called from PC: $24c30 (elapsed: 5)
  restart_time_synchronisation (packetbuf.c) called from PC: $159f2 (elapsed: 30453)
  process_thread_foure_timesynch_process (local in 4emac-timesynch.c) called from PC: $12738 (elapsed: 1441048)
  call_process (local in process.c) called from PC: $1291c (elapsed: 1441085)
  process_run (packetbuf.c) called from PC: $05edc (elapsed: 1444485)
 WARN [Thread-2] (MspMote.java:229) - 19: # Watchdog[EXECUTION]: illegal write to WDTCTL (0) from $103ca - reset!!!!
Watchdog: illegal write to WDTCTL (0) from $103ca - reset!!!!
Stack Trace: number of calls: 5 PC: $103ca
  watchdog_reboot (packetbuf.c) called from PC: $24c30 (elapsed: 5)
  restart_time_synchronisation (packetbuf.c) called from PC: $159f2 (elapsed: 30452)
  process_thread_foure_timesynch_process (local in 4emac-timesynch.c) called from PC: $12738 (elapsed: 1412778)
  call_process (local in process.c) called from PC: $1291c (elapsed: 1412815)
  process_run (packetbuf.c) called from PC: $05edc (elapsed: 1416140)
 WARN [Thread-2] (MspMote.java:229) - 57: # Watchdog[EXECUTION]: illegal write to WDTCTL (0) from $103ca - reset!!!!
Watchdog: illegal write to WDTCTL (0) from $103ca - reset!!!!
Stack Trace: number of calls: 5 PC: $103ca
  watchdog_reboot (packetbuf.c) called from PC: $24c30 (elapsed: 5)
  restart_time_synchronisation (packetbuf.c) called from PC: $159f2 (elapsed: 30452)
  process_thread_foure_timesynch_process (local in 4emac-timesynch.c) called from PC: $12738 (elapsed: 1242528)
  call_process (local in process.c) called from PC: $1291c (elapsed: 1242565)
  process_run (packetbuf.c) called from PC: $05edc (elapsed: 1245480)
 WARN [Thread-2] (MspMote.java:229) - 37: # Watchdog[EXECUTION]: illegal write to WDTCTL (0) from $103ca - reset!!!!
Watchdog: illegal write to WDTCTL (0) from $103ca - reset!!!!
Stack Trace: number of calls: 5 PC: $103ca
  watchdog_reboot (packetbuf.c) called from PC: $24c30 (elapsed: 5)
  restart_time_synchronisation (packetbuf.c) called from PC: $159f2 (elapsed: 31359)
  process_thread_foure_timesynch_process (local in 4emac-timesynch.c) called from PC: $12738 (elapsed: 185617)
  call_process (local in process.c) called from PC: $1291c (elapsed: 185654)
  process_run (packetbuf.c) called from PC: $05edc (elapsed: 187938)
 WARN [Thread-2] (MspMote.java:229) - 1: # Watchdog[EXECUTION]: illegal write to WDTCTL (0) from $103ca - reset!!!!
Watchdog: illegal write to WDTCTL (0) from $103ca - reset!!!!
Stack Trace: number of calls: 5 PC: $103ca
  watchdog_reboot (packetbuf.c) called from PC: $24c30 (elapsed: 5)
  restart_time_synchronisation (packetbuf.c) called from PC: $159f2 (elapsed: 30452)
  process_thread_foure_timesynch_process (local in 4emac-timesynch.c) called from PC: $12738 (elapsed: 1423953)
  call_process (local in process.c) called from PC: $1291c (elapsed: 1423990)
  process_run (packetbuf.c) called from PC: $05edc (elapsed: 1427182)
 WARN [Thread-2] (MspMote.java:229) - 8: # Watchdog[EXECUTION]: illegal write to WDTCTL (0) from $103ca - reset!!!!
Watchdog: illegal write to WDTCTL (0) from $103ca - reset!!!!
Stack Trace: number of calls: 5 PC: $103ca
  watchdog_reboot (packetbuf.c) called from PC: $24c30 (elapsed: 5)
  restart_time_synchronisation (packetbuf.c) called from PC: $159f2 (elapsed: 30452)
  process_thread_foure_timesynch_process (local in 4emac-timesynch.c) called from PC: $12738 (elapsed: 1117898)
  call_process (local in process.c) called from PC: $1291c (elapsed: 1117935)
  process_run (packetbuf.c) called from PC: $05edc (elapsed: 1120907)
 WARN [Thread-2] (MspMote.java:229) - 41: # Watchdog[EXECUTION]: illegal write to WDTCTL (0) from $103ca - reset!!!!
Watchdog: illegal write to WDTCTL (0) from $103ca - reset!!!!
Stack Trace: number of calls: 5 PC: $103ca
  watchdog_reboot (packetbuf.c) called from PC: $24c30 (elapsed: 5)
  restart_time_synchronisation (packetbuf.c) called from PC: $159f2 (elapsed: 30452)
  process_thread_foure_timesynch_process (local in 4emac-timesynch.c) called from PC: $12738 (elapsed: 911372)
  call_process (local in process.c) called from PC: $1291c (elapsed: 911409)
  process_run (packetbuf.c) called from PC: $05edc (elapsed: 914484)
 WARN [Thread-2] (MspMote.java:229) - 18: # Watchdog[EXECUTION]: illegal write to WDTCTL (0) from $103ca - reset!!!!
Watchdog: illegal write to WDTCTL (0) from $103ca - reset!!!!
Stack Trace: number of calls: 5 PC: $103ca
  watchdog_reboot (packetbuf.c) called from PC: $24c30 (elapsed: 5)
  restart_time_synchronisation (packetbuf.c) called from PC: $159f2 (elapsed: 30447)
  process_thread_foure_timesynch_process (local in 4emac-timesynch.c) called from PC: $12738 (elapsed: 1078046)
  call_process (local in process.c) called from PC: $1291c (elapsed: 1078083)
  process_run (packetbuf.c) called from PC: $05edc (elapsed: 1081374)
 WARN [Thread-2] (MspMote.java:229) - 6: # Watchdog[EXECUTION]: illegal write to WDTCTL (0) from $103ca - reset!!!!
Watchdog: illegal write to WDTCTL (0) from $103ca - reset!!!!
Stack Trace: number of calls: 5 PC: $103ca
  watchdog_reboot (packetbuf.c) called from PC: $24c30 (elapsed: 5)
  restart_time_synchronisation (packetbuf.c) called from PC: $159f2 (elapsed: 30501)
  process_thread_foure_timesynch_process (local in 4emac-timesynch.c) called from PC: $12738 (elapsed: 1261598)
  call_process (local in process.c) called from PC: $1291c (elapsed: 1261635)
  process_run (packetbuf.c) called from PC: $05edc (elapsed: 1264715)
 WARN [Thread-2] (MspMote.java:229) - 30: # Watchdog[EXECUTION]: illegal write to WDTCTL (0) from $103ca - reset!!!!
Watchdog: illegal write to WDTCTL (0) from $103ca - reset!!!!
Stack Trace: number of calls: 5 PC: $103ca
  watchdog_reboot (packetbuf.c) called from PC: $24c30 (elapsed: 5)
  restart_time_synchronisation (packetbuf.c) called from PC: $159f2 (elapsed: 30452)
  process_thread_foure_timesynch_process (local in 4emac-timesynch.c) called from PC: $12738 (elapsed: 1223214)
  call_process (local in process.c) called from PC: $1291c (elapsed: 1223251)
  process_run (packetbuf.c) called from PC: $05edc (elapsed: 1226761)
 WARN [Thread-2] (MspMote.java:229) - 25: # Watchdog[EXECUTION]: illegal write to WDTCTL (0) from $103ca - reset!!!!
Watchdog: illegal write to WDTCTL (0) from $103ca - reset!!!!
Stack Trace: number of calls: 5 PC: $103ca
  watchdog_reboot (packetbuf.c) called from PC: $24c30 (elapsed: 5)
  restart_time_synchronisation (packetbuf.c) called from PC: $159f2 (elapsed: 30453)
  process_thread_foure_timesynch_process (local in 4emac-timesynch.c) called from PC: $12738 (elapsed: 945038)
  call_process (local in process.c) called from PC: $1291c (elapsed: 945075)
  process_run (packetbuf.c) called from PC: $05edc (elapsed: 948431)
 WARN [Thread-2] (MspMote.java:229) - 50: # Watchdog[EXECUTION]: illegal write to WDTCTL (0) from $103ca - reset!!!!
Watchdog: illegal write to WDTCTL (0) from $103ca - reset!!!!
Stack Trace: number of calls: 5 PC: $103ca
  watchdog_reboot (packetbuf.c) called from PC: $24c30 (elapsed: 5)
  restart_time_synchronisation (packetbuf.c) called from PC: $159f2 (elapsed: 30452)
  process_thread_foure_timesynch_process (local in 4emac-timesynch.c) called from PC: $12738 (elapsed: 976692)
  call_process (local in process.c) called from PC: $1291c (elapsed: 976729)
  process_run (packetbuf.c) called from PC: $05edc (elapsed: 980858)
 WARN [Thread-2] (MspMote.java:229) - 56: # Watchdog[EXECUTION]: illegal write to WDTCTL (0) from $103ca - reset!!!!
Watchdog: illegal write to WDTCTL (0) from $103ca - reset!!!!
Stack Trace: number of calls: 5 PC: $103ca
  watchdog_reboot (packetbuf.c) called from PC: $24c30 (elapsed: 5)
  restart_time_synchronisation (packetbuf.c) called from PC: $159f2 (elapsed: 30447)
  process_thread_foure_timesynch_process (local in 4emac-timesynch.c) called from PC: $12738 (elapsed: 1255371)
  call_process (local in process.c) called from PC: $1291c (elapsed: 1255408)
  process_run (packetbuf.c) called from PC: $05edc (elapsed: 1258407)
 WARN [Thread-2] (MspMote.java:229) - 14: # Watchdog[EXECUTION]: illegal write to WDTCTL (0) from $103ca - reset!!!!
Watchdog: illegal write to WDTCTL (0) from $103ca - reset!!!!
Stack Trace: number of calls: 5 PC: $103ca
  watchdog_reboot (packetbuf.c) called from PC: $24c30 (elapsed: 5)
  restart_time_synchronisation (packetbuf.c) called from PC: $159f2 (elapsed: 30452)
  process_thread_foure_timesynch_process (local in 4emac-timesynch.c) called from PC: $12738 (elapsed: 781362)
  call_process (local in process.c) called from PC: $1291c (elapsed: 781399)
  process_run (packetbuf.c) called from PC: $05edc (elapsed: 784485)
 WARN [Thread-2] (MspMote.java:229) - 42: # Watchdog[EXECUTION]: illegal write to WDTCTL (0) from $103ca - reset!!!!
Watchdog: illegal write to WDTCTL (0) from $103ca - reset!!!!
Stack Trace: number of calls: 5 PC: $103ca
  watchdog_reboot (packetbuf.c) called from PC: $24c30 (elapsed: 5)
  restart_time_synchronisation (packetbuf.c) called from PC: $159f2 (elapsed: 30452)
  process_thread_foure_timesynch_process (local in 4emac-timesynch.c) called from PC: $12738 (elapsed: 1363892)
  call_process (local in process.c) called from PC: $1291c (elapsed: 1363929)
  process_run (packetbuf.c) called from PC: $05edc (elapsed: 1367108)
 WARN [Thread-2] (MspMote.java:229) - 43: # Watchdog[EXECUTION]: illegal write to WDTCTL (0) from $103ca - reset!!!!
Watchdog: illegal write to WDTCTL (0) from $103ca - reset!!!!
Stack Trace: number of calls: 5 PC: $103ca
  watchdog_reboot (packetbuf.c) called from PC: $24c30 (elapsed: 5)
  restart_time_synchronisation (packetbuf.c) called from PC: $159f2 (elapsed: 30453)
  process_thread_foure_timesynch_process (local in 4emac-timesynch.c) called from PC: $12738 (elapsed: 950810)
  call_process (local in process.c) called from PC: $1291c (elapsed: 950847)
  process_run (packetbuf.c) called from PC: $05edc (elapsed: 953918)
 WARN [Thread-2] (MspMote.java:229) - 31: # Watchdog[EXECUTION]: illegal write to WDTCTL (0) from $103ca - reset!!!!
Watchdog: illegal write to WDTCTL (0) from $103ca - reset!!!!
Stack Trace: number of calls: 5 PC: $103ca
  watchdog_reboot (packetbuf.c) called from PC: $24c30 (elapsed: 5)
  restart_time_synchronisation (packetbuf.c) called from PC: $159f2 (elapsed: 30452)
  process_thread_foure_timesynch_process (local in 4emac-timesynch.c) called from PC: $12738 (elapsed: 1221654)
  call_process (local in process.c) called from PC: $1291c (elapsed: 1221691)
  process_run (packetbuf.c) called from PC: $05edc (elapsed: 1224879)
 WARN [Thread-2] (MspMote.java:229) - 46: # Watchdog[EXECUTION]: illegal write to WDTCTL (0) from $103ca - reset!!!!
Watchdog: illegal write to WDTCTL (0) from $103ca - reset!!!!
Stack Trace: number of calls: 5 PC: $103ca
  watchdog_reboot (packetbuf.c) called from PC: $24c30 (elapsed: 5)
  restart_time_synchronisation (packetbuf.c) called from PC: $159f2 (elapsed: 30453)
  process_thread_foure_timesynch_process (local in 4emac-timesynch.c) called from PC: $12738 (elapsed: 504150)
  call_process (local in process.c) called from PC: $1291c (elapsed: 504187)
  process_run (packetbuf.c) called from PC: $05edc (elapsed: 507100)
 WARN [Thread-2] (MspMote.java:229) - 34: # Watchdog[EXECUTION]: illegal write to WDTCTL (0) from $103ca - reset!!!!
Watchdog: illegal write to WDTCTL (0) from $103ca - reset!!!!
Stack Trace: number of calls: 5 PC: $103ca
  watchdog_reboot (packetbuf.c) called from PC: $24c30 (elapsed: 5)
  restart_time_synchronisation (packetbuf.c) called from PC: $159f2 (elapsed: 30453)
  process_thread_foure_timesynch_process (local in 4emac-timesynch.c) called from PC: $12738 (elapsed: 1072786)
  call_process (local in process.c) called from PC: $1291c (elapsed: 1072823)
  process_run (packetbuf.c) called from PC: $05edc (elapsed: 1075909)
 WARN [Thread-2] (MspMote.java:229) - 9: # Watchdog[EXECUTION]: illegal write to WDTCTL (0) from $103ca - reset!!!!
Watchdog: illegal write to WDTCTL (0) from $103ca - reset!!!!
Stack Trace: number of calls: 5 PC: $103ca
  watchdog_reboot (packetbuf.c) called from PC: $24c30 (elapsed: 5)
  restart_time_synchronisation (packetbuf.c) called from PC: $159f2 (elapsed: 73835)
  process_thread_foure_timesynch_process (local in 4emac-timesynch.c) called from PC: $12738 (elapsed: 1135367)
  call_process (local in process.c) called from PC: $1291c (elapsed: 1135404)
  process_run (packetbuf.c) called from PC: $05edc (elapsed: 1138480)
 WARN [Thread-2] (MspMote.java:229) - 21: # Watchdog[EXECUTION]: illegal write to WDTCTL (0) from $103ca - reset!!!!
Watchdog: illegal write to WDTCTL (0) from $103ca - reset!!!!
Stack Trace: number of calls: 5 PC: $103ca
  watchdog_reboot (packetbuf.c) called from PC: $24c30 (elapsed: 5)
  restart_time_synchronisation (packetbuf.c) called from PC: $159f2 (elapsed: 30447)
  process_thread_foure_timesynch_process (local in 4emac-timesynch.c) called from PC: $12738 (elapsed: 1336011)
  call_process (local in process.c) called from PC: $1291c (elapsed: 1336048)
  process_run (packetbuf.c) called from PC: $05edc (elapsed: 1339111)
 WARN [Thread-2] (MspMote.java:229) - 48: # Watchdog[EXECUTION]: illegal write to WDTCTL (0) from $103ca - reset!!!!
Watchdog: illegal write to WDTCTL (0) from $103ca - reset!!!!
Stack Trace: number of calls: 5 PC: $103ca
  watchdog_reboot (packetbuf.c) called from PC: $24c30 (elapsed: 5)
  restart_time_synchronisation (packetbuf.c) called from PC: $159f2 (elapsed: 30452)
  process_thread_foure_timesynch_process (local in 4emac-timesynch.c) called from PC: $12738 (elapsed: 1114871)
  call_process (local in process.c) called from PC: $1291c (elapsed: 1114908)
  process_run (packetbuf.c) called from PC: $05edc (elapsed: 1117904)
 WARN [Thread-2] (MspMote.java:229) - 12: # Watchdog[EXECUTION]: illegal write to WDTCTL (0) from $103ca - reset!!!!
Watchdog: illegal write to WDTCTL (0) from $103ca - reset!!!!
Stack Trace: number of calls: 5 PC: $103ca
  watchdog_reboot (packetbuf.c) called from PC: $24c30 (elapsed: 5)
  restart_time_synchronisation (packetbuf.c) called from PC: $159f2 (elapsed: 30447)
  process_thread_foure_timesynch_process (local in 4emac-timesynch.c) called from PC: $12738 (elapsed: 1203725)
  call_process (local in process.c) called from PC: $1291c (elapsed: 1203762)
  process_run (packetbuf.c) called from PC: $05edc (elapsed: 1206676)
 WARN [Thread-2] (MspMote.java:229) - 3: # Watchdog[EXECUTION]: illegal write to WDTCTL (0) from $103ca - reset!!!!
Watchdog: illegal write to WDTCTL (0) from $103ca - reset!!!!
Stack Trace: number of calls: 5 PC: $103ca
  watchdog_reboot (packetbuf.c) called from PC: $24c30 (elapsed: 5)
  restart_time_synchronisation (packetbuf.c) called from PC: $159f2 (elapsed: 30452)
  process_thread_foure_timesynch_process (local in 4emac-timesynch.c) called from PC: $12738 (elapsed: 805174)
  call_process (local in process.c) called from PC: $1291c (elapsed: 805211)
  process_run (packetbuf.c) called from PC: $05edc (elapsed: 808205)
 WARN [Thread-2] (MspMote.java:229) - 10: # Watchdog[EXECUTION]: illegal write to WDTCTL (0) from $103ca - reset!!!!
Watchdog: illegal write to WDTCTL (0) from $103ca - reset!!!!
Stack Trace: number of calls: 5 PC: $103ca
  watchdog_reboot (packetbuf.c) called from PC: $24c30 (elapsed: 5)
  restart_time_synchronisation (packetbuf.c) called from PC: $159f2 (elapsed: 30452)
  process_thread_foure_timesynch_process (local in 4emac-timesynch.c) called from PC: $12738 (elapsed: 536931)
  call_process (local in process.c) called from PC: $1291c (elapsed: 536968)
  process_run (packetbuf.c) called from PC: $05edc (elapsed: 539883)
 WARN [Thread-2] (MspMote.java:229) - 2: # Watchdog[EXECUTION]: illegal write to WDTCTL (0) from $103ca - reset!!!!
Watchdog: illegal write to WDTCTL (0) from $103ca - reset!!!!
Stack Trace: number of calls: 5 PC: $103ca
  watchdog_reboot (packetbuf.c) called from PC: $24c30 (elapsed: 5)
  restart_time_synchronisation (packetbuf.c) called from PC: $159f2 (elapsed: 30453)
  process_thread_foure_timesynch_process (local in 4emac-timesynch.c) called from PC: $12738 (elapsed: 1248384)
  call_process (local in process.c) called from PC: $1291c (elapsed: 1248421)
  process_run (packetbuf.c) called from PC: $05edc (elapsed: 1251499)
 WARN [Thread-2] (MspMote.java:229) - 15: # Watchdog[EXECUTION]: illegal write to WDTCTL (0) from $103ca - reset!!!!
Watchdog: illegal write to WDTCTL (0) from $103ca - reset!!!!
Stack Trace: number of calls: 5 PC: $103ca
  watchdog_reboot (packetbuf.c) called from PC: $24c30 (elapsed: 5)
  restart_time_synchronisation (packetbuf.c) called from PC: $159f2 (elapsed: 30452)
  process_thread_foure_timesynch_process (local in 4emac-timesynch.c) called from PC: $12738 (elapsed: 1209851)
  call_process (local in process.c) called from PC: $1291c (elapsed: 1209888)
  process_run (packetbuf.c) called from PC: $05edc (elapsed: 1212974)
 WARN [Thread-2] (MspMote.java:229) - 4: # Watchdog[EXECUTION]: illegal write to WDTCTL (0) from $103ca - reset!!!!
Watchdog: illegal write to WDTCTL (0) from $103ca - reset!!!!
Stack Trace: number of calls: 5 PC: $103ca
  watchdog_reboot (packetbuf.c) called from PC: $24c30 (elapsed: 5)
  restart_time_synchronisation (packetbuf.c) called from PC: $159f2 (elapsed: 30452)
  process_thread_foure_timesynch_process (local in 4emac-timesynch.c) called from PC: $12738 (elapsed: 1358070)
  call_process (local in process.c) called from PC: $1291c (elapsed: 1358107)
  process_run (packetbuf.c) called from PC: $05edc (elapsed: 1361315)
 WARN [Thread-2] (MspMote.java:229) - 54: # Watchdog[EXECUTION]: illegal write to WDTCTL (0) from $103ca - reset!!!!
Watchdog: illegal write to WDTCTL (0) from $103ca - reset!!!!
Stack Trace: number of calls: 5 PC: $103ca
  watchdog_reboot (packetbuf.c) called from PC: $24c30 (elapsed: 5)
  restart_time_synchronisation (packetbuf.c) called from PC: $159f2 (elapsed: 30464)
  process_thread_foure_timesynch_process (local in 4emac-timesynch.c) called from PC: $12738 (elapsed: 1394031)
  call_process (local in process.c) called from PC: $1291c (elapsed: 1394068)
  process_run (packetbuf.c) called from PC: $05edc (elapsed: 1397069)
 WARN [Thread-2] (MspMote.java:229) - 55: # Watchdog[EXECUTION]: illegal write to WDTCTL (0) from $103ca - reset!!!!
Watchdog: illegal write to WDTCTL (0) from $103ca - reset!!!!
Stack Trace: number of calls: 5 PC: $103ca
  watchdog_reboot (packetbuf.c) called from PC: $24c30 (elapsed: 5)
  restart_time_synchronisation (packetbuf.c) called from PC: $159f2 (elapsed: 30453)
  process_thread_foure_timesynch_process (local in 4emac-timesynch.c) called from PC: $12738 (elapsed: 1457321)
  call_process (local in process.c) called from PC: $1291c (elapsed: 1457358)
  process_run (packetbuf.c) called from PC: $05edc (elapsed: 1460469)
 WARN [Thread-2] (MspMote.java:229) - 59: # Watchdog[EXECUTION]: illegal write to WDTCTL (0) from $103ca - reset!!!!
Watchdog: illegal write to WDTCTL (0) from $103ca - reset!!!!
Stack Trace: number of calls: 5 PC: $103ca
  watchdog_reboot (packetbuf.c) called from PC: $24c30 (elapsed: 5)
  restart_time_synchronisation (packetbuf.c) called from PC: $159f2 (elapsed: 30447)
  process_thread_foure_timesynch_process (local in 4emac-timesynch.c) called from PC: $12738 (elapsed: 1380628)
  call_process (local in process.c) called from PC: $1291c (elapsed: 1380665)
  process_run (packetbuf.c) called from PC: $05edc (elapsed: 1383855)
 WARN [Thread-2] (MspMote.java:229) - 49: # Watchdog[EXECUTION]: illegal write to WDTCTL (0) from $103ca - reset!!!!
Watchdog: illegal write to WDTCTL (0) from $103ca - reset!!!!
Stack Trace: number of calls: 5 PC: $103ca
  watchdog_reboot (packetbuf.c) called from PC: $24c30 (elapsed: 5)
  restart_time_synchronisation (packetbuf.c) called from PC: $159f2 (elapsed: 30567)
  process_thread_foure_timesynch_process (local in 4emac-timesynch.c) called from PC: $12738 (elapsed: 1253628)
  call_process (local in process.c) called from PC: $1291c (elapsed: 1253665)
  process_run (packetbuf.c) called from PC: $05edc (elapsed: 1256882)
 WARN [Thread-2] (MspMote.java:229) - 61: # Watchdog[EXECUTION]: illegal write to WDTCTL (0) from $103ca - reset!!!!
Watchdog: illegal write to WDTCTL (0) from $103ca - reset!!!!
Stack Trace: number of calls: 5 PC: $103ca
  watchdog_reboot (packetbuf.c) called from PC: $24c30 (elapsed: 5)
  restart_time_synchronisation (packetbuf.c) called from PC: $159f2 (elapsed: 30452)
  process_thread_foure_timesynch_process (local in 4emac-timesynch.c) called from PC: $12738 (elapsed: 730717)
  call_process (local in process.c) called from PC: $1291c (elapsed: 730754)
  process_run (packetbuf.c) called from PC: $05edc (elapsed: 733915)
 WARN [Thread-2] (MspMote.java:229) - 28: # Watchdog[EXECUTION]: illegal write to WDTCTL (0) from $103ca - reset!!!!
Watchdog: illegal write to WDTCTL (0) from $103ca - reset!!!!
Stack Trace: number of calls: 5 PC: $103ca
  watchdog_reboot (packetbuf.c) called from PC: $24c30 (elapsed: 5)
  restart_time_synchronisation (packetbuf.c) called from PC: $159f2 (elapsed: 30447)
  process_thread_foure_timesynch_process (local in 4emac-timesynch.c) called from PC: $12738 (elapsed: 952412)
  call_process (local in process.c) called from PC: $1291c (elapsed: 952449)
  process_run (packetbuf.c) called from PC: $05edc (elapsed: 955799)
 WARN [Thread-2] (MspMote.java:229) - 33: # Watchdog[EXECUTION]: illegal write to WDTCTL (0) from $103ca - reset!!!!
Watchdog: illegal write to WDTCTL (0) from $103ca - reset!!!!
Stack Trace: number of calls: 5 PC: $103ca
  watchdog_reboot (packetbuf.c) called from PC: $24c30 (elapsed: 5)
  restart_time_synchronisation (packetbuf.c) called from PC: $159f2 (elapsed: 30477)
  process_thread_foure_timesynch_process (local in 4emac-timesynch.c) called from PC: $12738 (elapsed: 1251425)
  call_process (local in process.c) called from PC: $1291c (elapsed: 1251462)
  process_run (packetbuf.c) called from PC: $05edc (elapsed: 1254641)
 WARN [Thread-2] (MspMote.java:229) - 26: # Watchdog[EXECUTION]: illegal write to WDTCTL (0) from $103ca - reset!!!!
Watchdog: illegal write to WDTCTL (0) from $103ca - reset!!!!
Stack Trace: number of calls: 5 PC: $103ca
  watchdog_reboot (packetbuf.c) called from PC: $24c30 (elapsed: 5)
  restart_time_synchronisation (packetbuf.c) called from PC: $159f2 (elapsed: 30452)
  process_thread_foure_timesynch_process (local in 4emac-timesynch.c) called from PC: $12738 (elapsed: 1117187)
  call_process (local in process.c) called from PC: $1291c (elapsed: 1117224)
  process_run (packetbuf.c) called from PC: $05edc (elapsed: 1120486)
 WARN [Thread-2] (MspMote.java:229) - 27: # Watchdog[EXECUTION]: illegal write to WDTCTL (0) from $103ca - reset!!!!
Watchdog: illegal write to WDTCTL (0) from $103ca - reset!!!!
Stack Trace: number of calls: 5 PC: $103ca
  watchdog_reboot (packetbuf.c) called from PC: $24c30 (elapsed: 5)
  restart_time_synchronisation (packetbuf.c) called from PC: $159f2 (elapsed: 30447)
  process_thread_foure_timesynch_process (local in 4emac-timesynch.c) called from PC: $12738 (elapsed: 643218)
  call_process (local in process.c) called from PC: $1291c (elapsed: 643255)
  process_run (packetbuf.c) called from PC: $05edc (elapsed: 646339)
 WARN [Thread-2] (MspMote.java:229) - 44: # Watchdog[EXECUTION]: illegal write to WDTCTL (0) from $103ca - reset!!!!
Watchdog: illegal write to WDTCTL (0) from $103ca - reset!!!!
Stack Trace: number of calls: 5 PC: $103ca
  watchdog_reboot (packetbuf.c) called from PC: $24c30 (elapsed: 5)
  restart_time_synchronisation (packetbuf.c) called from PC: $159f2 (elapsed: 69050)
  process_thread_foure_timesynch_process (local in 4emac-timesynch.c) called from PC: $12738 (elapsed: 818315)
  call_process (local in process.c) called from PC: $1291c (elapsed: 818352)
  process_run (packetbuf.c) called from PC: $05edc (elapsed: 821271)
 WARN [Thread-2] (MspMote.java:229) - 52: # Watchdog[EXECUTION]: illegal write to WDTCTL (0) from $103ca - reset!!!!
 INFO [Thread-2] (LogScriptEngine.java:389) - Test script at 90.00%, done in 1365.1 sec
Watchdog: illegal write to WDTCTL (0) from $103ca - reset!!!!
Stack Trace: number of calls: 5 PC: $103ca
  watchdog_reboot (packetbuf.c) called from PC: $24c30 (elapsed: 5)
  restart_time_synchronisation (packetbuf.c) called from PC: $159f2 (elapsed: 30452)
  process_thread_foure_timesynch_process (local in 4emac-timesynch.c) called from PC: $12738 (elapsed: 1301965)
  call_process (local in process.c) called from PC: $1291c (elapsed: 1302002)
  process_run (packetbuf.c) called from PC: $05edc (elapsed: 1305264)
 WARN [Thread-2] (MspMote.java:229) - 60: # Watchdog[EXECUTION]: illegal write to WDTCTL (0) from $103ca - reset!!!!
Watchdog: illegal write to WDTCTL (0) from $103ca - reset!!!!
Stack Trace: number of calls: 5 PC: $103ca
  watchdog_reboot (packetbuf.c) called from PC: $24c30 (elapsed: 5)
  restart_time_synchronisation (packetbuf.c) called from PC: $159f2 (elapsed: 30453)
  process_thread_foure_timesynch_process (local in 4emac-timesynch.c) called from PC: $12738 (elapsed: 1316717)
  call_process (local in process.c) called from PC: $1291c (elapsed: 1316754)
  process_run (packetbuf.c) called from PC: $05edc (elapsed: 1319599)
 WARN [Thread-2] (MspMote.java:229) - 32: # Watchdog[EXECUTION]: illegal write to WDTCTL (0) from $103ca - reset!!!!
Watchdog: illegal write to WDTCTL (0) from $103ca - reset!!!!
Stack Trace: number of calls: 5 PC: $103ca
  watchdog_reboot (packetbuf.c) called from PC: $24c30 (elapsed: 5)
  restart_time_synchronisation (packetbuf.c) called from PC: $159f2 (elapsed: 30452)
  process_thread_foure_timesynch_process (local in 4emac-timesynch.c) called from PC: $12738 (elapsed: 1467565)
  call_process (local in process.c) called from PC: $1291c (elapsed: 1467602)
  process_run (packetbuf.c) called from PC: $05edc (elapsed: 1470821)
 WARN [Thread-2] (MspMote.java:229) - 58: # Watchdog[EXECUTION]: illegal write to WDTCTL (0) from $103ca - reset!!!!
Watchdog: illegal write to WDTCTL (0) from $103ca - reset!!!!
Stack Trace: number of calls: 5 PC: $103ca
  watchdog_reboot (packetbuf.c) called from PC: $24c30 (elapsed: 5)
  restart_time_synchronisation (packetbuf.c) called from PC: $159f2 (elapsed: 30453)
  process_thread_foure_timesynch_process (local in 4emac-timesynch.c) called from PC: $12738 (elapsed: 971843)
  call_process (local in process.c) called from PC: $1291c (elapsed: 971880)
  process_run (packetbuf.c) called from PC: $05edc (elapsed: 1001714)
 WARN [Thread-2] (MspMote.java:229) - 34: # Watchdog[EXECUTION]: illegal write to WDTCTL (0) from $103ca - reset!!!!
Watchdog: illegal write to WDTCTL (0) from $103ca - reset!!!!
Stack Trace: number of calls: 5 PC: $103ca
  watchdog_reboot (packetbuf.c) called from PC: $24c30 (elapsed: 5)
  restart_time_synchronisation (packetbuf.c) called from PC: $159f2 (elapsed: 30452)
  process_thread_foure_timesynch_process (local in 4emac-timesynch.c) called from PC: $12738 (elapsed: 1092856)
  call_process (local in process.c) called from PC: $1291c (elapsed: 1092893)
  process_run (packetbuf.c) called from PC: $05edc (elapsed: 1096047)
 WARN [Thread-2] (MspMote.java:229) - 1: # Watchdog[EXECUTION]: illegal write to WDTCTL (0) from $103ca - reset!!!!
Watchdog: illegal write to WDTCTL (0) from $103ca - reset!!!!
Stack Trace: number of calls: 5 PC: $103ca
  watchdog_reboot (packetbuf.c) called from PC: $24c30 (elapsed: 5)
  restart_time_synchronisation (packetbuf.c) called from PC: $159f2 (elapsed: 30452)
  process_thread_foure_timesynch_process (local in 4emac-timesynch.c) called from PC: $12738 (elapsed: 983909)
  call_process (local in process.c) called from PC: $1291c (elapsed: 983946)
  process_run (packetbuf.c) called from PC: $05edc (elapsed: 986949)
 WARN [Thread-2] (MspMote.java:229) - 45: # Watchdog[EXECUTION]: illegal write to WDTCTL (0) from $103ca - reset!!!!
Watchdog: illegal write to WDTCTL (0) from $103ca - reset!!!!
Stack Trace: number of calls: 5 PC: $103ca
  watchdog_reboot (packetbuf.c) called from PC: $24c30 (elapsed: 5)
  restart_time_synchronisation (packetbuf.c) called from PC: $159f2 (elapsed: 30452)
  process_thread_foure_timesynch_process (local in 4emac-timesynch.c) called from PC: $12738 (elapsed: 1224002)
  call_process (local in process.c) called from PC: $1291c (elapsed: 1224039)
  process_run (packetbuf.c) called from PC: $05edc (elapsed: 1226956)
 WARN [Thread-2] (MspMote.java:229) - 38: # Watchdog[EXECUTION]: illegal write to WDTCTL (0) from $103ca - reset!!!!
Watchdog: illegal write to WDTCTL (0) from $103ca - reset!!!!
Stack Trace: number of calls: 5 PC: $103ca
  watchdog_reboot (packetbuf.c) called from PC: $24c30 (elapsed: 5)
  restart_time_synchronisation (packetbuf.c) called from PC: $159f2 (elapsed: 60844)
  process_thread_foure_timesynch_process (local in 4emac-timesynch.c) called from PC: $12738 (elapsed: 1266985)
  call_process (local in process.c) called from PC: $1291c (elapsed: 1267022)
  process_run (packetbuf.c) called from PC: $05edc (elapsed: 1270131)
 WARN [Thread-2] (MspMote.java:229) - 51: # Watchdog[EXECUTION]: illegal write to WDTCTL (0) from $103ca - reset!!!!
Watchdog: illegal write to WDTCTL (0) from $103ca - reset!!!!
Stack Trace: number of calls: 5 PC: $103ca
  watchdog_reboot (packetbuf.c) called from PC: $24c30 (elapsed: 5)
  restart_time_synchronisation (packetbuf.c) called from PC: $159f2 (elapsed: 30447)
  process_thread_foure_timesynch_process (local in 4emac-timesynch.c) called from PC: $12738 (elapsed: 702500)
  call_process (local in process.c) called from PC: $1291c (elapsed: 702537)
  process_run (packetbuf.c) called from PC: $05edc (elapsed: 705457)
 WARN [Thread-2] (MspMote.java:229) - 20: # Watchdog[EXECUTION]: illegal write to WDTCTL (0) from $103ca - reset!!!!
Watchdog: illegal write to WDTCTL (0) from $103ca - reset!!!!
Stack Trace: number of calls: 5 PC: $103ca
  watchdog_reboot (packetbuf.c) called from PC: $24c30 (elapsed: 5)
  restart_time_synchronisation (packetbuf.c) called from PC: $159f2 (elapsed: 30579)
  process_thread_foure_timesynch_process (local in 4emac-timesynch.c) called from PC: $12738 (elapsed: 1084239)
  call_process (local in process.c) called from PC: $1291c (elapsed: 1084276)
  process_run (packetbuf.c) called from PC: $05edc (elapsed: 1088536)
 WARN [Thread-2] (MspMote.java:229) - 39: # Watchdog[EXECUTION]: illegal write to WDTCTL (0) from $103ca - reset!!!!
Watchdog: illegal write to WDTCTL (0) from $103ca - reset!!!!
Stack Trace: number of calls: 5 PC: $103ca
  watchdog_reboot (packetbuf.c) called from PC: $24c30 (elapsed: 5)
  restart_time_synchronisation (packetbuf.c) called from PC: $159f2 (elapsed: 30447)
  process_thread_foure_timesynch_process (local in 4emac-timesynch.c) called from PC: $12738 (elapsed: 950723)
  call_process (local in process.c) called from PC: $1291c (elapsed: 950760)
  process_run (packetbuf.c) called from PC: $05edc (elapsed: 953682)
 WARN [Thread-2] (MspMote.java:229) - 35: # Watchdog[EXECUTION]: illegal write to WDTCTL (0) from $103ca - reset!!!!
Watchdog: illegal write to WDTCTL (0) from $103ca - reset!!!!
Stack Trace: number of calls: 5 PC: $103ca
  watchdog_reboot (packetbuf.c) called from PC: $24c30 (elapsed: 5)
  restart_time_synchronisation (packetbuf.c) called from PC: $159f2 (elapsed: 30452)
  process_thread_foure_timesynch_process (local in 4emac-timesynch.c) called from PC: $12738 (elapsed: 641618)
  call_process (local in process.c) called from PC: $1291c (elapsed: 641655)
  process_run (packetbuf.c) called from PC: $05edc (elapsed: 644651)
 WARN [Thread-2] (MspMote.java:229) - 33: # Watchdog[EXECUTION]: illegal write to WDTCTL (0) from $103ca - reset!!!!
Watchdog: illegal write to WDTCTL (0) from $103ca - reset!!!!
Stack Trace: number of calls: 5 PC: $103ca
  watchdog_reboot (packetbuf.c) called from PC: $24c30 (elapsed: 5)
  restart_time_synchronisation (packetbuf.c) called from PC: $159f2 (elapsed: 77911)
  process_thread_foure_timesynch_process (local in 4emac-timesynch.c) called from PC: $12738 (elapsed: 545377)
  call_process (local in process.c) called from PC: $1291c (elapsed: 545414)
  process_run (packetbuf.c) called from PC: $05edc (elapsed: 548487)
 WARN [Thread-2] (MspMote.java:229) - 29: # Watchdog[EXECUTION]: illegal write to WDTCTL (0) from $103ca - reset!!!!
Watchdog: illegal write to WDTCTL (0) from $103ca - reset!!!!
Stack Trace: number of calls: 5 PC: $103ca
  watchdog_reboot (packetbuf.c) called from PC: $24c30 (elapsed: 5)
  restart_time_synchronisation (packetbuf.c) called from PC: $159f2 (elapsed: 30452)
  process_thread_foure_timesynch_process (local in 4emac-timesynch.c) called from PC: $12738 (elapsed: 1116197)
  call_process (local in process.c) called from PC: $1291c (elapsed: 1116234)
  process_run (packetbuf.c) called from PC: $05edc (elapsed: 1119309)
 WARN [Thread-2] (MspMote.java:229) - 41: # Watchdog[EXECUTION]: illegal write to WDTCTL (0) from $103ca - reset!!!!
Watchdog: illegal write to WDTCTL (0) from $103ca - reset!!!!
Stack Trace: number of calls: 5 PC: $103ca
  watchdog_reboot (packetbuf.c) called from PC: $24c30 (elapsed: 5)
  restart_time_synchronisation (packetbuf.c) called from PC: $159f2 (elapsed: 30452)
  process_thread_foure_timesynch_process (local in 4emac-timesynch.c) called from PC: $12738 (elapsed: 1116510)
  call_process (local in process.c) called from PC: $1291c (elapsed: 1116547)
  process_run (packetbuf.c) called from PC: $05edc (elapsed: 1120502)
 WARN [Thread-2] (MspMote.java:229) - 40: # Watchdog[EXECUTION]: illegal write to WDTCTL (0) from $103ca - reset!!!!
Watchdog: illegal write to WDTCTL (0) from $103ca - reset!!!!
Stack Trace: number of calls: 5 PC: $103ca
  watchdog_reboot (packetbuf.c) called from PC: $24c30 (elapsed: 5)
  restart_time_synchronisation (packetbuf.c) called from PC: $159f2 (elapsed: 30452)
  process_thread_foure_timesynch_process (local in 4emac-timesynch.c) called from PC: $12738 (elapsed: 979043)
  call_process (local in process.c) called from PC: $1291c (elapsed: 979080)
  process_run (packetbuf.c) called from PC: $05edc (elapsed: 982311)
 WARN [Thread-2] (MspMote.java:229) - 48: # Watchdog[EXECUTION]: illegal write to WDTCTL (0) from $103ca - reset!!!!
Watchdog: illegal write to WDTCTL (0) from $103ca - reset!!!!
Stack Trace: number of calls: 5 PC: $103ca
  watchdog_reboot (packetbuf.c) called from PC: $24c30 (elapsed: 5)
  restart_time_synchronisation (packetbuf.c) called from PC: $159f2 (elapsed: 30447)
  process_thread_foure_timesynch_process (local in 4emac-timesynch.c) called from PC: $12738 (elapsed: 1088111)
  call_process (local in process.c) called from PC: $1291c (elapsed: 1088148)
  process_run (packetbuf.c) called from PC: $05edc (elapsed: 1091223)
 WARN [Thread-2] (MspMote.java:229) - 52: # Watchdog[EXECUTION]: illegal write to WDTCTL (0) from $103ca - reset!!!!
Watchdog: illegal write to WDTCTL (0) from $103ca - reset!!!!
Stack Trace: number of calls: 5 PC: $103ca
  watchdog_reboot (packetbuf.c) called from PC: $24c30 (elapsed: 5)
  restart_time_synchronisation (packetbuf.c) called from PC: $159f2 (elapsed: 30453)
  process_thread_foure_timesynch_process (local in 4emac-timesynch.c) called from PC: $12738 (elapsed: 809802)
  call_process (local in process.c) called from PC: $1291c (elapsed: 809839)
  process_run (packetbuf.c) called from PC: $05edc (elapsed: 813068)
 WARN [Thread-2] (MspMote.java:229) - 22: # Watchdog[EXECUTION]: illegal write to WDTCTL (0) from $103ca - reset!!!!
Watchdog: illegal write to WDTCTL (0) from $103ca - reset!!!!
Stack Trace: number of calls: 5 PC: $103ca
  watchdog_reboot (packetbuf.c) called from PC: $24c30 (elapsed: 5)
  restart_time_synchronisation (packetbuf.c) called from PC: $159f2 (elapsed: 30447)
  process_thread_foure_timesynch_process (local in 4emac-timesynch.c) called from PC: $12738 (elapsed: 1262728)
  call_process (local in process.c) called from PC: $1291c (elapsed: 1262765)
  process_run (packetbuf.c) called from PC: $05edc (elapsed: 1265838)
 WARN [Thread-2] (MspMote.java:229) - 47: # Watchdog[EXECUTION]: illegal write to WDTCTL (0) from $103ca - reset!!!!
Watchdog: illegal write to WDTCTL (0) from $103ca - reset!!!!
Stack Trace: number of calls: 5 PC: $103ca
  watchdog_reboot (packetbuf.c) called from PC: $24c30 (elapsed: 5)
  restart_time_synchronisation (packetbuf.c) called from PC: $159f2 (elapsed: 30452)
  process_thread_foure_timesynch_process (local in 4emac-timesynch.c) called from PC: $12738 (elapsed: 1110164)
  call_process (local in process.c) called from PC: $1291c (elapsed: 1110201)
  process_run (packetbuf.c) called from PC: $05edc (elapsed: 1113112)
 WARN [Thread-2] (MspMote.java:229) - 53: # Watchdog[EXECUTION]: illegal write to WDTCTL (0) from $103ca - reset!!!!
Watchdog: illegal write to WDTCTL (0) from $103ca - reset!!!!
Stack Trace: number of calls: 5 PC: $103ca
  watchdog_reboot (packetbuf.c) called from PC: $24c30 (elapsed: 5)
  restart_time_synchronisation (packetbuf.c) called from PC: $159f2 (elapsed: 30453)
  process_thread_foure_timesynch_process (local in 4emac-timesynch.c) called from PC: $12738 (elapsed: 952812)
  call_process (local in process.c) called from PC: $1291c (elapsed: 952849)
  process_run (packetbuf.c) called from PC: $05edc (elapsed: 955762)
 WARN [Thread-2] (MspMote.java:229) - 54: # Watchdog[EXECUTION]: illegal write to WDTCTL (0) from $103ca - reset!!!!
Watchdog: illegal write to WDTCTL (0) from $103ca - reset!!!!
Stack Trace: number of calls: 5 PC: $103ca
  watchdog_reboot (packetbuf.c) called from PC: $24c30 (elapsed: 5)
  restart_time_synchronisation (packetbuf.c) called from PC: $159f2 (elapsed: 30453)
  process_thread_foure_timesynch_process (local in 4emac-timesynch.c) called from PC: $12738 (elapsed: 1231387)
  call_process (local in process.c) called from PC: $1291c (elapsed: 1231424)
  process_run (packetbuf.c) called from PC: $05edc (elapsed: 1234495)
 WARN [Thread-2] (MspMote.java:229) - 55: # Watchdog[EXECUTION]: illegal write to WDTCTL (0) from $103ca - reset!!!!
Watchdog: illegal write to WDTCTL (0) from $103ca - reset!!!!
Stack Trace: number of calls: 5 PC: $103ca
  watchdog_reboot (packetbuf.c) called from PC: $24c30 (elapsed: 5)
  restart_time_synchronisation (packetbuf.c) called from PC: $159f2 (elapsed: 30452)
  process_thread_foure_timesynch_process (local in 4emac-timesynch.c) called from PC: $12738 (elapsed: 1220399)
  call_process (local in process.c) called from PC: $1291c (elapsed: 1220436)
  process_run (packetbuf.c) called from PC: $05edc (elapsed: 1223509)
 WARN [Thread-2] (MspMote.java:229) - 59: # Watchdog[EXECUTION]: illegal write to WDTCTL (0) from $103ca - reset!!!!
Watchdog: illegal write to WDTCTL (0) from $103ca - reset!!!!
Stack Trace: number of calls: 5 PC: $103ca
  watchdog_reboot (packetbuf.c) called from PC: $24c30 (elapsed: 5)
  restart_time_synchronisation (packetbuf.c) called from PC: $159f2 (elapsed: 30452)
  process_thread_foure_timesynch_process (local in 4emac-timesynch.c) called from PC: $12738 (elapsed: 1090734)
  call_process (local in process.c) called from PC: $1291c (elapsed: 1090771)
  process_run (packetbuf.c) called from PC: $05edc (elapsed: 1093603)
 WARN [Thread-2] (MspMote.java:229) - 49: # Watchdog[EXECUTION]: illegal write to WDTCTL (0) from $103ca - reset!!!!
Watchdog: illegal write to WDTCTL (0) from $103ca - reset!!!!
Stack Trace: number of calls: 5 PC: $103ca
  watchdog_reboot (packetbuf.c) called from PC: $24c30 (elapsed: 5)
  restart_time_synchronisation (packetbuf.c) called from PC: $159f2 (elapsed: 30452)
  process_thread_foure_timesynch_process (local in 4emac-timesynch.c) called from PC: $12738 (elapsed: 779965)
  call_process (local in process.c) called from PC: $1291c (elapsed: 780002)
  process_run (packetbuf.c) called from PC: $05edc (elapsed: 783054)
 WARN [Thread-2] (MspMote.java:229) - 21: # Watchdog[EXECUTION]: illegal write to WDTCTL (0) from $103ca - reset!!!!
Watchdog: illegal write to WDTCTL (0) from $103ca - reset!!!!
Stack Trace: number of calls: 5 PC: $103ca
  watchdog_reboot (packetbuf.c) called from PC: $24c30 (elapsed: 5)
  restart_time_synchronisation (packetbuf.c) called from PC: $159f2 (elapsed: 30452)
  process_thread_foure_timesynch_process (local in 4emac-timesynch.c) called from PC: $12738 (elapsed: 1362210)
  call_process (local in process.c) called from PC: $1291c (elapsed: 1362247)
  process_run (packetbuf.c) called from PC: $05edc (elapsed: 1365404)
 WARN [Thread-2] (MspMote.java:229) - 11: # Watchdog[EXECUTION]: illegal write to WDTCTL (0) from $103ca - reset!!!!
 INFO [Thread-2] (LogScriptEngine.java:389) - Test script at 95.00%, done in 667.5 sec
Watchdog: illegal write to WDTCTL (0) from $103ca - reset!!!!
Stack Trace: number of calls: 5 PC: $103ca
  watchdog_reboot (packetbuf.c) called from PC: $24c30 (elapsed: 5)
  restart_time_synchronisation (packetbuf.c) called from PC: $159f2 (elapsed: 30453)
  process_thread_foure_timesynch_process (local in 4emac-timesynch.c) called from PC: $12738 (elapsed: 504360)
  call_process (local in process.c) called from PC: $1291c (elapsed: 504397)
  process_run (packetbuf.c) called from PC: $05edc (elapsed: 507630)
 WARN [Thread-2] (MspMote.java:229) - 42: # Watchdog[EXECUTION]: illegal write to WDTCTL (0) from $103ca - reset!!!!
Watchdog: illegal write to WDTCTL (0) from $103ca - reset!!!!
Stack Trace: number of calls: 5 PC: $103ca
  watchdog_reboot (packetbuf.c) called from PC: $24c30 (elapsed: 5)
  restart_time_synchronisation (packetbuf.c) called from PC: $159f2 (elapsed: 30453)
  process_thread_foure_timesynch_process (local in 4emac-timesynch.c) called from PC: $12738 (elapsed: 833477)
  call_process (local in process.c) called from PC: $1291c (elapsed: 833514)
  process_run (packetbuf.c) called from PC: $05edc (elapsed: 836508)
 WARN [Thread-2] (MspMote.java:229) - 8: # Watchdog[EXECUTION]: illegal write to WDTCTL (0) from $103ca - reset!!!!
Watchdog: illegal write to WDTCTL (0) from $103ca - reset!!!!
Stack Trace: number of calls: 5 PC: $103ca
  watchdog_reboot (packetbuf.c) called from PC: $24c30 (elapsed: 5)
  restart_time_synchronisation (packetbuf.c) called from PC: $159f2 (elapsed: 30453)
  process_thread_foure_timesynch_process (local in 4emac-timesynch.c) called from PC: $12738 (elapsed: 950850)
  call_process (local in process.c) called from PC: $1291c (elapsed: 950887)
  process_run (packetbuf.c) called from PC: $05edc (elapsed: 954066)
 WARN [Thread-2] (MspMote.java:229) - 61: # Watchdog[EXECUTION]: illegal write to WDTCTL (0) from $103ca - reset!!!!
Watchdog: illegal write to WDTCTL (0) from $103ca - reset!!!!
Stack Trace: number of calls: 5 PC: $103ca
  watchdog_reboot (packetbuf.c) called from PC: $24c30 (elapsed: 5)
  restart_time_synchronisation (packetbuf.c) called from PC: $159f2 (elapsed: 30447)
  process_thread_foure_timesynch_process (local in 4emac-timesynch.c) called from PC: $12738 (elapsed: 1076199)
  call_process (local in process.c) called from PC: $1291c (elapsed: 1076236)
  process_run (packetbuf.c) called from PC: $05edc (elapsed: 1079311)
 WARN [Thread-2] (MspMote.java:229) - 9: # Watchdog[EXECUTION]: illegal write to WDTCTL (0) from $103ca - reset!!!!
Watchdog: illegal write to WDTCTL (0) from $103ca - reset!!!!
Stack Trace: number of calls: 5 PC: $103ca
  watchdog_reboot (packetbuf.c) called from PC: $24c30 (elapsed: 5)
  restart_time_synchronisation (packetbuf.c) called from PC: $159f2 (elapsed: 30452)
  process_thread_foure_timesynch_process (local in 4emac-timesynch.c) called from PC: $12738 (elapsed: 781680)
  call_process (local in process.c) called from PC: $1291c (elapsed: 781717)
  process_run (packetbuf.c) called from PC: $05edc (elapsed: 784869)
 WARN [Thread-2] (MspMote.java:229) - 38: # Watchdog[EXECUTION]: illegal write to WDTCTL (0) from $103ca - reset!!!!
Watchdog: illegal write to WDTCTL (0) from $103ca - reset!!!!
Stack Trace: number of calls: 5 PC: $103ca
  watchdog_reboot (packetbuf.c) called from PC: $24c30 (elapsed: 5)
  restart_time_synchronisation (packetbuf.c) called from PC: $159f2 (elapsed: 30452)
  process_thread_foure_timesynch_process (local in 4emac-timesynch.c) called from PC: $12738 (elapsed: 845195)
  call_process (local in process.c) called from PC: $1291c (elapsed: 845232)
  process_run (packetbuf.c) called from PC: $05edc (elapsed: 848226)
 WARN [Thread-2] (MspMote.java:229) - 18: # Watchdog[EXECUTION]: illegal write to WDTCTL (0) from $103ca - reset!!!!
Watchdog: illegal write to WDTCTL (0) from $103ca - reset!!!!
Stack Trace: number of calls: 5 PC: $103ca
  watchdog_reboot (packetbuf.c) called from PC: $24c30 (elapsed: 5)
  restart_time_synchronisation (packetbuf.c) called from PC: $159f2 (elapsed: 30453)
  process_thread_foure_timesynch_process (local in 4emac-timesynch.c) called from PC: $12738 (elapsed: 770252)
  call_process (local in process.c) called from PC: $1291c (elapsed: 770289)
  process_run (packetbuf.c) called from PC: $05edc (elapsed: 773369)
 WARN [Thread-2] (MspMote.java:229) - 5: # Watchdog[EXECUTION]: illegal write to WDTCTL (0) from $103ca - reset!!!!
Watchdog: illegal write to WDTCTL (0) from $103ca - reset!!!!
Stack Trace: number of calls: 5 PC: $103ca
  watchdog_reboot (packetbuf.c) called from PC: $24c30 (elapsed: 5)
  restart_time_synchronisation (packetbuf.c) called from PC: $159f2 (elapsed: 30453)
  process_thread_foure_timesynch_process (local in 4emac-timesynch.c) called from PC: $12738 (elapsed: 1384064)
  call_process (local in process.c) called from PC: $1291c (elapsed: 1384101)
  process_run (packetbuf.c) called from PC: $05edc (elapsed: 1387016)
 WARN [Thread-2] (MspMote.java:229) - 6: # Watchdog[EXECUTION]: illegal write to WDTCTL (0) from $103ca - reset!!!!
Watchdog: illegal write to WDTCTL (0) from $103ca - reset!!!!
Stack Trace: number of calls: 5 PC: $103ca
  watchdog_reboot (packetbuf.c) called from PC: $24c30 (elapsed: 5)
  restart_time_synchronisation (packetbuf.c) called from PC: $159f2 (elapsed: 30452)
  process_thread_foure_timesynch_process (local in 4emac-timesynch.c) called from PC: $12738 (elapsed: 1041565)
  call_process (local in process.c) called from PC: $1291c (elapsed: 1041602)
  process_run (packetbuf.c) called from PC: $05edc (elapsed: 1044704)
 WARN [Thread-2] (MspMote.java:229) - 12: # Watchdog[EXECUTION]: illegal write to WDTCTL (0) from $103ca - reset!!!!
Watchdog: illegal write to WDTCTL (0) from $103ca - reset!!!!
Stack Trace: number of calls: 5 PC: $103ca
  watchdog_reboot (packetbuf.c) called from PC: $24c30 (elapsed: 5)
  restart_time_synchronisation (packetbuf.c) called from PC: $159f2 (elapsed: 30453)
  process_thread_foure_timesynch_process (local in 4emac-timesynch.c) called from PC: $12738 (elapsed: 1394877)
  call_process (local in process.c) called from PC: $1291c (elapsed: 1394914)
  process_run (packetbuf.c) called from PC: $05edc (elapsed: 1398068)
 WARN [Thread-2] (MspMote.java:229) - 56: # Watchdog[EXECUTION]: illegal write to WDTCTL (0) from $103ca - reset!!!!
Watchdog: illegal write to WDTCTL (0) from $103ca - reset!!!!
Stack Trace: number of calls: 5 PC: $103ca
  watchdog_reboot (packetbuf.c) called from PC: $24c30 (elapsed: 5)
  restart_time_synchronisation (packetbuf.c) called from PC: $159f2 (elapsed: 30452)
  process_thread_foure_timesynch_process (local in 4emac-timesynch.c) called from PC: $12738 (elapsed: 976867)
  call_process (local in process.c) called from PC: $1291c (elapsed: 976904)
  process_run (packetbuf.c) called from PC: $05edc (elapsed: 980193)
 WARN [Thread-2] (MspMote.java:229) - 10: # Watchdog[EXECUTION]: illegal write to WDTCTL (0) from $103ca - reset!!!!
Watchdog: illegal write to WDTCTL (0) from $103ca - reset!!!!
Stack Trace: number of calls: 5 PC: $103ca
  watchdog_reboot (packetbuf.c) called from PC: $24c30 (elapsed: 5)
  restart_time_synchronisation (packetbuf.c) called from PC: $159f2 (elapsed: 30453)
  process_thread_foure_timesynch_process (local in 4emac-timesynch.c) called from PC: $12738 (elapsed: 1069029)
  call_process (local in process.c) called from PC: $1291c (elapsed: 1069066)
  process_run (packetbuf.c) called from PC: $05edc (elapsed: 1072218)
 WARN [Thread-2] (MspMote.java:229) - 4: # Watchdog[EXECUTION]: illegal write to WDTCTL (0) from $103ca - reset!!!!
Watchdog: illegal write to WDTCTL (0) from $103ca - reset!!!!
Stack Trace: number of calls: 5 PC: $103ca
  watchdog_reboot (packetbuf.c) called from PC: $24c30 (elapsed: 5)
  restart_time_synchronisation (packetbuf.c) called from PC: $159f2 (elapsed: 30452)
  process_thread_foure_timesynch_process (local in 4emac-timesynch.c) called from PC: $12738 (elapsed: 781566)
  call_process (local in process.c) called from PC: $1291c (elapsed: 781603)
  process_run (packetbuf.c) called from PC: $05edc (elapsed: 784892)
 WARN [Thread-2] (MspMote.java:229) - 57: # Watchdog[EXECUTION]: illegal write to WDTCTL (0) from $103ca - reset!!!!
Watchdog: illegal write to WDTCTL (0) from $103ca - reset!!!!
Stack Trace: number of calls: 5 PC: $103ca
  watchdog_reboot (packetbuf.c) called from PC: $24c30 (elapsed: 5)
  restart_time_synchronisation (packetbuf.c) called from PC: $159f2 (elapsed: 31359)
  process_thread_foure_timesynch_process (local in 4emac-timesynch.c) called from PC: $12738 (elapsed: 214189)
  call_process (local in process.c) called from PC: $1291c (elapsed: 214226)
  process_run (packetbuf.c) called from PC: $05edc (elapsed: 216428)
 WARN [Thread-2] (MspMote.java:229) - 1: # Watchdog[EXECUTION]: illegal write to WDTCTL (0) from $103ca - reset!!!!
Watchdog: illegal write to WDTCTL (0) from $103ca - reset!!!!
Stack Trace: number of calls: 5 PC: $103ca
  watchdog_reboot (packetbuf.c) called from PC: $24c30 (elapsed: 5)
  restart_time_synchronisation (packetbuf.c) called from PC: $159f2 (elapsed: 30615)
  process_thread_foure_timesynch_process (local in 4emac-timesynch.c) called from PC: $12738 (elapsed: 1434610)
  call_process (local in process.c) called from PC: $1291c (elapsed: 1434647)
  process_run (packetbuf.c) called from PC: $05edc (elapsed: 1437564)
 WARN [Thread-2] (MspMote.java:229) - 50: # Watchdog[EXECUTION]: illegal write to WDTCTL (0) from $103ca - reset!!!!
Watchdog: illegal write to WDTCTL (0) from $103ca - reset!!!!
Stack Trace: number of calls: 5 PC: $103ca
  watchdog_reboot (packetbuf.c) called from PC: $24c30 (elapsed: 5)
  restart_time_synchronisation (packetbuf.c) called from PC: $159f2 (elapsed: 30452)
  process_thread_foure_timesynch_process (local in 4emac-timesynch.c) called from PC: $12738 (elapsed: 841434)
  call_process (local in process.c) called from PC: $1291c (elapsed: 841471)
  process_run (packetbuf.c) called from PC: $05edc (elapsed: 844702)
 WARN [Thread-2] (MspMote.java:229) - 26: # Watchdog[EXECUTION]: illegal write to WDTCTL (0) from $103ca - reset!!!!
Watchdog: illegal write to WDTCTL (0) from $103ca - reset!!!!
Stack Trace: number of calls: 5 PC: $103ca
  watchdog_reboot (packetbuf.c) called from PC: $24c30 (elapsed: 5)
  restart_time_synchronisation (packetbuf.c) called from PC: $159f2 (elapsed: 30447)
  process_thread_foure_timesynch_process (local in 4emac-timesynch.c) called from PC: $12738 (elapsed: 1263935)
  call_process (local in process.c) called from PC: $1291c (elapsed: 1263972)
  process_run (packetbuf.c) called from PC: $05edc (elapsed: 1266995)
 WARN [Thread-2] (MspMote.java:229) - 52: # Watchdog[EXECUTION]: illegal write to WDTCTL (0) from $103ca - reset!!!!
Watchdog: illegal write to WDTCTL (0) from $103ca - reset!!!!
Stack Trace: number of calls: 5 PC: $103ca
  watchdog_reboot (packetbuf.c) called from PC: $24c30 (elapsed: 5)
  restart_time_synchronisation (packetbuf.c) called from PC: $159f2 (elapsed: 30452)
  process_thread_foure_timesynch_process (local in 4emac-timesynch.c) called from PC: $12738 (elapsed: 1096432)
  call_process (local in process.c) called from PC: $1291c (elapsed: 1096469)
  process_run (packetbuf.c) called from PC: $05edc (elapsed: 1099733)
 WARN [Thread-2] (MspMote.java:229) - 51: # Watchdog[EXECUTION]: illegal write to WDTCTL (0) from $103ca - reset!!!!
Watchdog: illegal write to WDTCTL (0) from $103ca - reset!!!!
Stack Trace: number of calls: 5 PC: $103ca
  watchdog_reboot (packetbuf.c) called from PC: $24c30 (elapsed: 5)
  restart_time_synchronisation (packetbuf.c) called from PC: $159f2 (elapsed: 30452)
  process_thread_foure_timesynch_process (local in 4emac-timesynch.c) called from PC: $12738 (elapsed: 1089668)
  call_process (local in process.c) called from PC: $1291c (elapsed: 1089705)
  process_run (packetbuf.c) called from PC: $05edc (elapsed: 1093017)
 WARN [Thread-2] (MspMote.java:229) - 39: # Watchdog[EXECUTION]: illegal write to WDTCTL (0) from $103ca - reset!!!!
Watchdog: illegal write to WDTCTL (0) from $103ca - reset!!!!
Stack Trace: number of calls: 5 PC: $103ca
  watchdog_reboot (packetbuf.c) called from PC: $24c30 (elapsed: 5)
  restart_time_synchronisation (packetbuf.c) called from PC: $159f2 (elapsed: 30453)
  process_thread_foure_timesynch_process (local in 4emac-timesynch.c) called from PC: $12738 (elapsed: 832496)
  call_process (local in process.c) called from PC: $1291c (elapsed: 832533)
  process_run (packetbuf.c) called from PC: $05edc (elapsed: 835764)
 WARN [Thread-2] (MspMote.java:229) - 32: # Watchdog[EXECUTION]: illegal write to WDTCTL (0) from $103ca - reset!!!!
Watchdog: illegal write to WDTCTL (0) from $103ca - reset!!!!
Stack Trace: number of calls: 5 PC: $103ca
  watchdog_reboot (packetbuf.c) called from PC: $24c30 (elapsed: 5)
  restart_time_synchronisation (packetbuf.c) called from PC: $159f2 (elapsed: 30447)
  process_thread_foure_timesynch_process (local in 4emac-timesynch.c) called from PC: $12738 (elapsed: 1261774)
  call_process (local in process.c) called from PC: $1291c (elapsed: 1261811)
  process_run (packetbuf.c) called from PC: $05edc (elapsed: 1264882)
 WARN [Thread-2] (MspMote.java:229) - 45: # Watchdog[EXECUTION]: illegal write to WDTCTL (0) from $103ca - reset!!!!
Watchdog: illegal write to WDTCTL (0) from $103ca - reset!!!!
Stack Trace: number of calls: 5 PC: $103ca
  watchdog_reboot (packetbuf.c) called from PC: $24c30 (elapsed: 5)
  restart_time_synchronisation (packetbuf.c) called from PC: $159f2 (elapsed: 30452)
  process_thread_foure_timesynch_process (local in 4emac-timesynch.c) called from PC: $12738 (elapsed: 777361)
  call_process (local in process.c) called from PC: $1291c (elapsed: 777398)
  process_run (packetbuf.c) called from PC: $05edc (elapsed: 780548)
 WARN [Thread-2] (MspMote.java:229) - 41: # Watchdog[EXECUTION]: illegal write to WDTCTL (0) from $103ca - reset!!!!
Watchdog: illegal write to WDTCTL (0) from $103ca - reset!!!!
Stack Trace: number of calls: 5 PC: $103ca
  watchdog_reboot (packetbuf.c) called from PC: $24c30 (elapsed: 5)
  restart_time_synchronisation (packetbuf.c) called from PC: $159f2 (elapsed: 30452)
  process_thread_foure_timesynch_process (local in 4emac-timesynch.c) called from PC: $12738 (elapsed: 1363795)
  call_process (local in process.c) called from PC: $1291c (elapsed: 1363832)
  process_run (packetbuf.c) called from PC: $05edc (elapsed: 1367439)
 WARN [Thread-2] (MspMote.java:229) - 57: # Watchdog[EXECUTION]: illegal write to WDTCTL (0) from $103ca - reset!!!!
Watchdog: illegal write to WDTCTL (0) from $103ca - reset!!!!
Stack Trace: number of calls: 5 PC: $103ca
  watchdog_reboot (packetbuf.c) called from PC: $24c30 (elapsed: 5)
  restart_time_synchronisation (packetbuf.c) called from PC: $159f2 (elapsed: 30452)
  process_thread_foure_timesynch_process (local in 4emac-timesynch.c) called from PC: $12738 (elapsed: 1262305)
  call_process (local in process.c) called from PC: $1291c (elapsed: 1262342)
  process_run (packetbuf.c) called from PC: $05edc (elapsed: 2058454)
 WARN [Thread-2] (MspMote.java:229) - 58: # Watchdog[EXECUTION]: illegal write to WDTCTL (0) from $103ca - reset!!!!
Watchdog: illegal write to WDTCTL (0) from $103ca - reset!!!!
Stack Trace: number of calls: 5 PC: $103ca
  watchdog_reboot (packetbuf.c) called from PC: $24c30 (elapsed: 5)
  restart_time_synchronisation (packetbuf.c) called from PC: $159f2 (elapsed: 63397)
  process_thread_foure_timesynch_process (local in 4emac-timesynch.c) called from PC: $12738 (elapsed: 949603)
  call_process (local in process.c) called from PC: $1291c (elapsed: 949640)
  process_run (packetbuf.c) called from PC: $05edc (elapsed: 952637)
 WARN [Thread-2] (MspMote.java:229) - 46: # Watchdog[EXECUTION]: illegal write to WDTCTL (0) from $103ca - reset!!!!
Watchdog: illegal write to WDTCTL (0) from $103ca - reset!!!!
Stack Trace: number of calls: 5 PC: $103ca
  watchdog_reboot (packetbuf.c) called from PC: $24c30 (elapsed: 5)
  restart_time_synchronisation (packetbuf.c) called from PC: $159f2 (elapsed: 30452)
  process_thread_foure_timesynch_process (local in 4emac-timesynch.c) called from PC: $12738 (elapsed: 1092136)
  call_process (local in process.c) called from PC: $1291c (elapsed: 1092173)
  process_run (packetbuf.c) called from PC: $05edc (elapsed: 1095406)
 WARN [Thread-2] (MspMote.java:229) - 34: # Watchdog[EXECUTION]: illegal write to WDTCTL (0) from $103ca - reset!!!!
Watchdog: illegal write to WDTCTL (0) from $103ca - reset!!!!
Stack Trace: number of calls: 5 PC: $103ca
  watchdog_reboot (packetbuf.c) called from PC: $24c30 (elapsed: 5)
  restart_time_synchronisation (packetbuf.c) called from PC: $159f2 (elapsed: 30447)
  process_thread_foure_timesynch_process (local in 4emac-timesynch.c) called from PC: $12738 (elapsed: 1121226)
  call_process (local in process.c) called from PC: $1291c (elapsed: 1121263)
  process_run (packetbuf.c) called from PC: $05edc (elapsed: 1124257)
 WARN [Thread-2] (MspMote.java:229) - 44: # Watchdog[EXECUTION]: illegal write to WDTCTL (0) from $103ca - reset!!!!
Watchdog: illegal write to WDTCTL (0) from $103ca - reset!!!!
Stack Trace: number of calls: 5 PC: $103ca
  watchdog_reboot (packetbuf.c) called from PC: $24c30 (elapsed: 5)
  restart_time_synchronisation (packetbuf.c) called from PC: $159f2 (elapsed: 30591)
  process_thread_foure_timesynch_process (local in 4emac-timesynch.c) called from PC: $12738 (elapsed: 812052)
  call_process (local in process.c) called from PC: $1291c (elapsed: 812089)
  process_run (packetbuf.c) called from PC: $05edc (elapsed: 815158)
 WARN [Thread-2] (MspMote.java:229) - 20: # Watchdog[EXECUTION]: illegal write to WDTCTL (0) from $103ca - reset!!!!
Watchdog: illegal write to WDTCTL (0) from $103ca - reset!!!!
Stack Trace: number of calls: 5 PC: $103ca
  watchdog_reboot (packetbuf.c) called from PC: $24c30 (elapsed: 5)
  restart_time_synchronisation (packetbuf.c) called from PC: $159f2 (elapsed: 30651)
  process_thread_foure_timesynch_process (local in 4emac-timesynch.c) called from PC: $12738 (elapsed: 949170)
  call_process (local in process.c) called from PC: $1291c (elapsed: 949207)
  process_run (packetbuf.c) called from PC: $05edc (elapsed: 952394)
 WARN [Thread-2] (MspMote.java:229) - 56: # Watchdog[EXECUTION]: illegal write to WDTCTL (0) from $103ca - reset!!!!
Watchdog: illegal write to WDTCTL (0) from $103ca - reset!!!!
Stack Trace: number of calls: 5 PC: $103ca
  watchdog_reboot (packetbuf.c) called from PC: $24c30 (elapsed: 5)
  restart_time_synchronisation (packetbuf.c) called from PC: $159f2 (elapsed: 30447)
  process_thread_foure_timesynch_process (local in 4emac-timesynch.c) called from PC: $12738 (elapsed: 1086088)
  call_process (local in process.c) called from PC: $1291c (elapsed: 1086125)
  process_run (packetbuf.c) called from PC: $05edc (elapsed: 1089435)
 WARN [Thread-2] (MspMote.java:229) - 60: # Watchdog[EXECUTION]: illegal write to WDTCTL (0) from $103ca - reset!!!!
Watchdog: illegal write to WDTCTL (0) from $103ca - reset!!!!
Stack Trace: number of calls: 5 PC: $103ca
  watchdog_reboot (packetbuf.c) called from PC: $24c30 (elapsed: 5)
  restart_time_synchronisation (packetbuf.c) called from PC: $159f2 (elapsed: 30452)
  process_thread_foure_timesynch_process (local in 4emac-timesynch.c) called from PC: $12738 (elapsed: 982915)
  call_process (local in process.c) called from PC: $1291c (elapsed: 982952)
  process_run (packetbuf.c) called from PC: $05edc (elapsed: 985867)
 WARN [Thread-2] (MspMote.java:229) - 23: # Watchdog[EXECUTION]: illegal write to WDTCTL (0) from $103ca - reset!!!!
 INFO [Thread-2] (LogScriptEngine.java:375) - Timeout event @ 3800000000
 INFO [Thread-1] (LogScriptEngine.java:309) - Test script finished
 INFO [Thread-2] (Simulation.java:312) - Simulation main loop stopped, system time: 1790433622895	Duration: 13055678 ms	Simulated time 3800000 ms	Ratio 0.29106110000568336
 INFO [AWT-EventQueue-1] (ScriptRunner.java:438) - Test script deactivated
