 INFO [main] (Cooja.java:1316) - > Starting Cooja
 INFO [main] (Cooja.java:2857) - External tools default settings: /external_tools_linux_64.config
 INFO [main] (Cooja.java:2887) - External tools user settings: /home/drhakanaydin/6tisch-ng-sra-v17-50-60-node-update/6tisch-ng-sra-v17/6tisch-ng-sra/results/rpl_root/random60node_high_coverange_20260926_140315/cooja_external_tools.properties
FATAL [main] (Cooja.java:1941) - No plugin class: class org.contikios.cooja.plugins.CollectViewFull: org/jfree/data/time/RegularTimePeriod
 INFO [main] (Simulation.java:422) - Simulation random seed: 866903
 INFO [main] (CompileContiki.java:140) - > make border-router-server_rpl.exp5438 TARGET=exp5438 
Message:
Message:> make border-router-server_rpl.exp5438 TARGET=exp5438 
Message:../../../../Makefile.gcc:23: Warning: you're using an old version of msp430-gcc.
Message:../../../../Makefile.gcc:24: Upgrade to 4.7.x is recommended for extended memory support and bugfixes.
Message:make: 'border-router-server_rpl.exp5438' is up to date.
 INFO [main] (CompileContiki.java:140) - > make border-router-client_rpl.exp5438 TARGET=exp5438 
Message:
Message:> make border-router-client_rpl.exp5438 TARGET=exp5438 
Message:../../../../Makefile.gcc:23: Warning: you're using an old version of msp430-gcc.
Message:../../../../Makefile.gcc:24: Upgrade to 4.7.x is recommended for extended memory support and bugfixes.
Message:make: 'border-router-client_rpl.exp5438' is up to date.
 INFO [main] (MspMote.java:235) - Loading firmware from: /home/drhakanaydin/6tisch-ng-sra-v17-50-60-node-update/6tisch-ng-sra-v17/6tisch-ng-sra/examples/tsch/rpl-udp/border-router-client_rpl/border-router-client_rpl.exp5438
 INFO [main] (MspMote.java:235) - Loading firmware from: /home/drhakanaydin/6tisch-ng-sra-v17-50-60-node-update/6tisch-ng-sra-v17/6tisch-ng-sra/examples/tsch/rpl-udp/border-router-client_rpl/border-router-client_rpl.exp5438
 INFO [main] (MspMote.java:235) - Loading firmware from: /home/drhakanaydin/6tisch-ng-sra-v17-50-60-node-update/6tisch-ng-sra-v17/6tisch-ng-sra/examples/tsch/rpl-udp/border-router-client_rpl/border-router-client_rpl.exp5438
 INFO [main] (MspMote.java:235) - Loading firmware from: /home/drhakanaydin/6tisch-ng-sra-v17-50-60-node-update/6tisch-ng-sra-v17/6tisch-ng-sra/examples/tsch/rpl-udp/border-router-client_rpl/border-router-client_rpl.exp5438
 INFO [main] (MspMote.java:235) - Loading firmware from: /home/drhakanaydin/6tisch-ng-sra-v17-50-60-node-update/6tisch-ng-sra-v17/6tisch-ng-sra/examples/tsch/rpl-udp/border-router-client_rpl/border-router-client_rpl.exp5438
 INFO [main] (MspMote.java:235) - Loading firmware from: /home/drhakanaydin/6tisch-ng-sra-v17-50-60-node-update/6tisch-ng-sra-v17/6tisch-ng-sra/examples/tsch/rpl-udp/border-router-client_rpl/border-router-client_rpl.exp5438
 INFO [main] (MspMote.java:235) - Loading firmware from: /home/drhakanaydin/6tisch-ng-sra-v17-50-60-node-update/6tisch-ng-sra-v17/6tisch-ng-sra/examples/tsch/rpl-udp/border-router-client_rpl/border-router-client_rpl.exp5438
 INFO [main] (MspMote.java:235) - Loading firmware from: /home/drhakanaydin/6tisch-ng-sra-v17-50-60-node-update/6tisch-ng-sra-v17/6tisch-ng-sra/examples/tsch/rpl-udp/border-router-client_rpl/border-router-client_rpl.exp5438
 INFO [main] (MspMote.java:235) - Loading firmware from: /home/drhakanaydin/6tisch-ng-sra-v17-50-60-node-update/6tisch-ng-sra-v17/6tisch-ng-sra/examples/tsch/rpl-udp/border-router-client_rpl/border-router-client_rpl.exp5438
 INFO [main] (MspMote.java:235) - Loading firmware from: /home/drhakanaydin/6tisch-ng-sra-v17-50-60-node-update/6tisch-ng-sra-v17/6tisch-ng-sra/examples/tsch/rpl-udp/border-router-client_rpl/border-router-client_rpl.exp5438
 INFO [main] (MspMote.java:235) - Loading firmware from: /home/drhakanaydin/6tisch-ng-sra-v17-50-60-node-update/6tisch-ng-sra-v17/6tisch-ng-sra/examples/tsch/rpl-udp/border-router-client_rpl/border-router-client_rpl.exp5438
 INFO [main] (MspMote.java:235) - Loading firmware from: /home/drhakanaydin/6tisch-ng-sra-v17-50-60-node-update/6tisch-ng-sra-v17/6tisch-ng-sra/examples/tsch/rpl-udp/border-router-client_rpl/border-router-client_rpl.exp5438
 INFO [main] (MspMote.java:235) - Loading firmware from: /home/drhakanaydin/6tisch-ng-sra-v17-50-60-node-update/6tisch-ng-sra-v17/6tisch-ng-sra/examples/tsch/rpl-udp/border-router-client_rpl/border-router-client_rpl.exp5438
 INFO [main] (MspMote.java:235) - Loading firmware from: /home/drhakanaydin/6tisch-ng-sra-v17-50-60-node-update/6tisch-ng-sra-v17/6tisch-ng-sra/examples/tsch/rpl-udp/border-router-client_rpl/border-router-client_rpl.exp5438
 INFO [main] (MspMote.java:235) - Loading firmware from: /home/drhakanaydin/6tisch-ng-sra-v17-50-60-node-update/6tisch-ng-sra-v17/6tisch-ng-sra/examples/tsch/rpl-udp/border-router-client_rpl/border-router-client_rpl.exp5438
 INFO [main] (MspMote.java:235) - Loading firmware from: /home/drhakanaydin/6tisch-ng-sra-v17-50-60-node-update/6tisch-ng-sra-v17/6tisch-ng-sra/examples/tsch/rpl-udp/border-router-client_rpl/border-router-client_rpl.exp5438
 INFO [main] (MspMote.java:235) - Loading firmware from: /home/drhakanaydin/6tisch-ng-sra-v17-50-60-node-update/6tisch-ng-sra-v17/6tisch-ng-sra/examples/tsch/rpl-udp/border-router-client_rpl/border-router-client_rpl.exp5438
 INFO [main] (MspMote.java:235) - Loading firmware from: /home/drhakanaydin/6tisch-ng-sra-v17-50-60-node-update/6tisch-ng-sra-v17/6tisch-ng-sra/examples/tsch/rpl-udp/border-router-client_rpl/border-router-client_rpl.exp5438
 INFO [main] (MspMote.java:235) - Loading firmware from: /home/drhakanaydin/6tisch-ng-sra-v17-50-60-node-update/6tisch-ng-sra-v17/6tisch-ng-sra/examples/tsch/rpl-udp/border-router-client_rpl/border-router-client_rpl.exp5438
 INFO [main] (MspMote.java:235) - Loading firmware from: /home/drhakanaydin/6tisch-ng-sra-v17-50-60-node-update/6tisch-ng-sra-v17/6tisch-ng-sra/examples/tsch/rpl-udp/border-router-client_rpl/border-router-client_rpl.exp5438
 INFO [main] (MspMote.java:235) - Loading firmware from: /home/drhakanaydin/6tisch-ng-sra-v17-50-60-node-update/6tisch-ng-sra-v17/6tisch-ng-sra/examples/tsch/rpl-udp/border-router-client_rpl/border-router-client_rpl.exp5438
 INFO [main] (MspMote.java:235) - Loading firmware from: /home/drhakanaydin/6tisch-ng-sra-v17-50-60-node-update/6tisch-ng-sra-v17/6tisch-ng-sra/examples/tsch/rpl-udp/border-router-client_rpl/border-router-client_rpl.exp5438
 INFO [main] (MspMote.java:235) - Loading firmware from: /home/drhakanaydin/6tisch-ng-sra-v17-50-60-node-update/6tisch-ng-sra-v17/6tisch-ng-sra/examples/tsch/rpl-udp/border-router-client_rpl/border-router-client_rpl.exp5438
 INFO [main] (MspMote.java:235) - Loading firmware from: /home/drhakanaydin/6tisch-ng-sra-v17-50-60-node-update/6tisch-ng-sra-v17/6tisch-ng-sra/examples/tsch/rpl-udp/border-router-client_rpl/border-router-client_rpl.exp5438
 INFO [main] (MspMote.java:235) - Loading firmware from: /home/drhakanaydin/6tisch-ng-sra-v17-50-60-node-update/6tisch-ng-sra-v17/6tisch-ng-sra/examples/tsch/rpl-udp/border-router-client_rpl/border-router-client_rpl.exp5438
 INFO [main] (MspMote.java:235) - Loading firmware from: /home/drhakanaydin/6tisch-ng-sra-v17-50-60-node-update/6tisch-ng-sra-v17/6tisch-ng-sra/examples/tsch/rpl-udp/border-router-client_rpl/border-router-client_rpl.exp5438
 INFO [main] (MspMote.java:235) - Loading firmware from: /home/drhakanaydin/6tisch-ng-sra-v17-50-60-node-update/6tisch-ng-sra-v17/6tisch-ng-sra/examples/tsch/rpl-udp/border-router-client_rpl/border-router-client_rpl.exp5438
 INFO [main] (MspMote.java:235) - Loading firmware from: /home/drhakanaydin/6tisch-ng-sra-v17-50-60-node-update/6tisch-ng-sra-v17/6tisch-ng-sra/examples/tsch/rpl-udp/border-router-client_rpl/border-router-client_rpl.exp5438
 INFO [main] (MspMote.java:235) - Loading firmware from: /home/drhakanaydin/6tisch-ng-sra-v17-50-60-node-update/6tisch-ng-sra-v17/6tisch-ng-sra/examples/tsch/rpl-udp/border-router-client_rpl/border-router-client_rpl.exp5438
 INFO [main] (MspMote.java:235) - Loading firmware from: /home/drhakanaydin/6tisch-ng-sra-v17-50-60-node-update/6tisch-ng-sra-v17/6tisch-ng-sra/examples/tsch/rpl-udp/border-router-client_rpl/border-router-client_rpl.exp5438
 INFO [main] (MspMote.java:235) - Loading firmware from: /home/drhakanaydin/6tisch-ng-sra-v17-50-60-node-update/6tisch-ng-sra-v17/6tisch-ng-sra/examples/tsch/rpl-udp/border-router-client_rpl/border-router-client_rpl.exp5438
 INFO [main] (MspMote.java:235) - Loading firmware from: /home/drhakanaydin/6tisch-ng-sra-v17-50-60-node-update/6tisch-ng-sra-v17/6tisch-ng-sra/examples/tsch/rpl-udp/border-router-server_rpl/border-router-server_rpl.exp5438
 INFO [main] (MspMote.java:235) - Loading firmware from: /home/drhakanaydin/6tisch-ng-sra-v17-50-60-node-update/6tisch-ng-sra-v17/6tisch-ng-sra/examples/tsch/rpl-udp/border-router-client_rpl/border-router-client_rpl.exp5438
 INFO [main] (MspMote.java:235) - Loading firmware from: /home/drhakanaydin/6tisch-ng-sra-v17-50-60-node-update/6tisch-ng-sra-v17/6tisch-ng-sra/examples/tsch/rpl-udp/border-router-client_rpl/border-router-client_rpl.exp5438
 INFO [main] (MspMote.java:235) - Loading firmware from: /home/drhakanaydin/6tisch-ng-sra-v17-50-60-node-update/6tisch-ng-sra-v17/6tisch-ng-sra/examples/tsch/rpl-udp/border-router-client_rpl/border-router-client_rpl.exp5438
 INFO [main] (MspMote.java:235) - Loading firmware from: /home/drhakanaydin/6tisch-ng-sra-v17-50-60-node-update/6tisch-ng-sra-v17/6tisch-ng-sra/examples/tsch/rpl-udp/border-router-client_rpl/border-router-client_rpl.exp5438
 INFO [main] (MspMote.java:235) - Loading firmware from: /home/drhakanaydin/6tisch-ng-sra-v17-50-60-node-update/6tisch-ng-sra-v17/6tisch-ng-sra/examples/tsch/rpl-udp/border-router-client_rpl/border-router-client_rpl.exp5438
 INFO [main] (MspMote.java:235) - Loading firmware from: /home/drhakanaydin/6tisch-ng-sra-v17-50-60-node-update/6tisch-ng-sra-v17/6tisch-ng-sra/examples/tsch/rpl-udp/border-router-client_rpl/border-router-client_rpl.exp5438
 INFO [main] (MspMote.java:235) - Loading firmware from: /home/drhakanaydin/6tisch-ng-sra-v17-50-60-node-update/6tisch-ng-sra-v17/6tisch-ng-sra/examples/tsch/rpl-udp/border-router-client_rpl/border-router-client_rpl.exp5438
 INFO [main] (MspMote.java:235) - Loading firmware from: /home/drhakanaydin/6tisch-ng-sra-v17-50-60-node-update/6tisch-ng-sra-v17/6tisch-ng-sra/examples/tsch/rpl-udp/border-router-client_rpl/border-router-client_rpl.exp5438
 INFO [main] (MspMote.java:235) - Loading firmware from: /home/drhakanaydin/6tisch-ng-sra-v17-50-60-node-update/6tisch-ng-sra-v17/6tisch-ng-sra/examples/tsch/rpl-udp/border-router-client_rpl/border-router-client_rpl.exp5438
 INFO [main] (MspMote.java:235) - Loading firmware from: /home/drhakanaydin/6tisch-ng-sra-v17-50-60-node-update/6tisch-ng-sra-v17/6tisch-ng-sra/examples/tsch/rpl-udp/border-router-client_rpl/border-router-client_rpl.exp5438
 INFO [main] (MspMote.java:235) - Loading firmware from: /home/drhakanaydin/6tisch-ng-sra-v17-50-60-node-update/6tisch-ng-sra-v17/6tisch-ng-sra/examples/tsch/rpl-udp/border-router-client_rpl/border-router-client_rpl.exp5438
 INFO [main] (MspMote.java:235) - Loading firmware from: /home/drhakanaydin/6tisch-ng-sra-v17-50-60-node-update/6tisch-ng-sra-v17/6tisch-ng-sra/examples/tsch/rpl-udp/border-router-client_rpl/border-router-client_rpl.exp5438
 INFO [main] (MspMote.java:235) - Loading firmware from: /home/drhakanaydin/6tisch-ng-sra-v17-50-60-node-update/6tisch-ng-sra-v17/6tisch-ng-sra/examples/tsch/rpl-udp/border-router-client_rpl/border-router-client_rpl.exp5438
 INFO [main] (MspMote.java:235) - Loading firmware from: /home/drhakanaydin/6tisch-ng-sra-v17-50-60-node-update/6tisch-ng-sra-v17/6tisch-ng-sra/examples/tsch/rpl-udp/border-router-client_rpl/border-router-client_rpl.exp5438
 INFO [main] (MspMote.java:235) - Loading firmware from: /home/drhakanaydin/6tisch-ng-sra-v17-50-60-node-update/6tisch-ng-sra-v17/6tisch-ng-sra/examples/tsch/rpl-udp/border-router-client_rpl/border-router-client_rpl.exp5438
 INFO [main] (MspMote.java:235) - Loading firmware from: /home/drhakanaydin/6tisch-ng-sra-v17-50-60-node-update/6tisch-ng-sra-v17/6tisch-ng-sra/examples/tsch/rpl-udp/border-router-client_rpl/border-router-client_rpl.exp5438
 INFO [main] (MspMote.java:235) - Loading firmware from: /home/drhakanaydin/6tisch-ng-sra-v17-50-60-node-update/6tisch-ng-sra-v17/6tisch-ng-sra/examples/tsch/rpl-udp/border-router-client_rpl/border-router-client_rpl.exp5438
 INFO [main] (MspMote.java:235) - Loading firmware from: /home/drhakanaydin/6tisch-ng-sra-v17-50-60-node-update/6tisch-ng-sra-v17/6tisch-ng-sra/examples/tsch/rpl-udp/border-router-client_rpl/border-router-client_rpl.exp5438
 INFO [main] (MspMote.java:235) - Loading firmware from: /home/drhakanaydin/6tisch-ng-sra-v17-50-60-node-update/6tisch-ng-sra-v17/6tisch-ng-sra/examples/tsch/rpl-udp/border-router-client_rpl/border-router-client_rpl.exp5438
 INFO [main] (MspMote.java:235) - Loading firmware from: /home/drhakanaydin/6tisch-ng-sra-v17-50-60-node-update/6tisch-ng-sra-v17/6tisch-ng-sra/examples/tsch/rpl-udp/border-router-client_rpl/border-router-client_rpl.exp5438
 INFO [main] (MspMote.java:235) - Loading firmware from: /home/drhakanaydin/6tisch-ng-sra-v17-50-60-node-update/6tisch-ng-sra-v17/6tisch-ng-sra/examples/tsch/rpl-udp/border-router-client_rpl/border-router-client_rpl.exp5438
 INFO [main] (MspMote.java:235) - Loading firmware from: /home/drhakanaydin/6tisch-ng-sra-v17-50-60-node-update/6tisch-ng-sra-v17/6tisch-ng-sra/examples/tsch/rpl-udp/border-router-client_rpl/border-router-client_rpl.exp5438
 INFO [main] (MspMote.java:235) - Loading firmware from: /home/drhakanaydin/6tisch-ng-sra-v17-50-60-node-update/6tisch-ng-sra-v17/6tisch-ng-sra/examples/tsch/rpl-udp/border-router-client_rpl/border-router-client_rpl.exp5438
 INFO [main] (MspMote.java:235) - Loading firmware from: /home/drhakanaydin/6tisch-ng-sra-v17-50-60-node-update/6tisch-ng-sra-v17/6tisch-ng-sra/examples/tsch/rpl-udp/border-router-client_rpl/border-router-client_rpl.exp5438
 INFO [main] (MspMote.java:235) - Loading firmware from: /home/drhakanaydin/6tisch-ng-sra-v17-50-60-node-update/6tisch-ng-sra-v17/6tisch-ng-sra/examples/tsch/rpl-udp/border-router-client_rpl/border-router-client_rpl.exp5438
 INFO [main] (MspMote.java:235) - Loading firmware from: /home/drhakanaydin/6tisch-ng-sra-v17-50-60-node-update/6tisch-ng-sra-v17/6tisch-ng-sra/examples/tsch/rpl-udp/border-router-client_rpl/border-router-client_rpl.exp5438
 INFO [main] (MspMote.java:235) - Loading firmware from: /home/drhakanaydin/6tisch-ng-sra-v17-50-60-node-update/6tisch-ng-sra-v17/6tisch-ng-sra/examples/tsch/rpl-udp/border-router-client_rpl/border-router-client_rpl.exp5438
 INFO [main] (MspMote.java:235) - Loading firmware from: /home/drhakanaydin/6tisch-ng-sra-v17-50-60-node-update/6tisch-ng-sra-v17/6tisch-ng-sra/examples/tsch/rpl-udp/border-router-client_rpl/border-router-client_rpl.exp5438
 INFO [main] (MspMote.java:235) - Loading firmware from: /home/drhakanaydin/6tisch-ng-sra-v17-50-60-node-update/6tisch-ng-sra-v17/6tisch-ng-sra/examples/tsch/rpl-udp/border-router-client_rpl/border-router-client_rpl.exp5438
 INFO [main] (Cooja.java:1782) - Visualized plugin was not started: class org.contikios.cooja.plugins.SimControl
 INFO [main] (Cooja.java:1782) - Visualized plugin was not started: class org.contikios.cooja.plugins.Visualizer
 INFO [main] (Cooja.java:1782) - Visualized plugin was not started: class org.contikios.cooja.plugins.LogListener
 INFO [main] (Cooja.java:1782) - Visualized plugin was not started: class org.contikios.cooja.plugins.TimeLine
 INFO [main] (ScriptRunner.java:438) - Test script deactivated
 INFO [main] (LogScriptEngine.java:265) - Script timeout in 3800000 ms
 INFO [main] (ScriptRunner.java:395) - Test script activated
 INFO [Thread-2] (Simulation.java:253) - Simulation main loop started, system time: 1790420609665
 INFO [main] (Mobility.java:84) - Mobility plugin started at (ms): 185
 INFO [main] (Mobility.java:116) - Parsing position file: /home/drhakanaydin/6tisch-ng-sra-v17-50-60-node-update/6tisch-ng-sra-v17/6tisch-ng-sra/tools/cooja/apps/mobility/random60node_high.dat
 INFO [main] (Mobility.java:141) - Loaded 3601 positions
Watchdog: illegal write to WDTCTL (0) from $103ca - reset!!!!
Stack Trace: number of calls: 5 PC: $103ca
  watchdog_reboot (packetbuf.c) called from PC: $24c30 (elapsed: 5)
  restart_time_synchronisation (packetbuf.c) called from PC: $159f2 (elapsed: 30692)
  process_thread_foure_timesynch_process (local in 4emac-timesynch.c) called from PC: $12738 (elapsed: 507494)
  call_process (local in process.c) called from PC: $1291c (elapsed: 507531)
  process_run (packetbuf.c) called from PC: $05edc (elapsed: 510710)
 WARN [Thread-2] (MspMote.java:229) - 10: # Watchdog[EXECUTION]: illegal write to WDTCTL (0) from $103ca - reset!!!!
Watchdog: illegal write to WDTCTL (0) from $103ca - reset!!!!
Stack Trace: number of calls: 5 PC: $103ca
  watchdog_reboot (packetbuf.c) called from PC: $24c30 (elapsed: 5)
  restart_time_synchronisation (packetbuf.c) called from PC: $159f2 (elapsed: 30452)
  process_thread_foure_timesynch_process (local in 4emac-timesynch.c) called from PC: $12738 (elapsed: 674912)
  call_process (local in process.c) called from PC: $1291c (elapsed: 674949)
  process_run (packetbuf.c) called from PC: $05edc (elapsed: 678130)
 WARN [Thread-2] (MspMote.java:229) - 9: # Watchdog[EXECUTION]: illegal write to WDTCTL (0) from $103ca - reset!!!!
Watchdog: illegal write to WDTCTL (0) from $103ca - reset!!!!
Stack Trace: number of calls: 5 PC: $103ca
  watchdog_reboot (packetbuf.c) called from PC: $24c30 (elapsed: 5)
  restart_time_synchronisation (packetbuf.c) called from PC: $159f2 (elapsed: 30447)
  process_thread_foure_timesynch_process (local in 4emac-timesynch.c) called from PC: $12738 (elapsed: 642171)
  call_process (local in process.c) called from PC: $1291c (elapsed: 642208)
  process_run (packetbuf.c) called from PC: $05edc (elapsed: 645472)
 WARN [Thread-2] (MspMote.java:229) - 11: # Watchdog[EXECUTION]: illegal write to WDTCTL (0) from $103ca - reset!!!!
Watchdog: illegal write to WDTCTL (0) from $103ca - reset!!!!
Stack Trace: number of calls: 5 PC: $103ca
  watchdog_reboot (packetbuf.c) called from PC: $24c30 (elapsed: 5)
  restart_time_synchronisation (packetbuf.c) called from PC: $159f2 (elapsed: 30447)
  process_thread_foure_timesynch_process (local in 4emac-timesynch.c) called from PC: $12738 (elapsed: 642136)
  call_process (local in process.c) called from PC: $1291c (elapsed: 642173)
  process_run (packetbuf.c) called from PC: $05edc (elapsed: 645354)
 WARN [Thread-2] (MspMote.java:229) - 30: # Watchdog[EXECUTION]: illegal write to WDTCTL (0) from $103ca - reset!!!!
Watchdog: illegal write to WDTCTL (0) from $103ca - reset!!!!
Stack Trace: number of calls: 5 PC: $103ca
  watchdog_reboot (packetbuf.c) called from PC: $24c30 (elapsed: 5)
  restart_time_synchronisation (packetbuf.c) called from PC: $159f2 (elapsed: 30453)
  process_thread_foure_timesynch_process (local in 4emac-timesynch.c) called from PC: $12738 (elapsed: 943714)
  call_process (local in process.c) called from PC: $1291c (elapsed: 943751)
  process_run (packetbuf.c) called from PC: $05edc (elapsed: 946853)
 WARN [Thread-2] (MspMote.java:229) - 20: # Watchdog[EXECUTION]: illegal write to WDTCTL (0) from $103ca - reset!!!!
 INFO [Thread-2] (LogScriptEngine.java:389) - Test script at 5.00%, done in 5514.3 sec
Watchdog: illegal write to WDTCTL (0) from $103ca - reset!!!!
Stack Trace: number of calls: 5 PC: $103ca
  watchdog_reboot (packetbuf.c) called from PC: $24c30 (elapsed: 5)
  restart_time_synchronisation (packetbuf.c) called from PC: $159f2 (elapsed: 30452)
  process_thread_foure_timesynch_process (local in 4emac-timesynch.c) called from PC: $12738 (elapsed: 853981)
  call_process (local in process.c) called from PC: $1291c (elapsed: 854018)
  process_run (packetbuf.c) called from PC: $05edc (elapsed: 857012)
 WARN [Thread-2] (MspMote.java:229) - 59: # Watchdog[EXECUTION]: illegal write to WDTCTL (0) from $103ca - reset!!!!
Watchdog: illegal write to WDTCTL (0) from $103ca - reset!!!!
Stack Trace: number of calls: 5 PC: $103ca
  watchdog_reboot (packetbuf.c) called from PC: $24c30 (elapsed: 5)
  restart_time_synchronisation (packetbuf.c) called from PC: $159f2 (elapsed: 34767)
  process_thread_foure_timesynch_process (local in 4emac-timesynch.c) called from PC: $12738 (elapsed: 812009)
  call_process (local in process.c) called from PC: $1291c (elapsed: 812046)
  process_run (packetbuf.c) called from PC: $05edc (elapsed: 815119)
 WARN [Thread-2] (MspMote.java:229) - 10: # Watchdog[EXECUTION]: illegal write to WDTCTL (0) from $103ca - reset!!!!
Watchdog: illegal write to WDTCTL (0) from $103ca - reset!!!!
Stack Trace: number of calls: 5 PC: $103ca
  watchdog_reboot (packetbuf.c) called from PC: $24c30 (elapsed: 5)
  restart_time_synchronisation (packetbuf.c) called from PC: $159f2 (elapsed: 30452)
  process_thread_foure_timesynch_process (local in 4emac-timesynch.c) called from PC: $12738 (elapsed: 983444)
  call_process (local in process.c) called from PC: $1291c (elapsed: 983481)
  process_run (packetbuf.c) called from PC: $05edc (elapsed: 986822)
 WARN [Thread-2] (MspMote.java:229) - 9: # Watchdog[EXECUTION]: illegal write to WDTCTL (0) from $103ca - reset!!!!
Watchdog: illegal write to WDTCTL (0) from $103ca - reset!!!!
Stack Trace: number of calls: 5 PC: $103ca
  watchdog_reboot (packetbuf.c) called from PC: $24c30 (elapsed: 5)
  restart_time_synchronisation (packetbuf.c) called from PC: $159f2 (elapsed: 34259)
  process_thread_foure_timesynch_process (local in 4emac-timesynch.c) called from PC: $12738 (elapsed: 782150)
  call_process (local in process.c) called from PC: $1291c (elapsed: 782187)
  process_run (packetbuf.c) called from PC: $05edc (elapsed: 785449)
 WARN [Thread-2] (MspMote.java:229) - 11: # Watchdog[EXECUTION]: illegal write to WDTCTL (0) from $103ca - reset!!!!
Watchdog: illegal write to WDTCTL (0) from $103ca - reset!!!!
Stack Trace: number of calls: 5 PC: $103ca
  watchdog_reboot (packetbuf.c) called from PC: $24c30 (elapsed: 5)
  restart_time_synchronisation (packetbuf.c) called from PC: $159f2 (elapsed: 30452)
  process_thread_foure_timesynch_process (local in 4emac-timesynch.c) called from PC: $12738 (elapsed: 781498)
  call_process (local in process.c) called from PC: $1291c (elapsed: 781535)
  process_run (packetbuf.c) called from PC: $05edc (elapsed: 784369)
 WARN [Thread-2] (MspMote.java:229) - 42: # Watchdog[EXECUTION]: illegal write to WDTCTL (0) from $103ca - reset!!!!
Watchdog: illegal write to WDTCTL (0) from $103ca - reset!!!!
Stack Trace: number of calls: 5 PC: $103ca
  watchdog_reboot (packetbuf.c) called from PC: $24c30 (elapsed: 5)
  restart_time_synchronisation (packetbuf.c) called from PC: $159f2 (elapsed: 30453)
  process_thread_foure_timesynch_process (local in 4emac-timesynch.c) called from PC: $12738 (elapsed: 1088419)
  call_process (local in process.c) called from PC: $1291c (elapsed: 1088456)
  process_run (packetbuf.c) called from PC: $05edc (elapsed: 1091448)
 WARN [Thread-2] (MspMote.java:229) - 1: # Watchdog[EXECUTION]: illegal write to WDTCTL (0) from $103ca - reset!!!!
Watchdog: illegal write to WDTCTL (0) from $103ca - reset!!!!
Stack Trace: number of calls: 5 PC: $103ca
  watchdog_reboot (packetbuf.c) called from PC: $24c30 (elapsed: 5)
  restart_time_synchronisation (packetbuf.c) called from PC: $159f2 (elapsed: 30452)
  process_thread_foure_timesynch_process (local in 4emac-timesynch.c) called from PC: $12738 (elapsed: 1078243)
  call_process (local in process.c) called from PC: $1291c (elapsed: 1078280)
  process_run (packetbuf.c) called from PC: $05edc (elapsed: 1081382)
 WARN [Thread-2] (MspMote.java:229) - 34: # Watchdog[EXECUTION]: illegal write to WDTCTL (0) from $103ca - reset!!!!
Watchdog: illegal write to WDTCTL (0) from $103ca - reset!!!!
Stack Trace: number of calls: 5 PC: $103ca
  watchdog_reboot (packetbuf.c) called from PC: $24c30 (elapsed: 5)
  restart_time_synchronisation (packetbuf.c) called from PC: $159f2 (elapsed: 30452)
  process_thread_foure_timesynch_process (local in 4emac-timesynch.c) called from PC: $12738 (elapsed: 778797)
  call_process (local in process.c) called from PC: $1291c (elapsed: 778834)
  process_run (packetbuf.c) called from PC: $05edc (elapsed: 782017)
 WARN [Thread-2] (MspMote.java:229) - 30: # Watchdog[EXECUTION]: illegal write to WDTCTL (0) from $103ca - reset!!!!
Watchdog: illegal write to WDTCTL (0) from $103ca - reset!!!!
Stack Trace: number of calls: 5 PC: $103ca
  watchdog_reboot (packetbuf.c) called from PC: $24c30 (elapsed: 5)
  restart_time_synchronisation (packetbuf.c) called from PC: $159f2 (elapsed: 30453)
  process_thread_foure_timesynch_process (local in 4emac-timesynch.c) called from PC: $12738 (elapsed: 811294)
  call_process (local in process.c) called from PC: $1291c (elapsed: 811331)
  process_run (packetbuf.c) called from PC: $05edc (elapsed: 814244)
 WARN [Thread-2] (MspMote.java:229) - 3: # Watchdog[EXECUTION]: illegal write to WDTCTL (0) from $103ca - reset!!!!
Watchdog: illegal write to WDTCTL (0) from $103ca - reset!!!!
Stack Trace: number of calls: 5 PC: $103ca
  watchdog_reboot (packetbuf.c) called from PC: $24c30 (elapsed: 5)
  restart_time_synchronisation (packetbuf.c) called from PC: $159f2 (elapsed: 30452)
  process_thread_foure_timesynch_process (local in 4emac-timesynch.c) called from PC: $12738 (elapsed: 842080)
  call_process (local in process.c) called from PC: $1291c (elapsed: 842117)
  process_run (packetbuf.c) called from PC: $05edc (elapsed: 845296)
 WARN [Thread-2] (MspMote.java:229) - 60: # Watchdog[EXECUTION]: illegal write to WDTCTL (0) from $103ca - reset!!!!
Watchdog: illegal write to WDTCTL (0) from $103ca - reset!!!!
Stack Trace: number of calls: 5 PC: $103ca
  watchdog_reboot (packetbuf.c) called from PC: $24c30 (elapsed: 5)
  restart_time_synchronisation (packetbuf.c) called from PC: $159f2 (elapsed: 30453)
  process_thread_foure_timesynch_process (local in 4emac-timesynch.c) called from PC: $12738 (elapsed: 942038)
  call_process (local in process.c) called from PC: $1291c (elapsed: 942075)
  process_run (packetbuf.c) called from PC: $05edc (elapsed: 945306)
 WARN [Thread-2] (MspMote.java:229) - 47: # Watchdog[EXECUTION]: illegal write to WDTCTL (0) from $103ca - reset!!!!
Watchdog: illegal write to WDTCTL (0) from $103ca - reset!!!!
Stack Trace: number of calls: 5 PC: $103ca
  watchdog_reboot (packetbuf.c) called from PC: $24c30 (elapsed: 5)
  restart_time_synchronisation (packetbuf.c) called from PC: $159f2 (elapsed: 30452)
  process_thread_foure_timesynch_process (local in 4emac-timesynch.c) called from PC: $12738 (elapsed: 805321)
  call_process (local in process.c) called from PC: $1291c (elapsed: 805358)
  process_run (packetbuf.c) called from PC: $05edc (elapsed: 808429)
 WARN [Thread-2] (MspMote.java:229) - 46: # Watchdog[EXECUTION]: illegal write to WDTCTL (0) from $103ca - reset!!!!
Watchdog: illegal write to WDTCTL (0) from $103ca - reset!!!!
Stack Trace: number of calls: 5 PC: $103ca
  watchdog_reboot (packetbuf.c) called from PC: $24c30 (elapsed: 5)
  restart_time_synchronisation (packetbuf.c) called from PC: $159f2 (elapsed: 30452)
  process_thread_foure_timesynch_process (local in 4emac-timesynch.c) called from PC: $12738 (elapsed: 805486)
  call_process (local in process.c) called from PC: $1291c (elapsed: 805523)
  process_run (packetbuf.c) called from PC: $05edc (elapsed: 808436)
 WARN [Thread-2] (MspMote.java:229) - 51: # Watchdog[EXECUTION]: illegal write to WDTCTL (0) from $103ca - reset!!!!
Watchdog: illegal write to WDTCTL (0) from $103ca - reset!!!!
Stack Trace: number of calls: 5 PC: $103ca
  watchdog_reboot (packetbuf.c) called from PC: $24c30 (elapsed: 5)
  restart_time_synchronisation (packetbuf.c) called from PC: $159f2 (elapsed: 30452)
  process_thread_foure_timesynch_process (local in 4emac-timesynch.c) called from PC: $12738 (elapsed: 1089228)
  call_process (local in process.c) called from PC: $1291c (elapsed: 1089265)
  process_run (packetbuf.c) called from PC: $05edc (elapsed: 1092660)
 WARN [Thread-2] (MspMote.java:229) - 52: # Watchdog[EXECUTION]: illegal write to WDTCTL (0) from $103ca - reset!!!!
Watchdog: illegal write to WDTCTL (0) from $103ca - reset!!!!
Stack Trace: number of calls: 5 PC: $103ca
  watchdog_reboot (packetbuf.c) called from PC: $24c30 (elapsed: 5)
  restart_time_synchronisation (packetbuf.c) called from PC: $159f2 (elapsed: 30453)
  process_thread_foure_timesynch_process (local in 4emac-timesynch.c) called from PC: $12738 (elapsed: 1124272)
  call_process (local in process.c) called from PC: $1291c (elapsed: 1124309)
  process_run (packetbuf.c) called from PC: $05edc (elapsed: 1127224)
 WARN [Thread-2] (MspMote.java:229) - 17: # Watchdog[EXECUTION]: illegal write to WDTCTL (0) from $103ca - reset!!!!
Watchdog: illegal write to WDTCTL (0) from $103ca - reset!!!!
Stack Trace: number of calls: 5 PC: $103ca
  watchdog_reboot (packetbuf.c) called from PC: $24c30 (elapsed: 5)
  restart_time_synchronisation (packetbuf.c) called from PC: $159f2 (elapsed: 30452)
  process_thread_foure_timesynch_process (local in 4emac-timesynch.c) called from PC: $12738 (elapsed: 919086)
  call_process (local in process.c) called from PC: $1291c (elapsed: 919123)
  process_run (packetbuf.c) called from PC: $05edc (elapsed: 922117)
 WARN [Thread-2] (MspMote.java:229) - 50: # Watchdog[EXECUTION]: illegal write to WDTCTL (0) from $103ca - reset!!!!
Watchdog: illegal write to WDTCTL (0) from $103ca - reset!!!!
Stack Trace: number of calls: 5 PC: $103ca
  watchdog_reboot (packetbuf.c) called from PC: $24c30 (elapsed: 5)
  restart_time_synchronisation (packetbuf.c) called from PC: $159f2 (elapsed: 30447)
  process_thread_foure_timesynch_process (local in 4emac-timesynch.c) called from PC: $12738 (elapsed: 1087909)
  call_process (local in process.c) called from PC: $1291c (elapsed: 1087946)
  process_run (packetbuf.c) called from PC: $05edc (elapsed: 1091021)
 WARN [Thread-2] (MspMote.java:229) - 13: # Watchdog[EXECUTION]: illegal write to WDTCTL (0) from $103ca - reset!!!!
 INFO [Thread-2] (LogScriptEngine.java:389) - Test script at 10.00%, done in 5875.1 sec
Watchdog: illegal write to WDTCTL (0) from $103ca - reset!!!!
Stack Trace: number of calls: 5 PC: $103ca
  watchdog_reboot (packetbuf.c) called from PC: $24c30 (elapsed: 5)
  restart_time_synchronisation (packetbuf.c) called from PC: $159f2 (elapsed: 30452)
  process_thread_foure_timesynch_process (local in 4emac-timesynch.c) called from PC: $12738 (elapsed: 1370028)
  call_process (local in process.c) called from PC: $1291c (elapsed: 1370065)
  process_run (packetbuf.c) called from PC: $05edc (elapsed: 1373454)
 WARN [Thread-2] (MspMote.java:229) - 57: # Watchdog[EXECUTION]: illegal write to WDTCTL (0) from $103ca - reset!!!!
Watchdog: illegal write to WDTCTL (0) from $103ca - reset!!!!
Stack Trace: number of calls: 5 PC: $103ca
  watchdog_reboot (packetbuf.c) called from PC: $24c30 (elapsed: 5)
  restart_time_synchronisation (packetbuf.c) called from PC: $159f2 (elapsed: 30465)
  process_thread_foure_timesynch_process (local in 4emac-timesynch.c) called from PC: $12738 (elapsed: 1388785)
  call_process (local in process.c) called from PC: $1291c (elapsed: 1388822)
  process_run (packetbuf.c) called from PC: $05edc (elapsed: 1391893)
 WARN [Thread-2] (MspMote.java:229) - 21: # Watchdog[EXECUTION]: illegal write to WDTCTL (0) from $103ca - reset!!!!
Watchdog: illegal write to WDTCTL (0) from $103ca - reset!!!!
Stack Trace: number of calls: 5 PC: $103ca
  watchdog_reboot (packetbuf.c) called from PC: $24c30 (elapsed: 5)
  restart_time_synchronisation (packetbuf.c) called from PC: $159f2 (elapsed: 30452)
  process_thread_foure_timesynch_process (local in 4emac-timesynch.c) called from PC: $12738 (elapsed: 919922)
  call_process (local in process.c) called from PC: $1291c (elapsed: 919959)
  process_run (packetbuf.c) called from PC: $05edc (elapsed: 923249)
 WARN [Thread-2] (MspMote.java:229) - 18: # Watchdog[EXECUTION]: illegal write to WDTCTL (0) from $103ca - reset!!!!
Watchdog: illegal write to WDTCTL (0) from $103ca - reset!!!!
Stack Trace: number of calls: 5 PC: $103ca
  watchdog_reboot (packetbuf.c) called from PC: $24c30 (elapsed: 5)
  restart_time_synchronisation (packetbuf.c) called from PC: $159f2 (elapsed: 30609)
  process_thread_foure_timesynch_process (local in 4emac-timesynch.c) called from PC: $12738 (elapsed: 1270498)
  call_process (local in process.c) called from PC: $1291c (elapsed: 1270535)
  process_run (packetbuf.c) called from PC: $05edc (elapsed: 1273690)
 WARN [Thread-2] (MspMote.java:229) - 54: # Watchdog[EXECUTION]: illegal write to WDTCTL (0) from $103ca - reset!!!!
Watchdog: illegal write to WDTCTL (0) from $103ca - reset!!!!
Stack Trace: number of calls: 5 PC: $103ca
  watchdog_reboot (packetbuf.c) called from PC: $24c30 (elapsed: 5)
  restart_time_synchronisation (packetbuf.c) called from PC: $159f2 (elapsed: 30452)
  process_thread_foure_timesynch_process (local in 4emac-timesynch.c) called from PC: $12738 (elapsed: 1364980)
  call_process (local in process.c) called from PC: $1291c (elapsed: 1365017)
  process_run (packetbuf.c) called from PC: $05edc (elapsed: 1368205)
 WARN [Thread-2] (MspMote.java:229) - 45: # Watchdog[EXECUTION]: illegal write to WDTCTL (0) from $103ca - reset!!!!
Watchdog: illegal write to WDTCTL (0) from $103ca - reset!!!!
Stack Trace: number of calls: 5 PC: $103ca
  watchdog_reboot (packetbuf.c) called from PC: $24c30 (elapsed: 5)
  restart_time_synchronisation (packetbuf.c) called from PC: $159f2 (elapsed: 30453)
  process_thread_foure_timesynch_process (local in 4emac-timesynch.c) called from PC: $12738 (elapsed: 709093)
  call_process (local in process.c) called from PC: $1291c (elapsed: 709130)
  process_run (packetbuf.c) called from PC: $05edc (elapsed: 712206)
 WARN [Thread-2] (MspMote.java:229) - 22: # Watchdog[EXECUTION]: illegal write to WDTCTL (0) from $103ca - reset!!!!
Watchdog: illegal write to WDTCTL (0) from $103ca - reset!!!!
Stack Trace: number of calls: 5 PC: $103ca
  watchdog_reboot (packetbuf.c) called from PC: $24c30 (elapsed: 5)
  restart_time_synchronisation (packetbuf.c) called from PC: $159f2 (elapsed: 30452)
  process_thread_foure_timesynch_process (local in 4emac-timesynch.c) called from PC: $12738 (elapsed: 856661)
  call_process (local in process.c) called from PC: $1291c (elapsed: 856698)
  process_run (packetbuf.c) called from PC: $05edc (elapsed: 859853)
 WARN [Thread-2] (MspMote.java:229) - 43: # Watchdog[EXECUTION]: illegal write to WDTCTL (0) from $103ca - reset!!!!
Watchdog: illegal write to WDTCTL (0) from $103ca - reset!!!!
Stack Trace: number of calls: 5 PC: $103ca
  watchdog_reboot (packetbuf.c) called from PC: $24c30 (elapsed: 5)
  restart_time_synchronisation (packetbuf.c) called from PC: $159f2 (elapsed: 30452)
  process_thread_foure_timesynch_process (local in 4emac-timesynch.c) called from PC: $12738 (elapsed: 674158)
  call_process (local in process.c) called from PC: $1291c (elapsed: 674195)
  process_run (packetbuf.c) called from PC: $05edc (elapsed: 677271)
 WARN [Thread-2] (MspMote.java:229) - 19: # Watchdog[EXECUTION]: illegal write to WDTCTL (0) from $103ca - reset!!!!
Watchdog: illegal write to WDTCTL (0) from $103ca - reset!!!!
Stack Trace: number of calls: 5 PC: $103ca
  watchdog_reboot (packetbuf.c) called from PC: $24c30 (elapsed: 5)
  restart_time_synchronisation (packetbuf.c) called from PC: $159f2 (elapsed: 30452)
  process_thread_foure_timesynch_process (local in 4emac-timesynch.c) called from PC: $12738 (elapsed: 554586)
  call_process (local in process.c) called from PC: $1291c (elapsed: 554623)
  process_run (packetbuf.c) called from PC: $05edc (elapsed: 557617)
 WARN [Thread-2] (MspMote.java:229) - 10: # Watchdog[EXECUTION]: illegal write to WDTCTL (0) from $103ca - reset!!!!
Watchdog: illegal write to WDTCTL (0) from $103ca - reset!!!!
Stack Trace: number of calls: 5 PC: $103ca
  watchdog_reboot (packetbuf.c) called from PC: $24c30 (elapsed: 5)
  restart_time_synchronisation (packetbuf.c) called from PC: $159f2 (elapsed: 30452)
  process_thread_foure_timesynch_process (local in 4emac-timesynch.c) called from PC: $12738 (elapsed: 534854)
  call_process (local in process.c) called from PC: $1291c (elapsed: 534891)
  process_run (packetbuf.c) called from PC: $05edc (elapsed: 537782)
 WARN [Thread-2] (MspMote.java:229) - 28: # Watchdog[EXECUTION]: illegal write to WDTCTL (0) from $103ca - reset!!!!
Watchdog: illegal write to WDTCTL (0) from $103ca - reset!!!!
Stack Trace: number of calls: 5 PC: $103ca
  watchdog_reboot (packetbuf.c) called from PC: $24c30 (elapsed: 5)
  restart_time_synchronisation (packetbuf.c) called from PC: $159f2 (elapsed: 30452)
  process_thread_foure_timesynch_process (local in 4emac-timesynch.c) called from PC: $12738 (elapsed: 538162)
  call_process (local in process.c) called from PC: $1291c (elapsed: 538199)
  process_run (packetbuf.c) called from PC: $05edc (elapsed: 541586)
 WARN [Thread-2] (MspMote.java:229) - 34: # Watchdog[EXECUTION]: illegal write to WDTCTL (0) from $103ca - reset!!!!
Watchdog: illegal write to WDTCTL (0) from $103ca - reset!!!!
Stack Trace: number of calls: 5 PC: $103ca
  watchdog_reboot (packetbuf.c) called from PC: $24c30 (elapsed: 5)
  restart_time_synchronisation (packetbuf.c) called from PC: $159f2 (elapsed: 30452)
  process_thread_foure_timesynch_process (local in 4emac-timesynch.c) called from PC: $12738 (elapsed: 674687)
  call_process (local in process.c) called from PC: $1291c (elapsed: 674724)
  process_run (packetbuf.c) called from PC: $05edc (elapsed: 677955)
 WARN [Thread-2] (MspMote.java:229) - 59: # Watchdog[EXECUTION]: illegal write to WDTCTL (0) from $103ca - reset!!!!
Watchdog: illegal write to WDTCTL (0) from $103ca - reset!!!!
Stack Trace: number of calls: 5 PC: $103ca
  watchdog_reboot (packetbuf.c) called from PC: $24c30 (elapsed: 5)
  restart_time_synchronisation (packetbuf.c) called from PC: $159f2 (elapsed: 30452)
  process_thread_foure_timesynch_process (local in 4emac-timesynch.c) called from PC: $12738 (elapsed: 535398)
  call_process (local in process.c) called from PC: $1291c (elapsed: 535435)
  process_run (packetbuf.c) called from PC: $05edc (elapsed: 538352)
 WARN [Thread-2] (MspMote.java:229) - 20: # Watchdog[EXECUTION]: illegal write to WDTCTL (0) from $103ca - reset!!!!
Watchdog: illegal write to WDTCTL (0) from $103ca - reset!!!!
Stack Trace: number of calls: 5 PC: $103ca
  watchdog_reboot (packetbuf.c) called from PC: $24c30 (elapsed: 5)
  restart_time_synchronisation (packetbuf.c) called from PC: $159f2 (elapsed: 30447)
  process_thread_foure_timesynch_process (local in 4emac-timesynch.c) called from PC: $12738 (elapsed: 1086596)
  call_process (local in process.c) called from PC: $1291c (elapsed: 1086633)
  process_run (packetbuf.c) called from PC: $05edc (elapsed: 1089790)
 WARN [Thread-2] (MspMote.java:229) - 36: # Watchdog[EXECUTION]: illegal write to WDTCTL (0) from $103ca - reset!!!!
Watchdog: illegal write to WDTCTL (0) from $103ca - reset!!!!
Stack Trace: number of calls: 5 PC: $103ca
  watchdog_reboot (packetbuf.c) called from PC: $24c30 (elapsed: 5)
  restart_time_synchronisation (packetbuf.c) called from PC: $159f2 (elapsed: 30452)
  process_thread_foure_timesynch_process (local in 4emac-timesynch.c) called from PC: $12738 (elapsed: 1223626)
  call_process (local in process.c) called from PC: $1291c (elapsed: 1223663)
  process_run (packetbuf.c) called from PC: $05edc (elapsed: 1226658)
 WARN [Thread-2] (MspMote.java:229) - 39: # Watchdog[EXECUTION]: illegal write to WDTCTL (0) from $103ca - reset!!!!
Watchdog: illegal write to WDTCTL (0) from $103ca - reset!!!!
Stack Trace: number of calls: 5 PC: $103ca
  watchdog_reboot (packetbuf.c) called from PC: $24c30 (elapsed: 5)
  restart_time_synchronisation (packetbuf.c) called from PC: $159f2 (elapsed: 30453)
  process_thread_foure_timesynch_process (local in 4emac-timesynch.c) called from PC: $12738 (elapsed: 1002109)
  call_process (local in process.c) called from PC: $1291c (elapsed: 1002146)
  process_run (packetbuf.c) called from PC: $05edc (elapsed: 1005327)
 WARN [Thread-2] (MspMote.java:229) - 52: # Watchdog[EXECUTION]: illegal write to WDTCTL (0) from $103ca - reset!!!!
Watchdog: illegal write to WDTCTL (0) from $103ca - reset!!!!
Stack Trace: number of calls: 5 PC: $103ca
  watchdog_reboot (packetbuf.c) called from PC: $24c30 (elapsed: 5)
  restart_time_synchronisation (packetbuf.c) called from PC: $159f2 (elapsed: 30447)
  process_thread_foure_timesynch_process (local in 4emac-timesynch.c) called from PC: $12738 (elapsed: 887186)
  call_process (local in process.c) called from PC: $1291c (elapsed: 887223)
  process_run (packetbuf.c) called from PC: $05edc (elapsed: 891317)
 WARN [Thread-2] (MspMote.java:229) - 17: # Watchdog[EXECUTION]: illegal write to WDTCTL (0) from $103ca - reset!!!!
Watchdog: illegal write to WDTCTL (0) from $103ca - reset!!!!
Stack Trace: number of calls: 5 PC: $103ca
  watchdog_reboot (packetbuf.c) called from PC: $24c30 (elapsed: 5)
  restart_time_synchronisation (packetbuf.c) called from PC: $159f2 (elapsed: 30452)
  process_thread_foure_timesynch_process (local in 4emac-timesynch.c) called from PC: $12738 (elapsed: 542100)
  call_process (local in process.c) called from PC: $1291c (elapsed: 542137)
  process_run (packetbuf.c) called from PC: $05edc (elapsed: 545129)
 WARN [Thread-2] (MspMote.java:229) - 60: # Watchdog[EXECUTION]: illegal write to WDTCTL (0) from $103ca - reset!!!!
Watchdog: illegal write to WDTCTL (0) from $103ca - reset!!!!
Stack Trace: number of calls: 5 PC: $103ca
  watchdog_reboot (packetbuf.c) called from PC: $24c30 (elapsed: 5)
  restart_time_synchronisation (packetbuf.c) called from PC: $159f2 (elapsed: 30452)
  process_thread_foure_timesynch_process (local in 4emac-timesynch.c) called from PC: $12738 (elapsed: 807084)
  call_process (local in process.c) called from PC: $1291c (elapsed: 807121)
  process_run (packetbuf.c) called from PC: $05edc (elapsed: 810118)
 WARN [Thread-2] (MspMote.java:229) - 6: # Watchdog[EXECUTION]: illegal write to WDTCTL (0) from $103ca - reset!!!!
Watchdog: illegal write to WDTCTL (0) from $103ca - reset!!!!
Stack Trace: number of calls: 5 PC: $103ca
  watchdog_reboot (packetbuf.c) called from PC: $24c30 (elapsed: 5)
  restart_time_synchronisation (packetbuf.c) called from PC: $159f2 (elapsed: 30447)
  process_thread_foure_timesynch_process (local in 4emac-timesynch.c) called from PC: $12738 (elapsed: 506195)
  call_process (local in process.c) called from PC: $1291c (elapsed: 506232)
  process_run (packetbuf.c) called from PC: $05edc (elapsed: 509227)
 WARN [Thread-2] (MspMote.java:229) - 44: # Watchdog[EXECUTION]: illegal write to WDTCTL (0) from $103ca - reset!!!!
Watchdog: illegal write to WDTCTL (0) from $103ca - reset!!!!
Stack Trace: number of calls: 5 PC: $103ca
  watchdog_reboot (packetbuf.c) called from PC: $24c30 (elapsed: 5)
  restart_time_synchronisation (packetbuf.c) called from PC: $159f2 (elapsed: 30453)
  process_thread_foure_timesynch_process (local in 4emac-timesynch.c) called from PC: $12738 (elapsed: 811305)
  call_process (local in process.c) called from PC: $1291c (elapsed: 811342)
  process_run (packetbuf.c) called from PC: $05edc (elapsed: 814445)
 WARN [Thread-2] (MspMote.java:229) - 37: # Watchdog[EXECUTION]: illegal write to WDTCTL (0) from $103ca - reset!!!!
Watchdog: illegal write to WDTCTL (0) from $103ca - reset!!!!
Stack Trace: number of calls: 5 PC: $103ca
  watchdog_reboot (packetbuf.c) called from PC: $24c30 (elapsed: 5)
  restart_time_synchronisation (packetbuf.c) called from PC: $159f2 (elapsed: 30452)
  process_thread_foure_timesynch_process (local in 4emac-timesynch.c) called from PC: $12738 (elapsed: 537704)
  call_process (local in process.c) called from PC: $1291c (elapsed: 537741)
  process_run (packetbuf.c) called from PC: $05edc (elapsed: 540814)
 WARN [Thread-2] (MspMote.java:229) - 11: # Watchdog[EXECUTION]: illegal write to WDTCTL (0) from $103ca - reset!!!!
Watchdog: illegal write to WDTCTL (0) from $103ca - reset!!!!
Stack Trace: number of calls: 5 PC: $103ca
  watchdog_reboot (packetbuf.c) called from PC: $24c30 (elapsed: 5)
  restart_time_synchronisation (packetbuf.c) called from PC: $159f2 (elapsed: 30452)
  process_thread_foure_timesynch_process (local in 4emac-timesynch.c) called from PC: $12738 (elapsed: 1403792)
  call_process (local in process.c) called from PC: $1291c (elapsed: 1403829)
  process_run (packetbuf.c) called from PC: $05edc (elapsed: 1406905)
 WARN [Thread-2] (MspMote.java:229) - 29: # Watchdog[EXECUTION]: illegal write to WDTCTL (0) from $103ca - reset!!!!
Watchdog: illegal write to WDTCTL (0) from $103ca - reset!!!!
Stack Trace: number of calls: 5 PC: $103ca
  watchdog_reboot (packetbuf.c) called from PC: $24c30 (elapsed: 5)
  restart_time_synchronisation (packetbuf.c) called from PC: $159f2 (elapsed: 30452)
  process_thread_foure_timesynch_process (local in 4emac-timesynch.c) called from PC: $12738 (elapsed: 1021697)
  call_process (local in process.c) called from PC: $1291c (elapsed: 1021734)
  process_run (packetbuf.c) called from PC: $05edc (elapsed: 1024647)
 WARN [Thread-2] (MspMote.java:229) - 46: # Watchdog[EXECUTION]: illegal write to WDTCTL (0) from $103ca - reset!!!!
Watchdog: illegal write to WDTCTL (0) from $103ca - reset!!!!
Stack Trace: number of calls: 5 PC: $103ca
  watchdog_reboot (packetbuf.c) called from PC: $24c30 (elapsed: 5)
  restart_time_synchronisation (packetbuf.c) called from PC: $159f2 (elapsed: 31364)
  process_thread_foure_timesynch_process (local in 4emac-timesynch.c) called from PC: $12738 (elapsed: 217495)
  call_process (local in process.c) called from PC: $1291c (elapsed: 217532)
  process_run (packetbuf.c) called from PC: $05edc (elapsed: 219892)
 WARN [Thread-2] (MspMote.java:229) - 3: # Watchdog[EXECUTION]: illegal write to WDTCTL (0) from $103ca - reset!!!!
Watchdog: illegal write to WDTCTL (0) from $103ca - reset!!!!
Stack Trace: number of calls: 5 PC: $103ca
  watchdog_reboot (packetbuf.c) called from PC: $24c30 (elapsed: 5)
  restart_time_synchronisation (packetbuf.c) called from PC: $159f2 (elapsed: 30452)
  process_thread_foure_timesynch_process (local in 4emac-timesynch.c) called from PC: $12738 (elapsed: 535852)
  call_process (local in process.c) called from PC: $1291c (elapsed: 535889)
  process_run (packetbuf.c) called from PC: $05edc (elapsed: 539039)
 WARN [Thread-2] (MspMote.java:229) - 39: # Watchdog[EXECUTION]: illegal write to WDTCTL (0) from $103ca - reset!!!!
Watchdog: illegal write to WDTCTL (0) from $103ca - reset!!!!
Stack Trace: number of calls: 5 PC: $103ca
  watchdog_reboot (packetbuf.c) called from PC: $24c30 (elapsed: 5)
  restart_time_synchronisation (packetbuf.c) called from PC: $159f2 (elapsed: 30447)
  process_thread_foure_timesynch_process (local in 4emac-timesynch.c) called from PC: $12738 (elapsed: 1086536)
  call_process (local in process.c) called from PC: $1291c (elapsed: 1086573)
  process_run (packetbuf.c) called from PC: $05edc (elapsed: 1089756)
 WARN [Thread-2] (MspMote.java:229) - 60: # Watchdog[EXECUTION]: illegal write to WDTCTL (0) from $103ca - reset!!!!
Watchdog: illegal write to WDTCTL (0) from $103ca - reset!!!!
Stack Trace: number of calls: 5 PC: $103ca
  watchdog_reboot (packetbuf.c) called from PC: $24c30 (elapsed: 5)
  restart_time_synchronisation (packetbuf.c) called from PC: $159f2 (elapsed: 30452)
  process_thread_foure_timesynch_process (local in 4emac-timesynch.c) called from PC: $12738 (elapsed: 1090162)
  call_process (local in process.c) called from PC: $1291c (elapsed: 1090199)
  process_run (packetbuf.c) called from PC: $05edc (elapsed: 1093411)
 WARN [Thread-2] (MspMote.java:229) - 54: # Watchdog[EXECUTION]: illegal write to WDTCTL (0) from $103ca - reset!!!!
Watchdog: illegal write to WDTCTL (0) from $103ca - reset!!!!
Stack Trace: number of calls: 5 PC: $103ca
  watchdog_reboot (packetbuf.c) called from PC: $24c30 (elapsed: 5)
  restart_time_synchronisation (packetbuf.c) called from PC: $159f2 (elapsed: 30453)
  process_thread_foure_timesynch_process (local in 4emac-timesynch.c) called from PC: $12738 (elapsed: 873651)
  call_process (local in process.c) called from PC: $1291c (elapsed: 873688)
  process_run (packetbuf.c) called from PC: $05edc (elapsed: 876695)
 WARN [Thread-2] (MspMote.java:229) - 41: # Watchdog[EXECUTION]: illegal write to WDTCTL (0) from $103ca - reset!!!!
Watchdog: illegal write to WDTCTL (0) from $103ca - reset!!!!
Stack Trace: number of calls: 5 PC: $103ca
  watchdog_reboot (packetbuf.c) called from PC: $24c30 (elapsed: 5)
  restart_time_synchronisation (packetbuf.c) called from PC: $159f2 (elapsed: 30471)
  process_thread_foure_timesynch_process (local in 4emac-timesynch.c) called from PC: $12738 (elapsed: 1262812)
  call_process (local in process.c) called from PC: $1291c (elapsed: 1262849)
  process_run (packetbuf.c) called from PC: $05edc (elapsed: 1265841)
 WARN [Thread-2] (MspMote.java:229) - 18: # Watchdog[EXECUTION]: illegal write to WDTCTL (0) from $103ca - reset!!!!
Watchdog: illegal write to WDTCTL (0) from $103ca - reset!!!!
Stack Trace: number of calls: 5 PC: $103ca
  watchdog_reboot (packetbuf.c) called from PC: $24c30 (elapsed: 5)
  restart_time_synchronisation (packetbuf.c) called from PC: $159f2 (elapsed: 30453)
  process_thread_foure_timesynch_process (local in 4emac-timesynch.c) called from PC: $12738 (elapsed: 508948)
  call_process (local in process.c) called from PC: $1291c (elapsed: 508985)
  process_run (packetbuf.c) called from PC: $05edc (elapsed: 511977)
 WARN [Thread-2] (MspMote.java:229) - 37: # Watchdog[EXECUTION]: illegal write to WDTCTL (0) from $103ca - reset!!!!
Watchdog: illegal write to WDTCTL (0) from $103ca - reset!!!!
Stack Trace: number of calls: 5 PC: $103ca
  watchdog_reboot (packetbuf.c) called from PC: $24c30 (elapsed: 5)
  restart_time_synchronisation (packetbuf.c) called from PC: $159f2 (elapsed: 30453)
  process_thread_foure_timesynch_process (local in 4emac-timesynch.c) called from PC: $12738 (elapsed: 1258526)
  call_process (local in process.c) called from PC: $1291c (elapsed: 1258563)
  process_run (packetbuf.c) called from PC: $05edc (elapsed: 1261586)
 WARN [Thread-2] (MspMote.java:229) - 17: # Watchdog[EXECUTION]: illegal write to WDTCTL (0) from $103ca - reset!!!!
 INFO [Thread-2] (LogScriptEngine.java:389) - Test script at 15.00%, done in 5660.3 sec
Watchdog: illegal write to WDTCTL (0) from $103ca - reset!!!!
Stack Trace: number of calls: 5 PC: $103ca
  watchdog_reboot (packetbuf.c) called from PC: $24c30 (elapsed: 5)
  restart_time_synchronisation (packetbuf.c) called from PC: $159f2 (elapsed: 30452)
  process_thread_foure_timesynch_process (local in 4emac-timesynch.c) called from PC: $12738 (elapsed: 955056)
  call_process (local in process.c) called from PC: $1291c (elapsed: 955093)
  process_run (packetbuf.c) called from PC: $05edc (elapsed: 958087)
 WARN [Thread-2] (MspMote.java:229) - 52: # Watchdog[EXECUTION]: illegal write to WDTCTL (0) from $103ca - reset!!!!
Watchdog: illegal write to WDTCTL (0) from $103ca - reset!!!!
Stack Trace: number of calls: 11 PC: $103ca
  watchdog_reboot (packetbuf.c) called from PC: $24c30 (elapsed: 5)
  restart_time_synchronisation (packetbuf.c) called from PC: $14eee (elapsed: 31370)
  foure_timesynch_parent_switch_callback (packetbuf.c) called from PC: $1e95c (elapsed: 69452)
  rpl_set_preferred_parent (local in rpl-dag.c) called from PC: $1ef8c (elapsed: 164309)
  rpl_nullify_parent (packetbuf.c) called from PC: $1fc26 (elapsed: 385333)
  rpl_process_parent_event (packetbuf.c) called from PC: $1fcbe (elapsed: 482571)
  rpl_recalculate_ranks (packetbuf.c) called from PC: $23726 (elapsed: 484182)
  handle_periodic_timer (local in rpl-timers.c) called from PC: $1219c (elapsed: 484449)
  process_thread_ctimer_process (local in ctimer.c) called from PC: $12738 (elapsed: 484674)
  call_process (local in process.c) called from PC: $1291c (elapsed: 484711)
  process_run (packetbuf.c) called from PC: $05edc (elapsed: 488079)
 WARN [Thread-2] (MspMote.java:229) - 46: # Watchdog[EXECUTION]: illegal write to WDTCTL (0) from $103ca - reset!!!!
Watchdog: illegal write to WDTCTL (0) from $103ca - reset!!!!
Stack Trace: number of calls: 5 PC: $103ca
  watchdog_reboot (packetbuf.c) called from PC: $24c30 (elapsed: 5)
  restart_time_synchronisation (packetbuf.c) called from PC: $159f2 (elapsed: 31365)
  process_thread_foure_timesynch_process (local in 4emac-timesynch.c) called from PC: $12738 (elapsed: 185785)
  call_process (local in process.c) called from PC: $1291c (elapsed: 185822)
  process_run (packetbuf.c) called from PC: $05edc (elapsed: 189082)
 WARN [Thread-2] (MspMote.java:229) - 23: # Watchdog[EXECUTION]: illegal write to WDTCTL (0) from $103ca - reset!!!!
Watchdog: illegal write to WDTCTL (0) from $103ca - reset!!!!
Stack Trace: number of calls: 5 PC: $103ca
  watchdog_reboot (packetbuf.c) called from PC: $24c30 (elapsed: 5)
  restart_time_synchronisation (packetbuf.c) called from PC: $159f2 (elapsed: 30453)
  process_thread_foure_timesynch_process (local in 4emac-timesynch.c) called from PC: $12738 (elapsed: 1123635)
  call_process (local in process.c) called from PC: $1291c (elapsed: 1123672)
  process_run (packetbuf.c) called from PC: $05edc (elapsed: 1126666)
 WARN [Thread-2] (MspMote.java:229) - 10: # Watchdog[EXECUTION]: illegal write to WDTCTL (0) from $103ca - reset!!!!
Watchdog: illegal write to WDTCTL (0) from $103ca - reset!!!!
Stack Trace: number of calls: 5 PC: $103ca
  watchdog_reboot (packetbuf.c) called from PC: $24c30 (elapsed: 5)
  restart_time_synchronisation (packetbuf.c) called from PC: $159f2 (elapsed: 30447)
  process_thread_foure_timesynch_process (local in 4emac-timesynch.c) called from PC: $12738 (elapsed: 1263517)
  call_process (local in process.c) called from PC: $1291c (elapsed: 1263554)
  process_run (packetbuf.c) called from PC: $05edc (elapsed: 1266559)
 WARN [Thread-2] (MspMote.java:229) - 38: # Watchdog[EXECUTION]: illegal write to WDTCTL (0) from $103ca - reset!!!!
Watchdog: illegal write to WDTCTL (0) from $103ca - reset!!!!
Stack Trace: number of calls: 5 PC: $103ca
  watchdog_reboot (packetbuf.c) called from PC: $24c30 (elapsed: 5)
  restart_time_synchronisation (packetbuf.c) called from PC: $159f2 (elapsed: 30645)
  process_thread_foure_timesynch_process (local in 4emac-timesynch.c) called from PC: $12738 (elapsed: 832208)
  call_process (local in process.c) called from PC: $1291c (elapsed: 832245)
  process_run (packetbuf.c) called from PC: $05edc (elapsed: 835318)
 WARN [Thread-2] (MspMote.java:229) - 59: # Watchdog[EXECUTION]: illegal write to WDTCTL (0) from $103ca - reset!!!!
Watchdog: illegal write to WDTCTL (0) from $103ca - reset!!!!
Stack Trace: number of calls: 5 PC: $103ca
  watchdog_reboot (packetbuf.c) called from PC: $24c30 (elapsed: 5)
  restart_time_synchronisation (packetbuf.c) called from PC: $159f2 (elapsed: 30452)
  process_thread_foure_timesynch_process (local in 4emac-timesynch.c) called from PC: $12738 (elapsed: 774868)
  call_process (local in process.c) called from PC: $1291c (elapsed: 774905)
  process_run (packetbuf.c) called from PC: $05edc (elapsed: 778059)
 WARN [Thread-2] (MspMote.java:229) - 3: # Watchdog[EXECUTION]: illegal write to WDTCTL (0) from $103ca - reset!!!!
Watchdog: illegal write to WDTCTL (0) from $103ca - reset!!!!
Stack Trace: number of calls: 5 PC: $103ca
  watchdog_reboot (packetbuf.c) called from PC: $24c30 (elapsed: 5)
  restart_time_synchronisation (packetbuf.c) called from PC: $159f2 (elapsed: 30603)
  process_thread_foure_timesynch_process (local in 4emac-timesynch.c) called from PC: $12738 (elapsed: 1272824)
  call_process (local in process.c) called from PC: $1291c (elapsed: 1272861)
  process_run (packetbuf.c) called from PC: $05edc (elapsed: 1275934)
 WARN [Thread-2] (MspMote.java:229) - 34: # Watchdog[EXECUTION]: illegal write to WDTCTL (0) from $103ca - reset!!!!
Watchdog: illegal write to WDTCTL (0) from $103ca - reset!!!!
Stack Trace: number of calls: 5 PC: $103ca
  watchdog_reboot (packetbuf.c) called from PC: $24c30 (elapsed: 5)
  restart_time_synchronisation (packetbuf.c) called from PC: $159f2 (elapsed: 30453)
  process_thread_foure_timesynch_process (local in 4emac-timesynch.c) called from PC: $12738 (elapsed: 998476)
  call_process (local in process.c) called from PC: $1291c (elapsed: 998513)
  process_run (packetbuf.c) called from PC: $05edc (elapsed: 1001586)
 WARN [Thread-2] (MspMote.java:229) - 60: # Watchdog[EXECUTION]: illegal write to WDTCTL (0) from $103ca - reset!!!!
Watchdog: illegal write to WDTCTL (0) from $103ca - reset!!!!
Stack Trace: number of calls: 5 PC: $103ca
  watchdog_reboot (packetbuf.c) called from PC: $24c30 (elapsed: 5)
  restart_time_synchronisation (packetbuf.c) called from PC: $159f2 (elapsed: 30452)
  process_thread_foure_timesynch_process (local in 4emac-timesynch.c) called from PC: $12738 (elapsed: 1111451)
  call_process (local in process.c) called from PC: $1291c (elapsed: 1111488)
  process_run (packetbuf.c) called from PC: $05edc (elapsed: 1114829)
 WARN [Thread-2] (MspMote.java:229) - 37: # Watchdog[EXECUTION]: illegal write to WDTCTL (0) from $103ca - reset!!!!
Watchdog: illegal write to WDTCTL (0) from $103ca - reset!!!!
Stack Trace: number of calls: 5 PC: $103ca
  watchdog_reboot (packetbuf.c) called from PC: $24c30 (elapsed: 5)
  restart_time_synchronisation (packetbuf.c) called from PC: $159f2 (elapsed: 30452)
  process_thread_foure_timesynch_process (local in 4emac-timesynch.c) called from PC: $12738 (elapsed: 1389197)
  call_process (local in process.c) called from PC: $1291c (elapsed: 1389234)
  process_run (packetbuf.c) called from PC: $05edc (elapsed: 1392527)
 WARN [Thread-2] (MspMote.java:229) - 13: # Watchdog[EXECUTION]: illegal write to WDTCTL (0) from $103ca - reset!!!!
Watchdog: illegal write to WDTCTL (0) from $103ca - reset!!!!
Stack Trace: number of calls: 5 PC: $103ca
  watchdog_reboot (packetbuf.c) called from PC: $24c30 (elapsed: 5)
  restart_time_synchronisation (packetbuf.c) called from PC: $159f2 (elapsed: 59361)
  process_thread_foure_timesynch_process (local in 4emac-timesynch.c) called from PC: $12738 (elapsed: 942886)
  call_process (local in process.c) called from PC: $1291c (elapsed: 942923)
  process_run (packetbuf.c) called from PC: $05edc (elapsed: 945922)
 WARN [Thread-2] (MspMote.java:229) - 61: # Watchdog[EXECUTION]: illegal write to WDTCTL (0) from $103ca - reset!!!!
Watchdog: illegal write to WDTCTL (0) from $103ca - reset!!!!
Stack Trace: number of calls: 5 PC: $103ca
  watchdog_reboot (packetbuf.c) called from PC: $24c30 (elapsed: 5)
  restart_time_synchronisation (packetbuf.c) called from PC: $159f2 (elapsed: 30447)
  process_thread_foure_timesynch_process (local in 4emac-timesynch.c) called from PC: $12738 (elapsed: 772748)
  call_process (local in process.c) called from PC: $1291c (elapsed: 772785)
  process_run (packetbuf.c) called from PC: $05edc (elapsed: 775788)
 WARN [Thread-2] (MspMote.java:229) - 27: # Watchdog[EXECUTION]: illegal write to WDTCTL (0) from $103ca - reset!!!!
Watchdog: illegal write to WDTCTL (0) from $103ca - reset!!!!
Stack Trace: number of calls: 5 PC: $103ca
  watchdog_reboot (packetbuf.c) called from PC: $24c30 (elapsed: 5)
  restart_time_synchronisation (packetbuf.c) called from PC: $159f2 (elapsed: 30453)
  process_thread_foure_timesynch_process (local in 4emac-timesynch.c) called from PC: $12738 (elapsed: 884017)
  call_process (local in process.c) called from PC: $1291c (elapsed: 884054)
  process_run (packetbuf.c) called from PC: $05edc (elapsed: 887053)
 WARN [Thread-2] (MspMote.java:229) - 47: # Watchdog[EXECUTION]: illegal write to WDTCTL (0) from $103ca - reset!!!!
Watchdog: illegal write to WDTCTL (0) from $103ca - reset!!!!
Stack Trace: number of calls: 5 PC: $103ca
  watchdog_reboot (packetbuf.c) called from PC: $24c30 (elapsed: 5)
  restart_time_synchronisation (packetbuf.c) called from PC: $159f2 (elapsed: 30452)
  process_thread_foure_timesynch_process (local in 4emac-timesynch.c) called from PC: $12738 (elapsed: 1434912)
  call_process (local in process.c) called from PC: $1291c (elapsed: 1434949)
  process_run (packetbuf.c) called from PC: $05edc (elapsed: 1438168)
 WARN [Thread-2] (MspMote.java:229) - 5: # Watchdog[EXECUTION]: illegal write to WDTCTL (0) from $103ca - reset!!!!
Watchdog: illegal write to WDTCTL (0) from $103ca - reset!!!!
Stack Trace: number of calls: 5 PC: $103ca
  watchdog_reboot (packetbuf.c) called from PC: $24c30 (elapsed: 5)
  restart_time_synchronisation (packetbuf.c) called from PC: $159f2 (elapsed: 30447)
  process_thread_foure_timesynch_process (local in 4emac-timesynch.c) called from PC: $12738 (elapsed: 1084400)
  call_process (local in process.c) called from PC: $1291c (elapsed: 1084437)
  process_run (packetbuf.c) called from PC: $05edc (elapsed: 1087431)
 WARN [Thread-2] (MspMote.java:229) - 17: # Watchdog[EXECUTION]: illegal write to WDTCTL (0) from $103ca - reset!!!!
Watchdog: illegal write to WDTCTL (0) from $103ca - reset!!!!
Stack Trace: number of calls: 5 PC: $103ca
  watchdog_reboot (packetbuf.c) called from PC: $24c30 (elapsed: 5)
  restart_time_synchronisation (packetbuf.c) called from PC: $159f2 (elapsed: 30452)
  process_thread_foure_timesynch_process (local in 4emac-timesynch.c) called from PC: $12738 (elapsed: 1093784)
  call_process (local in process.c) called from PC: $1291c (elapsed: 1093821)
  process_run (packetbuf.c) called from PC: $05edc (elapsed: 1096844)
 WARN [Thread-2] (MspMote.java:229) - 52: # Watchdog[EXECUTION]: illegal write to WDTCTL (0) from $103ca - reset!!!!
Watchdog: illegal write to WDTCTL (0) from $103ca - reset!!!!
Stack Trace: number of calls: 5 PC: $103ca
  watchdog_reboot (packetbuf.c) called from PC: $24c30 (elapsed: 5)
  restart_time_synchronisation (packetbuf.c) called from PC: $159f2 (elapsed: 30483)
  process_thread_foure_timesynch_process (local in 4emac-timesynch.c) called from PC: $12738 (elapsed: 1261380)
  call_process (local in process.c) called from PC: $1291c (elapsed: 1261417)
  process_run (packetbuf.c) called from PC: $05edc (elapsed: 1264715)
 WARN [Thread-2] (MspMote.java:229) - 33: # Watchdog[EXECUTION]: illegal write to WDTCTL (0) from $103ca - reset!!!!
Watchdog: illegal write to WDTCTL (0) from $103ca - reset!!!!
Stack Trace: number of calls: 5 PC: $103ca
  watchdog_reboot (packetbuf.c) called from PC: $24c30 (elapsed: 5)
  restart_time_synchronisation (packetbuf.c) called from PC: $159f2 (elapsed: 30452)
  process_thread_foure_timesynch_process (local in 4emac-timesynch.c) called from PC: $12738 (elapsed: 681591)
  call_process (local in process.c) called from PC: $1291c (elapsed: 681628)
  process_run (packetbuf.c) called from PC: $05edc (elapsed: 684780)
 WARN [Thread-2] (MspMote.java:229) - 43: # Watchdog[EXECUTION]: illegal write to WDTCTL (0) from $103ca - reset!!!!
Watchdog: illegal write to WDTCTL (0) from $103ca - reset!!!!
Stack Trace: number of calls: 5 PC: $103ca
  watchdog_reboot (packetbuf.c) called from PC: $24c30 (elapsed: 5)
  restart_time_synchronisation (packetbuf.c) called from PC: $159f2 (elapsed: 30453)
  process_thread_foure_timesynch_process (local in 4emac-timesynch.c) called from PC: $12738 (elapsed: 694338)
  call_process (local in process.c) called from PC: $1291c (elapsed: 694375)
  process_run (packetbuf.c) called from PC: $05edc (elapsed: 697288)
 WARN [Thread-2] (MspMote.java:229) - 50: # Watchdog[EXECUTION]: illegal write to WDTCTL (0) from $103ca - reset!!!!
 INFO [Thread-2] (LogScriptEngine.java:389) - Test script at 20.00%, done in 6178.8 sec
Watchdog: illegal write to WDTCTL (0) from $103ca - reset!!!!
Stack Trace: number of calls: 5 PC: $103ca
  watchdog_reboot (packetbuf.c) called from PC: $24c30 (elapsed: 5)
  restart_time_synchronisation (packetbuf.c) called from PC: $159f2 (elapsed: 30452)
  process_thread_foure_timesynch_process (local in 4emac-timesynch.c) called from PC: $12738 (elapsed: 837199)
  call_process (local in process.c) called from PC: $1291c (elapsed: 837236)
  process_run (packetbuf.c) called from PC: $05edc (elapsed: 843084)
 WARN [Thread-2] (MspMote.java:229) - 30: # Watchdog[EXECUTION]: illegal write to WDTCTL (0) from $103ca - reset!!!!
Watchdog: illegal write to WDTCTL (0) from $103ca - reset!!!!
Stack Trace: number of calls: 5 PC: $103ca
  watchdog_reboot (packetbuf.c) called from PC: $24c30 (elapsed: 5)
  restart_time_synchronisation (packetbuf.c) called from PC: $159f2 (elapsed: 30453)
  process_thread_foure_timesynch_process (local in 4emac-timesynch.c) called from PC: $12738 (elapsed: 644937)
  call_process (local in process.c) called from PC: $1291c (elapsed: 644974)
  process_run (packetbuf.c) called from PC: $05edc (elapsed: 648205)
 WARN [Thread-2] (MspMote.java:229) - 11: # Watchdog[EXECUTION]: illegal write to WDTCTL (0) from $103ca - reset!!!!
Watchdog: illegal write to WDTCTL (0) from $103ca - reset!!!!
Stack Trace: number of calls: 5 PC: $103ca
  watchdog_reboot (packetbuf.c) called from PC: $24c30 (elapsed: 5)
  restart_time_synchronisation (packetbuf.c) called from PC: $159f2 (elapsed: 30452)
  process_thread_foure_timesynch_process (local in 4emac-timesynch.c) called from PC: $12738 (elapsed: 980874)
  call_process (local in process.c) called from PC: $1291c (elapsed: 980911)
  process_run (packetbuf.c) called from PC: $05edc (elapsed: 984061)
 WARN [Thread-2] (MspMote.java:229) - 29: # Watchdog[EXECUTION]: illegal write to WDTCTL (0) from $103ca - reset!!!!
Watchdog: illegal write to WDTCTL (0) from $103ca - reset!!!!
Stack Trace: number of calls: 5 PC: $103ca
  watchdog_reboot (packetbuf.c) called from PC: $24c30 (elapsed: 5)
  restart_time_synchronisation (packetbuf.c) called from PC: $159f2 (elapsed: 30447)
  process_thread_foure_timesynch_process (local in 4emac-timesynch.c) called from PC: $12738 (elapsed: 950921)
  call_process (local in process.c) called from PC: $1291c (elapsed: 950958)
  process_run (packetbuf.c) called from PC: $05edc (elapsed: 954110)
 WARN [Thread-2] (MspMote.java:229) - 54: # Watchdog[EXECUTION]: illegal write to WDTCTL (0) from $103ca - reset!!!!
Watchdog: illegal write to WDTCTL (0) from $103ca - reset!!!!
Stack Trace: number of calls: 5 PC: $103ca
  watchdog_reboot (packetbuf.c) called from PC: $24c30 (elapsed: 5)
  restart_time_synchronisation (packetbuf.c) called from PC: $159f2 (elapsed: 30452)
  process_thread_foure_timesynch_process (local in 4emac-timesynch.c) called from PC: $12738 (elapsed: 1226555)
  call_process (local in process.c) called from PC: $1291c (elapsed: 1226592)
  process_run (packetbuf.c) called from PC: $05edc (elapsed: 1229744)
 WARN [Thread-2] (MspMote.java:229) - 41: # Watchdog[EXECUTION]: illegal write to WDTCTL (0) from $103ca - reset!!!!
Watchdog: illegal write to WDTCTL (0) from $103ca - reset!!!!
Stack Trace: number of calls: 5 PC: $103ca
  watchdog_reboot (packetbuf.c) called from PC: $24c30 (elapsed: 5)
  restart_time_synchronisation (packetbuf.c) called from PC: $159f2 (elapsed: 30452)
  process_thread_foure_timesynch_process (local in 4emac-timesynch.c) called from PC: $12738 (elapsed: 984845)
  call_process (local in process.c) called from PC: $1291c (elapsed: 984882)
  process_run (packetbuf.c) called from PC: $05edc (elapsed: 987876)
 WARN [Thread-2] (MspMote.java:229) - 37: # Watchdog[EXECUTION]: illegal write to WDTCTL (0) from $103ca - reset!!!!
Watchdog: illegal write to WDTCTL (0) from $103ca - reset!!!!
Stack Trace: number of calls: 5 PC: $103ca
  watchdog_reboot (packetbuf.c) called from PC: $24c30 (elapsed: 5)
  restart_time_synchronisation (packetbuf.c) called from PC: $159f2 (elapsed: 30452)
  process_thread_foure_timesynch_process (local in 4emac-timesynch.c) called from PC: $12738 (elapsed: 818672)
  call_process (local in process.c) called from PC: $1291c (elapsed: 818709)
  process_run (packetbuf.c) called from PC: $05edc (elapsed: 821811)
 WARN [Thread-2] (MspMote.java:229) - 47: # Watchdog[EXECUTION]: illegal write to WDTCTL (0) from $103ca - reset!!!!
Watchdog: illegal write to WDTCTL (0) from $103ca - reset!!!!
Stack Trace: number of calls: 5 PC: $103ca
  watchdog_reboot (packetbuf.c) called from PC: $24c30 (elapsed: 5)
  restart_time_synchronisation (packetbuf.c) called from PC: $159f2 (elapsed: 30452)
  process_thread_foure_timesynch_process (local in 4emac-timesynch.c) called from PC: $12738 (elapsed: 534979)
  call_process (local in process.c) called from PC: $1291c (elapsed: 535016)
  process_run (packetbuf.c) called from PC: $05edc (elapsed: 538098)
 WARN [Thread-2] (MspMote.java:229) - 51: # Watchdog[EXECUTION]: illegal write to WDTCTL (0) from $103ca - reset!!!!
Watchdog: illegal write to WDTCTL (0) from $103ca - reset!!!!
Stack Trace: number of calls: 5 PC: $103ca
  watchdog_reboot (packetbuf.c) called from PC: $24c30 (elapsed: 5)
  restart_time_synchronisation (packetbuf.c) called from PC: $159f2 (elapsed: 30452)
  process_thread_foure_timesynch_process (local in 4emac-timesynch.c) called from PC: $12738 (elapsed: 783390)
  call_process (local in process.c) called from PC: $1291c (elapsed: 783427)
  process_run (packetbuf.c) called from PC: $05edc (elapsed: 786343)
 WARN [Thread-2] (MspMote.java:229) - 44: # Watchdog[EXECUTION]: illegal write to WDTCTL (0) from $103ca - reset!!!!
Watchdog: illegal write to WDTCTL (0) from $103ca - reset!!!!
Stack Trace: number of calls: 5 PC: $103ca
  watchdog_reboot (packetbuf.c) called from PC: $24c30 (elapsed: 5)
  restart_time_synchronisation (packetbuf.c) called from PC: $159f2 (elapsed: 30626)
  process_thread_foure_timesynch_process (local in 4emac-timesynch.c) called from PC: $12738 (elapsed: 1127754)
  call_process (local in process.c) called from PC: $1291c (elapsed: 1127791)
  process_run (packetbuf.c) called from PC: $05edc (elapsed: 1130875)
 WARN [Thread-2] (MspMote.java:229) - 24: # Watchdog[EXECUTION]: illegal write to WDTCTL (0) from $103ca - reset!!!!
Watchdog: illegal write to WDTCTL (0) from $103ca - reset!!!!
Stack Trace: number of calls: 5 PC: $103ca
  watchdog_reboot (packetbuf.c) called from PC: $24c30 (elapsed: 5)
  restart_time_synchronisation (packetbuf.c) called from PC: $159f2 (elapsed: 30452)
  process_thread_foure_timesynch_process (local in 4emac-timesynch.c) called from PC: $12738 (elapsed: 982007)
  call_process (local in process.c) called from PC: $1291c (elapsed: 982044)
  process_run (packetbuf.c) called from PC: $05edc (elapsed: 985146)
 WARN [Thread-2] (MspMote.java:229) - 60: # Watchdog[EXECUTION]: illegal write to WDTCTL (0) from $103ca - reset!!!!
Watchdog: illegal write to WDTCTL (0) from $103ca - reset!!!!
Stack Trace: number of calls: 5 PC: $103ca
  watchdog_reboot (packetbuf.c) called from PC: $24c30 (elapsed: 5)
  restart_time_synchronisation (packetbuf.c) called from PC: $159f2 (elapsed: 30452)
  process_thread_foure_timesynch_process (local in 4emac-timesynch.c) called from PC: $12738 (elapsed: 856257)
  call_process (local in process.c) called from PC: $1291c (elapsed: 856294)
  process_run (packetbuf.c) called from PC: $05edc (elapsed: 859365)
 WARN [Thread-2] (MspMote.java:229) - 34: # Watchdog[EXECUTION]: illegal write to WDTCTL (0) from $103ca - reset!!!!
Watchdog: illegal write to WDTCTL (0) from $103ca - reset!!!!
Stack Trace: number of calls: 5 PC: $103ca
  watchdog_reboot (packetbuf.c) called from PC: $24c30 (elapsed: 5)
  restart_time_synchronisation (packetbuf.c) called from PC: $159f2 (elapsed: 31377)
  process_thread_foure_timesynch_process (local in 4emac-timesynch.c) called from PC: $12738 (elapsed: 185445)
  call_process (local in process.c) called from PC: $1291c (elapsed: 185482)
  process_run (packetbuf.c) called from PC: $05edc (elapsed: 187763)
 WARN [Thread-2] (MspMote.java:229) - 54: # Watchdog[EXECUTION]: illegal write to WDTCTL (0) from $103ca - reset!!!!
Watchdog: illegal write to WDTCTL (0) from $103ca - reset!!!!
Stack Trace: number of calls: 5 PC: $103ca
  watchdog_reboot (packetbuf.c) called from PC: $24c30 (elapsed: 5)
  restart_time_synchronisation (packetbuf.c) called from PC: $159f2 (elapsed: 30452)
  process_thread_foure_timesynch_process (local in 4emac-timesynch.c) called from PC: $12738 (elapsed: 1026661)
  call_process (local in process.c) called from PC: $1291c (elapsed: 1026698)
  process_run (packetbuf.c) called from PC: $05edc (elapsed: 1029692)
 WARN [Thread-2] (MspMote.java:229) - 23: # Watchdog[EXECUTION]: illegal write to WDTCTL (0) from $103ca - reset!!!!
Watchdog: illegal write to WDTCTL (0) from $103ca - reset!!!!
Stack Trace: number of calls: 5 PC: $103ca
  watchdog_reboot (packetbuf.c) called from PC: $24c30 (elapsed: 5)
  restart_time_synchronisation (packetbuf.c) called from PC: $159f2 (elapsed: 30452)
  process_thread_foure_timesynch_process (local in 4emac-timesynch.c) called from PC: $12738 (elapsed: 976733)
  call_process (local in process.c) called from PC: $1291c (elapsed: 976770)
  process_run (packetbuf.c) called from PC: $05edc (elapsed: 980190)
 WARN [Thread-2] (MspMote.java:229) - 52: # Watchdog[EXECUTION]: illegal write to WDTCTL (0) from $103ca - reset!!!!
Watchdog: illegal write to WDTCTL (0) from $103ca - reset!!!!
Stack Trace: number of calls: 5 PC: $103ca
  watchdog_reboot (packetbuf.c) called from PC: $24c30 (elapsed: 5)
  restart_time_synchronisation (packetbuf.c) called from PC: $159f2 (elapsed: 63254)
  process_thread_foure_timesynch_process (local in 4emac-timesynch.c) called from PC: $12738 (elapsed: 1159919)
  call_process (local in process.c) called from PC: $1291c (elapsed: 1159956)
  process_run (packetbuf.c) called from PC: $05edc (elapsed: 1164131)
 WARN [Thread-2] (MspMote.java:229) - 45: # Watchdog[EXECUTION]: illegal write to WDTCTL (0) from $103ca - reset!!!!
Watchdog: illegal write to WDTCTL (0) from $103ca - reset!!!!
Stack Trace: number of calls: 5 PC: $103ca
  watchdog_reboot (packetbuf.c) called from PC: $24c30 (elapsed: 5)
  restart_time_synchronisation (packetbuf.c) called from PC: $159f2 (elapsed: 30452)
  process_thread_foure_timesynch_process (local in 4emac-timesynch.c) called from PC: $12738 (elapsed: 1090656)
  call_process (local in process.c) called from PC: $1291c (elapsed: 1090693)
  process_run (packetbuf.c) called from PC: $05edc (elapsed: 1093719)
 WARN [Thread-2] (MspMote.java:229) - 19: # Watchdog[EXECUTION]: illegal write to WDTCTL (0) from $103ca - reset!!!!
Watchdog: illegal write to WDTCTL (0) from $103ca - reset!!!!
Stack Trace: number of calls: 5 PC: $103ca
  watchdog_reboot (packetbuf.c) called from PC: $24c30 (elapsed: 5)
  restart_time_synchronisation (packetbuf.c) called from PC: $159f2 (elapsed: 31395)
  process_thread_foure_timesynch_process (local in 4emac-timesynch.c) called from PC: $12738 (elapsed: 185629)
  call_process (local in process.c) called from PC: $1291c (elapsed: 185666)
  process_run (packetbuf.c) called from PC: $05edc (elapsed: 186953)
 WARN [Thread-2] (MspMote.java:229) - 50: # Watchdog[EXECUTION]: illegal write to WDTCTL (0) from $103ca - reset!!!!
Watchdog: illegal write to WDTCTL (0) from $103ca - reset!!!!
Stack Trace: number of calls: 5 PC: $103ca
  watchdog_reboot (packetbuf.c) called from PC: $24c30 (elapsed: 5)
  restart_time_synchronisation (packetbuf.c) called from PC: $159f2 (elapsed: 30453)
  process_thread_foure_timesynch_process (local in 4emac-timesynch.c) called from PC: $12738 (elapsed: 949749)
  call_process (local in process.c) called from PC: $1291c (elapsed: 949786)
  process_run (packetbuf.c) called from PC: $05edc (elapsed: 952783)
 WARN [Thread-2] (MspMote.java:229) - 22: # Watchdog[EXECUTION]: illegal write to WDTCTL (0) from $103ca - reset!!!!
Watchdog: illegal write to WDTCTL (0) from $103ca - reset!!!!
Stack Trace: number of calls: 5 PC: $103ca
  watchdog_reboot (packetbuf.c) called from PC: $24c30 (elapsed: 5)
  restart_time_synchronisation (packetbuf.c) called from PC: $159f2 (elapsed: 30453)
  process_thread_foure_timesynch_process (local in 4emac-timesynch.c) called from PC: $12738 (elapsed: 813274)
  call_process (local in process.c) called from PC: $1291c (elapsed: 813311)
  process_run (packetbuf.c) called from PC: $05edc (elapsed: 816544)
 WARN [Thread-2] (MspMote.java:229) - 5: # Watchdog[EXECUTION]: illegal write to WDTCTL (0) from $103ca - reset!!!!
Watchdog: illegal write to WDTCTL (0) from $103ca - reset!!!!
Stack Trace: number of calls: 5 PC: $103ca
  watchdog_reboot (packetbuf.c) called from PC: $24c30 (elapsed: 5)
  restart_time_synchronisation (packetbuf.c) called from PC: $159f2 (elapsed: 30452)
  process_thread_foure_timesynch_process (local in 4emac-timesynch.c) called from PC: $12738 (elapsed: 1422848)
  call_process (local in process.c) called from PC: $1291c (elapsed: 1422885)
  process_run (packetbuf.c) called from PC: $05edc (elapsed: 1426122)
 WARN [Thread-2] (MspMote.java:229) - 13: # Watchdog[EXECUTION]: illegal write to WDTCTL (0) from $103ca - reset!!!!
Watchdog: illegal write to WDTCTL (0) from $103ca - reset!!!!
Stack Trace: number of calls: 5 PC: $103ca
  watchdog_reboot (packetbuf.c) called from PC: $24c30 (elapsed: 5)
  restart_time_synchronisation (packetbuf.c) called from PC: $159f2 (elapsed: 30453)
  process_thread_foure_timesynch_process (local in 4emac-timesynch.c) called from PC: $12738 (elapsed: 941575)
  call_process (local in process.c) called from PC: $1291c (elapsed: 941612)
  process_run (packetbuf.c) called from PC: $05edc (elapsed: 944793)
 WARN [Thread-2] (MspMote.java:229) - 27: # Watchdog[EXECUTION]: illegal write to WDTCTL (0) from $103ca - reset!!!!
Watchdog: illegal write to WDTCTL (0) from $103ca - reset!!!!
Stack Trace: number of calls: 5 PC: $103ca
  watchdog_reboot (packetbuf.c) called from PC: $24c30 (elapsed: 5)
  restart_time_synchronisation (packetbuf.c) called from PC: $159f2 (elapsed: 30452)
  process_thread_foure_timesynch_process (local in 4emac-timesynch.c) called from PC: $12738 (elapsed: 779398)
  call_process (local in process.c) called from PC: $1291c (elapsed: 779435)
  process_run (packetbuf.c) called from PC: $05edc (elapsed: 782587)
 WARN [Thread-2] (MspMote.java:229) - 41: # Watchdog[EXECUTION]: illegal write to WDTCTL (0) from $103ca - reset!!!!
Watchdog: illegal write to WDTCTL (0) from $103ca - reset!!!!
Stack Trace: number of calls: 5 PC: $103ca
  watchdog_reboot (packetbuf.c) called from PC: $24c30 (elapsed: 5)
  restart_time_synchronisation (packetbuf.c) called from PC: $159f2 (elapsed: 30453)
  process_thread_foure_timesynch_process (local in 4emac-timesynch.c) called from PC: $12738 (elapsed: 811694)
  call_process (local in process.c) called from PC: $1291c (elapsed: 811731)
  process_run (packetbuf.c) called from PC: $05edc (elapsed: 814883)
 WARN [Thread-2] (MspMote.java:229) - 46: # Watchdog[EXECUTION]: illegal write to WDTCTL (0) from $103ca - reset!!!!
 INFO [Thread-2] (LogScriptEngine.java:389) - Test script at 25.00%, done in 6563.3 sec
Watchdog: illegal write to WDTCTL (0) from $103ca - reset!!!!
Stack Trace: number of calls: 5 PC: $103ca
  watchdog_reboot (packetbuf.c) called from PC: $24c30 (elapsed: 5)
  restart_time_synchronisation (packetbuf.c) called from PC: $159f2 (elapsed: 30453)
  process_thread_foure_timesynch_process (local in 4emac-timesynch.c) called from PC: $12738 (elapsed: 703945)
  call_process (local in process.c) called from PC: $1291c (elapsed: 703982)
  process_run (packetbuf.c) called from PC: $05edc (elapsed: 710892)
 WARN [Thread-2] (MspMote.java:229) - 4: # Watchdog[EXECUTION]: illegal write to WDTCTL (0) from $103ca - reset!!!!
Watchdog: illegal write to WDTCTL (0) from $103ca - reset!!!!
Stack Trace: number of calls: 5 PC: $103ca
  watchdog_reboot (packetbuf.c) called from PC: $24c30 (elapsed: 5)
  restart_time_synchronisation (packetbuf.c) called from PC: $159f2 (elapsed: 30453)
  process_thread_foure_timesynch_process (local in 4emac-timesynch.c) called from PC: $12738 (elapsed: 686480)
  call_process (local in process.c) called from PC: $1291c (elapsed: 686517)
  process_run (packetbuf.c) called from PC: $05edc (elapsed: 689698)
 WARN [Thread-2] (MspMote.java:229) - 44: # Watchdog[EXECUTION]: illegal write to WDTCTL (0) from $103ca - reset!!!!
Watchdog: illegal write to WDTCTL (0) from $103ca - reset!!!!
Stack Trace: number of calls: 5 PC: $103ca
  watchdog_reboot (packetbuf.c) called from PC: $24c30 (elapsed: 5)
  restart_time_synchronisation (packetbuf.c) called from PC: $159f2 (elapsed: 30452)
  process_thread_foure_timesynch_process (local in 4emac-timesynch.c) called from PC: $12738 (elapsed: 1417590)
  call_process (local in process.c) called from PC: $1291c (elapsed: 1417627)
  process_run (packetbuf.c) called from PC: $05edc (elapsed: 1422147)
 WARN [Thread-2] (MspMote.java:229) - 36: # Watchdog[EXECUTION]: illegal write to WDTCTL (0) from $103ca - reset!!!!
Watchdog: illegal write to WDTCTL (0) from $103ca - reset!!!!
Stack Trace: number of calls: 5 PC: $103ca
  watchdog_reboot (packetbuf.c) called from PC: $24c30 (elapsed: 5)
  restart_time_synchronisation (packetbuf.c) called from PC: $159f2 (elapsed: 30452)
  process_thread_foure_timesynch_process (local in 4emac-timesynch.c) called from PC: $12738 (elapsed: 1285199)
  call_process (local in process.c) called from PC: $1291c (elapsed: 1285236)
  process_run (packetbuf.c) called from PC: $05edc (elapsed: 1288151)
 WARN [Thread-2] (MspMote.java:229) - 10: # Watchdog[EXECUTION]: illegal write to WDTCTL (0) from $103ca - reset!!!!
Watchdog: illegal write to WDTCTL (0) from $103ca - reset!!!!
Stack Trace: number of calls: 5 PC: $103ca
  watchdog_reboot (packetbuf.c) called from PC: $24c30 (elapsed: 5)
  restart_time_synchronisation (packetbuf.c) called from PC: $159f2 (elapsed: 30447)
  process_thread_foure_timesynch_process (local in 4emac-timesynch.c) called from PC: $12738 (elapsed: 818526)
  call_process (local in process.c) called from PC: $1291c (elapsed: 818563)
  process_run (packetbuf.c) called from PC: $05edc (elapsed: 821480)
 WARN [Thread-2] (MspMote.java:229) - 60: # Watchdog[EXECUTION]: illegal write to WDTCTL (0) from $103ca - reset!!!!
Watchdog: illegal write to WDTCTL (0) from $103ca - reset!!!!
Stack Trace: number of calls: 5 PC: $103ca
  watchdog_reboot (packetbuf.c) called from PC: $24c30 (elapsed: 5)
  restart_time_synchronisation (packetbuf.c) called from PC: $159f2 (elapsed: 30452)
  process_thread_foure_timesynch_process (local in 4emac-timesynch.c) called from PC: $12738 (elapsed: 534509)
  call_process (local in process.c) called from PC: $1291c (elapsed: 534546)
  process_run (packetbuf.c) called from PC: $05edc (elapsed: 537779)
 WARN [Thread-2] (MspMote.java:229) - 43: # Watchdog[EXECUTION]: illegal write to WDTCTL (0) from $103ca - reset!!!!
 INFO [Thread-2] (LogScriptEngine.java:389) - Test script at 30.00%, done in 6789.7 sec
Watchdog: illegal write to WDTCTL (0) from $103ca - reset!!!!
Stack Trace: number of calls: 5 PC: $103ca
  watchdog_reboot (packetbuf.c) called from PC: $24c30 (elapsed: 5)
  restart_time_synchronisation (packetbuf.c) called from PC: $159f2 (elapsed: 30447)
  process_thread_foure_timesynch_process (local in 4emac-timesynch.c) called from PC: $12738 (elapsed: 775387)
  call_process (local in process.c) called from PC: $1291c (elapsed: 775424)
  process_run (packetbuf.c) called from PC: $05edc (elapsed: 778529)
 WARN [Thread-2] (MspMote.java:229) - 30: # Watchdog[EXECUTION]: illegal write to WDTCTL (0) from $103ca - reset!!!!
Watchdog: illegal write to WDTCTL (0) from $103ca - reset!!!!
Stack Trace: number of calls: 5 PC: $103ca
  watchdog_reboot (packetbuf.c) called from PC: $24c30 (elapsed: 5)
  restart_time_synchronisation (packetbuf.c) called from PC: $159f2 (elapsed: 30452)
  process_thread_foure_timesynch_process (local in 4emac-timesynch.c) called from PC: $12738 (elapsed: 1227575)
  call_process (local in process.c) called from PC: $1291c (elapsed: 1227612)
  process_run (packetbuf.c) called from PC: $05edc (elapsed: 1230687)
 WARN [Thread-2] (MspMote.java:229) - 52: # Watchdog[EXECUTION]: illegal write to WDTCTL (0) from $103ca - reset!!!!
 INFO [Thread-2] (LogScriptEngine.java:389) - Test script at 35.00%, done in 7041.8 sec
Watchdog: illegal write to WDTCTL (0) from $103ca - reset!!!!
Stack Trace: number of calls: 5 PC: $103ca
  watchdog_reboot (packetbuf.c) called from PC: $24c30 (elapsed: 5)
  restart_time_synchronisation (packetbuf.c) called from PC: $159f2 (elapsed: 30452)
  process_thread_foure_timesynch_process (local in 4emac-timesynch.c) called from PC: $12738 (elapsed: 1119252)
  call_process (local in process.c) called from PC: $1291c (elapsed: 1119289)
  process_run (packetbuf.c) called from PC: $05edc (elapsed: 1122178)
 WARN [Thread-2] (MspMote.java:229) - 22: # Watchdog[EXECUTION]: illegal write to WDTCTL (0) from $103ca - reset!!!!
Watchdog: illegal write to WDTCTL (0) from $103ca - reset!!!!
Stack Trace: number of calls: 5 PC: $103ca
  watchdog_reboot (packetbuf.c) called from PC: $24c30 (elapsed: 5)
  restart_time_synchronisation (packetbuf.c) called from PC: $159f2 (elapsed: 30452)
  process_thread_foure_timesynch_process (local in 4emac-timesynch.c) called from PC: $12738 (elapsed: 810254)
  call_process (local in process.c) called from PC: $1291c (elapsed: 810291)
  process_run (packetbuf.c) called from PC: $05edc (elapsed: 813369)
 WARN [Thread-2] (MspMote.java:229) - 23: # Watchdog[EXECUTION]: illegal write to WDTCTL (0) from $103ca - reset!!!!
Watchdog: illegal write to WDTCTL (0) from $103ca - reset!!!!
Stack Trace: number of calls: 5 PC: $103ca
  watchdog_reboot (packetbuf.c) called from PC: $24c30 (elapsed: 5)
  restart_time_synchronisation (packetbuf.c) called from PC: $159f2 (elapsed: 30453)
  process_thread_foure_timesynch_process (local in 4emac-timesynch.c) called from PC: $12738 (elapsed: 503627)
  call_process (local in process.c) called from PC: $1291c (elapsed: 503664)
  process_run (packetbuf.c) called from PC: $05edc (elapsed: 506656)
 WARN [Thread-2] (MspMote.java:229) - 10: # Watchdog[EXECUTION]: illegal write to WDTCTL (0) from $103ca - reset!!!!
Watchdog: illegal write to WDTCTL (0) from $103ca - reset!!!!
Stack Trace: number of calls: 5 PC: $103ca
  watchdog_reboot (packetbuf.c) called from PC: $24c30 (elapsed: 5)
  restart_time_synchronisation (packetbuf.c) called from PC: $159f2 (elapsed: 30452)
  process_thread_foure_timesynch_process (local in 4emac-timesynch.c) called from PC: $12738 (elapsed: 1242952)
  call_process (local in process.c) called from PC: $1291c (elapsed: 1242989)
  process_run (packetbuf.c) called from PC: $05edc (elapsed: 1246175)
 WARN [Thread-2] (MspMote.java:229) - 46: # Watchdog[EXECUTION]: illegal write to WDTCTL (0) from $103ca - reset!!!!
Watchdog: illegal write to WDTCTL (0) from $103ca - reset!!!!
Stack Trace: number of calls: 5 PC: $103ca
  watchdog_reboot (packetbuf.c) called from PC: $24c30 (elapsed: 5)
  restart_time_synchronisation (packetbuf.c) called from PC: $159f2 (elapsed: 30447)
  process_thread_foure_timesynch_process (local in 4emac-timesynch.c) called from PC: $12738 (elapsed: 1086108)
  call_process (local in process.c) called from PC: $1291c (elapsed: 1086145)
  process_run (packetbuf.c) called from PC: $05edc (elapsed: 1089306)
 WARN [Thread-2] (MspMote.java:229) - 19: # Watchdog[EXECUTION]: illegal write to WDTCTL (0) from $103ca - reset!!!!
Watchdog: illegal write to WDTCTL (0) from $103ca - reset!!!!
Stack Trace: number of calls: 5 PC: $103ca
  watchdog_reboot (packetbuf.c) called from PC: $24c30 (elapsed: 5)
  restart_time_synchronisation (packetbuf.c) called from PC: $159f2 (elapsed: 30452)
  process_thread_foure_timesynch_process (local in 4emac-timesynch.c) called from PC: $12738 (elapsed: 1118169)
  call_process (local in process.c) called from PC: $1291c (elapsed: 1118206)
  process_run (packetbuf.c) called from PC: $05edc (elapsed: 1121200)
 WARN [Thread-2] (MspMote.java:229) - 22: # Watchdog[EXECUTION]: illegal write to WDTCTL (0) from $103ca - reset!!!!
Watchdog: illegal write to WDTCTL (0) from $103ca - reset!!!!
Stack Trace: number of calls: 5 PC: $103ca
  watchdog_reboot (packetbuf.c) called from PC: $24c30 (elapsed: 5)
  restart_time_synchronisation (packetbuf.c) called from PC: $159f2 (elapsed: 30452)
  process_thread_foure_timesynch_process (local in 4emac-timesynch.c) called from PC: $12738 (elapsed: 1385792)
  call_process (local in process.c) called from PC: $1291c (elapsed: 1385829)
  process_run (packetbuf.c) called from PC: $05edc (elapsed: 1416179)
 WARN [Thread-2] (MspMote.java:229) - 20: # Watchdog[EXECUTION]: illegal write to WDTCTL (0) from $103ca - reset!!!!
Watchdog: illegal write to WDTCTL (0) from $103ca - reset!!!!
Stack Trace: number of calls: 5 PC: $103ca
  watchdog_reboot (packetbuf.c) called from PC: $24c30 (elapsed: 5)
  restart_time_synchronisation (packetbuf.c) called from PC: $159f2 (elapsed: 30452)
  process_thread_foure_timesynch_process (local in 4emac-timesynch.c) called from PC: $12738 (elapsed: 1286432)
  call_process (local in process.c) called from PC: $1291c (elapsed: 1286469)
  process_run (packetbuf.c) called from PC: $05edc (elapsed: 1289470)
 WARN [Thread-2] (MspMote.java:229) - 45: # Watchdog[EXECUTION]: illegal write to WDTCTL (0) from $103ca - reset!!!!
Watchdog: illegal write to WDTCTL (0) from $103ca - reset!!!!
Stack Trace: number of calls: 5 PC: $103ca
  watchdog_reboot (packetbuf.c) called from PC: $24c30 (elapsed: 5)
  restart_time_synchronisation (packetbuf.c) called from PC: $159f2 (elapsed: 30525)
  process_thread_foure_timesynch_process (local in 4emac-timesynch.c) called from PC: $12738 (elapsed: 952416)
  call_process (local in process.c) called from PC: $1291c (elapsed: 952453)
  process_run (packetbuf.c) called from PC: $05edc (elapsed: 956884)
 WARN [Thread-2] (MspMote.java:229) - 28: # Watchdog[EXECUTION]: illegal write to WDTCTL (0) from $103ca - reset!!!!
Watchdog: illegal write to WDTCTL (0) from $103ca - reset!!!!
Stack Trace: number of calls: 5 PC: $103ca
  watchdog_reboot (packetbuf.c) called from PC: $24c30 (elapsed: 5)
  restart_time_synchronisation (packetbuf.c) called from PC: $159f2 (elapsed: 65460)
  process_thread_foure_timesynch_process (local in 4emac-timesynch.c) called from PC: $12738 (elapsed: 845876)
  call_process (local in process.c) called from PC: $1291c (elapsed: 845913)
  process_run (packetbuf.c) called from PC: $05edc (elapsed: 848988)
 WARN [Thread-2] (MspMote.java:229) - 52: # Watchdog[EXECUTION]: illegal write to WDTCTL (0) from $103ca - reset!!!!
Watchdog: illegal write to WDTCTL (0) from $103ca - reset!!!!
Stack Trace: number of calls: 5 PC: $103ca
  watchdog_reboot (packetbuf.c) called from PC: $24c30 (elapsed: 5)
  restart_time_synchronisation (packetbuf.c) called from PC: $159f2 (elapsed: 30453)
  process_thread_foure_timesynch_process (local in 4emac-timesynch.c) called from PC: $12738 (elapsed: 1506173)
  call_process (local in process.c) called from PC: $1291c (elapsed: 1506210)
  process_run (packetbuf.c) called from PC: $05edc (elapsed: 1509508)
 WARN [Thread-2] (MspMote.java:229) - 40: # Watchdog[EXECUTION]: illegal write to WDTCTL (0) from $103ca - reset!!!!
 INFO [Thread-2] (LogScriptEngine.java:389) - Test script at 40.00%, done in 7078.5 sec
Watchdog: illegal write to WDTCTL (0) from $103ca - reset!!!!
Stack Trace: number of calls: 5 PC: $103ca
  watchdog_reboot (packetbuf.c) called from PC: $24c30 (elapsed: 5)
  restart_time_synchronisation (packetbuf.c) called from PC: $159f2 (elapsed: 30447)
  process_thread_foure_timesynch_process (local in 4emac-timesynch.c) called from PC: $12738 (elapsed: 1522841)
  call_process (local in process.c) called from PC: $1291c (elapsed: 1522878)
  process_run (packetbuf.c) called from PC: $05edc (elapsed: 1525908)
 WARN [Thread-2] (MspMote.java:229) - 16: # Watchdog[EXECUTION]: illegal write to WDTCTL (0) from $103ca - reset!!!!
Watchdog: illegal write to WDTCTL (0) from $103ca - reset!!!!
Stack Trace: number of calls: 5 PC: $103ca
  watchdog_reboot (packetbuf.c) called from PC: $24c30 (elapsed: 5)
  restart_time_synchronisation (packetbuf.c) called from PC: $159f2 (elapsed: 30447)
  process_thread_foure_timesynch_process (local in 4emac-timesynch.c) called from PC: $12738 (elapsed: 1255457)
  call_process (local in process.c) called from PC: $1291c (elapsed: 1255494)
  process_run (packetbuf.c) called from PC: $05edc (elapsed: 1258765)
 WARN [Thread-2] (MspMote.java:229) - 44: # Watchdog[EXECUTION]: illegal write to WDTCTL (0) from $103ca - reset!!!!
Watchdog: illegal write to WDTCTL (0) from $103ca - reset!!!!
Stack Trace: number of calls: 5 PC: $103ca
  watchdog_reboot (packetbuf.c) called from PC: $24c30 (elapsed: 5)
  restart_time_synchronisation (packetbuf.c) called from PC: $159f2 (elapsed: 30453)
  process_thread_foure_timesynch_process (local in 4emac-timesynch.c) called from PC: $12738 (elapsed: 1413189)
  call_process (local in process.c) called from PC: $1291c (elapsed: 1413226)
  process_run (packetbuf.c) called from PC: $05edc (elapsed: 1416551)
 WARN [Thread-2] (MspMote.java:229) - 26: # Watchdog[EXECUTION]: illegal write to WDTCTL (0) from $103ca - reset!!!!
Watchdog: illegal write to WDTCTL (0) from $103ca - reset!!!!
Stack Trace: number of calls: 5 PC: $103ca
  watchdog_reboot (packetbuf.c) called from PC: $24c30 (elapsed: 5)
  restart_time_synchronisation (packetbuf.c) called from PC: $159f2 (elapsed: 30453)
  process_thread_foure_timesynch_process (local in 4emac-timesynch.c) called from PC: $12738 (elapsed: 1439603)
  call_process (local in process.c) called from PC: $1291c (elapsed: 1439640)
  process_run (packetbuf.c) called from PC: $05edc (elapsed: 1442643)
 WARN [Thread-2] (MspMote.java:229) - 7: # Watchdog[EXECUTION]: illegal write to WDTCTL (0) from $103ca - reset!!!!
Watchdog: illegal write to WDTCTL (0) from $103ca - reset!!!!
Stack Trace: number of calls: 5 PC: $103ca
  watchdog_reboot (packetbuf.c) called from PC: $24c30 (elapsed: 5)
  restart_time_synchronisation (packetbuf.c) called from PC: $159f2 (elapsed: 30453)
  process_thread_foure_timesynch_process (local in 4emac-timesynch.c) called from PC: $12738 (elapsed: 1396451)
  call_process (local in process.c) called from PC: $1291c (elapsed: 1396488)
  process_run (packetbuf.c) called from PC: $05edc (elapsed: 1399480)
 WARN [Thread-2] (MspMote.java:229) - 6: # Watchdog[EXECUTION]: illegal write to WDTCTL (0) from $103ca - reset!!!!
Watchdog: illegal write to WDTCTL (0) from $103ca - reset!!!!
Stack Trace: number of calls: 5 PC: $103ca
  watchdog_reboot (packetbuf.c) called from PC: $24c30 (elapsed: 5)
  restart_time_synchronisation (packetbuf.c) called from PC: $159f2 (elapsed: 30447)
  process_thread_foure_timesynch_process (local in 4emac-timesynch.c) called from PC: $12738 (elapsed: 1448024)
  call_process (local in process.c) called from PC: $1291c (elapsed: 1448061)
  process_run (packetbuf.c) called from PC: $05edc (elapsed: 1451197)
 WARN [Thread-2] (MspMote.java:229) - 42: # Watchdog[EXECUTION]: illegal write to WDTCTL (0) from $103ca - reset!!!!
Watchdog: illegal write to WDTCTL (0) from $103ca - reset!!!!
Stack Trace: number of calls: 5 PC: $103ca
  watchdog_reboot (packetbuf.c) called from PC: $24c30 (elapsed: 5)
  restart_time_synchronisation (packetbuf.c) called from PC: $159f2 (elapsed: 30447)
  process_thread_foure_timesynch_process (local in 4emac-timesynch.c) called from PC: $12738 (elapsed: 1390345)
  call_process (local in process.c) called from PC: $1291c (elapsed: 1390382)
  process_run (packetbuf.c) called from PC: $05edc (elapsed: 1393680)
 WARN [Thread-2] (MspMote.java:229) - 33: # Watchdog[EXECUTION]: illegal write to WDTCTL (0) from $103ca - reset!!!!
Watchdog: illegal write to WDTCTL (0) from $103ca - reset!!!!
Stack Trace: number of calls: 5 PC: $103ca
  watchdog_reboot (packetbuf.c) called from PC: $24c30 (elapsed: 5)
  restart_time_synchronisation (packetbuf.c) called from PC: $159f2 (elapsed: 30452)
  process_thread_foure_timesynch_process (local in 4emac-timesynch.c) called from PC: $12738 (elapsed: 1404643)
  call_process (local in process.c) called from PC: $1291c (elapsed: 1404680)
  process_run (packetbuf.c) called from PC: $05edc (elapsed: 1407930)
 WARN [Thread-2] (MspMote.java:229) - 41: # Watchdog[EXECUTION]: illegal write to WDTCTL (0) from $103ca - reset!!!!
Watchdog: illegal write to WDTCTL (0) from $103ca - reset!!!!
Stack Trace: number of calls: 5 PC: $103ca
  watchdog_reboot (packetbuf.c) called from PC: $24c30 (elapsed: 5)
  restart_time_synchronisation (packetbuf.c) called from PC: $159f2 (elapsed: 30452)
  process_thread_foure_timesynch_process (local in 4emac-timesynch.c) called from PC: $12738 (elapsed: 1355899)
  call_process (local in process.c) called from PC: $1291c (elapsed: 1355936)
  process_run (packetbuf.c) called from PC: $05edc (elapsed: 1358860)
 WARN [Thread-2] (MspMote.java:229) - 55: # Watchdog[EXECUTION]: illegal write to WDTCTL (0) from $103ca - reset!!!!
Watchdog: illegal write to WDTCTL (0) from $103ca - reset!!!!
Stack Trace: number of calls: 5 PC: $103ca
  watchdog_reboot (packetbuf.c) called from PC: $24c30 (elapsed: 5)
  restart_time_synchronisation (packetbuf.c) called from PC: $159f2 (elapsed: 30452)
  process_thread_foure_timesynch_process (local in 4emac-timesynch.c) called from PC: $12738 (elapsed: 1425404)
  call_process (local in process.c) called from PC: $1291c (elapsed: 1425441)
  process_run (packetbuf.c) called from PC: $05edc (elapsed: 1428579)
 WARN [Thread-2] (MspMote.java:229) - 53: # Watchdog[EXECUTION]: illegal write to WDTCTL (0) from $103ca - reset!!!!
Watchdog: illegal write to WDTCTL (0) from $103ca - reset!!!!
Stack Trace: number of calls: 5 PC: $103ca
  watchdog_reboot (packetbuf.c) called from PC: $24c30 (elapsed: 5)
  restart_time_synchronisation (packetbuf.c) called from PC: $159f2 (elapsed: 30453)
  process_thread_foure_timesynch_process (local in 4emac-timesynch.c) called from PC: $12738 (elapsed: 1440783)
  call_process (local in process.c) called from PC: $1291c (elapsed: 1440820)
  process_run (packetbuf.c) called from PC: $05edc (elapsed: 1443850)
 WARN [Thread-2] (MspMote.java:229) - 15: # Watchdog[EXECUTION]: illegal write to WDTCTL (0) from $103ca - reset!!!!
Watchdog: illegal write to WDTCTL (0) from $103ca - reset!!!!
Stack Trace: number of calls: 5 PC: $103ca
  watchdog_reboot (packetbuf.c) called from PC: $24c30 (elapsed: 5)
  restart_time_synchronisation (packetbuf.c) called from PC: $159f2 (elapsed: 30452)
  process_thread_foure_timesynch_process (local in 4emac-timesynch.c) called from PC: $12738 (elapsed: 1430852)
  call_process (local in process.c) called from PC: $1291c (elapsed: 1430889)
  process_run (packetbuf.c) called from PC: $05edc (elapsed: 1433921)
 WARN [Thread-2] (MspMote.java:229) - 49: # Watchdog[EXECUTION]: illegal write to WDTCTL (0) from $103ca - reset!!!!
Watchdog: illegal write to WDTCTL (0) from $103ca - reset!!!!
Stack Trace: number of calls: 5 PC: $103ca
  watchdog_reboot (packetbuf.c) called from PC: $24c30 (elapsed: 5)
  restart_time_synchronisation (packetbuf.c) called from PC: $159f2 (elapsed: 30447)
  process_thread_foure_timesynch_process (local in 4emac-timesynch.c) called from PC: $12738 (elapsed: 1565566)
  call_process (local in process.c) called from PC: $1291c (elapsed: 1565603)
  process_run (packetbuf.c) called from PC: $05edc (elapsed: 1587964)
 WARN [Thread-2] (MspMote.java:229) - 31: # Watchdog[EXECUTION]: illegal write to WDTCTL (0) from $103ca - reset!!!!
Watchdog: illegal write to WDTCTL (0) from $103ca - reset!!!!
Stack Trace: number of calls: 5 PC: $103ca
  watchdog_reboot (packetbuf.c) called from PC: $24c30 (elapsed: 5)
  restart_time_synchronisation (packetbuf.c) called from PC: $159f2 (elapsed: 30452)
  process_thread_foure_timesynch_process (local in 4emac-timesynch.c) called from PC: $12738 (elapsed: 1415784)
  call_process (local in process.c) called from PC: $1291c (elapsed: 1415821)
  process_run (packetbuf.c) called from PC: $05edc (elapsed: 1418901)
 WARN [Thread-2] (MspMote.java:229) - 11: # Watchdog[EXECUTION]: illegal write to WDTCTL (0) from $103ca - reset!!!!
Watchdog: illegal write to WDTCTL (0) from $103ca - reset!!!!
Stack Trace: number of calls: 5 PC: $103ca
  watchdog_reboot (packetbuf.c) called from PC: $24c30 (elapsed: 5)
  restart_time_synchronisation (packetbuf.c) called from PC: $159f2 (elapsed: 31654)
  process_thread_foure_timesynch_process (local in 4emac-timesynch.c) called from PC: $12738 (elapsed: 186544)
  call_process (local in process.c) called from PC: $1291c (elapsed: 186581)
  process_run (packetbuf.c) called from PC: $05edc (elapsed: 189908)
 WARN [Thread-2] (MspMote.java:229) - 57: # Watchdog[EXECUTION]: illegal write to WDTCTL (0) from $103ca - reset!!!!
Watchdog: illegal write to WDTCTL (0) from $103ca - reset!!!!
Stack Trace: number of calls: 5 PC: $103ca
  watchdog_reboot (packetbuf.c) called from PC: $24c30 (elapsed: 5)
  restart_time_synchronisation (packetbuf.c) called from PC: $159f2 (elapsed: 30452)
  process_thread_foure_timesynch_process (local in 4emac-timesynch.c) called from PC: $12738 (elapsed: 1359754)
  call_process (local in process.c) called from PC: $1291c (elapsed: 1359791)
  process_run (packetbuf.c) called from PC: $05edc (elapsed: 1363166)
 WARN [Thread-2] (MspMote.java:229) - 54: # Watchdog[EXECUTION]: illegal write to WDTCTL (0) from $103ca - reset!!!!
Watchdog: illegal write to WDTCTL (0) from $103ca - reset!!!!
Stack Trace: number of calls: 5 PC: $103ca
  watchdog_reboot (packetbuf.c) called from PC: $24c30 (elapsed: 5)
  restart_time_synchronisation (packetbuf.c) called from PC: $159f2 (elapsed: 30447)
  process_thread_foure_timesynch_process (local in 4emac-timesynch.c) called from PC: $12738 (elapsed: 1388264)
  call_process (local in process.c) called from PC: $1291c (elapsed: 1388301)
  process_run (packetbuf.c) called from PC: $05edc (elapsed: 1391410)
 WARN [Thread-2] (MspMote.java:229) - 8: # Watchdog[EXECUTION]: illegal write to WDTCTL (0) from $103ca - reset!!!!
Watchdog: illegal write to WDTCTL (0) from $103ca - reset!!!!
Stack Trace: number of calls: 5 PC: $103ca
  watchdog_reboot (packetbuf.c) called from PC: $24c30 (elapsed: 5)
  restart_time_synchronisation (packetbuf.c) called from PC: $159f2 (elapsed: 30452)
  process_thread_foure_timesynch_process (local in 4emac-timesynch.c) called from PC: $12738 (elapsed: 1092197)
  call_process (local in process.c) called from PC: $1291c (elapsed: 1092234)
  process_run (packetbuf.c) called from PC: $05edc (elapsed: 1095474)
 WARN [Thread-2] (MspMote.java:229) - 58: # Watchdog[EXECUTION]: illegal write to WDTCTL (0) from $103ca - reset!!!!
Watchdog: illegal write to WDTCTL (0) from $103ca - reset!!!!
Stack Trace: number of calls: 5 PC: $103ca
  watchdog_reboot (packetbuf.c) called from PC: $24c30 (elapsed: 5)
  restart_time_synchronisation (packetbuf.c) called from PC: $159f2 (elapsed: 30593)
  process_thread_foure_timesynch_process (local in 4emac-timesynch.c) called from PC: $12738 (elapsed: 1630533)
  call_process (local in process.c) called from PC: $1291c (elapsed: 1630570)
  process_run (packetbuf.c) called from PC: $05edc (elapsed: 1634059)
 WARN [Thread-2] (MspMote.java:229) - 25: # Watchdog[EXECUTION]: illegal write to WDTCTL (0) from $103ca - reset!!!!
Watchdog: illegal write to WDTCTL (0) from $103ca - reset!!!!
Stack Trace: number of calls: 5 PC: $103ca
  watchdog_reboot (packetbuf.c) called from PC: $24c30 (elapsed: 5)
  restart_time_synchronisation (packetbuf.c) called from PC: $159f2 (elapsed: 30452)
  process_thread_foure_timesynch_process (local in 4emac-timesynch.c) called from PC: $12738 (elapsed: 1424782)
  call_process (local in process.c) called from PC: $1291c (elapsed: 1424819)
  process_run (packetbuf.c) called from PC: $05edc (elapsed: 1427948)
 WARN [Thread-2] (MspMote.java:229) - 38: # Watchdog[EXECUTION]: illegal write to WDTCTL (0) from $103ca - reset!!!!
Watchdog: illegal write to WDTCTL (0) from $103ca - reset!!!!
Stack Trace: number of calls: 5 PC: $103ca
  watchdog_reboot (packetbuf.c) called from PC: $24c30 (elapsed: 5)
  restart_time_synchronisation (packetbuf.c) called from PC: $159f2 (elapsed: 30452)
  process_thread_foure_timesynch_process (local in 4emac-timesynch.c) called from PC: $12738 (elapsed: 1436580)
  call_process (local in process.c) called from PC: $1291c (elapsed: 1436617)
  process_run (packetbuf.c) called from PC: $05edc (elapsed: 1529726)
 WARN [Thread-2] (MspMote.java:229) - 2: # Watchdog[EXECUTION]: illegal write to WDTCTL (0) from $103ca - reset!!!!
Watchdog: illegal write to WDTCTL (0) from $103ca - reset!!!!
Stack Trace: number of calls: 11 PC: $103ca
  watchdog_reboot (packetbuf.c) called from PC: $24c30 (elapsed: 5)
  restart_time_synchronisation (packetbuf.c) called from PC: $14eee (elapsed: 31370)
  foure_timesynch_parent_switch_callback (packetbuf.c) called from PC: $1e95c (elapsed: 69446)
  rpl_set_preferred_parent (local in rpl-dag.c) called from PC: $1ef8c (elapsed: 162475)
  rpl_nullify_parent (packetbuf.c) called from PC: $1fc26 (elapsed: 377174)
  rpl_process_parent_event (packetbuf.c) called from PC: $1fcbe (elapsed: 472908)
  rpl_recalculate_ranks (packetbuf.c) called from PC: $23726 (elapsed: 473928)
  handle_periodic_timer (local in rpl-timers.c) called from PC: $1219c (elapsed: 474192)
  process_thread_ctimer_process (local in ctimer.c) called from PC: $12738 (elapsed: 474345)
  call_process (local in process.c) called from PC: $1291c (elapsed: 474382)
  process_run (packetbuf.c) called from PC: $05edc (elapsed: 480607)
 WARN [Thread-2] (MspMote.java:229) - 26: # Watchdog[EXECUTION]: illegal write to WDTCTL (0) from $103ca - reset!!!!
Watchdog: illegal write to WDTCTL (0) from $103ca - reset!!!!
Stack Trace: number of calls: 5 PC: $103ca
  watchdog_reboot (packetbuf.c) called from PC: $24c30 (elapsed: 5)
  restart_time_synchronisation (packetbuf.c) called from PC: $159f2 (elapsed: 30452)
  process_thread_foure_timesynch_process (local in 4emac-timesynch.c) called from PC: $12738 (elapsed: 1294218)
  call_process (local in process.c) called from PC: $1291c (elapsed: 1294255)
  process_run (packetbuf.c) called from PC: $05edc (elapsed: 1297359)
 WARN [Thread-2] (MspMote.java:229) - 3: # Watchdog[EXECUTION]: illegal write to WDTCTL (0) from $103ca - reset!!!!
Watchdog: illegal write to WDTCTL (0) from $103ca - reset!!!!
Stack Trace: number of calls: 5 PC: $103ca
  watchdog_reboot (packetbuf.c) called from PC: $24c30 (elapsed: 5)
  restart_time_synchronisation (packetbuf.c) called from PC: $159f2 (elapsed: 30447)
  process_thread_foure_timesynch_process (local in 4emac-timesynch.c) called from PC: $12738 (elapsed: 1389231)
  call_process (local in process.c) called from PC: $1291c (elapsed: 1389268)
  process_run (packetbuf.c) called from PC: $05edc (elapsed: 1392271)
 WARN [Thread-2] (MspMote.java:229) - 48: # Watchdog[EXECUTION]: illegal write to WDTCTL (0) from $103ca - reset!!!!
Watchdog: illegal write to WDTCTL (0) from $103ca - reset!!!!
Stack Trace: number of calls: 5 PC: $103ca
  watchdog_reboot (packetbuf.c) called from PC: $24c30 (elapsed: 5)
  restart_time_synchronisation (packetbuf.c) called from PC: $159f2 (elapsed: 30452)
  process_thread_foure_timesynch_process (local in 4emac-timesynch.c) called from PC: $12738 (elapsed: 1219241)
  call_process (local in process.c) called from PC: $1291c (elapsed: 1219278)
  process_run (packetbuf.c) called from PC: $05edc (elapsed: 1222592)
 WARN [Thread-2] (MspMote.java:229) - 59: # Watchdog[EXECUTION]: illegal write to WDTCTL (0) from $103ca - reset!!!!
Watchdog: illegal write to WDTCTL (0) from $103ca - reset!!!!
Stack Trace: number of calls: 5 PC: $103ca
  watchdog_reboot (packetbuf.c) called from PC: $24c30 (elapsed: 5)
  restart_time_synchronisation (packetbuf.c) called from PC: $159f2 (elapsed: 30452)
  process_thread_foure_timesynch_process (local in 4emac-timesynch.c) called from PC: $12738 (elapsed: 1354991)
  call_process (local in process.c) called from PC: $1291c (elapsed: 1355028)
  process_run (packetbuf.c) called from PC: $05edc (elapsed: 1358249)
 WARN [Thread-2] (MspMote.java:229) - 14: # Watchdog[EXECUTION]: illegal write to WDTCTL (0) from $103ca - reset!!!!
Watchdog: illegal write to WDTCTL (0) from $103ca - reset!!!!
Stack Trace: number of calls: 5 PC: $103ca
  watchdog_reboot (packetbuf.c) called from PC: $24c30 (elapsed: 5)
  restart_time_synchronisation (packetbuf.c) called from PC: $159f2 (elapsed: 30452)
  process_thread_foure_timesynch_process (local in 4emac-timesynch.c) called from PC: $12738 (elapsed: 1230630)
  call_process (local in process.c) called from PC: $1291c (elapsed: 1230667)
  process_run (packetbuf.c) called from PC: $05edc (elapsed: 1233956)
 WARN [Thread-2] (MspMote.java:229) - 17: # Watchdog[EXECUTION]: illegal write to WDTCTL (0) from $103ca - reset!!!!
 INFO [Thread-2] (LogScriptEngine.java:389) - Test script at 45.00%, done in 6631.7 sec
Watchdog: illegal write to WDTCTL (0) from $103ca - reset!!!!
Stack Trace: number of calls: 11 PC: $103ca
  watchdog_reboot (packetbuf.c) called from PC: $24c30 (elapsed: 5)
  restart_time_synchronisation (packetbuf.c) called from PC: $14eee (elapsed: 31370)
  foure_timesynch_parent_switch_callback (packetbuf.c) called from PC: $1e95c (elapsed: 69446)
  rpl_set_preferred_parent (local in rpl-dag.c) called from PC: $1ef8c (elapsed: 163135)
  rpl_nullify_parent (packetbuf.c) called from PC: $1fc26 (elapsed: 385515)
  rpl_process_parent_event (packetbuf.c) called from PC: $1fcbe (elapsed: 486250)
  rpl_recalculate_ranks (packetbuf.c) called from PC: $23726 (elapsed: 489596)
  handle_periodic_timer (local in rpl-timers.c) called from PC: $1219c (elapsed: 489948)
  process_thread_ctimer_process (local in ctimer.c) called from PC: $12738 (elapsed: 490173)
  call_process (local in process.c) called from PC: $1291c (elapsed: 490210)
  process_run (packetbuf.c) called from PC: $05edc (elapsed: 493121)
 WARN [Thread-2] (MspMote.java:229) - 53: # Watchdog[EXECUTION]: illegal write to WDTCTL (0) from $103ca - reset!!!!
Watchdog: illegal write to WDTCTL (0) from $103ca - reset!!!!
Stack Trace: number of calls: 5 PC: $103ca
  watchdog_reboot (packetbuf.c) called from PC: $24c30 (elapsed: 5)
  restart_time_synchronisation (packetbuf.c) called from PC: $159f2 (elapsed: 58068)
  process_thread_foure_timesynch_process (local in 4emac-timesynch.c) called from PC: $12738 (elapsed: 1246074)
  call_process (local in process.c) called from PC: $1291c (elapsed: 1246111)
  process_run (packetbuf.c) called from PC: $05edc (elapsed: 1249051)
 WARN [Thread-2] (MspMote.java:229) - 10: # Watchdog[EXECUTION]: illegal write to WDTCTL (0) from $103ca - reset!!!!
Watchdog: illegal write to WDTCTL (0) from $103ca - reset!!!!
Stack Trace: number of calls: 5 PC: $103ca
  watchdog_reboot (packetbuf.c) called from PC: $24c30 (elapsed: 5)
  restart_time_synchronisation (packetbuf.c) called from PC: $159f2 (elapsed: 30452)
  process_thread_foure_timesynch_process (local in 4emac-timesynch.c) called from PC: $12738 (elapsed: 1352954)
  call_process (local in process.c) called from PC: $1291c (elapsed: 1352991)
  process_run (packetbuf.c) called from PC: $05edc (elapsed: 1356102)
 WARN [Thread-2] (MspMote.java:229) - 56: # Watchdog[EXECUTION]: illegal write to WDTCTL (0) from $103ca - reset!!!!
Watchdog: illegal write to WDTCTL (0) from $103ca - reset!!!!
Stack Trace: number of calls: 5 PC: $103ca
  watchdog_reboot (packetbuf.c) called from PC: $24c30 (elapsed: 5)
  restart_time_synchronisation (packetbuf.c) called from PC: $159f2 (elapsed: 30621)
  process_thread_foure_timesynch_process (local in 4emac-timesynch.c) called from PC: $12738 (elapsed: 1384346)
  call_process (local in process.c) called from PC: $1291c (elapsed: 1384383)
  process_run (packetbuf.c) called from PC: $05edc (elapsed: 1387404)
 WARN [Thread-2] (MspMote.java:229) - 39: # Watchdog[EXECUTION]: illegal write to WDTCTL (0) from $103ca - reset!!!!
Watchdog: illegal write to WDTCTL (0) from $103ca - reset!!!!
Stack Trace: number of calls: 5 PC: $103ca
  watchdog_reboot (packetbuf.c) called from PC: $24c30 (elapsed: 5)
  restart_time_synchronisation (packetbuf.c) called from PC: $159f2 (elapsed: 30452)
  process_thread_foure_timesynch_process (local in 4emac-timesynch.c) called from PC: $12738 (elapsed: 1291037)
  call_process (local in process.c) called from PC: $1291c (elapsed: 1291074)
  process_run (packetbuf.c) called from PC: $05edc (elapsed: 1294291)
 WARN [Thread-2] (MspMote.java:229) - 9: # Watchdog[EXECUTION]: illegal write to WDTCTL (0) from $103ca - reset!!!!
Watchdog: illegal write to WDTCTL (0) from $103ca - reset!!!!
Stack Trace: number of calls: 5 PC: $103ca
  watchdog_reboot (packetbuf.c) called from PC: $24c30 (elapsed: 5)
  restart_time_synchronisation (packetbuf.c) called from PC: $159f2 (elapsed: 30452)
  process_thread_foure_timesynch_process (local in 4emac-timesynch.c) called from PC: $12738 (elapsed: 536310)
  call_process (local in process.c) called from PC: $1291c (elapsed: 536347)
  process_run (packetbuf.c) called from PC: $05edc (elapsed: 539418)
 WARN [Thread-2] (MspMote.java:229) - 44: # Watchdog[EXECUTION]: illegal write to WDTCTL (0) from $103ca - reset!!!!
Watchdog: illegal write to WDTCTL (0) from $103ca - reset!!!!
Stack Trace: number of calls: 5 PC: $103ca
  watchdog_reboot (packetbuf.c) called from PC: $24c30 (elapsed: 5)
  restart_time_synchronisation (packetbuf.c) called from PC: $159f2 (elapsed: 30453)
  process_thread_foure_timesynch_process (local in 4emac-timesynch.c) called from PC: $12738 (elapsed: 1378983)
  call_process (local in process.c) called from PC: $1291c (elapsed: 1379020)
  process_run (packetbuf.c) called from PC: $05edc (elapsed: 1382041)
 WARN [Thread-2] (MspMote.java:229) - 61: # Watchdog[EXECUTION]: illegal write to WDTCTL (0) from $103ca - reset!!!!
Watchdog: illegal write to WDTCTL (0) from $103ca - reset!!!!
Stack Trace: number of calls: 5 PC: $103ca
  watchdog_reboot (packetbuf.c) called from PC: $24c30 (elapsed: 5)
  restart_time_synchronisation (packetbuf.c) called from PC: $159f2 (elapsed: 30453)
  process_thread_foure_timesynch_process (local in 4emac-timesynch.c) called from PC: $12738 (elapsed: 1374666)
  call_process (local in process.c) called from PC: $1291c (elapsed: 1374703)
  process_run (packetbuf.c) called from PC: $05edc (elapsed: 1377862)
 WARN [Thread-2] (MspMote.java:229) - 13: # Watchdog[EXECUTION]: illegal write to WDTCTL (0) from $103ca - reset!!!!
Watchdog: illegal write to WDTCTL (0) from $103ca - reset!!!!
Stack Trace: number of calls: 5 PC: $103ca
  watchdog_reboot (packetbuf.c) called from PC: $24c30 (elapsed: 5)
  restart_time_synchronisation (packetbuf.c) called from PC: $159f2 (elapsed: 30543)
  process_thread_foure_timesynch_process (local in 4emac-timesynch.c) called from PC: $12738 (elapsed: 1086549)
  call_process (local in process.c) called from PC: $1291c (elapsed: 1086586)
  process_run (packetbuf.c) called from PC: $05edc (elapsed: 1089661)
 WARN [Thread-2] (MspMote.java:229) - 22: # Watchdog[EXECUTION]: illegal write to WDTCTL (0) from $103ca - reset!!!!
Watchdog: illegal write to WDTCTL (0) from $103ca - reset!!!!
Stack Trace: number of calls: 5 PC: $103ca
  watchdog_reboot (packetbuf.c) called from PC: $24c30 (elapsed: 5)
  restart_time_synchronisation (packetbuf.c) called from PC: $159f2 (elapsed: 30579)
  process_thread_foure_timesynch_process (local in 4emac-timesynch.c) called from PC: $12738 (elapsed: 1437769)
  call_process (local in process.c) called from PC: $1291c (elapsed: 1437806)
  process_run (packetbuf.c) called from PC: $05edc (elapsed: 1440915)
 WARN [Thread-2] (MspMote.java:229) - 60: # Watchdog[EXECUTION]: illegal write to WDTCTL (0) from $103ca - reset!!!!
Watchdog: illegal write to WDTCTL (0) from $103ca - reset!!!!
Stack Trace: number of calls: 5 PC: $103ca
  watchdog_reboot (packetbuf.c) called from PC: $24c30 (elapsed: 5)
  restart_time_synchronisation (packetbuf.c) called from PC: $159f2 (elapsed: 30447)
  process_thread_foure_timesynch_process (local in 4emac-timesynch.c) called from PC: $12738 (elapsed: 1441087)
  call_process (local in process.c) called from PC: $1291c (elapsed: 1441124)
  process_run (packetbuf.c) called from PC: $05edc (elapsed: 1444312)
 WARN [Thread-2] (MspMote.java:229) - 47: # Watchdog[EXECUTION]: illegal write to WDTCTL (0) from $103ca - reset!!!!
Watchdog: illegal write to WDTCTL (0) from $103ca - reset!!!!
Stack Trace: number of calls: 5 PC: $103ca
  watchdog_reboot (packetbuf.c) called from PC: $24c30 (elapsed: 5)
  restart_time_synchronisation (packetbuf.c) called from PC: $159f2 (elapsed: 30447)
  process_thread_foure_timesynch_process (local in 4emac-timesynch.c) called from PC: $12738 (elapsed: 1399361)
  call_process (local in process.c) called from PC: $1291c (elapsed: 1399398)
  process_run (packetbuf.c) called from PC: $05edc (elapsed: 1402617)
 WARN [Thread-2] (MspMote.java:229) - 43: # Watchdog[EXECUTION]: illegal write to WDTCTL (0) from $103ca - reset!!!!
Watchdog: illegal write to WDTCTL (0) from $103ca - reset!!!!
Stack Trace: number of calls: 5 PC: $103ca
  watchdog_reboot (packetbuf.c) called from PC: $24c30 (elapsed: 5)
  restart_time_synchronisation (packetbuf.c) called from PC: $159f2 (elapsed: 30447)
  process_thread_foure_timesynch_process (local in 4emac-timesynch.c) called from PC: $12738 (elapsed: 1274633)
  call_process (local in process.c) called from PC: $1291c (elapsed: 1274670)
  process_run (packetbuf.c) called from PC: $05edc (elapsed: 1277745)
 WARN [Thread-2] (MspMote.java:229) - 46: # Watchdog[EXECUTION]: illegal write to WDTCTL (0) from $103ca - reset!!!!
Watchdog: illegal write to WDTCTL (0) from $103ca - reset!!!!
Stack Trace: number of calls: 5 PC: $103ca
  watchdog_reboot (packetbuf.c) called from PC: $24c30 (elapsed: 5)
  restart_time_synchronisation (packetbuf.c) called from PC: $159f2 (elapsed: 60379)
  process_thread_foure_timesynch_process (local in 4emac-timesynch.c) called from PC: $12738 (elapsed: 1255670)
  call_process (local in process.c) called from PC: $1291c (elapsed: 1255707)
  process_run (packetbuf.c) called from PC: $05edc (elapsed: 1258872)
 WARN [Thread-2] (MspMote.java:229) - 1: # Watchdog[EXECUTION]: illegal write to WDTCTL (0) from $103ca - reset!!!!
Watchdog: illegal write to WDTCTL (0) from $103ca - reset!!!!
Stack Trace: number of calls: 5 PC: $103ca
  watchdog_reboot (packetbuf.c) called from PC: $24c30 (elapsed: 5)
  restart_time_synchronisation (packetbuf.c) called from PC: $159f2 (elapsed: 30452)
  process_thread_foure_timesynch_process (local in 4emac-timesynch.c) called from PC: $12738 (elapsed: 1486048)
  call_process (local in process.c) called from PC: $1291c (elapsed: 1486085)
  process_run (packetbuf.c) called from PC: $05edc (elapsed: 1489167)
 WARN [Thread-2] (MspMote.java:229) - 12: # Watchdog[EXECUTION]: illegal write to WDTCTL (0) from $103ca - reset!!!!
Watchdog: illegal write to WDTCTL (0) from $103ca - reset!!!!
Stack Trace: number of calls: 5 PC: $103ca
  watchdog_reboot (packetbuf.c) called from PC: $24c30 (elapsed: 5)
  restart_time_synchronisation (packetbuf.c) called from PC: $159f2 (elapsed: 30452)
  process_thread_foure_timesynch_process (local in 4emac-timesynch.c) called from PC: $12738 (elapsed: 1402381)
  call_process (local in process.c) called from PC: $1291c (elapsed: 1402418)
  process_run (packetbuf.c) called from PC: $05edc (elapsed: 1406437)
 WARN [Thread-2] (MspMote.java:229) - 50: # Watchdog[EXECUTION]: illegal write to WDTCTL (0) from $103ca - reset!!!!
Watchdog: illegal write to WDTCTL (0) from $103ca - reset!!!!
Stack Trace: number of calls: 11 PC: $103ca
  watchdog_reboot (packetbuf.c) called from PC: $24c30 (elapsed: 5)
  restart_time_synchronisation (packetbuf.c) called from PC: $14eee (elapsed: 31370)
  foure_timesynch_parent_switch_callback (packetbuf.c) called from PC: $1e95c (elapsed: 69452)
  rpl_set_preferred_parent (local in rpl-dag.c) called from PC: $1ef8c (elapsed: 162475)
  rpl_nullify_parent (packetbuf.c) called from PC: $1fc26 (elapsed: 377678)
  rpl_process_parent_event (packetbuf.c) called from PC: $1fcbe (elapsed: 473254)
  rpl_recalculate_ranks (packetbuf.c) called from PC: $23726 (elapsed: 474274)
  handle_periodic_timer (local in rpl-timers.c) called from PC: $1219c (elapsed: 474541)
  process_thread_ctimer_process (local in ctimer.c) called from PC: $12738 (elapsed: 474766)
  call_process (local in process.c) called from PC: $1291c (elapsed: 474803)
  process_run (packetbuf.c) called from PC: $05edc (elapsed: 477608)
 WARN [Thread-2] (MspMote.java:229) - 26: # Watchdog[EXECUTION]: illegal write to WDTCTL (0) from $103ca - reset!!!!
Watchdog: illegal write to WDTCTL (0) from $103ca - reset!!!!
Stack Trace: number of calls: 5 PC: $103ca
  watchdog_reboot (packetbuf.c) called from PC: $24c30 (elapsed: 5)
  restart_time_synchronisation (packetbuf.c) called from PC: $159f2 (elapsed: 30489)
  process_thread_foure_timesynch_process (local in 4emac-timesynch.c) called from PC: $12738 (elapsed: 1256863)
  call_process (local in process.c) called from PC: $1291c (elapsed: 1256900)
  process_run (packetbuf.c) called from PC: $05edc (elapsed: 1260239)
 WARN [Thread-2] (MspMote.java:229) - 37: # Watchdog[EXECUTION]: illegal write to WDTCTL (0) from $103ca - reset!!!!
Watchdog: illegal write to WDTCTL (0) from $103ca - reset!!!!
Stack Trace: number of calls: 5 PC: $103ca
  watchdog_reboot (packetbuf.c) called from PC: $24c30 (elapsed: 5)
  restart_time_synchronisation (packetbuf.c) called from PC: $159f2 (elapsed: 30453)
  process_thread_foure_timesynch_process (local in 4emac-timesynch.c) called from PC: $12738 (elapsed: 944562)
  call_process (local in process.c) called from PC: $1291c (elapsed: 944599)
  process_run (packetbuf.c) called from PC: $05edc (elapsed: 948635)
 WARN [Thread-2] (MspMote.java:229) - 19: # Watchdog[EXECUTION]: illegal write to WDTCTL (0) from $103ca - reset!!!!
Watchdog: illegal write to WDTCTL (0) from $103ca - reset!!!!
Stack Trace: number of calls: 5 PC: $103ca
  watchdog_reboot (packetbuf.c) called from PC: $24c30 (elapsed: 5)
  restart_time_synchronisation (packetbuf.c) called from PC: $159f2 (elapsed: 30447)
  process_thread_foure_timesynch_process (local in 4emac-timesynch.c) called from PC: $12738 (elapsed: 1396786)
  call_process (local in process.c) called from PC: $1291c (elapsed: 1396823)
  process_run (packetbuf.c) called from PC: $05edc (elapsed: 1399925)
 WARN [Thread-2] (MspMote.java:229) - 18: # Watchdog[EXECUTION]: illegal write to WDTCTL (0) from $103ca - reset!!!!
Watchdog: illegal write to WDTCTL (0) from $103ca - reset!!!!
Stack Trace: number of calls: 5 PC: $103ca
  watchdog_reboot (packetbuf.c) called from PC: $24c30 (elapsed: 5)
  restart_time_synchronisation (packetbuf.c) called from PC: $159f2 (elapsed: 30549)
  process_thread_foure_timesynch_process (local in 4emac-timesynch.c) called from PC: $12738 (elapsed: 1121096)
  call_process (local in process.c) called from PC: $1291c (elapsed: 1121133)
  process_run (packetbuf.c) called from PC: $05edc (elapsed: 1124123)
 WARN [Thread-2] (MspMote.java:229) - 45: # Watchdog[EXECUTION]: illegal write to WDTCTL (0) from $103ca - reset!!!!
Watchdog: illegal write to WDTCTL (0) from $103ca - reset!!!!
Stack Trace: number of calls: 5 PC: $103ca
  watchdog_reboot (packetbuf.c) called from PC: $24c30 (elapsed: 5)
  restart_time_synchronisation (packetbuf.c) called from PC: $159f2 (elapsed: 30453)
  process_thread_foure_timesynch_process (local in 4emac-timesynch.c) called from PC: $12738 (elapsed: 1258620)
  call_process (local in process.c) called from PC: $1291c (elapsed: 1258657)
  process_run (packetbuf.c) called from PC: $05edc (elapsed: 1261732)
 WARN [Thread-2] (MspMote.java:229) - 52: # Watchdog[EXECUTION]: illegal write to WDTCTL (0) from $103ca - reset!!!!
Watchdog: illegal write to WDTCTL (0) from $103ca - reset!!!!
Stack Trace: number of calls: 5 PC: $103ca
  watchdog_reboot (packetbuf.c) called from PC: $24c30 (elapsed: 5)
  restart_time_synchronisation (packetbuf.c) called from PC: $159f2 (elapsed: 30453)
  process_thread_foure_timesynch_process (local in 4emac-timesynch.c) called from PC: $12738 (elapsed: 1371930)
  call_process (local in process.c) called from PC: $1291c (elapsed: 1371967)
  process_run (packetbuf.c) called from PC: $05edc (elapsed: 1375148)
 WARN [Thread-2] (MspMote.java:229) - 29: # Watchdog[EXECUTION]: illegal write to WDTCTL (0) from $103ca - reset!!!!
Watchdog: illegal write to WDTCTL (0) from $103ca - reset!!!!
Stack Trace: number of calls: 5 PC: $103ca
  watchdog_reboot (packetbuf.c) called from PC: $24c30 (elapsed: 5)
  restart_time_synchronisation (packetbuf.c) called from PC: $159f2 (elapsed: 30453)
  process_thread_foure_timesynch_process (local in 4emac-timesynch.c) called from PC: $12738 (elapsed: 569822)
  call_process (local in process.c) called from PC: $1291c (elapsed: 569859)
  process_run (packetbuf.c) called from PC: $05edc (elapsed: 572856)
 WARN [Thread-2] (MspMote.java:229) - 23: # Watchdog[EXECUTION]: illegal write to WDTCTL (0) from $103ca - reset!!!!
Watchdog: illegal write to WDTCTL (0) from $103ca - reset!!!!
Stack Trace: number of calls: 5 PC: $103ca
  watchdog_reboot (packetbuf.c) called from PC: $24c30 (elapsed: 5)
  restart_time_synchronisation (packetbuf.c) called from PC: $159f2 (elapsed: 30465)
  process_thread_foure_timesynch_process (local in 4emac-timesynch.c) called from PC: $12738 (elapsed: 1396468)
  call_process (local in process.c) called from PC: $1291c (elapsed: 1396505)
  process_run (packetbuf.c) called from PC: $05edc (elapsed: 1399736)
 WARN [Thread-2] (MspMote.java:229) - 35: # Watchdog[EXECUTION]: illegal write to WDTCTL (0) from $103ca - reset!!!!
Watchdog: illegal write to WDTCTL (0) from $103ca - reset!!!!
Stack Trace: number of calls: 5 PC: $103ca
  watchdog_reboot (packetbuf.c) called from PC: $24c30 (elapsed: 5)
  restart_time_synchronisation (packetbuf.c) called from PC: $159f2 (elapsed: 30452)
  process_thread_foure_timesynch_process (local in 4emac-timesynch.c) called from PC: $12738 (elapsed: 804739)
  call_process (local in process.c) called from PC: $1291c (elapsed: 804776)
  process_run (packetbuf.c) called from PC: $05edc (elapsed: 807689)
 WARN [Thread-2] (MspMote.java:229) - 13: # Watchdog[EXECUTION]: illegal write to WDTCTL (0) from $103ca - reset!!!!
Watchdog: illegal write to WDTCTL (0) from $103ca - reset!!!!
Stack Trace: number of calls: 5 PC: $103ca
  watchdog_reboot (packetbuf.c) called from PC: $24c30 (elapsed: 5)
  restart_time_synchronisation (packetbuf.c) called from PC: $159f2 (elapsed: 30452)
  process_thread_foure_timesynch_process (local in 4emac-timesynch.c) called from PC: $12738 (elapsed: 844799)
  call_process (local in process.c) called from PC: $1291c (elapsed: 844836)
  process_run (packetbuf.c) called from PC: $05edc (elapsed: 847909)
 WARN [Thread-2] (MspMote.java:229) - 7: # Watchdog[EXECUTION]: illegal write to WDTCTL (0) from $103ca - reset!!!!
Watchdog: illegal write to WDTCTL (0) from $103ca - reset!!!!
Stack Trace: number of calls: 5 PC: $103ca
  watchdog_reboot (packetbuf.c) called from PC: $24c30 (elapsed: 5)
  restart_time_synchronisation (packetbuf.c) called from PC: $159f2 (elapsed: 30603)
  process_thread_foure_timesynch_process (local in 4emac-timesynch.c) called from PC: $12738 (elapsed: 1003806)
  call_process (local in process.c) called from PC: $1291c (elapsed: 1003843)
  process_run (packetbuf.c) called from PC: $05edc (elapsed: 1007026)
 WARN [Thread-2] (MspMote.java:229) - 34: # Watchdog[EXECUTION]: illegal write to WDTCTL (0) from $103ca - reset!!!!
Watchdog: illegal write to WDTCTL (0) from $103ca - reset!!!!
Stack Trace: number of calls: 5 PC: $103ca
  watchdog_reboot (packetbuf.c) called from PC: $24c30 (elapsed: 5)
  restart_time_synchronisation (packetbuf.c) called from PC: $159f2 (elapsed: 30452)
  process_thread_foure_timesynch_process (local in 4emac-timesynch.c) called from PC: $12738 (elapsed: 843236)
  call_process (local in process.c) called from PC: $1291c (elapsed: 843273)
  process_run (packetbuf.c) called from PC: $05edc (elapsed: 846267)
 WARN [Thread-2] (MspMote.java:229) - 58: # Watchdog[EXECUTION]: illegal write to WDTCTL (0) from $103ca - reset!!!!
Watchdog: illegal write to WDTCTL (0) from $103ca - reset!!!!
Stack Trace: number of calls: 5 PC: $103ca
  watchdog_reboot (packetbuf.c) called from PC: $24c30 (elapsed: 5)
  restart_time_synchronisation (packetbuf.c) called from PC: $159f2 (elapsed: 30452)
  process_thread_foure_timesynch_process (local in 4emac-timesynch.c) called from PC: $12738 (elapsed: 1224464)
  call_process (local in process.c) called from PC: $1291c (elapsed: 1224501)
  process_run (packetbuf.c) called from PC: $05edc (elapsed: 1228928)
 WARN [Thread-2] (MspMote.java:229) - 46: # Watchdog[EXECUTION]: illegal write to WDTCTL (0) from $103ca - reset!!!!
Watchdog: illegal write to WDTCTL (0) from $103ca - reset!!!!
Stack Trace: number of calls: 5 PC: $103ca
  watchdog_reboot (packetbuf.c) called from PC: $24c30 (elapsed: 5)
  restart_time_synchronisation (packetbuf.c) called from PC: $159f2 (elapsed: 30452)
  process_thread_foure_timesynch_process (local in 4emac-timesynch.c) called from PC: $12738 (elapsed: 806195)
  call_process (local in process.c) called from PC: $1291c (elapsed: 806232)
  process_run (packetbuf.c) called from PC: $05edc (elapsed: 809156)
 WARN [Thread-2] (MspMote.java:229) - 30: # Watchdog[EXECUTION]: illegal write to WDTCTL (0) from $103ca - reset!!!!
Watchdog: illegal write to WDTCTL (0) from $103ca - reset!!!!
Stack Trace: number of calls: 5 PC: $103ca
  watchdog_reboot (packetbuf.c) called from PC: $24c30 (elapsed: 5)
  restart_time_synchronisation (packetbuf.c) called from PC: $159f2 (elapsed: 30452)
  process_thread_foure_timesynch_process (local in 4emac-timesynch.c) called from PC: $12738 (elapsed: 1216964)
  call_process (local in process.c) called from PC: $1291c (elapsed: 1217001)
  process_run (packetbuf.c) called from PC: $05edc (elapsed: 1220072)
 WARN [Thread-2] (MspMote.java:229) - 16: # Watchdog[EXECUTION]: illegal write to WDTCTL (0) from $103ca - reset!!!!
Watchdog: illegal write to WDTCTL (0) from $103ca - reset!!!!
Stack Trace: number of calls: 5 PC: $103ca
  watchdog_reboot (packetbuf.c) called from PC: $24c30 (elapsed: 5)
  restart_time_synchronisation (packetbuf.c) called from PC: $159f2 (elapsed: 30447)
  process_thread_foure_timesynch_process (local in 4emac-timesynch.c) called from PC: $12738 (elapsed: 641612)
  call_process (local in process.c) called from PC: $1291c (elapsed: 641649)
  process_run (packetbuf.c) called from PC: $05edc (elapsed: 644753)
 WARN [Thread-2] (MspMote.java:229) - 26: # Watchdog[EXECUTION]: illegal write to WDTCTL (0) from $103ca - reset!!!!
Watchdog: illegal write to WDTCTL (0) from $103ca - reset!!!!
Stack Trace: number of calls: 5 PC: $103ca
  watchdog_reboot (packetbuf.c) called from PC: $24c30 (elapsed: 5)
  restart_time_synchronisation (packetbuf.c) called from PC: $159f2 (elapsed: 30447)
  process_thread_foure_timesynch_process (local in 4emac-timesynch.c) called from PC: $12738 (elapsed: 704377)
  call_process (local in process.c) called from PC: $1291c (elapsed: 704414)
  process_run (packetbuf.c) called from PC: $05edc (elapsed: 707485)
 WARN [Thread-2] (MspMote.java:229) - 11: # Watchdog[EXECUTION]: illegal write to WDTCTL (0) from $103ca - reset!!!!
Watchdog: illegal write to WDTCTL (0) from $103ca - reset!!!!
Stack Trace: number of calls: 5 PC: $103ca
  watchdog_reboot (packetbuf.c) called from PC: $24c30 (elapsed: 5)
  restart_time_synchronisation (packetbuf.c) called from PC: $159f2 (elapsed: 30453)
  process_thread_foure_timesynch_process (local in 4emac-timesynch.c) called from PC: $12738 (elapsed: 644413)
  call_process (local in process.c) called from PC: $1291c (elapsed: 644450)
  process_run (packetbuf.c) called from PC: $05edc (elapsed: 647579)
 WARN [Thread-2] (MspMote.java:229) - 1: # Watchdog[EXECUTION]: illegal write to WDTCTL (0) from $103ca - reset!!!!
 INFO [Thread-2] (LogScriptEngine.java:389) - Test script at 50.00%, done in 5803.7 sec
Watchdog: illegal write to WDTCTL (0) from $103ca - reset!!!!
Stack Trace: number of calls: 5 PC: $103ca
  watchdog_reboot (packetbuf.c) called from PC: $24c30 (elapsed: 5)
  restart_time_synchronisation (packetbuf.c) called from PC: $159f2 (elapsed: 30452)
  process_thread_foure_timesynch_process (local in 4emac-timesynch.c) called from PC: $12738 (elapsed: 669503)
  call_process (local in process.c) called from PC: $1291c (elapsed: 669540)
  process_run (packetbuf.c) called from PC: $05edc (elapsed: 672613)
 WARN [Thread-2] (MspMote.java:229) - 10: # Watchdog[EXECUTION]: illegal write to WDTCTL (0) from $103ca - reset!!!!
Watchdog: illegal write to WDTCTL (0) from $103ca - reset!!!!
Stack Trace: number of calls: 5 PC: $103ca
  watchdog_reboot (packetbuf.c) called from PC: $24c30 (elapsed: 5)
  restart_time_synchronisation (packetbuf.c) called from PC: $159f2 (elapsed: 30447)
  process_thread_foure_timesynch_process (local in 4emac-timesynch.c) called from PC: $12738 (elapsed: 942731)
  call_process (local in process.c) called from PC: $1291c (elapsed: 942768)
  process_run (packetbuf.c) called from PC: $05edc (elapsed: 945762)
 WARN [Thread-2] (MspMote.java:229) - 47: # Watchdog[EXECUTION]: illegal write to WDTCTL (0) from $103ca - reset!!!!
Watchdog: illegal write to WDTCTL (0) from $103ca - reset!!!!
Stack Trace: number of calls: 5 PC: $103ca
  watchdog_reboot (packetbuf.c) called from PC: $24c30 (elapsed: 5)
  restart_time_synchronisation (packetbuf.c) called from PC: $159f2 (elapsed: 30452)
  process_thread_foure_timesynch_process (local in 4emac-timesynch.c) called from PC: $12738 (elapsed: 775711)
  call_process (local in process.c) called from PC: $1291c (elapsed: 775748)
  process_run (packetbuf.c) called from PC: $05edc (elapsed: 778751)
 WARN [Thread-2] (MspMote.java:229) - 21: # Watchdog[EXECUTION]: illegal write to WDTCTL (0) from $103ca - reset!!!!
Watchdog: illegal write to WDTCTL (0) from $103ca - reset!!!!
Stack Trace: number of calls: 5 PC: $103ca
  watchdog_reboot (packetbuf.c) called from PC: $24c30 (elapsed: 5)
  restart_time_synchronisation (packetbuf.c) called from PC: $159f2 (elapsed: 30452)
  process_thread_foure_timesynch_process (local in 4emac-timesynch.c) called from PC: $12738 (elapsed: 1357693)
  call_process (local in process.c) called from PC: $1291c (elapsed: 1357730)
  process_run (packetbuf.c) called from PC: $05edc (elapsed: 1360805)
 WARN [Thread-2] (MspMote.java:229) - 5: # Watchdog[EXECUTION]: illegal write to WDTCTL (0) from $103ca - reset!!!!
Watchdog: illegal write to WDTCTL (0) from $103ca - reset!!!!
Stack Trace: number of calls: 5 PC: $103ca
  watchdog_reboot (packetbuf.c) called from PC: $24c30 (elapsed: 5)
  restart_time_synchronisation (packetbuf.c) called from PC: $159f2 (elapsed: 30453)
  process_thread_foure_timesynch_process (local in 4emac-timesynch.c) called from PC: $12738 (elapsed: 943861)
  call_process (local in process.c) called from PC: $1291c (elapsed: 943898)
  process_run (packetbuf.c) called from PC: $05edc (elapsed: 946973)
 WARN [Thread-2] (MspMote.java:229) - 37: # Watchdog[EXECUTION]: illegal write to WDTCTL (0) from $103ca - reset!!!!
Watchdog: illegal write to WDTCTL (0) from $103ca - reset!!!!
Stack Trace: number of calls: 5 PC: $103ca
  watchdog_reboot (packetbuf.c) called from PC: $24c30 (elapsed: 5)
  restart_time_synchronisation (packetbuf.c) called from PC: $159f2 (elapsed: 30453)
  process_thread_foure_timesynch_process (local in 4emac-timesynch.c) called from PC: $12738 (elapsed: 816382)
  call_process (local in process.c) called from PC: $1291c (elapsed: 816419)
  process_run (packetbuf.c) called from PC: $05edc (elapsed: 819411)
 WARN [Thread-2] (MspMote.java:229) - 53: # Watchdog[EXECUTION]: illegal write to WDTCTL (0) from $103ca - reset!!!!
Watchdog: illegal write to WDTCTL (0) from $103ca - reset!!!!
Stack Trace: number of calls: 5 PC: $103ca
  watchdog_reboot (packetbuf.c) called from PC: $24c30 (elapsed: 5)
  restart_time_synchronisation (packetbuf.c) called from PC: $159f2 (elapsed: 30453)
  process_thread_foure_timesynch_process (local in 4emac-timesynch.c) called from PC: $12738 (elapsed: 1132544)
  call_process (local in process.c) called from PC: $1291c (elapsed: 1132581)
  process_run (packetbuf.c) called from PC: $05edc (elapsed: 1135500)
 WARN [Thread-2] (MspMote.java:229) - 2: # Watchdog[EXECUTION]: illegal write to WDTCTL (0) from $103ca - reset!!!!
Watchdog: illegal write to WDTCTL (0) from $103ca - reset!!!!
Stack Trace: number of calls: 5 PC: $103ca
  watchdog_reboot (packetbuf.c) called from PC: $24c30 (elapsed: 5)
  restart_time_synchronisation (packetbuf.c) called from PC: $159f2 (elapsed: 30452)
  process_thread_foure_timesynch_process (local in 4emac-timesynch.c) called from PC: $12738 (elapsed: 1112560)
  call_process (local in process.c) called from PC: $1291c (elapsed: 1112597)
  process_run (packetbuf.c) called from PC: $05edc (elapsed: 1115512)
 WARN [Thread-2] (MspMote.java:229) - 13: # Watchdog[EXECUTION]: illegal write to WDTCTL (0) from $103ca - reset!!!!
Watchdog: illegal write to WDTCTL (0) from $103ca - reset!!!!
Stack Trace: number of calls: 5 PC: $103ca
  watchdog_reboot (packetbuf.c) called from PC: $24c30 (elapsed: 5)
  restart_time_synchronisation (packetbuf.c) called from PC: $159f2 (elapsed: 30452)
  process_thread_foure_timesynch_process (local in 4emac-timesynch.c) called from PC: $12738 (elapsed: 780118)
  call_process (local in process.c) called from PC: $1291c (elapsed: 780155)
  process_run (packetbuf.c) called from PC: $05edc (elapsed: 783228)
 WARN [Thread-2] (MspMote.java:229) - 6: # Watchdog[EXECUTION]: illegal write to WDTCTL (0) from $103ca - reset!!!!
Watchdog: illegal write to WDTCTL (0) from $103ca - reset!!!!
Stack Trace: number of calls: 5 PC: $103ca
  watchdog_reboot (packetbuf.c) called from PC: $24c30 (elapsed: 5)
  restart_time_synchronisation (packetbuf.c) called from PC: $159f2 (elapsed: 30452)
  process_thread_foure_timesynch_process (local in 4emac-timesynch.c) called from PC: $12738 (elapsed: 974917)
  call_process (local in process.c) called from PC: $1291c (elapsed: 974954)
  process_run (packetbuf.c) called from PC: $05edc (elapsed: 978025)
 WARN [Thread-2] (MspMote.java:229) - 7: # Watchdog[EXECUTION]: illegal write to WDTCTL (0) from $103ca - reset!!!!
Watchdog: illegal write to WDTCTL (0) from $103ca - reset!!!!
Stack Trace: number of calls: 5 PC: $103ca
  watchdog_reboot (packetbuf.c) called from PC: $24c30 (elapsed: 5)
  restart_time_synchronisation (packetbuf.c) called from PC: $159f2 (elapsed: 30447)
  process_thread_foure_timesynch_process (local in 4emac-timesynch.c) called from PC: $12738 (elapsed: 766059)
  call_process (local in process.c) called from PC: $1291c (elapsed: 766096)
  process_run (packetbuf.c) called from PC: $05edc (elapsed: 769169)
 WARN [Thread-2] (MspMote.java:229) - 57: # Watchdog[EXECUTION]: illegal write to WDTCTL (0) from $103ca - reset!!!!
Watchdog: illegal write to WDTCTL (0) from $103ca - reset!!!!
Stack Trace: number of calls: 5 PC: $103ca
  watchdog_reboot (packetbuf.c) called from PC: $24c30 (elapsed: 5)
  restart_time_synchronisation (packetbuf.c) called from PC: $159f2 (elapsed: 30452)
  process_thread_foure_timesynch_process (local in 4emac-timesynch.c) called from PC: $12738 (elapsed: 800286)
  call_process (local in process.c) called from PC: $1291c (elapsed: 800323)
  process_run (packetbuf.c) called from PC: $05edc (elapsed: 803556)
 WARN [Thread-2] (MspMote.java:229) - 61: # Watchdog[EXECUTION]: illegal write to WDTCTL (0) from $103ca - reset!!!!
Watchdog: illegal write to WDTCTL (0) from $103ca - reset!!!!
Stack Trace: number of calls: 5 PC: $103ca
  watchdog_reboot (packetbuf.c) called from PC: $24c30 (elapsed: 5)
  restart_time_synchronisation (packetbuf.c) called from PC: $159f2 (elapsed: 30501)
  process_thread_foure_timesynch_process (local in 4emac-timesynch.c) called from PC: $12738 (elapsed: 948249)
  call_process (local in process.c) called from PC: $1291c (elapsed: 948286)
  process_run (packetbuf.c) called from PC: $05edc (elapsed: 951278)
 WARN [Thread-2] (MspMote.java:229) - 43: # Watchdog[EXECUTION]: illegal write to WDTCTL (0) from $103ca - reset!!!!
Watchdog: illegal write to WDTCTL (0) from $103ca - reset!!!!
Stack Trace: number of calls: 5 PC: $103ca
  watchdog_reboot (packetbuf.c) called from PC: $24c30 (elapsed: 5)
  restart_time_synchronisation (packetbuf.c) called from PC: $159f2 (elapsed: 30465)
  process_thread_foure_timesynch_process (local in 4emac-timesynch.c) called from PC: $12738 (elapsed: 939744)
  call_process (local in process.c) called from PC: $1291c (elapsed: 939781)
  process_run (packetbuf.c) called from PC: $05edc (elapsed: 942694)
 WARN [Thread-2] (MspMote.java:229) - 56: # Watchdog[EXECUTION]: illegal write to WDTCTL (0) from $103ca - reset!!!!
Watchdog: illegal write to WDTCTL (0) from $103ca - reset!!!!
Stack Trace: number of calls: 5 PC: $103ca
  watchdog_reboot (packetbuf.c) called from PC: $24c30 (elapsed: 5)
  restart_time_synchronisation (packetbuf.c) called from PC: $159f2 (elapsed: 30447)
  process_thread_foure_timesynch_process (local in 4emac-timesynch.c) called from PC: $12738 (elapsed: 1086412)
  call_process (local in process.c) called from PC: $1291c (elapsed: 1086449)
  process_run (packetbuf.c) called from PC: $05edc (elapsed: 1089740)
 WARN [Thread-2] (MspMote.java:229) - 38: # Watchdog[EXECUTION]: illegal write to WDTCTL (0) from $103ca - reset!!!!
Watchdog: illegal write to WDTCTL (0) from $103ca - reset!!!!
Stack Trace: number of calls: 5 PC: $103ca
  watchdog_reboot (packetbuf.c) called from PC: $24c30 (elapsed: 5)
  restart_time_synchronisation (packetbuf.c) called from PC: $159f2 (elapsed: 30452)
  process_thread_foure_timesynch_process (local in 4emac-timesynch.c) called from PC: $12738 (elapsed: 1102030)
  call_process (local in process.c) called from PC: $1291c (elapsed: 1102067)
  process_run (packetbuf.c) called from PC: $05edc (elapsed: 1106396)
 WARN [Thread-2] (MspMote.java:229) - 27: # Watchdog[EXECUTION]: illegal write to WDTCTL (0) from $103ca - reset!!!!
Watchdog: illegal write to WDTCTL (0) from $103ca - reset!!!!
Stack Trace: number of calls: 5 PC: $103ca
  watchdog_reboot (packetbuf.c) called from PC: $24c30 (elapsed: 5)
  restart_time_synchronisation (packetbuf.c) called from PC: $159f2 (elapsed: 30447)
  process_thread_foure_timesynch_process (local in 4emac-timesynch.c) called from PC: $12738 (elapsed: 638927)
  call_process (local in process.c) called from PC: $1291c (elapsed: 638964)
  process_run (packetbuf.c) called from PC: $05edc (elapsed: 642037)
 WARN [Thread-2] (MspMote.java:229) - 12: # Watchdog[EXECUTION]: illegal write to WDTCTL (0) from $103ca - reset!!!!
Watchdog: illegal write to WDTCTL (0) from $103ca - reset!!!!
Stack Trace: number of calls: 5 PC: $103ca
  watchdog_reboot (packetbuf.c) called from PC: $24c30 (elapsed: 5)
  restart_time_synchronisation (packetbuf.c) called from PC: $159f2 (elapsed: 30452)
  process_thread_foure_timesynch_process (local in 4emac-timesynch.c) called from PC: $12738 (elapsed: 984057)
  call_process (local in process.c) called from PC: $1291c (elapsed: 984094)
  process_run (packetbuf.c) called from PC: $05edc (elapsed: 987169)
 WARN [Thread-2] (MspMote.java:229) - 31: # Watchdog[EXECUTION]: illegal write to WDTCTL (0) from $103ca - reset!!!!
Watchdog: illegal write to WDTCTL (0) from $103ca - reset!!!!
Stack Trace: number of calls: 5 PC: $103ca
  watchdog_reboot (packetbuf.c) called from PC: $24c30 (elapsed: 5)
  restart_time_synchronisation (packetbuf.c) called from PC: $159f2 (elapsed: 30452)
  process_thread_foure_timesynch_process (local in 4emac-timesynch.c) called from PC: $12738 (elapsed: 718221)
  call_process (local in process.c) called from PC: $1291c (elapsed: 718258)
  process_run (packetbuf.c) called from PC: $05edc (elapsed: 721252)
 WARN [Thread-2] (MspMote.java:229) - 39: # Watchdog[EXECUTION]: illegal write to WDTCTL (0) from $103ca - reset!!!!
Watchdog: illegal write to WDTCTL (0) from $103ca - reset!!!!
Stack Trace: number of calls: 5 PC: $103ca
  watchdog_reboot (packetbuf.c) called from PC: $24c30 (elapsed: 5)
  restart_time_synchronisation (packetbuf.c) called from PC: $159f2 (elapsed: 30452)
  process_thread_foure_timesynch_process (local in 4emac-timesynch.c) called from PC: $12738 (elapsed: 538095)
  call_process (local in process.c) called from PC: $1291c (elapsed: 538132)
  process_run (packetbuf.c) called from PC: $05edc (elapsed: 541203)
 WARN [Thread-2] (MspMote.java:229) - 36: # Watchdog[EXECUTION]: illegal write to WDTCTL (0) from $103ca - reset!!!!
Watchdog: illegal write to WDTCTL (0) from $103ca - reset!!!!
Stack Trace: number of calls: 5 PC: $103ca
  watchdog_reboot (packetbuf.c) called from PC: $24c30 (elapsed: 5)
  restart_time_synchronisation (packetbuf.c) called from PC: $159f2 (elapsed: 30453)
  process_thread_foure_timesynch_process (local in 4emac-timesynch.c) called from PC: $12738 (elapsed: 945341)
  call_process (local in process.c) called from PC: $1291c (elapsed: 945378)
  process_run (packetbuf.c) called from PC: $05edc (elapsed: 948372)
 WARN [Thread-2] (MspMote.java:229) - 29: # Watchdog[EXECUTION]: illegal write to WDTCTL (0) from $103ca - reset!!!!
Watchdog: illegal write to WDTCTL (0) from $103ca - reset!!!!
Stack Trace: number of calls: 5 PC: $103ca
  watchdog_reboot (packetbuf.c) called from PC: $24c30 (elapsed: 5)
  restart_time_synchronisation (packetbuf.c) called from PC: $159f2 (elapsed: 30452)
  process_thread_foure_timesynch_process (local in 4emac-timesynch.c) called from PC: $12738 (elapsed: 534245)
  call_process (local in process.c) called from PC: $1291c (elapsed: 534282)
  process_run (packetbuf.c) called from PC: $05edc (elapsed: 537276)
 WARN [Thread-2] (MspMote.java:229) - 35: # Watchdog[EXECUTION]: illegal write to WDTCTL (0) from $103ca - reset!!!!
Watchdog: illegal write to WDTCTL (0) from $103ca - reset!!!!
Stack Trace: number of calls: 5 PC: $103ca
  watchdog_reboot (packetbuf.c) called from PC: $24c30 (elapsed: 5)
  restart_time_synchronisation (packetbuf.c) called from PC: $159f2 (elapsed: 34350)
  process_thread_foure_timesynch_process (local in 4emac-timesynch.c) called from PC: $12738 (elapsed: 1456797)
  call_process (local in process.c) called from PC: $1291c (elapsed: 1456834)
  process_run (packetbuf.c) called from PC: $05edc (elapsed: 1459747)
 WARN [Thread-2] (MspMote.java:229) - 51: # Watchdog[EXECUTION]: illegal write to WDTCTL (0) from $103ca - reset!!!!
 INFO [Thread-2] (LogScriptEngine.java:389) - Test script at 55.00%, done in 5055.1 sec
Watchdog: illegal write to WDTCTL (0) from $103ca - reset!!!!
Stack Trace: number of calls: 5 PC: $103ca
  watchdog_reboot (packetbuf.c) called from PC: $24c30 (elapsed: 5)
  restart_time_synchronisation (packetbuf.c) called from PC: $159f2 (elapsed: 30447)
  process_thread_foure_timesynch_process (local in 4emac-timesynch.c) called from PC: $12738 (elapsed: 1398493)
  call_process (local in process.c) called from PC: $1291c (elapsed: 1398530)
  process_run (packetbuf.c) called from PC: $05edc (elapsed: 1401524)
 WARN [Thread-2] (MspMote.java:229) - 18: # Watchdog[EXECUTION]: illegal write to WDTCTL (0) from $103ca - reset!!!!
Watchdog: illegal write to WDTCTL (0) from $103ca - reset!!!!
Stack Trace: number of calls: 5 PC: $103ca
  watchdog_reboot (packetbuf.c) called from PC: $24c30 (elapsed: 5)
  restart_time_synchronisation (packetbuf.c) called from PC: $159f2 (elapsed: 30651)
  process_thread_foure_timesynch_process (local in 4emac-timesynch.c) called from PC: $12738 (elapsed: 1260648)
  call_process (local in process.c) called from PC: $1291c (elapsed: 1260685)
  process_run (packetbuf.c) called from PC: $05edc (elapsed: 1263599)
 WARN [Thread-2] (MspMote.java:229) - 17: # Watchdog[EXECUTION]: illegal write to WDTCTL (0) from $103ca - reset!!!!
Watchdog: illegal write to WDTCTL (0) from $103ca - reset!!!!
Stack Trace: number of calls: 5 PC: $103ca
  watchdog_reboot (packetbuf.c) called from PC: $24c30 (elapsed: 5)
  restart_time_synchronisation (packetbuf.c) called from PC: $159f2 (elapsed: 30452)
  process_thread_foure_timesynch_process (local in 4emac-timesynch.c) called from PC: $12738 (elapsed: 1235450)
  call_process (local in process.c) called from PC: $1291c (elapsed: 1235487)
  process_run (packetbuf.c) called from PC: $05edc (elapsed: 1238619)
 WARN [Thread-2] (MspMote.java:229) - 41: # Watchdog[EXECUTION]: illegal write to WDTCTL (0) from $103ca - reset!!!!
Watchdog: illegal write to WDTCTL (0) from $103ca - reset!!!!
Stack Trace: number of calls: 5 PC: $103ca
  watchdog_reboot (packetbuf.c) called from PC: $24c30 (elapsed: 5)
  restart_time_synchronisation (packetbuf.c) called from PC: $159f2 (elapsed: 30452)
  process_thread_foure_timesynch_process (local in 4emac-timesynch.c) called from PC: $12738 (elapsed: 854774)
  call_process (local in process.c) called from PC: $1291c (elapsed: 854811)
  process_run (packetbuf.c) called from PC: $05edc (elapsed: 857884)
 WARN [Thread-2] (MspMote.java:229) - 23: # Watchdog[EXECUTION]: illegal write to WDTCTL (0) from $103ca - reset!!!!
Watchdog: illegal write to WDTCTL (0) from $103ca - reset!!!!
Stack Trace: number of calls: 5 PC: $103ca
  watchdog_reboot (packetbuf.c) called from PC: $24c30 (elapsed: 5)
  restart_time_synchronisation (packetbuf.c) called from PC: $159f2 (elapsed: 30452)
  process_thread_foure_timesynch_process (local in 4emac-timesynch.c) called from PC: $12738 (elapsed: 1361387)
  call_process (local in process.c) called from PC: $1291c (elapsed: 1361424)
  process_run (packetbuf.c) called from PC: $05edc (elapsed: 1364506)
 WARN [Thread-2] (MspMote.java:229) - 33: # Watchdog[EXECUTION]: illegal write to WDTCTL (0) from $103ca - reset!!!!
Watchdog: illegal write to WDTCTL (0) from $103ca - reset!!!!
Stack Trace: number of calls: 5 PC: $103ca
  watchdog_reboot (packetbuf.c) called from PC: $24c30 (elapsed: 5)
  restart_time_synchronisation (packetbuf.c) called from PC: $159f2 (elapsed: 30452)
  process_thread_foure_timesynch_process (local in 4emac-timesynch.c) called from PC: $12738 (elapsed: 841889)
  call_process (local in process.c) called from PC: $1291c (elapsed: 841926)
  process_run (packetbuf.c) called from PC: $05edc (elapsed: 844922)
 WARN [Thread-2] (MspMote.java:229) - 43: # Watchdog[EXECUTION]: illegal write to WDTCTL (0) from $103ca - reset!!!!
Watchdog: illegal write to WDTCTL (0) from $103ca - reset!!!!
Stack Trace: number of calls: 5 PC: $103ca
  watchdog_reboot (packetbuf.c) called from PC: $24c30 (elapsed: 5)
  restart_time_synchronisation (packetbuf.c) called from PC: $159f2 (elapsed: 30447)
  process_thread_foure_timesynch_process (local in 4emac-timesynch.c) called from PC: $12738 (elapsed: 1085429)
  call_process (local in process.c) called from PC: $1291c (elapsed: 1085466)
  process_run (packetbuf.c) called from PC: $05edc (elapsed: 1089741)
 WARN [Thread-2] (MspMote.java:229) - 3: # Watchdog[EXECUTION]: illegal write to WDTCTL (0) from $103ca - reset!!!!
Watchdog: illegal write to WDTCTL (0) from $103ca - reset!!!!
Stack Trace: number of calls: 5 PC: $103ca
  watchdog_reboot (packetbuf.c) called from PC: $24c30 (elapsed: 5)
  restart_time_synchronisation (packetbuf.c) called from PC: $159f2 (elapsed: 30452)
  process_thread_foure_timesynch_process (local in 4emac-timesynch.c) called from PC: $12738 (elapsed: 1358112)
  call_process (local in process.c) called from PC: $1291c (elapsed: 1358149)
  process_run (packetbuf.c) called from PC: $05edc (elapsed: 1361305)
 WARN [Thread-2] (MspMote.java:229) - 24: # Watchdog[EXECUTION]: illegal write to WDTCTL (0) from $103ca - reset!!!!
Watchdog: illegal write to WDTCTL (0) from $103ca - reset!!!!
Stack Trace: number of calls: 5 PC: $103ca
  watchdog_reboot (packetbuf.c) called from PC: $24c30 (elapsed: 5)
  restart_time_synchronisation (packetbuf.c) called from PC: $159f2 (elapsed: 30453)
  process_thread_foure_timesynch_process (local in 4emac-timesynch.c) called from PC: $12738 (elapsed: 955935)
  call_process (local in process.c) called from PC: $1291c (elapsed: 955972)
  process_run (packetbuf.c) called from PC: $05edc (elapsed: 959129)
 WARN [Thread-2] (MspMote.java:229) - 60: # Watchdog[EXECUTION]: illegal write to WDTCTL (0) from $103ca - reset!!!!
Watchdog: illegal write to WDTCTL (0) from $103ca - reset!!!!
Stack Trace: number of calls: 5 PC: $103ca
  watchdog_reboot (packetbuf.c) called from PC: $24c30 (elapsed: 5)
  restart_time_synchronisation (packetbuf.c) called from PC: $159f2 (elapsed: 30452)
  process_thread_foure_timesynch_process (local in 4emac-timesynch.c) called from PC: $12738 (elapsed: 1299422)
  call_process (local in process.c) called from PC: $1291c (elapsed: 1299459)
  process_run (packetbuf.c) called from PC: $05edc (elapsed: 1302618)
 WARN [Thread-2] (MspMote.java:229) - 50: # Watchdog[EXECUTION]: illegal write to WDTCTL (0) from $103ca - reset!!!!
Watchdog: illegal write to WDTCTL (0) from $103ca - reset!!!!
Stack Trace: number of calls: 5 PC: $103ca
  watchdog_reboot (packetbuf.c) called from PC: $24c30 (elapsed: 5)
  restart_time_synchronisation (packetbuf.c) called from PC: $159f2 (elapsed: 30452)
  process_thread_foure_timesynch_process (local in 4emac-timesynch.c) called from PC: $12738 (elapsed: 870236)
  call_process (local in process.c) called from PC: $1291c (elapsed: 870273)
  process_run (packetbuf.c) called from PC: $05edc (elapsed: 873269)
 WARN [Thread-2] (MspMote.java:229) - 18: # Watchdog[EXECUTION]: illegal write to WDTCTL (0) from $103ca - reset!!!!
Watchdog: illegal write to WDTCTL (0) from $103ca - reset!!!!
Stack Trace: number of calls: 5 PC: $103ca
  watchdog_reboot (packetbuf.c) called from PC: $24c30 (elapsed: 5)
  restart_time_synchronisation (packetbuf.c) called from PC: $159f2 (elapsed: 30452)
  process_thread_foure_timesynch_process (local in 4emac-timesynch.c) called from PC: $12738 (elapsed: 1281002)
  call_process (local in process.c) called from PC: $1291c (elapsed: 1281039)
  process_run (packetbuf.c) called from PC: $05edc (elapsed: 1284112)
 WARN [Thread-2] (MspMote.java:229) - 4: # Watchdog[EXECUTION]: illegal write to WDTCTL (0) from $103ca - reset!!!!
Watchdog: illegal write to WDTCTL (0) from $103ca - reset!!!!
Stack Trace: number of calls: 5 PC: $103ca
  watchdog_reboot (packetbuf.c) called from PC: $24c30 (elapsed: 5)
  restart_time_synchronisation (packetbuf.c) called from PC: $159f2 (elapsed: 30447)
  process_thread_foure_timesynch_process (local in 4emac-timesynch.c) called from PC: $12738 (elapsed: 949992)
  call_process (local in process.c) called from PC: $1291c (elapsed: 950029)
  process_run (packetbuf.c) called from PC: $05edc (elapsed: 953023)
 WARN [Thread-2] (MspMote.java:229) - 29: # Watchdog[EXECUTION]: illegal write to WDTCTL (0) from $103ca - reset!!!!
Watchdog: illegal write to WDTCTL (0) from $103ca - reset!!!!
Stack Trace: number of calls: 5 PC: $103ca
  watchdog_reboot (packetbuf.c) called from PC: $24c30 (elapsed: 5)
  restart_time_synchronisation (packetbuf.c) called from PC: $159f2 (elapsed: 30452)
  process_thread_foure_timesynch_process (local in 4emac-timesynch.c) called from PC: $12738 (elapsed: 529590)
  call_process (local in process.c) called from PC: $1291c (elapsed: 529627)
  process_run (packetbuf.c) called from PC: $05edc (elapsed: 532704)
 WARN [Thread-2] (MspMote.java:229) - 27: # Watchdog[EXECUTION]: illegal write to WDTCTL (0) from $103ca - reset!!!!
Watchdog: illegal write to WDTCTL (0) from $103ca - reset!!!!
Stack Trace: number of calls: 5 PC: $103ca
  watchdog_reboot (packetbuf.c) called from PC: $24c30 (elapsed: 5)
  restart_time_synchronisation (packetbuf.c) called from PC: $159f2 (elapsed: 30477)
  process_thread_foure_timesynch_process (local in 4emac-timesynch.c) called from PC: $12738 (elapsed: 504356)
  call_process (local in process.c) called from PC: $1291c (elapsed: 504393)
  process_run (packetbuf.c) called from PC: $05edc (elapsed: 507308)
 WARN [Thread-2] (MspMote.java:229) - 3: # Watchdog[EXECUTION]: illegal write to WDTCTL (0) from $103ca - reset!!!!
Watchdog: illegal write to WDTCTL (0) from $103ca - reset!!!!
Stack Trace: number of calls: 5 PC: $103ca
  watchdog_reboot (packetbuf.c) called from PC: $24c30 (elapsed: 5)
  restart_time_synchronisation (packetbuf.c) called from PC: $159f2 (elapsed: 30447)
  process_thread_foure_timesynch_process (local in 4emac-timesynch.c) called from PC: $12738 (elapsed: 1262136)
  call_process (local in process.c) called from PC: $1291c (elapsed: 1262173)
  process_run (packetbuf.c) called from PC: $05edc (elapsed: 1265623)
 WARN [Thread-2] (MspMote.java:229) - 19: # Watchdog[EXECUTION]: illegal write to WDTCTL (0) from $103ca - reset!!!!
Watchdog: illegal write to WDTCTL (0) from $103ca - reset!!!!
Stack Trace: number of calls: 5 PC: $103ca
  watchdog_reboot (packetbuf.c) called from PC: $24c30 (elapsed: 5)
  restart_time_synchronisation (packetbuf.c) called from PC: $159f2 (elapsed: 34122)
  process_thread_foure_timesynch_process (local in 4emac-timesynch.c) called from PC: $12738 (elapsed: 921442)
  call_process (local in process.c) called from PC: $1291c (elapsed: 921479)
  process_run (packetbuf.c) called from PC: $05edc (elapsed: 924473)
 WARN [Thread-2] (MspMote.java:229) - 17: # Watchdog[EXECUTION]: illegal write to WDTCTL (0) from $103ca - reset!!!!
Watchdog: illegal write to WDTCTL (0) from $103ca - reset!!!!
Stack Trace: number of calls: 5 PC: $103ca
  watchdog_reboot (packetbuf.c) called from PC: $24c30 (elapsed: 5)
  restart_time_synchronisation (packetbuf.c) called from PC: $159f2 (elapsed: 58805)
  process_thread_foure_timesynch_process (local in 4emac-timesynch.c) called from PC: $12738 (elapsed: 670627)
  call_process (local in process.c) called from PC: $1291c (elapsed: 670664)
  process_run (packetbuf.c) called from PC: $05edc (elapsed: 673735)
 WARN [Thread-2] (MspMote.java:229) - 51: # Watchdog[EXECUTION]: illegal write to WDTCTL (0) from $103ca - reset!!!!
Watchdog: illegal write to WDTCTL (0) from $103ca - reset!!!!
Stack Trace: number of calls: 5 PC: $103ca
  watchdog_reboot (packetbuf.c) called from PC: $24c30 (elapsed: 5)
  restart_time_synchronisation (packetbuf.c) called from PC: $159f2 (elapsed: 30453)
  process_thread_foure_timesynch_process (local in 4emac-timesynch.c) called from PC: $12738 (elapsed: 809778)
  call_process (local in process.c) called from PC: $1291c (elapsed: 809815)
  process_run (packetbuf.c) called from PC: $05edc (elapsed: 813048)
 WARN [Thread-2] (MspMote.java:229) - 50: # Watchdog[EXECUTION]: illegal write to WDTCTL (0) from $103ca - reset!!!!
Watchdog: illegal write to WDTCTL (0) from $103ca - reset!!!!
Stack Trace: number of calls: 5 PC: $103ca
  watchdog_reboot (packetbuf.c) called from PC: $24c30 (elapsed: 5)
  restart_time_synchronisation (packetbuf.c) called from PC: $159f2 (elapsed: 30452)
  process_thread_foure_timesynch_process (local in 4emac-timesynch.c) called from PC: $12738 (elapsed: 842002)
  call_process (local in process.c) called from PC: $1291c (elapsed: 842039)
  process_run (packetbuf.c) called from PC: $05edc (elapsed: 844952)
 WARN [Thread-2] (MspMote.java:229) - 23: # Watchdog[EXECUTION]: illegal write to WDTCTL (0) from $103ca - reset!!!!
Watchdog: illegal write to WDTCTL (0) from $103ca - reset!!!!
Stack Trace: number of calls: 5 PC: $103ca
  watchdog_reboot (packetbuf.c) called from PC: $24c30 (elapsed: 5)
  restart_time_synchronisation (packetbuf.c) called from PC: $159f2 (elapsed: 30453)
  process_thread_foure_timesynch_process (local in 4emac-timesynch.c) called from PC: $12738 (elapsed: 1124770)
  call_process (local in process.c) called from PC: $1291c (elapsed: 1124807)
  process_run (packetbuf.c) called from PC: $05edc (elapsed: 1127885)
 WARN [Thread-2] (MspMote.java:229) - 46: # Watchdog[EXECUTION]: illegal write to WDTCTL (0) from $103ca - reset!!!!
 INFO [Thread-2] (LogScriptEngine.java:389) - Test script at 60.00%, done in 4348.6 sec
Watchdog: illegal write to WDTCTL (0) from $103ca - reset!!!!
Stack Trace: number of calls: 5 PC: $103ca
  watchdog_reboot (packetbuf.c) called from PC: $24c30 (elapsed: 5)
  restart_time_synchronisation (packetbuf.c) called from PC: $159f2 (elapsed: 30452)
  process_thread_foure_timesynch_process (local in 4emac-timesynch.c) called from PC: $12738 (elapsed: 670607)
  call_process (local in process.c) called from PC: $1291c (elapsed: 670644)
  process_run (packetbuf.c) called from PC: $05edc (elapsed: 673805)
 WARN [Thread-2] (MspMote.java:229) - 44: # Watchdog[EXECUTION]: illegal write to WDTCTL (0) from $103ca - reset!!!!
Watchdog: illegal write to WDTCTL (0) from $103ca - reset!!!!
Stack Trace: number of calls: 5 PC: $103ca
  watchdog_reboot (packetbuf.c) called from PC: $24c30 (elapsed: 5)
  restart_time_synchronisation (packetbuf.c) called from PC: $159f2 (elapsed: 30452)
  process_thread_foure_timesynch_process (local in 4emac-timesynch.c) called from PC: $12738 (elapsed: 532980)
  call_process (local in process.c) called from PC: $1291c (elapsed: 533017)
  process_run (packetbuf.c) called from PC: $05edc (elapsed: 536011)
 WARN [Thread-2] (MspMote.java:229) - 36: # Watchdog[EXECUTION]: illegal write to WDTCTL (0) from $103ca - reset!!!!
Watchdog: illegal write to WDTCTL (0) from $103ca - reset!!!!
Stack Trace: number of calls: 5 PC: $103ca
  watchdog_reboot (packetbuf.c) called from PC: $24c30 (elapsed: 5)
  restart_time_synchronisation (packetbuf.c) called from PC: $159f2 (elapsed: 30452)
  process_thread_foure_timesynch_process (local in 4emac-timesynch.c) called from PC: $12738 (elapsed: 982652)
  call_process (local in process.c) called from PC: $1291c (elapsed: 982689)
  process_run (packetbuf.c) called from PC: $05edc (elapsed: 985690)
 WARN [Thread-2] (MspMote.java:229) - 59: # Watchdog[EXECUTION]: illegal write to WDTCTL (0) from $103ca - reset!!!!
Watchdog: illegal write to WDTCTL (0) from $103ca - reset!!!!
Stack Trace: number of calls: 5 PC: $103ca
  watchdog_reboot (packetbuf.c) called from PC: $24c30 (elapsed: 5)
  restart_time_synchronisation (packetbuf.c) called from PC: $159f2 (elapsed: 30447)
  process_thread_foure_timesynch_process (local in 4emac-timesynch.c) called from PC: $12738 (elapsed: 952883)
  call_process (local in process.c) called from PC: $1291c (elapsed: 952920)
  process_run (packetbuf.c) called from PC: $05edc (elapsed: 955846)
 WARN [Thread-2] (MspMote.java:229) - 52: # Watchdog[EXECUTION]: illegal write to WDTCTL (0) from $103ca - reset!!!!
Watchdog: illegal write to WDTCTL (0) from $103ca - reset!!!!
Stack Trace: number of calls: 5 PC: $103ca
  watchdog_reboot (packetbuf.c) called from PC: $24c30 (elapsed: 5)
  restart_time_synchronisation (packetbuf.c) called from PC: $159f2 (elapsed: 30447)
  process_thread_foure_timesynch_process (local in 4emac-timesynch.c) called from PC: $12738 (elapsed: 621931)
  call_process (local in process.c) called from PC: $1291c (elapsed: 621968)
  process_run (packetbuf.c) called from PC: $05edc (elapsed: 625131)
 WARN [Thread-2] (MspMote.java:229) - 54: # Watchdog[EXECUTION]: illegal write to WDTCTL (0) from $103ca - reset!!!!
Watchdog: illegal write to WDTCTL (0) from $103ca - reset!!!!
Stack Trace: number of calls: 5 PC: $103ca
  watchdog_reboot (packetbuf.c) called from PC: $24c30 (elapsed: 5)
  restart_time_synchronisation (packetbuf.c) called from PC: $159f2 (elapsed: 30452)
  process_thread_foure_timesynch_process (local in 4emac-timesynch.c) called from PC: $12738 (elapsed: 987754)
  call_process (local in process.c) called from PC: $1291c (elapsed: 987791)
  process_run (packetbuf.c) called from PC: $05edc (elapsed: 990709)
 WARN [Thread-2] (MspMote.java:229) - 34: # Watchdog[EXECUTION]: illegal write to WDTCTL (0) from $103ca - reset!!!!
Watchdog: illegal write to WDTCTL (0) from $103ca - reset!!!!
Stack Trace: number of calls: 5 PC: $103ca
  watchdog_reboot (packetbuf.c) called from PC: $24c30 (elapsed: 5)
  restart_time_synchronisation (packetbuf.c) called from PC: $159f2 (elapsed: 31551)
  process_thread_foure_timesynch_process (local in 4emac-timesynch.c) called from PC: $12738 (elapsed: 185373)
  call_process (local in process.c) called from PC: $1291c (elapsed: 185410)
  process_run (packetbuf.c) called from PC: $05edc (elapsed: 186697)
 WARN [Thread-2] (MspMote.java:229) - 58: # Watchdog[EXECUTION]: illegal write to WDTCTL (0) from $103ca - reset!!!!
Watchdog: illegal write to WDTCTL (0) from $103ca - reset!!!!
Stack Trace: number of calls: 5 PC: $103ca
  watchdog_reboot (packetbuf.c) called from PC: $24c30 (elapsed: 5)
  restart_time_synchronisation (packetbuf.c) called from PC: $159f2 (elapsed: 30447)
  process_thread_foure_timesynch_process (local in 4emac-timesynch.c) called from PC: $12738 (elapsed: 1087408)
  call_process (local in process.c) called from PC: $1291c (elapsed: 1087445)
  process_run (packetbuf.c) called from PC: $05edc (elapsed: 1090450)
 WARN [Thread-2] (MspMote.java:229) - 22: # Watchdog[EXECUTION]: illegal write to WDTCTL (0) from $103ca - reset!!!!
Watchdog: illegal write to WDTCTL (0) from $103ca - reset!!!!
Stack Trace: number of calls: 5 PC: $103ca
  watchdog_reboot (packetbuf.c) called from PC: $24c30 (elapsed: 5)
  restart_time_synchronisation (packetbuf.c) called from PC: $159f2 (elapsed: 30452)
  process_thread_foure_timesynch_process (local in 4emac-timesynch.c) called from PC: $12738 (elapsed: 534851)
  call_process (local in process.c) called from PC: $1291c (elapsed: 534888)
  process_run (packetbuf.c) called from PC: $05edc (elapsed: 537884)
 WARN [Thread-2] (MspMote.java:229) - 61: # Watchdog[EXECUTION]: illegal write to WDTCTL (0) from $103ca - reset!!!!
Watchdog: illegal write to WDTCTL (0) from $103ca - reset!!!!
Stack Trace: number of calls: 5 PC: $103ca
  watchdog_reboot (packetbuf.c) called from PC: $24c30 (elapsed: 5)
  restart_time_synchronisation (packetbuf.c) called from PC: $159f2 (elapsed: 30453)
  process_thread_foure_timesynch_process (local in 4emac-timesynch.c) called from PC: $12738 (elapsed: 875092)
  call_process (local in process.c) called from PC: $1291c (elapsed: 875129)
  process_run (packetbuf.c) called from PC: $05edc (elapsed: 878205)
 WARN [Thread-2] (MspMote.java:229) - 47: # Watchdog[EXECUTION]: illegal write to WDTCTL (0) from $103ca - reset!!!!
Watchdog: illegal write to WDTCTL (0) from $103ca - reset!!!!
Stack Trace: number of calls: 5 PC: $103ca
  watchdog_reboot (packetbuf.c) called from PC: $24c30 (elapsed: 5)
  restart_time_synchronisation (packetbuf.c) called from PC: $159f2 (elapsed: 30452)
  process_thread_foure_timesynch_process (local in 4emac-timesynch.c) called from PC: $12738 (elapsed: 670196)
  call_process (local in process.c) called from PC: $1291c (elapsed: 670233)
  process_run (packetbuf.c) called from PC: $05edc (elapsed: 673574)
 WARN [Thread-2] (MspMote.java:229) - 4: # Watchdog[EXECUTION]: illegal write to WDTCTL (0) from $103ca - reset!!!!
Watchdog: illegal write to WDTCTL (0) from $103ca - reset!!!!
Stack Trace: number of calls: 5 PC: $103ca
  watchdog_reboot (packetbuf.c) called from PC: $24c30 (elapsed: 5)
  restart_time_synchronisation (packetbuf.c) called from PC: $159f2 (elapsed: 30452)
  process_thread_foure_timesynch_process (local in 4emac-timesynch.c) called from PC: $12738 (elapsed: 777169)
  call_process (local in process.c) called from PC: $1291c (elapsed: 777206)
  process_run (packetbuf.c) called from PC: $05edc (elapsed: 780360)
 WARN [Thread-2] (MspMote.java:229) - 60: # Watchdog[EXECUTION]: illegal write to WDTCTL (0) from $103ca - reset!!!!
Watchdog: illegal write to WDTCTL (0) from $103ca - reset!!!!
Stack Trace: number of calls: 5 PC: $103ca
  watchdog_reboot (packetbuf.c) called from PC: $24c30 (elapsed: 5)
  restart_time_synchronisation (packetbuf.c) called from PC: $159f2 (elapsed: 31364)
  process_thread_foure_timesynch_process (local in 4emac-timesynch.c) called from PC: $12738 (elapsed: 185348)
  call_process (local in process.c) called from PC: $1291c (elapsed: 185385)
  process_run (packetbuf.c) called from PC: $05edc (elapsed: 186593)
 WARN [Thread-2] (MspMote.java:229) - 10: # Watchdog[EXECUTION]: illegal write to WDTCTL (0) from $103ca - reset!!!!
Watchdog: illegal write to WDTCTL (0) from $103ca - reset!!!!
Stack Trace: number of calls: 5 PC: $103ca
  watchdog_reboot (packetbuf.c) called from PC: $24c30 (elapsed: 5)
  restart_time_synchronisation (packetbuf.c) called from PC: $159f2 (elapsed: 30561)
  process_thread_foure_timesynch_process (local in 4emac-timesynch.c) called from PC: $12738 (elapsed: 1245938)
  call_process (local in process.c) called from PC: $1291c (elapsed: 1245975)
  process_run (packetbuf.c) called from PC: $05edc (elapsed: 1249051)
 WARN [Thread-2] (MspMote.java:229) - 1: # Watchdog[EXECUTION]: illegal write to WDTCTL (0) from $103ca - reset!!!!
Watchdog: illegal write to WDTCTL (0) from $103ca - reset!!!!
Stack Trace: number of calls: 5 PC: $103ca
  watchdog_reboot (packetbuf.c) called from PC: $24c30 (elapsed: 5)
  restart_time_synchronisation (packetbuf.c) called from PC: $159f2 (elapsed: 30453)
  process_thread_foure_timesynch_process (local in 4emac-timesynch.c) called from PC: $12738 (elapsed: 838547)
  call_process (local in process.c) called from PC: $1291c (elapsed: 838584)
  process_run (packetbuf.c) called from PC: $05edc (elapsed: 841497)
 WARN [Thread-2] (MspMote.java:229) - 43: # Watchdog[EXECUTION]: illegal write to WDTCTL (0) from $103ca - reset!!!!
Watchdog: illegal write to WDTCTL (0) from $103ca - reset!!!!
Stack Trace: number of calls: 5 PC: $103ca
  watchdog_reboot (packetbuf.c) called from PC: $24c30 (elapsed: 5)
  restart_time_synchronisation (packetbuf.c) called from PC: $159f2 (elapsed: 30651)
  process_thread_foure_timesynch_process (local in 4emac-timesynch.c) called from PC: $12738 (elapsed: 1088969)
  call_process (local in process.c) called from PC: $1291c (elapsed: 1089006)
  process_run (packetbuf.c) called from PC: $05edc (elapsed: 1092000)
 WARN [Thread-2] (MspMote.java:229) - 29: # Watchdog[EXECUTION]: illegal write to WDTCTL (0) from $103ca - reset!!!!
Watchdog: illegal write to WDTCTL (0) from $103ca - reset!!!!
Stack Trace: number of calls: 5 PC: $103ca
  watchdog_reboot (packetbuf.c) called from PC: $24c30 (elapsed: 5)
  restart_time_synchronisation (packetbuf.c) called from PC: $159f2 (elapsed: 30452)
  process_thread_foure_timesynch_process (local in 4emac-timesynch.c) called from PC: $12738 (elapsed: 918348)
  call_process (local in process.c) called from PC: $1291c (elapsed: 918385)
  process_run (packetbuf.c) called from PC: $05edc (elapsed: 921377)
 WARN [Thread-2] (MspMote.java:229) - 41: # Watchdog[EXECUTION]: illegal write to WDTCTL (0) from $103ca - reset!!!!
Watchdog: illegal write to WDTCTL (0) from $103ca - reset!!!!
Stack Trace: number of calls: 5 PC: $103ca
  watchdog_reboot (packetbuf.c) called from PC: $24c30 (elapsed: 5)
  restart_time_synchronisation (packetbuf.c) called from PC: $159f2 (elapsed: 30447)
  process_thread_foure_timesynch_process (local in 4emac-timesynch.c) called from PC: $12738 (elapsed: 950186)
  call_process (local in process.c) called from PC: $1291c (elapsed: 950223)
  process_run (packetbuf.c) called from PC: $05edc (elapsed: 953215)
 WARN [Thread-2] (MspMote.java:229) - 18: # Watchdog[EXECUTION]: illegal write to WDTCTL (0) from $103ca - reset!!!!
Watchdog: illegal write to WDTCTL (0) from $103ca - reset!!!!
Stack Trace: number of calls: 5 PC: $103ca
  watchdog_reboot (packetbuf.c) called from PC: $24c30 (elapsed: 5)
  restart_time_synchronisation (packetbuf.c) called from PC: $159f2 (elapsed: 30452)
  process_thread_foure_timesynch_process (local in 4emac-timesynch.c) called from PC: $12738 (elapsed: 816862)
  call_process (local in process.c) called from PC: $1291c (elapsed: 816899)
  process_run (packetbuf.c) called from PC: $05edc (elapsed: 820058)
 WARN [Thread-2] (MspMote.java:229) - 25: # Watchdog[EXECUTION]: illegal write to WDTCTL (0) from $103ca - reset!!!!
Watchdog: illegal write to WDTCTL (0) from $103ca - reset!!!!
Stack Trace: number of calls: 5 PC: $103ca
  watchdog_reboot (packetbuf.c) called from PC: $24c30 (elapsed: 5)
  restart_time_synchronisation (packetbuf.c) called from PC: $159f2 (elapsed: 30452)
  process_thread_foure_timesynch_process (local in 4emac-timesynch.c) called from PC: $12738 (elapsed: 782193)
  call_process (local in process.c) called from PC: $1291c (elapsed: 782230)
  process_run (packetbuf.c) called from PC: $05edc (elapsed: 785224)
 WARN [Thread-2] (MspMote.java:229) - 33: # Watchdog[EXECUTION]: illegal write to WDTCTL (0) from $103ca - reset!!!!
Watchdog: illegal write to WDTCTL (0) from $103ca - reset!!!!
Stack Trace: number of calls: 5 PC: $103ca
  watchdog_reboot (packetbuf.c) called from PC: $24c30 (elapsed: 5)
  restart_time_synchronisation (packetbuf.c) called from PC: $159f2 (elapsed: 30447)
  process_thread_foure_timesynch_process (local in 4emac-timesynch.c) called from PC: $12738 (elapsed: 639919)
  call_process (local in process.c) called from PC: $1291c (elapsed: 639956)
  process_run (packetbuf.c) called from PC: $05edc (elapsed: 642980)
 WARN [Thread-2] (MspMote.java:229) - 53: # Watchdog[EXECUTION]: illegal write to WDTCTL (0) from $103ca - reset!!!!
Watchdog: illegal write to WDTCTL (0) from $103ca - reset!!!!
Stack Trace: number of calls: 5 PC: $103ca
  watchdog_reboot (packetbuf.c) called from PC: $24c30 (elapsed: 5)
  restart_time_synchronisation (packetbuf.c) called from PC: $159f2 (elapsed: 61375)
  process_thread_foure_timesynch_process (local in 4emac-timesynch.c) called from PC: $12738 (elapsed: 1396917)
  call_process (local in process.c) called from PC: $1291c (elapsed: 1396954)
  process_run (packetbuf.c) called from PC: $05edc (elapsed: 1399957)
 WARN [Thread-2] (MspMote.java:229) - 45: # Watchdog[EXECUTION]: illegal write to WDTCTL (0) from $103ca - reset!!!!
Watchdog: illegal write to WDTCTL (0) from $103ca - reset!!!!
Stack Trace: number of calls: 5 PC: $103ca
  watchdog_reboot (packetbuf.c) called from PC: $24c30 (elapsed: 5)
  restart_time_synchronisation (packetbuf.c) called from PC: $159f2 (elapsed: 31364)
  process_thread_foure_timesynch_process (local in 4emac-timesynch.c) called from PC: $12738 (elapsed: 217292)
  call_process (local in process.c) called from PC: $1291c (elapsed: 217329)
  process_run (packetbuf.c) called from PC: $05edc (elapsed: 220431)
 WARN [Thread-2] (MspMote.java:229) - 30: # Watchdog[EXECUTION]: illegal write to WDTCTL (0) from $103ca - reset!!!!
Watchdog: illegal write to WDTCTL (0) from $103ca - reset!!!!
Stack Trace: number of calls: 5 PC: $103ca
  watchdog_reboot (packetbuf.c) called from PC: $24c30 (elapsed: 5)
  restart_time_synchronisation (packetbuf.c) called from PC: $159f2 (elapsed: 30447)
  process_thread_foure_timesynch_process (local in 4emac-timesynch.c) called from PC: $12738 (elapsed: 824191)
  call_process (local in process.c) called from PC: $1291c (elapsed: 824228)
  process_run (packetbuf.c) called from PC: $05edc (elapsed: 827484)
 WARN [Thread-2] (MspMote.java:229) - 50: # Watchdog[EXECUTION]: illegal write to WDTCTL (0) from $103ca - reset!!!!
Watchdog: illegal write to WDTCTL (0) from $103ca - reset!!!!
Stack Trace: number of calls: 5 PC: $103ca
  watchdog_reboot (packetbuf.c) called from PC: $24c30 (elapsed: 5)
  restart_time_synchronisation (packetbuf.c) called from PC: $159f2 (elapsed: 30452)
  process_thread_foure_timesynch_process (local in 4emac-timesynch.c) called from PC: $12738 (elapsed: 1227201)
  call_process (local in process.c) called from PC: $1291c (elapsed: 1227238)
  process_run (packetbuf.c) called from PC: $05edc (elapsed: 1230314)
 WARN [Thread-2] (MspMote.java:229) - 6: # Watchdog[EXECUTION]: illegal write to WDTCTL (0) from $103ca - reset!!!!
Watchdog: illegal write to WDTCTL (0) from $103ca - reset!!!!
Stack Trace: number of calls: 5 PC: $103ca
  watchdog_reboot (packetbuf.c) called from PC: $24c30 (elapsed: 5)
  restart_time_synchronisation (packetbuf.c) called from PC: $159f2 (elapsed: 30452)
  process_thread_foure_timesynch_process (local in 4emac-timesynch.c) called from PC: $12738 (elapsed: 786976)
  call_process (local in process.c) called from PC: $1291c (elapsed: 787013)
  process_run (packetbuf.c) called from PC: $05edc (elapsed: 790142)
 WARN [Thread-2] (MspMote.java:229) - 52: # Watchdog[EXECUTION]: illegal write to WDTCTL (0) from $103ca - reset!!!!
Watchdog: illegal write to WDTCTL (0) from $103ca - reset!!!!
Stack Trace: number of calls: 5 PC: $103ca
  watchdog_reboot (packetbuf.c) called from PC: $24c30 (elapsed: 5)
  restart_time_synchronisation (packetbuf.c) called from PC: $159f2 (elapsed: 30452)
  process_thread_foure_timesynch_process (local in 4emac-timesynch.c) called from PC: $12738 (elapsed: 1240185)
  call_process (local in process.c) called from PC: $1291c (elapsed: 1240222)
  process_run (packetbuf.c) called from PC: $05edc (elapsed: 1243541)
 WARN [Thread-2] (MspMote.java:229) - 2: # Watchdog[EXECUTION]: illegal write to WDTCTL (0) from $103ca - reset!!!!
Watchdog: illegal write to WDTCTL (0) from $103ca - reset!!!!
Stack Trace: number of calls: 5 PC: $103ca
  watchdog_reboot (packetbuf.c) called from PC: $24c30 (elapsed: 5)
  restart_time_synchronisation (packetbuf.c) called from PC: $159f2 (elapsed: 30452)
  process_thread_foure_timesynch_process (local in 4emac-timesynch.c) called from PC: $12738 (elapsed: 973528)
  call_process (local in process.c) called from PC: $1291c (elapsed: 973565)
  process_run (packetbuf.c) called from PC: $05edc (elapsed: 976720)
 WARN [Thread-2] (MspMote.java:229) - 21: # Watchdog[EXECUTION]: illegal write to WDTCTL (0) from $103ca - reset!!!!
Watchdog: illegal write to WDTCTL (0) from $103ca - reset!!!!
Stack Trace: number of calls: 5 PC: $103ca
  watchdog_reboot (packetbuf.c) called from PC: $24c30 (elapsed: 5)
  restart_time_synchronisation (packetbuf.c) called from PC: $159f2 (elapsed: 30453)
  process_thread_foure_timesynch_process (local in 4emac-timesynch.c) called from PC: $12738 (elapsed: 810916)
  call_process (local in process.c) called from PC: $1291c (elapsed: 810953)
  process_run (packetbuf.c) called from PC: $05edc (elapsed: 813798)
 WARN [Thread-2] (MspMote.java:229) - 15: # Watchdog[EXECUTION]: illegal write to WDTCTL (0) from $103ca - reset!!!!
Watchdog: illegal write to WDTCTL (0) from $103ca - reset!!!!
Stack Trace: number of calls: 5 PC: $103ca
  watchdog_reboot (packetbuf.c) called from PC: $24c30 (elapsed: 5)
  restart_time_synchronisation (packetbuf.c) called from PC: $159f2 (elapsed: 30452)
  process_thread_foure_timesynch_process (local in 4emac-timesynch.c) called from PC: $12738 (elapsed: 1225816)
  call_process (local in process.c) called from PC: $1291c (elapsed: 1225853)
  process_run (packetbuf.c) called from PC: $05edc (elapsed: 1228927)
 WARN [Thread-2] (MspMote.java:229) - 7: # Watchdog[EXECUTION]: illegal write to WDTCTL (0) from $103ca - reset!!!!
Watchdog: illegal write to WDTCTL (0) from $103ca - reset!!!!
Stack Trace: number of calls: 5 PC: $103ca
  watchdog_reboot (packetbuf.c) called from PC: $24c30 (elapsed: 5)
  restart_time_synchronisation (packetbuf.c) called from PC: $159f2 (elapsed: 30452)
  process_thread_foure_timesynch_process (local in 4emac-timesynch.c) called from PC: $12738 (elapsed: 1093354)
  call_process (local in process.c) called from PC: $1291c (elapsed: 1093391)
  process_run (packetbuf.c) called from PC: $05edc (elapsed: 1096311)
 WARN [Thread-2] (MspMote.java:229) - 56: # Watchdog[EXECUTION]: illegal write to WDTCTL (0) from $103ca - reset!!!!
Watchdog: illegal write to WDTCTL (0) from $103ca - reset!!!!
Stack Trace: number of calls: 5 PC: $103ca
  watchdog_reboot (packetbuf.c) called from PC: $24c30 (elapsed: 5)
  restart_time_synchronisation (packetbuf.c) called from PC: $159f2 (elapsed: 30453)
  process_thread_foure_timesynch_process (local in 4emac-timesynch.c) called from PC: $12738 (elapsed: 943937)
  call_process (local in process.c) called from PC: $1291c (elapsed: 943974)
  process_run (packetbuf.c) called from PC: $05edc (elapsed: 947052)
 WARN [Thread-2] (MspMote.java:229) - 35: # Watchdog[EXECUTION]: illegal write to WDTCTL (0) from $103ca - reset!!!!
Watchdog: illegal write to WDTCTL (0) from $103ca - reset!!!!
Stack Trace: number of calls: 5 PC: $103ca
  watchdog_reboot (packetbuf.c) called from PC: $24c30 (elapsed: 5)
  restart_time_synchronisation (packetbuf.c) called from PC: $159f2 (elapsed: 30447)
  process_thread_foure_timesynch_process (local in 4emac-timesynch.c) called from PC: $12738 (elapsed: 1085787)
  call_process (local in process.c) called from PC: $1291c (elapsed: 1085824)
  process_run (packetbuf.c) called from PC: $05edc (elapsed: 1088737)
 WARN [Thread-2] (MspMote.java:229) - 54: # Watchdog[EXECUTION]: illegal write to WDTCTL (0) from $103ca - reset!!!!
Watchdog: illegal write to WDTCTL (0) from $103ca - reset!!!!
Stack Trace: number of calls: 5 PC: $103ca
  watchdog_reboot (packetbuf.c) called from PC: $24c30 (elapsed: 5)
  restart_time_synchronisation (packetbuf.c) called from PC: $159f2 (elapsed: 30447)
  process_thread_foure_timesynch_process (local in 4emac-timesynch.c) called from PC: $12738 (elapsed: 955244)
  call_process (local in process.c) called from PC: $1291c (elapsed: 955281)
  process_run (packetbuf.c) called from PC: $05edc (elapsed: 958273)
 WARN [Thread-2] (MspMote.java:229) - 46: # Watchdog[EXECUTION]: illegal write to WDTCTL (0) from $103ca - reset!!!!
Watchdog: illegal write to WDTCTL (0) from $103ca - reset!!!!
Stack Trace: number of calls: 5 PC: $103ca
  watchdog_reboot (packetbuf.c) called from PC: $24c30 (elapsed: 5)
  restart_time_synchronisation (packetbuf.c) called from PC: $159f2 (elapsed: 30452)
  process_thread_foure_timesynch_process (local in 4emac-timesynch.c) called from PC: $12738 (elapsed: 980915)
  call_process (local in process.c) called from PC: $1291c (elapsed: 980952)
  process_run (packetbuf.c) called from PC: $05edc (elapsed: 984056)
 WARN [Thread-2] (MspMote.java:229) - 29: # Watchdog[EXECUTION]: illegal write to WDTCTL (0) from $103ca - reset!!!!
Watchdog: illegal write to WDTCTL (0) from $103ca - reset!!!!
Stack Trace: number of calls: 5 PC: $103ca
  watchdog_reboot (packetbuf.c) called from PC: $24c30 (elapsed: 5)
  restart_time_synchronisation (packetbuf.c) called from PC: $159f2 (elapsed: 30453)
  process_thread_foure_timesynch_process (local in 4emac-timesynch.c) called from PC: $12738 (elapsed: 1391478)
  call_process (local in process.c) called from PC: $1291c (elapsed: 1391515)
  process_run (packetbuf.c) called from PC: $05edc (elapsed: 1394518)
 WARN [Thread-2] (MspMote.java:229) - 26: # Watchdog[EXECUTION]: illegal write to WDTCTL (0) from $103ca - reset!!!!
Watchdog: illegal write to WDTCTL (0) from $103ca - reset!!!!
Stack Trace: number of calls: 5 PC: $103ca
  watchdog_reboot (packetbuf.c) called from PC: $24c30 (elapsed: 5)
  restart_time_synchronisation (packetbuf.c) called from PC: $159f2 (elapsed: 30447)
  process_thread_foure_timesynch_process (local in 4emac-timesynch.c) called from PC: $12738 (elapsed: 1387106)
  call_process (local in process.c) called from PC: $1291c (elapsed: 1387143)
  process_run (packetbuf.c) called from PC: $05edc (elapsed: 1391347)
 WARN [Thread-2] (MspMote.java:229) - 16: # Watchdog[EXECUTION]: illegal write to WDTCTL (0) from $103ca - reset!!!!
Watchdog: illegal write to WDTCTL (0) from $103ca - reset!!!!
Stack Trace: number of calls: 5 PC: $103ca
  watchdog_reboot (packetbuf.c) called from PC: $24c30 (elapsed: 5)
  restart_time_synchronisation (packetbuf.c) called from PC: $159f2 (elapsed: 30452)
  process_thread_foure_timesynch_process (local in 4emac-timesynch.c) called from PC: $12738 (elapsed: 1222342)
  call_process (local in process.c) called from PC: $1291c (elapsed: 1222379)
  process_run (packetbuf.c) called from PC: $05edc (elapsed: 1225537)
 WARN [Thread-2] (MspMote.java:229) - 40: # Watchdog[EXECUTION]: illegal write to WDTCTL (0) from $103ca - reset!!!!
Watchdog: illegal write to WDTCTL (0) from $103ca - reset!!!!
Stack Trace: number of calls: 5 PC: $103ca
  watchdog_reboot (packetbuf.c) called from PC: $24c30 (elapsed: 5)
  restart_time_synchronisation (packetbuf.c) called from PC: $159f2 (elapsed: 30452)
  process_thread_foure_timesynch_process (local in 4emac-timesynch.c) called from PC: $12738 (elapsed: 1362391)
  call_process (local in process.c) called from PC: $1291c (elapsed: 1362428)
  process_run (packetbuf.c) called from PC: $05edc (elapsed: 1365501)
 WARN [Thread-2] (MspMote.java:229) - 17: # Watchdog[EXECUTION]: illegal write to WDTCTL (0) from $103ca - reset!!!!
 INFO [Thread-2] (LogScriptEngine.java:389) - Test script at 65.00%, done in 3712.0 sec
Watchdog: illegal write to WDTCTL (0) from $103ca - reset!!!!
Stack Trace: number of calls: 5 PC: $103ca
  watchdog_reboot (packetbuf.c) called from PC: $24c30 (elapsed: 5)
  restart_time_synchronisation (packetbuf.c) called from PC: $159f2 (elapsed: 30627)
  process_thread_foure_timesynch_process (local in 4emac-timesynch.c) called from PC: $12738 (elapsed: 1262968)
  call_process (local in process.c) called from PC: $1291c (elapsed: 1263005)
  process_run (packetbuf.c) called from PC: $05edc (elapsed: 1265842)
 WARN [Thread-2] (MspMote.java:229) - 12: # Watchdog[EXECUTION]: illegal write to WDTCTL (0) from $103ca - reset!!!!
Watchdog: illegal write to WDTCTL (0) from $103ca - reset!!!!
Stack Trace: number of calls: 5 PC: $103ca
  watchdog_reboot (packetbuf.c) called from PC: $24c30 (elapsed: 5)
  restart_time_synchronisation (packetbuf.c) called from PC: $159f2 (elapsed: 30452)
  process_thread_foure_timesynch_process (local in 4emac-timesynch.c) called from PC: $12738 (elapsed: 1226409)
  call_process (local in process.c) called from PC: $1291c (elapsed: 1226446)
  process_run (packetbuf.c) called from PC: $05edc (elapsed: 1229445)
 WARN [Thread-2] (MspMote.java:229) - 38: # Watchdog[EXECUTION]: illegal write to WDTCTL (0) from $103ca - reset!!!!
Watchdog: illegal write to WDTCTL (0) from $103ca - reset!!!!
Stack Trace: number of calls: 5 PC: $103ca
  watchdog_reboot (packetbuf.c) called from PC: $24c30 (elapsed: 5)
  restart_time_synchronisation (packetbuf.c) called from PC: $159f2 (elapsed: 30452)
  process_thread_foure_timesynch_process (local in 4emac-timesynch.c) called from PC: $12738 (elapsed: 1115452)
  call_process (local in process.c) called from PC: $1291c (elapsed: 1115489)
  process_run (packetbuf.c) called from PC: $05edc (elapsed: 1118562)
 WARN [Thread-2] (MspMote.java:229) - 61: # Watchdog[EXECUTION]: illegal write to WDTCTL (0) from $103ca - reset!!!!
Watchdog: illegal write to WDTCTL (0) from $103ca - reset!!!!
Stack Trace: number of calls: 5 PC: $103ca
  watchdog_reboot (packetbuf.c) called from PC: $24c30 (elapsed: 5)
  restart_time_synchronisation (packetbuf.c) called from PC: $159f2 (elapsed: 30452)
  process_thread_foure_timesynch_process (local in 4emac-timesynch.c) called from PC: $12738 (elapsed: 784400)
  call_process (local in process.c) called from PC: $1291c (elapsed: 784437)
  process_run (packetbuf.c) called from PC: $05edc (elapsed: 787458)
 WARN [Thread-2] (MspMote.java:229) - 36: # Watchdog[EXECUTION]: illegal write to WDTCTL (0) from $103ca - reset!!!!
Watchdog: illegal write to WDTCTL (0) from $103ca - reset!!!!
Stack Trace: number of calls: 5 PC: $103ca
  watchdog_reboot (packetbuf.c) called from PC: $24c30 (elapsed: 5)
  restart_time_synchronisation (packetbuf.c) called from PC: $159f2 (elapsed: 30452)
  process_thread_foure_timesynch_process (local in 4emac-timesynch.c) called from PC: $12738 (elapsed: 985062)
  call_process (local in process.c) called from PC: $1291c (elapsed: 985099)
  process_run (packetbuf.c) called from PC: $05edc (elapsed: 988291)
 WARN [Thread-2] (MspMote.java:229) - 57: # Watchdog[EXECUTION]: illegal write to WDTCTL (0) from $103ca - reset!!!!
Watchdog: illegal write to WDTCTL (0) from $103ca - reset!!!!
Stack Trace: number of calls: 5 PC: $103ca
  watchdog_reboot (packetbuf.c) called from PC: $24c30 (elapsed: 5)
  restart_time_synchronisation (packetbuf.c) called from PC: $159f2 (elapsed: 30447)
  process_thread_foure_timesynch_process (local in 4emac-timesynch.c) called from PC: $12738 (elapsed: 953515)
  call_process (local in process.c) called from PC: $1291c (elapsed: 953552)
  process_run (packetbuf.c) called from PC: $05edc (elapsed: 956654)
 WARN [Thread-2] (MspMote.java:229) - 10: # Watchdog[EXECUTION]: illegal write to WDTCTL (0) from $103ca - reset!!!!
Watchdog: illegal write to WDTCTL (0) from $103ca - reset!!!!
Stack Trace: number of calls: 5 PC: $103ca
  watchdog_reboot (packetbuf.c) called from PC: $24c30 (elapsed: 5)
  restart_time_synchronisation (packetbuf.c) called from PC: $159f2 (elapsed: 30591)
  process_thread_foure_timesynch_process (local in 4emac-timesynch.c) called from PC: $12738 (elapsed: 1245665)
  call_process (local in process.c) called from PC: $1291c (elapsed: 1245702)
  process_run (packetbuf.c) called from PC: $05edc (elapsed: 1250174)
 WARN [Thread-2] (MspMote.java:229) - 20: # Watchdog[EXECUTION]: illegal write to WDTCTL (0) from $103ca - reset!!!!
Watchdog: illegal write to WDTCTL (0) from $103ca - reset!!!!
Stack Trace: number of calls: 5 PC: $103ca
  watchdog_reboot (packetbuf.c) called from PC: $24c30 (elapsed: 5)
  restart_time_synchronisation (packetbuf.c) called from PC: $159f2 (elapsed: 30452)
  process_thread_foure_timesynch_process (local in 4emac-timesynch.c) called from PC: $12738 (elapsed: 912599)
  call_process (local in process.c) called from PC: $1291c (elapsed: 912636)
  process_run (packetbuf.c) called from PC: $05edc (elapsed: 915628)
 WARN [Thread-2] (MspMote.java:229) - 53: # Watchdog[EXECUTION]: illegal write to WDTCTL (0) from $103ca - reset!!!!
Watchdog: illegal write to WDTCTL (0) from $103ca - reset!!!!
Stack Trace: number of calls: 5 PC: $103ca
  watchdog_reboot (packetbuf.c) called from PC: $24c30 (elapsed: 5)
  restart_time_synchronisation (packetbuf.c) called from PC: $159f2 (elapsed: 30465)
  process_thread_foure_timesynch_process (local in 4emac-timesynch.c) called from PC: $12738 (elapsed: 811009)
  call_process (local in process.c) called from PC: $1291c (elapsed: 811046)
  process_run (packetbuf.c) called from PC: $05edc (elapsed: 814040)
 WARN [Thread-2] (MspMote.java:229) - 15: # Watchdog[EXECUTION]: illegal write to WDTCTL (0) from $103ca - reset!!!!
Watchdog: illegal write to WDTCTL (0) from $103ca - reset!!!!
Stack Trace: number of calls: 5 PC: $103ca
  watchdog_reboot (packetbuf.c) called from PC: $24c30 (elapsed: 5)
  restart_time_synchronisation (packetbuf.c) called from PC: $159f2 (elapsed: 31364)
  process_thread_foure_timesynch_process (local in 4emac-timesynch.c) called from PC: $12738 (elapsed: 186205)
  call_process (local in process.c) called from PC: $1291c (elapsed: 186242)
  process_run (packetbuf.c) called from PC: $05edc (elapsed: 188532)
 WARN [Thread-2] (MspMote.java:229) - 14: # Watchdog[EXECUTION]: illegal write to WDTCTL (0) from $103ca - reset!!!!
Watchdog: illegal write to WDTCTL (0) from $103ca - reset!!!!
Stack Trace: number of calls: 5 PC: $103ca
  watchdog_reboot (packetbuf.c) called from PC: $24c30 (elapsed: 5)
  restart_time_synchronisation (packetbuf.c) called from PC: $159f2 (elapsed: 31365)
  process_thread_foure_timesynch_process (local in 4emac-timesynch.c) called from PC: $12738 (elapsed: 185623)
  call_process (local in process.c) called from PC: $1291c (elapsed: 185660)
  process_run (packetbuf.c) called from PC: $05edc (elapsed: 188841)
 WARN [Thread-2] (MspMote.java:229) - 11: # Watchdog[EXECUTION]: illegal write to WDTCTL (0) from $103ca - reset!!!!
Watchdog: illegal write to WDTCTL (0) from $103ca - reset!!!!
Stack Trace: number of calls: 5 PC: $103ca
  watchdog_reboot (packetbuf.c) called from PC: $24c30 (elapsed: 5)
  restart_time_synchronisation (packetbuf.c) called from PC: $159f2 (elapsed: 30452)
  process_thread_foure_timesynch_process (local in 4emac-timesynch.c) called from PC: $12738 (elapsed: 805129)
  call_process (local in process.c) called from PC: $1291c (elapsed: 805166)
  process_run (packetbuf.c) called from PC: $05edc (elapsed: 808241)
 WARN [Thread-2] (MspMote.java:229) - 16: # Watchdog[EXECUTION]: illegal write to WDTCTL (0) from $103ca - reset!!!!
Watchdog: illegal write to WDTCTL (0) from $103ca - reset!!!!
Stack Trace: number of calls: 5 PC: $103ca
  watchdog_reboot (packetbuf.c) called from PC: $24c30 (elapsed: 5)
  restart_time_synchronisation (packetbuf.c) called from PC: $159f2 (elapsed: 30452)
  process_thread_foure_timesynch_process (local in 4emac-timesynch.c) called from PC: $12738 (elapsed: 1355630)
  call_process (local in process.c) called from PC: $1291c (elapsed: 1355667)
  process_run (packetbuf.c) called from PC: $05edc (elapsed: 1359921)
 WARN [Thread-2] (MspMote.java:229) - 49: # Watchdog[EXECUTION]: illegal write to WDTCTL (0) from $103ca - reset!!!!
Watchdog: illegal write to WDTCTL (0) from $103ca - reset!!!!
Stack Trace: number of calls: 5 PC: $103ca
  watchdog_reboot (packetbuf.c) called from PC: $24c30 (elapsed: 5)
  restart_time_synchronisation (packetbuf.c) called from PC: $159f2 (elapsed: 30452)
  process_thread_foure_timesynch_process (local in 4emac-timesynch.c) called from PC: $12738 (elapsed: 674666)
  call_process (local in process.c) called from PC: $1291c (elapsed: 674703)
  process_run (packetbuf.c) called from PC: $05edc (elapsed: 677807)
 WARN [Thread-2] (MspMote.java:229) - 59: # Watchdog[EXECUTION]: illegal write to WDTCTL (0) from $103ca - reset!!!!
Watchdog: illegal write to WDTCTL (0) from $103ca - reset!!!!
Stack Trace: number of calls: 5 PC: $103ca
  watchdog_reboot (packetbuf.c) called from PC: $24c30 (elapsed: 5)
  restart_time_synchronisation (packetbuf.c) called from PC: $159f2 (elapsed: 30452)
  process_thread_foure_timesynch_process (local in 4emac-timesynch.c) called from PC: $12738 (elapsed: 741066)
  call_process (local in process.c) called from PC: $1291c (elapsed: 741103)
  process_run (packetbuf.c) called from PC: $05edc (elapsed: 744126)
 WARN [Thread-2] (MspMote.java:229) - 47: # Watchdog[EXECUTION]: illegal write to WDTCTL (0) from $103ca - reset!!!!
Watchdog: illegal write to WDTCTL (0) from $103ca - reset!!!!
Stack Trace: number of calls: 5 PC: $103ca
  watchdog_reboot (packetbuf.c) called from PC: $24c30 (elapsed: 5)
  restart_time_synchronisation (packetbuf.c) called from PC: $159f2 (elapsed: 30453)
  process_thread_foure_timesynch_process (local in 4emac-timesynch.c) called from PC: $12738 (elapsed: 944923)
  call_process (local in process.c) called from PC: $1291c (elapsed: 944960)
  process_run (packetbuf.c) called from PC: $05edc (elapsed: 948247)
 WARN [Thread-2] (MspMote.java:229) - 4: # Watchdog[EXECUTION]: illegal write to WDTCTL (0) from $103ca - reset!!!!
Watchdog: illegal write to WDTCTL (0) from $103ca - reset!!!!
Stack Trace: number of calls: 5 PC: $103ca
  watchdog_reboot (packetbuf.c) called from PC: $24c30 (elapsed: 5)
  restart_time_synchronisation (packetbuf.c) called from PC: $159f2 (elapsed: 30483)
  process_thread_foure_timesynch_process (local in 4emac-timesynch.c) called from PC: $12738 (elapsed: 817532)
  call_process (local in process.c) called from PC: $1291c (elapsed: 817569)
  process_run (packetbuf.c) called from PC: $05edc (elapsed: 820750)
 WARN [Thread-2] (MspMote.java:229) - 46: # Watchdog[EXECUTION]: illegal write to WDTCTL (0) from $103ca - reset!!!!
Watchdog: illegal write to WDTCTL (0) from $103ca - reset!!!!
Stack Trace: number of calls: 5 PC: $103ca
  watchdog_reboot (packetbuf.c) called from PC: $24c30 (elapsed: 5)
  restart_time_synchronisation (packetbuf.c) called from PC: $159f2 (elapsed: 30452)
  process_thread_foure_timesynch_process (local in 4emac-timesynch.c) called from PC: $12738 (elapsed: 534306)
  call_process (local in process.c) called from PC: $1291c (elapsed: 534343)
  process_run (packetbuf.c) called from PC: $05edc (elapsed: 537337)
 WARN [Thread-2] (MspMote.java:229) - 6: # Watchdog[EXECUTION]: illegal write to WDTCTL (0) from $103ca - reset!!!!
Watchdog: illegal write to WDTCTL (0) from $103ca - reset!!!!
Stack Trace: number of calls: 5 PC: $103ca
  watchdog_reboot (packetbuf.c) called from PC: $24c30 (elapsed: 5)
  restart_time_synchronisation (packetbuf.c) called from PC: $159f2 (elapsed: 30452)
  process_thread_foure_timesynch_process (local in 4emac-timesynch.c) called from PC: $12738 (elapsed: 1217462)
  call_process (local in process.c) called from PC: $1291c (elapsed: 1217499)
  process_run (packetbuf.c) called from PC: $05edc (elapsed: 1220518)
 WARN [Thread-2] (MspMote.java:229) - 1: # Watchdog[EXECUTION]: illegal write to WDTCTL (0) from $103ca - reset!!!!
Watchdog: illegal write to WDTCTL (0) from $103ca - reset!!!!
Stack Trace: number of calls: 5 PC: $103ca
  watchdog_reboot (packetbuf.c) called from PC: $24c30 (elapsed: 5)
  restart_time_synchronisation (packetbuf.c) called from PC: $159f2 (elapsed: 30447)
  process_thread_foure_timesynch_process (local in 4emac-timesynch.c) called from PC: $12738 (elapsed: 817840)
  call_process (local in process.c) called from PC: $1291c (elapsed: 817877)
  process_run (packetbuf.c) called from PC: $05edc (elapsed: 820979)
 WARN [Thread-2] (MspMote.java:229) - 34: # Watchdog[EXECUTION]: illegal write to WDTCTL (0) from $103ca - reset!!!!
Watchdog: illegal write to WDTCTL (0) from $103ca - reset!!!!
Stack Trace: number of calls: 5 PC: $103ca
  watchdog_reboot (packetbuf.c) called from PC: $24c30 (elapsed: 5)
  restart_time_synchronisation (packetbuf.c) called from PC: $159f2 (elapsed: 31364)
  process_thread_foure_timesynch_process (local in 4emac-timesynch.c) called from PC: $12738 (elapsed: 185323)
  call_process (local in process.c) called from PC: $1291c (elapsed: 185360)
  process_run (packetbuf.c) called from PC: $05edc (elapsed: 188529)
 WARN [Thread-2] (MspMote.java:229) - 28: # Watchdog[EXECUTION]: illegal write to WDTCTL (0) from $103ca - reset!!!!
Watchdog: illegal write to WDTCTL (0) from $103ca - reset!!!!
Stack Trace: number of calls: 5 PC: $103ca
  watchdog_reboot (packetbuf.c) called from PC: $24c30 (elapsed: 5)
  restart_time_synchronisation (packetbuf.c) called from PC: $159f2 (elapsed: 60533)
  process_thread_foure_timesynch_process (local in 4emac-timesynch.c) called from PC: $12738 (elapsed: 218075)
  call_process (local in process.c) called from PC: $1291c (elapsed: 218112)
  process_run (packetbuf.c) called from PC: $05edc (elapsed: 220472)
 WARN [Thread-2] (MspMote.java:229) - 58: # Watchdog[EXECUTION]: illegal write to WDTCTL (0) from $103ca - reset!!!!
Watchdog: illegal write to WDTCTL (0) from $103ca - reset!!!!
Stack Trace: number of calls: 5 PC: $103ca
  watchdog_reboot (packetbuf.c) called from PC: $24c30 (elapsed: 5)
  restart_time_synchronisation (packetbuf.c) called from PC: $159f2 (elapsed: 30453)
  process_thread_foure_timesynch_process (local in 4emac-timesynch.c) called from PC: $12738 (elapsed: 1022112)
  call_process (local in process.c) called from PC: $1291c (elapsed: 1022149)
  process_run (packetbuf.c) called from PC: $05edc (elapsed: 1025465)
 WARN [Thread-2] (MspMote.java:229) - 52: # Watchdog[EXECUTION]: illegal write to WDTCTL (0) from $103ca - reset!!!!
Watchdog: illegal write to WDTCTL (0) from $103ca - reset!!!!
Stack Trace: number of calls: 5 PC: $103ca
  watchdog_reboot (packetbuf.c) called from PC: $24c30 (elapsed: 5)
  restart_time_synchronisation (packetbuf.c) called from PC: $159f2 (elapsed: 30452)
  process_thread_foure_timesynch_process (local in 4emac-timesynch.c) called from PC: $12738 (elapsed: 1222963)
  call_process (local in process.c) called from PC: $1291c (elapsed: 1223000)
  process_run (packetbuf.c) called from PC: $05edc (elapsed: 1226150)
 WARN [Thread-2] (MspMote.java:229) - 8: # Watchdog[EXECUTION]: illegal write to WDTCTL (0) from $103ca - reset!!!!
Watchdog: illegal write to WDTCTL (0) from $103ca - reset!!!!
Stack Trace: number of calls: 5 PC: $103ca
  watchdog_reboot (packetbuf.c) called from PC: $24c30 (elapsed: 5)
  restart_time_synchronisation (packetbuf.c) called from PC: $159f2 (elapsed: 30452)
  process_thread_foure_timesynch_process (local in 4emac-timesynch.c) called from PC: $12738 (elapsed: 805502)
  call_process (local in process.c) called from PC: $1291c (elapsed: 805539)
  process_run (packetbuf.c) called from PC: $05edc (elapsed: 808697)
 WARN [Thread-2] (MspMote.java:229) - 12: # Watchdog[EXECUTION]: illegal write to WDTCTL (0) from $103ca - reset!!!!
Watchdog: illegal write to WDTCTL (0) from $103ca - reset!!!!
Stack Trace: number of calls: 5 PC: $103ca
  watchdog_reboot (packetbuf.c) called from PC: $24c30 (elapsed: 5)
  restart_time_synchronisation (packetbuf.c) called from PC: $159f2 (elapsed: 30452)
  process_thread_foure_timesynch_process (local in 4emac-timesynch.c) called from PC: $12738 (elapsed: 910462)
  call_process (local in process.c) called from PC: $1291c (elapsed: 910499)
  process_run (packetbuf.c) called from PC: $05edc (elapsed: 913973)
 WARN [Thread-2] (MspMote.java:229) - 61: # Watchdog[EXECUTION]: illegal write to WDTCTL (0) from $103ca - reset!!!!
Watchdog: illegal write to WDTCTL (0) from $103ca - reset!!!!
Stack Trace: number of calls: 5 PC: $103ca
  watchdog_reboot (packetbuf.c) called from PC: $24c30 (elapsed: 5)
  restart_time_synchronisation (packetbuf.c) called from PC: $159f2 (elapsed: 30453)
  process_thread_foure_timesynch_process (local in 4emac-timesynch.c) called from PC: $12738 (elapsed: 1128074)
  call_process (local in process.c) called from PC: $1291c (elapsed: 1128111)
  process_run (packetbuf.c) called from PC: $05edc (elapsed: 1131103)
 WARN [Thread-2] (MspMote.java:229) - 41: # Watchdog[EXECUTION]: illegal write to WDTCTL (0) from $103ca - reset!!!!
Watchdog: illegal write to WDTCTL (0) from $103ca - reset!!!!
Stack Trace: number of calls: 5 PC: $103ca
  watchdog_reboot (packetbuf.c) called from PC: $24c30 (elapsed: 5)
  restart_time_synchronisation (packetbuf.c) called from PC: $159f2 (elapsed: 30447)
  process_thread_foure_timesynch_process (local in 4emac-timesynch.c) called from PC: $12738 (elapsed: 951625)
  call_process (local in process.c) called from PC: $1291c (elapsed: 951662)
  process_run (packetbuf.c) called from PC: $05edc (elapsed: 954847)
 WARN [Thread-2] (MspMote.java:229) - 56: # Watchdog[EXECUTION]: illegal write to WDTCTL (0) from $103ca - reset!!!!
Watchdog: illegal write to WDTCTL (0) from $103ca - reset!!!!
Stack Trace: number of calls: 5 PC: $103ca
  watchdog_reboot (packetbuf.c) called from PC: $24c30 (elapsed: 5)
  restart_time_synchronisation (packetbuf.c) called from PC: $159f2 (elapsed: 30447)
  process_thread_foure_timesynch_process (local in 4emac-timesynch.c) called from PC: $12738 (elapsed: 1433707)
  call_process (local in process.c) called from PC: $1291c (elapsed: 1433744)
  process_run (packetbuf.c) called from PC: $05edc (elapsed: 1437006)
 WARN [Thread-2] (MspMote.java:229) - 51: # Watchdog[EXECUTION]: illegal write to WDTCTL (0) from $103ca - reset!!!!
Watchdog: illegal write to WDTCTL (0) from $103ca - reset!!!!
Stack Trace: number of calls: 5 PC: $103ca
  watchdog_reboot (packetbuf.c) called from PC: $24c30 (elapsed: 5)
  restart_time_synchronisation (packetbuf.c) called from PC: $159f2 (elapsed: 30453)
  process_thread_foure_timesynch_process (local in 4emac-timesynch.c) called from PC: $12738 (elapsed: 1254464)
  call_process (local in process.c) called from PC: $1291c (elapsed: 1254501)
  process_run (packetbuf.c) called from PC: $05edc (elapsed: 1261463)
 WARN [Thread-2] (MspMote.java:229) - 33: # Watchdog[EXECUTION]: illegal write to WDTCTL (0) from $103ca - reset!!!!
Watchdog: illegal write to WDTCTL (0) from $103ca - reset!!!!
Stack Trace: number of calls: 5 PC: $103ca
  watchdog_reboot (packetbuf.c) called from PC: $24c30 (elapsed: 5)
  restart_time_synchronisation (packetbuf.c) called from PC: $159f2 (elapsed: 30452)
  process_thread_foure_timesynch_process (local in 4emac-timesynch.c) called from PC: $12738 (elapsed: 538477)
  call_process (local in process.c) called from PC: $1291c (elapsed: 538514)
  process_run (packetbuf.c) called from PC: $05edc (elapsed: 541427)
 WARN [Thread-2] (MspMote.java:229) - 42: # Watchdog[EXECUTION]: illegal write to WDTCTL (0) from $103ca - reset!!!!
Watchdog: illegal write to WDTCTL (0) from $103ca - reset!!!!
Stack Trace: number of calls: 5 PC: $103ca
  watchdog_reboot (packetbuf.c) called from PC: $24c30 (elapsed: 5)
  restart_time_synchronisation (packetbuf.c) called from PC: $159f2 (elapsed: 30452)
  process_thread_foure_timesynch_process (local in 4emac-timesynch.c) called from PC: $12738 (elapsed: 668668)
  call_process (local in process.c) called from PC: $1291c (elapsed: 668705)
  process_run (packetbuf.c) called from PC: $05edc (elapsed: 671622)
 WARN [Thread-2] (MspMote.java:229) - 35: # Watchdog[EXECUTION]: illegal write to WDTCTL (0) from $103ca - reset!!!!
Watchdog: illegal write to WDTCTL (0) from $103ca - reset!!!!
Stack Trace: number of calls: 5 PC: $103ca
  watchdog_reboot (packetbuf.c) called from PC: $24c30 (elapsed: 5)
  restart_time_synchronisation (packetbuf.c) called from PC: $159f2 (elapsed: 30452)
  process_thread_foure_timesynch_process (local in 4emac-timesynch.c) called from PC: $12738 (elapsed: 1425131)
  call_process (local in process.c) called from PC: $1291c (elapsed: 1425168)
  process_run (packetbuf.c) called from PC: $05edc (elapsed: 1428349)
 WARN [Thread-2] (MspMote.java:229) - 7: # Watchdog[EXECUTION]: illegal write to WDTCTL (0) from $103ca - reset!!!!
Watchdog: illegal write to WDTCTL (0) from $103ca - reset!!!!
Stack Trace: number of calls: 5 PC: $103ca
  watchdog_reboot (packetbuf.c) called from PC: $24c30 (elapsed: 5)
  restart_time_synchronisation (packetbuf.c) called from PC: $159f2 (elapsed: 56121)
  process_thread_foure_timesynch_process (local in 4emac-timesynch.c) called from PC: $12738 (elapsed: 1247230)
  call_process (local in process.c) called from PC: $1291c (elapsed: 1247267)
  process_run (packetbuf.c) called from PC: $05edc (elapsed: 1250259)
 WARN [Thread-2] (MspMote.java:229) - 48: # Watchdog[EXECUTION]: illegal write to WDTCTL (0) from $103ca - reset!!!!
Watchdog: illegal write to WDTCTL (0) from $103ca - reset!!!!
Stack Trace: number of calls: 5 PC: $103ca
  watchdog_reboot (packetbuf.c) called from PC: $24c30 (elapsed: 5)
  restart_time_synchronisation (packetbuf.c) called from PC: $159f2 (elapsed: 30452)
  process_thread_foure_timesynch_process (local in 4emac-timesynch.c) called from PC: $12738 (elapsed: 777384)
  call_process (local in process.c) called from PC: $1291c (elapsed: 777421)
  process_run (packetbuf.c) called from PC: $05edc (elapsed: 780600)
 WARN [Thread-2] (MspMote.java:229) - 38: # Watchdog[EXECUTION]: illegal write to WDTCTL (0) from $103ca - reset!!!!
 INFO [Thread-2] (LogScriptEngine.java:389) - Test script at 70.00%, done in 3128.6 sec
Watchdog: illegal write to WDTCTL (0) from $103ca - reset!!!!
Stack Trace: number of calls: 5 PC: $103ca
  watchdog_reboot (packetbuf.c) called from PC: $24c30 (elapsed: 5)
  restart_time_synchronisation (packetbuf.c) called from PC: $159f2 (elapsed: 30525)
  process_thread_foure_timesynch_process (local in 4emac-timesynch.c) called from PC: $12738 (elapsed: 830927)
  call_process (local in process.c) called from PC: $1291c (elapsed: 830964)
  process_run (packetbuf.c) called from PC: $05edc (elapsed: 834201)
 WARN [Thread-2] (MspMote.java:229) - 60: # Watchdog[EXECUTION]: illegal write to WDTCTL (0) from $103ca - reset!!!!
Watchdog: illegal write to WDTCTL (0) from $103ca - reset!!!!
Stack Trace: number of calls: 5 PC: $103ca
  watchdog_reboot (packetbuf.c) called from PC: $24c30 (elapsed: 5)
  restart_time_synchronisation (packetbuf.c) called from PC: $159f2 (elapsed: 30452)
  process_thread_foure_timesynch_process (local in 4emac-timesynch.c) called from PC: $12738 (elapsed: 1161763)
  call_process (local in process.c) called from PC: $1291c (elapsed: 1161800)
  process_run (packetbuf.c) called from PC: $05edc (elapsed: 1166008)
 WARN [Thread-2] (MspMote.java:229) - 40: # Watchdog[EXECUTION]: illegal write to WDTCTL (0) from $103ca - reset!!!!
Watchdog: illegal write to WDTCTL (0) from $103ca - reset!!!!
Stack Trace: number of calls: 11 PC: $103ca
  watchdog_reboot (packetbuf.c) called from PC: $24c30 (elapsed: 5)
  restart_time_synchronisation (packetbuf.c) called from PC: $14eee (elapsed: 31370)
  foure_timesynch_parent_switch_callback (packetbuf.c) called from PC: $1e95c (elapsed: 69452)
  rpl_set_preferred_parent (local in rpl-dag.c) called from PC: $1ef8c (elapsed: 164793)
  rpl_nullify_parent (packetbuf.c) called from PC: $1fc26 (elapsed: 391022)
  rpl_process_parent_event (packetbuf.c) called from PC: $1fcbe (elapsed: 491772)
  rpl_recalculate_ranks (packetbuf.c) called from PC: $23726 (elapsed: 495118)
  handle_periodic_timer (local in rpl-timers.c) called from PC: $1219c (elapsed: 495470)
  process_thread_ctimer_process (local in ctimer.c) called from PC: $12738 (elapsed: 495695)
  call_process (local in process.c) called from PC: $1291c (elapsed: 495732)
  process_run (packetbuf.c) called from PC: $05edc (elapsed: 498647)
 WARN [Thread-2] (MspMote.java:229) - 54: # Watchdog[EXECUTION]: illegal write to WDTCTL (0) from $103ca - reset!!!!
Watchdog: illegal write to WDTCTL (0) from $103ca - reset!!!!
Stack Trace: number of calls: 5 PC: $103ca
  watchdog_reboot (packetbuf.c) called from PC: $24c30 (elapsed: 5)
  restart_time_synchronisation (packetbuf.c) called from PC: $159f2 (elapsed: 30452)
  process_thread_foure_timesynch_process (local in 4emac-timesynch.c) called from PC: $12738 (elapsed: 503927)
  call_process (local in process.c) called from PC: $1291c (elapsed: 503964)
  process_run (packetbuf.c) called from PC: $05edc (elapsed: 506877)
 WARN [Thread-2] (MspMote.java:229) - 10: # Watchdog[EXECUTION]: illegal write to WDTCTL (0) from $103ca - reset!!!!
Watchdog: illegal write to WDTCTL (0) from $103ca - reset!!!!
Stack Trace: number of calls: 5 PC: $103ca
  watchdog_reboot (packetbuf.c) called from PC: $24c30 (elapsed: 5)
  restart_time_synchronisation (packetbuf.c) called from PC: $159f2 (elapsed: 30561)
  process_thread_foure_timesynch_process (local in 4emac-timesynch.c) called from PC: $12738 (elapsed: 953776)
  call_process (local in process.c) called from PC: $1291c (elapsed: 953813)
  process_run (packetbuf.c) called from PC: $05edc (elapsed: 956888)
 WARN [Thread-2] (MspMote.java:229) - 49: # Watchdog[EXECUTION]: illegal write to WDTCTL (0) from $103ca - reset!!!!
Watchdog: illegal write to WDTCTL (0) from $103ca - reset!!!!
Stack Trace: number of calls: 5 PC: $103ca
  watchdog_reboot (packetbuf.c) called from PC: $24c30 (elapsed: 5)
  restart_time_synchronisation (packetbuf.c) called from PC: $159f2 (elapsed: 30452)
  process_thread_foure_timesynch_process (local in 4emac-timesynch.c) called from PC: $12738 (elapsed: 1112856)
  call_process (local in process.c) called from PC: $1291c (elapsed: 1112893)
  process_run (packetbuf.c) called from PC: $05edc (elapsed: 1116126)
 WARN [Thread-2] (MspMote.java:229) - 16: # Watchdog[EXECUTION]: illegal write to WDTCTL (0) from $103ca - reset!!!!
Watchdog: illegal write to WDTCTL (0) from $103ca - reset!!!!
Stack Trace: number of calls: 5 PC: $103ca
  watchdog_reboot (packetbuf.c) called from PC: $24c30 (elapsed: 5)
  restart_time_synchronisation (packetbuf.c) called from PC: $159f2 (elapsed: 31365)
  process_thread_foure_timesynch_process (local in 4emac-timesynch.c) called from PC: $12738 (elapsed: 185537)
  call_process (local in process.c) called from PC: $1291c (elapsed: 185574)
  process_run (packetbuf.c) called from PC: $05edc (elapsed: 188907)
 WARN [Thread-2] (MspMote.java:229) - 43: # Watchdog[EXECUTION]: illegal write to WDTCTL (0) from $103ca - reset!!!!
Watchdog: illegal write to WDTCTL (0) from $103ca - reset!!!!
Stack Trace: number of calls: 5 PC: $103ca
  watchdog_reboot (packetbuf.c) called from PC: $24c30 (elapsed: 5)
  restart_time_synchronisation (packetbuf.c) called from PC: $159f2 (elapsed: 30452)
  process_thread_foure_timesynch_process (local in 4emac-timesynch.c) called from PC: $12738 (elapsed: 849757)
  call_process (local in process.c) called from PC: $1291c (elapsed: 849794)
  process_run (packetbuf.c) called from PC: $05edc (elapsed: 852869)
 WARN [Thread-2] (MspMote.java:229) - 2: # Watchdog[EXECUTION]: illegal write to WDTCTL (0) from $103ca - reset!!!!
Watchdog: illegal write to WDTCTL (0) from $103ca - reset!!!!
Stack Trace: number of calls: 5 PC: $103ca
  watchdog_reboot (packetbuf.c) called from PC: $24c30 (elapsed: 5)
  restart_time_synchronisation (packetbuf.c) called from PC: $159f2 (elapsed: 30447)
  process_thread_foure_timesynch_process (local in 4emac-timesynch.c) called from PC: $12738 (elapsed: 948800)
  call_process (local in process.c) called from PC: $1291c (elapsed: 948837)
  process_run (packetbuf.c) called from PC: $05edc (elapsed: 951912)
 WARN [Thread-2] (MspMote.java:229) - 53: # Watchdog[EXECUTION]: illegal write to WDTCTL (0) from $103ca - reset!!!!
Watchdog: illegal write to WDTCTL (0) from $103ca - reset!!!!
Stack Trace: number of calls: 5 PC: $103ca
  watchdog_reboot (packetbuf.c) called from PC: $24c30 (elapsed: 5)
  restart_time_synchronisation (packetbuf.c) called from PC: $159f2 (elapsed: 33689)
  process_thread_foure_timesynch_process (local in 4emac-timesynch.c) called from PC: $12738 (elapsed: 508805)
  call_process (local in process.c) called from PC: $1291c (elapsed: 508842)
  process_run (packetbuf.c) called from PC: $05edc (elapsed: 511834)
 WARN [Thread-2] (MspMote.java:229) - 26: # Watchdog[EXECUTION]: illegal write to WDTCTL (0) from $103ca - reset!!!!
Watchdog: illegal write to WDTCTL (0) from $103ca - reset!!!!
Stack Trace: number of calls: 5 PC: $103ca
  watchdog_reboot (packetbuf.c) called from PC: $24c30 (elapsed: 5)
  restart_time_synchronisation (packetbuf.c) called from PC: $159f2 (elapsed: 30651)
  process_thread_foure_timesynch_process (local in 4emac-timesynch.c) called from PC: $12738 (elapsed: 504354)
  call_process (local in process.c) called from PC: $1291c (elapsed: 504391)
  process_run (packetbuf.c) called from PC: $05edc (elapsed: 507306)
 WARN [Thread-2] (MspMote.java:229) - 8: # Watchdog[EXECUTION]: illegal write to WDTCTL (0) from $103ca - reset!!!!
Watchdog: illegal write to WDTCTL (0) from $103ca - reset!!!!
Stack Trace: number of calls: 5 PC: $103ca
  watchdog_reboot (packetbuf.c) called from PC: $24c30 (elapsed: 5)
  restart_time_synchronisation (packetbuf.c) called from PC: $159f2 (elapsed: 30447)
  process_thread_foure_timesynch_process (local in 4emac-timesynch.c) called from PC: $12738 (elapsed: 505848)
  call_process (local in process.c) called from PC: $1291c (elapsed: 505885)
  process_run (packetbuf.c) called from PC: $05edc (elapsed: 508805)
 WARN [Thread-2] (MspMote.java:229) - 3: # Watchdog[EXECUTION]: illegal write to WDTCTL (0) from $103ca - reset!!!!
Watchdog: illegal write to WDTCTL (0) from $103ca - reset!!!!
Stack Trace: number of calls: 5 PC: $103ca
  watchdog_reboot (packetbuf.c) called from PC: $24c30 (elapsed: 5)
  restart_time_synchronisation (packetbuf.c) called from PC: $159f2 (elapsed: 30452)
  process_thread_foure_timesynch_process (local in 4emac-timesynch.c) called from PC: $12738 (elapsed: 668608)
  call_process (local in process.c) called from PC: $1291c (elapsed: 668645)
  process_run (packetbuf.c) called from PC: $05edc (elapsed: 671824)
 WARN [Thread-2] (MspMote.java:229) - 28: # Watchdog[EXECUTION]: illegal write to WDTCTL (0) from $103ca - reset!!!!
Watchdog: illegal write to WDTCTL (0) from $103ca - reset!!!!
Stack Trace: number of calls: 5 PC: $103ca
  watchdog_reboot (packetbuf.c) called from PC: $24c30 (elapsed: 5)
  restart_time_synchronisation (packetbuf.c) called from PC: $159f2 (elapsed: 30477)
  process_thread_foure_timesynch_process (local in 4emac-timesynch.c) called from PC: $12738 (elapsed: 505155)
  call_process (local in process.c) called from PC: $1291c (elapsed: 505192)
  process_run (packetbuf.c) called from PC: $05edc (elapsed: 508427)
 WARN [Thread-2] (MspMote.java:229) - 1: # Watchdog[EXECUTION]: illegal write to WDTCTL (0) from $103ca - reset!!!!
Watchdog: illegal write to WDTCTL (0) from $103ca - reset!!!!
Stack Trace: number of calls: 5 PC: $103ca
  watchdog_reboot (packetbuf.c) called from PC: $24c30 (elapsed: 5)
  restart_time_synchronisation (packetbuf.c) called from PC: $159f2 (elapsed: 30452)
  process_thread_foure_timesynch_process (local in 4emac-timesynch.c) called from PC: $12738 (elapsed: 671711)
  call_process (local in process.c) called from PC: $1291c (elapsed: 671748)
  process_run (packetbuf.c) called from PC: $05edc (elapsed: 674744)
 WARN [Thread-2] (MspMote.java:229) - 14: # Watchdog[EXECUTION]: illegal write to WDTCTL (0) from $103ca - reset!!!!
Watchdog: illegal write to WDTCTL (0) from $103ca - reset!!!!
Stack Trace: number of calls: 5 PC: $103ca
  watchdog_reboot (packetbuf.c) called from PC: $24c30 (elapsed: 5)
  restart_time_synchronisation (packetbuf.c) called from PC: $159f2 (elapsed: 30447)
  process_thread_foure_timesynch_process (local in 4emac-timesynch.c) called from PC: $12738 (elapsed: 950325)
  call_process (local in process.c) called from PC: $1291c (elapsed: 950362)
  process_run (packetbuf.c) called from PC: $05edc (elapsed: 953196)
 WARN [Thread-2] (MspMote.java:229) - 58: # Watchdog[EXECUTION]: illegal write to WDTCTL (0) from $103ca - reset!!!!
Watchdog: illegal write to WDTCTL (0) from $103ca - reset!!!!
Stack Trace: number of calls: 5 PC: $103ca
  watchdog_reboot (packetbuf.c) called from PC: $24c30 (elapsed: 5)
  restart_time_synchronisation (packetbuf.c) called from PC: $159f2 (elapsed: 30453)
  process_thread_foure_timesynch_process (local in 4emac-timesynch.c) called from PC: $12738 (elapsed: 1224521)
  call_process (local in process.c) called from PC: $1291c (elapsed: 1224558)
  process_run (packetbuf.c) called from PC: $05edc (elapsed: 1227480)
 WARN [Thread-2] (MspMote.java:229) - 13: # Watchdog[EXECUTION]: illegal write to WDTCTL (0) from $103ca - reset!!!!
Watchdog: illegal write to WDTCTL (0) from $103ca - reset!!!!
Stack Trace: number of calls: 5 PC: $103ca
  watchdog_reboot (packetbuf.c) called from PC: $24c30 (elapsed: 5)
  restart_time_synchronisation (packetbuf.c) called from PC: $159f2 (elapsed: 30452)
  process_thread_foure_timesynch_process (local in 4emac-timesynch.c) called from PC: $12738 (elapsed: 1233173)
  call_process (local in process.c) called from PC: $1291c (elapsed: 1233210)
  process_run (packetbuf.c) called from PC: $05edc (elapsed: 1236497)
 WARN [Thread-2] (MspMote.java:229) - 52: # Watchdog[EXECUTION]: illegal write to WDTCTL (0) from $103ca - reset!!!!
Watchdog: illegal write to WDTCTL (0) from $103ca - reset!!!!
Stack Trace: number of calls: 5 PC: $103ca
  watchdog_reboot (packetbuf.c) called from PC: $24c30 (elapsed: 5)
  restart_time_synchronisation (packetbuf.c) called from PC: $159f2 (elapsed: 30453)
  process_thread_foure_timesynch_process (local in 4emac-timesynch.c) called from PC: $12738 (elapsed: 1056911)
  call_process (local in process.c) called from PC: $1291c (elapsed: 1056948)
  process_run (packetbuf.c) called from PC: $05edc (elapsed: 1108595)
 WARN [Thread-2] (MspMote.java:229) - 41: # Watchdog[EXECUTION]: illegal write to WDTCTL (0) from $103ca - reset!!!!
Watchdog: illegal write to WDTCTL (0) from $103ca - reset!!!!
Stack Trace: number of calls: 5 PC: $103ca
  watchdog_reboot (packetbuf.c) called from PC: $24c30 (elapsed: 5)
  restart_time_synchronisation (packetbuf.c) called from PC: $159f2 (elapsed: 30447)
  process_thread_foure_timesynch_process (local in 4emac-timesynch.c) called from PC: $12738 (elapsed: 1261959)
  call_process (local in process.c) called from PC: $1291c (elapsed: 1261996)
  process_run (packetbuf.c) called from PC: $05edc (elapsed: 1264828)
 WARN [Thread-2] (MspMote.java:229) - 29: # Watchdog[EXECUTION]: illegal write to WDTCTL (0) from $103ca - reset!!!!
Watchdog: illegal write to WDTCTL (0) from $103ca - reset!!!!
Stack Trace: number of calls: 5 PC: $103ca
  watchdog_reboot (packetbuf.c) called from PC: $24c30 (elapsed: 5)
  restart_time_synchronisation (packetbuf.c) called from PC: $159f2 (elapsed: 30447)
  process_thread_foure_timesynch_process (local in 4emac-timesynch.c) called from PC: $12738 (elapsed: 954940)
  call_process (local in process.c) called from PC: $1291c (elapsed: 954977)
  process_run (packetbuf.c) called from PC: $05edc (elapsed: 958052)
 WARN [Thread-2] (MspMote.java:229) - 20: # Watchdog[EXECUTION]: illegal write to WDTCTL (0) from $103ca - reset!!!!
Watchdog: illegal write to WDTCTL (0) from $103ca - reset!!!!
Stack Trace: number of calls: 5 PC: $103ca
  watchdog_reboot (packetbuf.c) called from PC: $24c30 (elapsed: 5)
  restart_time_synchronisation (packetbuf.c) called from PC: $159f2 (elapsed: 30452)
  process_thread_foure_timesynch_process (local in 4emac-timesynch.c) called from PC: $12738 (elapsed: 533022)
  call_process (local in process.c) called from PC: $1291c (elapsed: 533059)
  process_run (packetbuf.c) called from PC: $05edc (elapsed: 536053)
 WARN [Thread-2] (MspMote.java:229) - 7: # Watchdog[EXECUTION]: illegal write to WDTCTL (0) from $103ca - reset!!!!
Watchdog: illegal write to WDTCTL (0) from $103ca - reset!!!!
Stack Trace: number of calls: 5 PC: $103ca
  watchdog_reboot (packetbuf.c) called from PC: $24c30 (elapsed: 5)
  restart_time_synchronisation (packetbuf.c) called from PC: $159f2 (elapsed: 30452)
  process_thread_foure_timesynch_process (local in 4emac-timesynch.c) called from PC: $12738 (elapsed: 672875)
  call_process (local in process.c) called from PC: $1291c (elapsed: 672912)
  process_run (packetbuf.c) called from PC: $05edc (elapsed: 675906)
 WARN [Thread-2] (MspMote.java:229) - 15: # Watchdog[EXECUTION]: illegal write to WDTCTL (0) from $103ca - reset!!!!
Watchdog: illegal write to WDTCTL (0) from $103ca - reset!!!!
Stack Trace: number of calls: 5 PC: $103ca
  watchdog_reboot (packetbuf.c) called from PC: $24c30 (elapsed: 5)
  restart_time_synchronisation (packetbuf.c) called from PC: $159f2 (elapsed: 30452)
  process_thread_foure_timesynch_process (local in 4emac-timesynch.c) called from PC: $12738 (elapsed: 1282477)
  call_process (local in process.c) called from PC: $1291c (elapsed: 1282514)
  process_run (packetbuf.c) called from PC: $05edc (elapsed: 1285589)
 WARN [Thread-2] (MspMote.java:229) - 21: # Watchdog[EXECUTION]: illegal write to WDTCTL (0) from $103ca - reset!!!!
Watchdog: illegal write to WDTCTL (0) from $103ca - reset!!!!
Stack Trace: number of calls: 5 PC: $103ca
  watchdog_reboot (packetbuf.c) called from PC: $24c30 (elapsed: 5)
  restart_time_synchronisation (packetbuf.c) called from PC: $159f2 (elapsed: 30453)
  process_thread_foure_timesynch_process (local in 4emac-timesynch.c) called from PC: $12738 (elapsed: 1254414)
  call_process (local in process.c) called from PC: $1291c (elapsed: 1254451)
  process_run (packetbuf.c) called from PC: $05edc (elapsed: 1257633)
 WARN [Thread-2] (MspMote.java:229) - 50: # Watchdog[EXECUTION]: illegal write to WDTCTL (0) from $103ca - reset!!!!
Watchdog: illegal write to WDTCTL (0) from $103ca - reset!!!!
Stack Trace: number of calls: 5 PC: $103ca
  watchdog_reboot (packetbuf.c) called from PC: $24c30 (elapsed: 5)
  restart_time_synchronisation (packetbuf.c) called from PC: $159f2 (elapsed: 30452)
  process_thread_foure_timesynch_process (local in 4emac-timesynch.c) called from PC: $12738 (elapsed: 639945)
  call_process (local in process.c) called from PC: $1291c (elapsed: 639982)
  process_run (packetbuf.c) called from PC: $05edc (elapsed: 642816)
 WARN [Thread-2] (MspMote.java:229) - 33: # Watchdog[EXECUTION]: illegal write to WDTCTL (0) from $103ca - reset!!!!
Watchdog: illegal write to WDTCTL (0) from $103ca - reset!!!!
Stack Trace: number of calls: 5 PC: $103ca
  watchdog_reboot (packetbuf.c) called from PC: $24c30 (elapsed: 5)
  restart_time_synchronisation (packetbuf.c) called from PC: $159f2 (elapsed: 30453)
  process_thread_foure_timesynch_process (local in 4emac-timesynch.c) called from PC: $12738 (elapsed: 643664)
  call_process (local in process.c) called from PC: $1291c (elapsed: 643701)
  process_run (packetbuf.c) called from PC: $05edc (elapsed: 646963)
 WARN [Thread-2] (MspMote.java:229) - 12: # Watchdog[EXECUTION]: illegal write to WDTCTL (0) from $103ca - reset!!!!
Watchdog: illegal write to WDTCTL (0) from $103ca - reset!!!!
Stack Trace: number of calls: 5 PC: $103ca
  watchdog_reboot (packetbuf.c) called from PC: $24c30 (elapsed: 5)
  restart_time_synchronisation (packetbuf.c) called from PC: $159f2 (elapsed: 30452)
  process_thread_foure_timesynch_process (local in 4emac-timesynch.c) called from PC: $12738 (elapsed: 1231626)
  call_process (local in process.c) called from PC: $1291c (elapsed: 1231663)
  process_run (packetbuf.c) called from PC: $05edc (elapsed: 1234768)
 WARN [Thread-2] (MspMote.java:229) - 45: # Watchdog[EXECUTION]: illegal write to WDTCTL (0) from $103ca - reset!!!!
Watchdog: illegal write to WDTCTL (0) from $103ca - reset!!!!
Stack Trace: number of calls: 5 PC: $103ca
  watchdog_reboot (packetbuf.c) called from PC: $24c30 (elapsed: 5)
  restart_time_synchronisation (packetbuf.c) called from PC: $159f2 (elapsed: 30452)
  process_thread_foure_timesynch_process (local in 4emac-timesynch.c) called from PC: $12738 (elapsed: 1229615)
  call_process (local in process.c) called from PC: $1291c (elapsed: 1229652)
  process_run (packetbuf.c) called from PC: $05edc (elapsed: 1232886)
 WARN [Thread-2] (MspMote.java:229) - 18: # Watchdog[EXECUTION]: illegal write to WDTCTL (0) from $103ca - reset!!!!
Watchdog: illegal write to WDTCTL (0) from $103ca - reset!!!!
Stack Trace: number of calls: 5 PC: $103ca
  watchdog_reboot (packetbuf.c) called from PC: $24c30 (elapsed: 5)
  restart_time_synchronisation (packetbuf.c) called from PC: $159f2 (elapsed: 31365)
  process_thread_foure_timesynch_process (local in 4emac-timesynch.c) called from PC: $12738 (elapsed: 185695)
  call_process (local in process.c) called from PC: $1291c (elapsed: 185732)
  process_run (packetbuf.c) called from PC: $05edc (elapsed: 188901)
 WARN [Thread-2] (MspMote.java:229) - 11: # Watchdog[EXECUTION]: illegal write to WDTCTL (0) from $103ca - reset!!!!
Watchdog: illegal write to WDTCTL (0) from $103ca - reset!!!!
Stack Trace: number of calls: 5 PC: $103ca
  watchdog_reboot (packetbuf.c) called from PC: $24c30 (elapsed: 5)
  restart_time_synchronisation (packetbuf.c) called from PC: $159f2 (elapsed: 30453)
  process_thread_foure_timesynch_process (local in 4emac-timesynch.c) called from PC: $12738 (elapsed: 504397)
  call_process (local in process.c) called from PC: $1291c (elapsed: 504434)
  process_run (packetbuf.c) called from PC: $05edc (elapsed: 507435)
 WARN [Thread-2] (MspMote.java:229) - 44: # Watchdog[EXECUTION]: illegal write to WDTCTL (0) from $103ca - reset!!!!
Watchdog: illegal write to WDTCTL (0) from $103ca - reset!!!!
Stack Trace: number of calls: 5 PC: $103ca
  watchdog_reboot (packetbuf.c) called from PC: $24c30 (elapsed: 5)
  restart_time_synchronisation (packetbuf.c) called from PC: $159f2 (elapsed: 30452)
  process_thread_foure_timesynch_process (local in 4emac-timesynch.c) called from PC: $12738 (elapsed: 1291770)
  call_process (local in process.c) called from PC: $1291c (elapsed: 1291807)
  process_run (packetbuf.c) called from PC: $05edc (elapsed: 1294918)
 WARN [Thread-2] (MspMote.java:229) - 31: # Watchdog[EXECUTION]: illegal write to WDTCTL (0) from $103ca - reset!!!!
Watchdog: illegal write to WDTCTL (0) from $103ca - reset!!!!
Stack Trace: number of calls: 5 PC: $103ca
  watchdog_reboot (packetbuf.c) called from PC: $24c30 (elapsed: 5)
  restart_time_synchronisation (packetbuf.c) called from PC: $159f2 (elapsed: 30452)
  process_thread_foure_timesynch_process (local in 4emac-timesynch.c) called from PC: $12738 (elapsed: 834683)
  call_process (local in process.c) called from PC: $1291c (elapsed: 834720)
  process_run (packetbuf.c) called from PC: $05edc (elapsed: 837723)
 WARN [Thread-2] (MspMote.java:229) - 39: # Watchdog[EXECUTION]: illegal write to WDTCTL (0) from $103ca - reset!!!!
 INFO [Thread-2] (LogScriptEngine.java:389) - Test script at 75.00%, done in 2555.0 sec
Watchdog: illegal write to WDTCTL (0) from $103ca - reset!!!!
Stack Trace: number of calls: 5 PC: $103ca
  watchdog_reboot (packetbuf.c) called from PC: $24c30 (elapsed: 5)
  restart_time_synchronisation (packetbuf.c) called from PC: $159f2 (elapsed: 30452)
  process_thread_foure_timesynch_process (local in 4emac-timesynch.c) called from PC: $12738 (elapsed: 534681)
  call_process (local in process.c) called from PC: $1291c (elapsed: 534718)
  process_run (packetbuf.c) called from PC: $05edc (elapsed: 537719)
 WARN [Thread-2] (MspMote.java:229) - 23: # Watchdog[EXECUTION]: illegal write to WDTCTL (0) from $103ca - reset!!!!
Watchdog: illegal write to WDTCTL (0) from $103ca - reset!!!!
Stack Trace: number of calls: 5 PC: $103ca
  watchdog_reboot (packetbuf.c) called from PC: $24c30 (elapsed: 5)
  restart_time_synchronisation (packetbuf.c) called from PC: $159f2 (elapsed: 30651)
  process_thread_foure_timesynch_process (local in 4emac-timesynch.c) called from PC: $12738 (elapsed: 1088941)
  call_process (local in process.c) called from PC: $1291c (elapsed: 1088978)
  process_run (packetbuf.c) called from PC: $05edc (elapsed: 1091972)
 WARN [Thread-2] (MspMote.java:229) - 43: # Watchdog[EXECUTION]: illegal write to WDTCTL (0) from $103ca - reset!!!!
Watchdog: illegal write to WDTCTL (0) from $103ca - reset!!!!
Stack Trace: number of calls: 5 PC: $103ca
  watchdog_reboot (packetbuf.c) called from PC: $24c30 (elapsed: 5)
  restart_time_synchronisation (packetbuf.c) called from PC: $159f2 (elapsed: 30453)
  process_thread_foure_timesynch_process (local in 4emac-timesynch.c) called from PC: $12738 (elapsed: 1146072)
  call_process (local in process.c) called from PC: $1291c (elapsed: 1146109)
  process_run (packetbuf.c) called from PC: $05edc (elapsed: 1149182)
 WARN [Thread-2] (MspMote.java:229) - 26: # Watchdog[EXECUTION]: illegal write to WDTCTL (0) from $103ca - reset!!!!
Watchdog: illegal write to WDTCTL (0) from $103ca - reset!!!!
Stack Trace: number of calls: 5 PC: $103ca
  watchdog_reboot (packetbuf.c) called from PC: $24c30 (elapsed: 5)
  restart_time_synchronisation (packetbuf.c) called from PC: $159f2 (elapsed: 30452)
  process_thread_foure_timesynch_process (local in 4emac-timesynch.c) called from PC: $12738 (elapsed: 810402)
  call_process (local in process.c) called from PC: $1291c (elapsed: 810439)
  process_run (packetbuf.c) called from PC: $05edc (elapsed: 813668)
 WARN [Thread-2] (MspMote.java:229) - 42: # Watchdog[EXECUTION]: illegal write to WDTCTL (0) from $103ca - reset!!!!
Watchdog: illegal write to WDTCTL (0) from $103ca - reset!!!!
Stack Trace: number of calls: 5 PC: $103ca
  watchdog_reboot (packetbuf.c) called from PC: $24c30 (elapsed: 5)
  restart_time_synchronisation (packetbuf.c) called from PC: $159f2 (elapsed: 30453)
  process_thread_foure_timesynch_process (local in 4emac-timesynch.c) called from PC: $12738 (elapsed: 1129626)
  call_process (local in process.c) called from PC: $1291c (elapsed: 1129663)
  process_run (packetbuf.c) called from PC: $05edc (elapsed: 1132657)
 WARN [Thread-2] (MspMote.java:229) - 38: # Watchdog[EXECUTION]: illegal write to WDTCTL (0) from $103ca - reset!!!!
Watchdog: illegal write to WDTCTL (0) from $103ca - reset!!!!
Stack Trace: number of calls: 5 PC: $103ca
  watchdog_reboot (packetbuf.c) called from PC: $24c30 (elapsed: 5)
  restart_time_synchronisation (packetbuf.c) called from PC: $159f2 (elapsed: 30452)
  process_thread_foure_timesynch_process (local in 4emac-timesynch.c) called from PC: $12738 (elapsed: 807383)
  call_process (local in process.c) called from PC: $1291c (elapsed: 807420)
  process_run (packetbuf.c) called from PC: $05edc (elapsed: 810414)
 WARN [Thread-2] (MspMote.java:229) - 54: # Watchdog[EXECUTION]: illegal write to WDTCTL (0) from $103ca - reset!!!!
Watchdog: illegal write to WDTCTL (0) from $103ca - reset!!!!
Stack Trace: number of calls: 5 PC: $103ca
  watchdog_reboot (packetbuf.c) called from PC: $24c30 (elapsed: 5)
  restart_time_synchronisation (packetbuf.c) called from PC: $159f2 (elapsed: 30452)
  process_thread_foure_timesynch_process (local in 4emac-timesynch.c) called from PC: $12738 (elapsed: 1363025)
  call_process (local in process.c) called from PC: $1291c (elapsed: 1363062)
  process_run (packetbuf.c) called from PC: $05edc (elapsed: 1366223)
 WARN [Thread-2] (MspMote.java:229) - 22: # Watchdog[EXECUTION]: illegal write to WDTCTL (0) from $103ca - reset!!!!
Watchdog: illegal write to WDTCTL (0) from $103ca - reset!!!!
Stack Trace: number of calls: 5 PC: $103ca
  watchdog_reboot (packetbuf.c) called from PC: $24c30 (elapsed: 5)
  restart_time_synchronisation (packetbuf.c) called from PC: $159f2 (elapsed: 30447)
  process_thread_foure_timesynch_process (local in 4emac-timesynch.c) called from PC: $12738 (elapsed: 1086164)
  call_process (local in process.c) called from PC: $1291c (elapsed: 1086201)
  process_run (packetbuf.c) called from PC: $05edc (elapsed: 1089114)
 WARN [Thread-2] (MspMote.java:229) - 56: # Watchdog[EXECUTION]: illegal write to WDTCTL (0) from $103ca - reset!!!!
Watchdog: illegal write to WDTCTL (0) from $103ca - reset!!!!
Stack Trace: number of calls: 5 PC: $103ca
  watchdog_reboot (packetbuf.c) called from PC: $24c30 (elapsed: 5)
  restart_time_synchronisation (packetbuf.c) called from PC: $159f2 (elapsed: 30447)
  process_thread_foure_timesynch_process (local in 4emac-timesynch.c) called from PC: $12738 (elapsed: 1142907)
  call_process (local in process.c) called from PC: $1291c (elapsed: 1142944)
  process_run (packetbuf.c) called from PC: $05edc (elapsed: 1146013)
 WARN [Thread-2] (MspMote.java:229) - 40: # Watchdog[EXECUTION]: illegal write to WDTCTL (0) from $103ca - reset!!!!
Watchdog: illegal write to WDTCTL (0) from $103ca - reset!!!!
Stack Trace: number of calls: 5 PC: $103ca
  watchdog_reboot (packetbuf.c) called from PC: $24c30 (elapsed: 5)
  restart_time_synchronisation (packetbuf.c) called from PC: $159f2 (elapsed: 30453)
  process_thread_foure_timesynch_process (local in 4emac-timesynch.c) called from PC: $12738 (elapsed: 810144)
  call_process (local in process.c) called from PC: $1291c (elapsed: 810181)
  process_run (packetbuf.c) called from PC: $05edc (elapsed: 813335)
 WARN [Thread-2] (MspMote.java:229) - 4: # Watchdog[EXECUTION]: illegal write to WDTCTL (0) from $103ca - reset!!!!
Watchdog: illegal write to WDTCTL (0) from $103ca - reset!!!!
Stack Trace: number of calls: 5 PC: $103ca
  watchdog_reboot (packetbuf.c) called from PC: $24c30 (elapsed: 5)
  restart_time_synchronisation (packetbuf.c) called from PC: $159f2 (elapsed: 30447)
  process_thread_foure_timesynch_process (local in 4emac-timesynch.c) called from PC: $12738 (elapsed: 1262624)
  call_process (local in process.c) called from PC: $1291c (elapsed: 1262661)
  process_run (packetbuf.c) called from PC: $05edc (elapsed: 1265896)
 WARN [Thread-2] (MspMote.java:229) - 47: # Watchdog[EXECUTION]: illegal write to WDTCTL (0) from $103ca - reset!!!!
Watchdog: illegal write to WDTCTL (0) from $103ca - reset!!!!
Stack Trace: number of calls: 5 PC: $103ca
  watchdog_reboot (packetbuf.c) called from PC: $24c30 (elapsed: 5)
  restart_time_synchronisation (packetbuf.c) called from PC: $159f2 (elapsed: 30452)
  process_thread_foure_timesynch_process (local in 4emac-timesynch.c) called from PC: $12738 (elapsed: 841292)
  call_process (local in process.c) called from PC: $1291c (elapsed: 841329)
  process_run (packetbuf.c) called from PC: $05edc (elapsed: 844167)
 WARN [Thread-2] (MspMote.java:229) - 35: # Watchdog[EXECUTION]: illegal write to WDTCTL (0) from $103ca - reset!!!!
Watchdog: illegal write to WDTCTL (0) from $103ca - reset!!!!
Stack Trace: number of calls: 5 PC: $103ca
  watchdog_reboot (packetbuf.c) called from PC: $24c30 (elapsed: 5)
  restart_time_synchronisation (packetbuf.c) called from PC: $159f2 (elapsed: 30453)
  process_thread_foure_timesynch_process (local in 4emac-timesynch.c) called from PC: $12738 (elapsed: 1126274)
  call_process (local in process.c) called from PC: $1291c (elapsed: 1126311)
  process_run (packetbuf.c) called from PC: $05edc (elapsed: 1129303)
 WARN [Thread-2] (MspMote.java:229) - 14: # Watchdog[EXECUTION]: illegal write to WDTCTL (0) from $103ca - reset!!!!
Watchdog: illegal write to WDTCTL (0) from $103ca - reset!!!!
Stack Trace: number of calls: 5 PC: $103ca
  watchdog_reboot (packetbuf.c) called from PC: $24c30 (elapsed: 5)
  restart_time_synchronisation (packetbuf.c) called from PC: $159f2 (elapsed: 30453)
  process_thread_foure_timesynch_process (local in 4emac-timesynch.c) called from PC: $12738 (elapsed: 497798)
  call_process (local in process.c) called from PC: $1291c (elapsed: 497835)
  process_run (packetbuf.c) called from PC: $05edc (elapsed: 500919)
 WARN [Thread-2] (MspMote.java:229) - 27: # Watchdog[EXECUTION]: illegal write to WDTCTL (0) from $103ca - reset!!!!
Watchdog: illegal write to WDTCTL (0) from $103ca - reset!!!!
Stack Trace: number of calls: 5 PC: $103ca
  watchdog_reboot (packetbuf.c) called from PC: $24c30 (elapsed: 5)
  restart_time_synchronisation (packetbuf.c) called from PC: $159f2 (elapsed: 30452)
  process_thread_foure_timesynch_process (local in 4emac-timesynch.c) called from PC: $12738 (elapsed: 806850)
  call_process (local in process.c) called from PC: $1291c (elapsed: 806887)
  process_run (packetbuf.c) called from PC: $05edc (elapsed: 809881)
 WARN [Thread-2] (MspMote.java:229) - 33: # Watchdog[EXECUTION]: illegal write to WDTCTL (0) from $103ca - reset!!!!
Watchdog: illegal write to WDTCTL (0) from $103ca - reset!!!!
Stack Trace: number of calls: 5 PC: $103ca
  watchdog_reboot (packetbuf.c) called from PC: $24c30 (elapsed: 5)
  restart_time_synchronisation (packetbuf.c) called from PC: $159f2 (elapsed: 30453)
  process_thread_foure_timesynch_process (local in 4emac-timesynch.c) called from PC: $12738 (elapsed: 1133316)
  call_process (local in process.c) called from PC: $1291c (elapsed: 1133353)
  process_run (packetbuf.c) called from PC: $05edc (elapsed: 1136908)
 WARN [Thread-2] (MspMote.java:229) - 2: # Watchdog[EXECUTION]: illegal write to WDTCTL (0) from $103ca - reset!!!!
Watchdog: illegal write to WDTCTL (0) from $103ca - reset!!!!
Stack Trace: number of calls: 5 PC: $103ca
  watchdog_reboot (packetbuf.c) called from PC: $24c30 (elapsed: 5)
  restart_time_synchronisation (packetbuf.c) called from PC: $159f2 (elapsed: 30453)
  process_thread_foure_timesynch_process (local in 4emac-timesynch.c) called from PC: $12738 (elapsed: 506441)
  call_process (local in process.c) called from PC: $1291c (elapsed: 506478)
  process_run (packetbuf.c) called from PC: $05edc (elapsed: 510838)
 WARN [Thread-2] (MspMote.java:229) - 55: # Watchdog[EXECUTION]: illegal write to WDTCTL (0) from $103ca - reset!!!!
Watchdog: illegal write to WDTCTL (0) from $103ca - reset!!!!
Stack Trace: number of calls: 5 PC: $103ca
  watchdog_reboot (packetbuf.c) called from PC: $24c30 (elapsed: 5)
  restart_time_synchronisation (packetbuf.c) called from PC: $159f2 (elapsed: 33871)
  process_thread_foure_timesynch_process (local in 4emac-timesynch.c) called from PC: $12738 (elapsed: 1224257)
  call_process (local in process.c) called from PC: $1291c (elapsed: 1224294)
  process_run (packetbuf.c) called from PC: $05edc (elapsed: 1227288)
 WARN [Thread-2] (MspMote.java:229) - 21: # Watchdog[EXECUTION]: illegal write to WDTCTL (0) from $103ca - reset!!!!
Watchdog: illegal write to WDTCTL (0) from $103ca - reset!!!!
Stack Trace: number of calls: 5 PC: $103ca
  watchdog_reboot (packetbuf.c) called from PC: $24c30 (elapsed: 5)
  restart_time_synchronisation (packetbuf.c) called from PC: $159f2 (elapsed: 98402)
  process_thread_foure_timesynch_process (local in 4emac-timesynch.c) called from PC: $12738 (elapsed: 745828)
  call_process (local in process.c) called from PC: $1291c (elapsed: 745865)
  process_run (packetbuf.c) called from PC: $05edc (elapsed: 748967)
 WARN [Thread-2] (MspMote.java:229) - 48: # Watchdog[EXECUTION]: illegal write to WDTCTL (0) from $103ca - reset!!!!
Watchdog: illegal write to WDTCTL (0) from $103ca - reset!!!!
Stack Trace: number of calls: 5 PC: $103ca
  watchdog_reboot (packetbuf.c) called from PC: $24c30 (elapsed: 5)
  restart_time_synchronisation (packetbuf.c) called from PC: $159f2 (elapsed: 30453)
  process_thread_foure_timesynch_process (local in 4emac-timesynch.c) called from PC: $12738 (elapsed: 814216)
  call_process (local in process.c) called from PC: $1291c (elapsed: 814253)
  process_run (packetbuf.c) called from PC: $05edc (elapsed: 817570)
 WARN [Thread-2] (MspMote.java:229) - 6: # Watchdog[EXECUTION]: illegal write to WDTCTL (0) from $103ca - reset!!!!
Watchdog: illegal write to WDTCTL (0) from $103ca - reset!!!!
Stack Trace: number of calls: 5 PC: $103ca
  watchdog_reboot (packetbuf.c) called from PC: $24c30 (elapsed: 5)
  restart_time_synchronisation (packetbuf.c) called from PC: $159f2 (elapsed: 30453)
  process_thread_foure_timesynch_process (local in 4emac-timesynch.c) called from PC: $12738 (elapsed: 1083664)
  call_process (local in process.c) called from PC: $1291c (elapsed: 1083701)
  process_run (packetbuf.c) called from PC: $05edc (elapsed: 1086695)
 WARN [Thread-2] (MspMote.java:229) - 15: # Watchdog[EXECUTION]: illegal write to WDTCTL (0) from $103ca - reset!!!!
Watchdog: illegal write to WDTCTL (0) from $103ca - reset!!!!
Stack Trace: number of calls: 5 PC: $103ca
  watchdog_reboot (packetbuf.c) called from PC: $24c30 (elapsed: 5)
  restart_time_synchronisation (packetbuf.c) called from PC: $159f2 (elapsed: 30465)
  process_thread_foure_timesynch_process (local in 4emac-timesynch.c) called from PC: $12738 (elapsed: 999178)
  call_process (local in process.c) called from PC: $1291c (elapsed: 999215)
  process_run (packetbuf.c) called from PC: $05edc (elapsed: 1002552)
 WARN [Thread-2] (MspMote.java:229) - 16: # Watchdog[EXECUTION]: illegal write to WDTCTL (0) from $103ca - reset!!!!
Watchdog: illegal write to WDTCTL (0) from $103ca - reset!!!!
Stack Trace: number of calls: 5 PC: $103ca
  watchdog_reboot (packetbuf.c) called from PC: $24c30 (elapsed: 5)
  restart_time_synchronisation (packetbuf.c) called from PC: $159f2 (elapsed: 30453)
  process_thread_foure_timesynch_process (local in 4emac-timesynch.c) called from PC: $12738 (elapsed: 1247593)
  call_process (local in process.c) called from PC: $1291c (elapsed: 1247630)
  process_run (packetbuf.c) called from PC: $05edc (elapsed: 1250624)
 WARN [Thread-2] (MspMote.java:229) - 40: # Watchdog[EXECUTION]: illegal write to WDTCTL (0) from $103ca - reset!!!!
Watchdog: illegal write to WDTCTL (0) from $103ca - reset!!!!
Stack Trace: number of calls: 5 PC: $103ca
  watchdog_reboot (packetbuf.c) called from PC: $24c30 (elapsed: 5)
  restart_time_synchronisation (packetbuf.c) called from PC: $159f2 (elapsed: 30447)
  process_thread_foure_timesynch_process (local in 4emac-timesynch.c) called from PC: $12738 (elapsed: 949933)
  call_process (local in process.c) called from PC: $1291c (elapsed: 949970)
  process_run (packetbuf.c) called from PC: $05edc (elapsed: 953261)
 WARN [Thread-2] (MspMote.java:229) - 58: # Watchdog[EXECUTION]: illegal write to WDTCTL (0) from $103ca - reset!!!!
Watchdog: illegal write to WDTCTL (0) from $103ca - reset!!!!
Stack Trace: number of calls: 5 PC: $103ca
  watchdog_reboot (packetbuf.c) called from PC: $24c30 (elapsed: 5)
  restart_time_synchronisation (packetbuf.c) called from PC: $159f2 (elapsed: 30453)
  process_thread_foure_timesynch_process (local in 4emac-timesynch.c) called from PC: $12738 (elapsed: 1131320)
  call_process (local in process.c) called from PC: $1291c (elapsed: 1131357)
  process_run (packetbuf.c) called from PC: $05edc (elapsed: 1136066)
 WARN [Thread-2] (MspMote.java:229) - 12: # Watchdog[EXECUTION]: illegal write to WDTCTL (0) from $103ca - reset!!!!
Watchdog: illegal write to WDTCTL (0) from $103ca - reset!!!!
Stack Trace: number of calls: 5 PC: $103ca
  watchdog_reboot (packetbuf.c) called from PC: $24c30 (elapsed: 5)
  restart_time_synchronisation (packetbuf.c) called from PC: $159f2 (elapsed: 30453)
  process_thread_foure_timesynch_process (local in 4emac-timesynch.c) called from PC: $12738 (elapsed: 1085819)
  call_process (local in process.c) called from PC: $1291c (elapsed: 1085856)
  process_run (packetbuf.c) called from PC: $05edc (elapsed: 1089087)
 WARN [Thread-2] (MspMote.java:229) - 56: # Watchdog[EXECUTION]: illegal write to WDTCTL (0) from $103ca - reset!!!!
 INFO [Thread-2] (LogScriptEngine.java:389) - Test script at 80.00%, done in 2003.8 sec
Watchdog: illegal write to WDTCTL (0) from $103ca - reset!!!!
Stack Trace: number of calls: 5 PC: $103ca
  watchdog_reboot (packetbuf.c) called from PC: $24c30 (elapsed: 5)
  restart_time_synchronisation (packetbuf.c) called from PC: $159f2 (elapsed: 30452)
  process_thread_foure_timesynch_process (local in 4emac-timesynch.c) called from PC: $12738 (elapsed: 1116195)
  call_process (local in process.c) called from PC: $1291c (elapsed: 1116232)
  process_run (packetbuf.c) called from PC: $05edc (elapsed: 1119444)
 WARN [Thread-2] (MspMote.java:229) - 31: # Watchdog[EXECUTION]: illegal write to WDTCTL (0) from $103ca - reset!!!!
Watchdog: illegal write to WDTCTL (0) from $103ca - reset!!!!
Stack Trace: number of calls: 5 PC: $103ca
  watchdog_reboot (packetbuf.c) called from PC: $24c30 (elapsed: 5)
  restart_time_synchronisation (packetbuf.c) called from PC: $159f2 (elapsed: 30453)
  process_thread_foure_timesynch_process (local in 4emac-timesynch.c) called from PC: $12738 (elapsed: 1256660)
  call_process (local in process.c) called from PC: $1291c (elapsed: 1256697)
  process_run (packetbuf.c) called from PC: $05edc (elapsed: 1260631)
 WARN [Thread-2] (MspMote.java:229) - 53: # Watchdog[EXECUTION]: illegal write to WDTCTL (0) from $103ca - reset!!!!
Watchdog: illegal write to WDTCTL (0) from $103ca - reset!!!!
Stack Trace: number of calls: 11 PC: $103ca
  watchdog_reboot (packetbuf.c) called from PC: $24c30 (elapsed: 5)
  restart_time_synchronisation (packetbuf.c) called from PC: $14eee (elapsed: 31370)
  foure_timesynch_parent_switch_callback (packetbuf.c) called from PC: $1e95c (elapsed: 69451)
  rpl_set_preferred_parent (local in rpl-dag.c) called from PC: $1ef8c (elapsed: 162801)
  rpl_nullify_parent (packetbuf.c) called from PC: $1fc26 (elapsed: 410606)
  rpl_process_parent_event (packetbuf.c) called from PC: $1fcbe (elapsed: 508864)
  rpl_recalculate_ranks (packetbuf.c) called from PC: $23726 (elapsed: 511042)
  handle_periodic_timer (local in rpl-timers.c) called from PC: $1219c (elapsed: 511309)
  process_thread_ctimer_process (local in ctimer.c) called from PC: $12738 (elapsed: 511534)
  call_process (local in process.c) called from PC: $1291c (elapsed: 511571)
  process_run (packetbuf.c) called from PC: $05edc (elapsed: 514486)
 WARN [Thread-2] (MspMote.java:229) - 38: # Watchdog[EXECUTION]: illegal write to WDTCTL (0) from $103ca - reset!!!!
Watchdog: illegal write to WDTCTL (0) from $103ca - reset!!!!
Stack Trace: number of calls: 5 PC: $103ca
  watchdog_reboot (packetbuf.c) called from PC: $24c30 (elapsed: 5)
  restart_time_synchronisation (packetbuf.c) called from PC: $159f2 (elapsed: 30447)
  process_thread_foure_timesynch_process (local in 4emac-timesynch.c) called from PC: $12738 (elapsed: 951478)
  call_process (local in process.c) called from PC: $1291c (elapsed: 951515)
  process_run (packetbuf.c) called from PC: $05edc (elapsed: 954665)
 WARN [Thread-2] (MspMote.java:229) - 11: # Watchdog[EXECUTION]: illegal write to WDTCTL (0) from $103ca - reset!!!!
Watchdog: illegal write to WDTCTL (0) from $103ca - reset!!!!
Stack Trace: number of calls: 5 PC: $103ca
  watchdog_reboot (packetbuf.c) called from PC: $24c30 (elapsed: 5)
  restart_time_synchronisation (packetbuf.c) called from PC: $159f2 (elapsed: 30453)
  process_thread_foure_timesynch_process (local in 4emac-timesynch.c) called from PC: $12738 (elapsed: 820604)
  call_process (local in process.c) called from PC: $1291c (elapsed: 820641)
  process_run (packetbuf.c) called from PC: $05edc (elapsed: 823633)
 WARN [Thread-2] (MspMote.java:229) - 2: # Watchdog[EXECUTION]: illegal write to WDTCTL (0) from $103ca - reset!!!!
Watchdog: illegal write to WDTCTL (0) from $103ca - reset!!!!
Stack Trace: number of calls: 5 PC: $103ca
  watchdog_reboot (packetbuf.c) called from PC: $24c30 (elapsed: 5)
  restart_time_synchronisation (packetbuf.c) called from PC: $159f2 (elapsed: 30452)
  process_thread_foure_timesynch_process (local in 4emac-timesynch.c) called from PC: $12738 (elapsed: 1114626)
  call_process (local in process.c) called from PC: $1291c (elapsed: 1114663)
  process_run (packetbuf.c) called from PC: $05edc (elapsed: 1117871)
 WARN [Thread-2] (MspMote.java:229) - 8: # Watchdog[EXECUTION]: illegal write to WDTCTL (0) from $103ca - reset!!!!
Watchdog: illegal write to WDTCTL (0) from $103ca - reset!!!!
Stack Trace: number of calls: 5 PC: $103ca
  watchdog_reboot (packetbuf.c) called from PC: $24c30 (elapsed: 5)
  restart_time_synchronisation (packetbuf.c) called from PC: $159f2 (elapsed: 30453)
  process_thread_foure_timesynch_process (local in 4emac-timesynch.c) called from PC: $12738 (elapsed: 944234)
  call_process (local in process.c) called from PC: $1291c (elapsed: 944271)
  process_run (packetbuf.c) called from PC: $05edc (elapsed: 947345)
 WARN [Thread-2] (MspMote.java:229) - 51: # Watchdog[EXECUTION]: illegal write to WDTCTL (0) from $103ca - reset!!!!
Watchdog: illegal write to WDTCTL (0) from $103ca - reset!!!!
Stack Trace: number of calls: 5 PC: $103ca
  watchdog_reboot (packetbuf.c) called from PC: $24c30 (elapsed: 5)
  restart_time_synchronisation (packetbuf.c) called from PC: $159f2 (elapsed: 30452)
  process_thread_foure_timesynch_process (local in 4emac-timesynch.c) called from PC: $12738 (elapsed: 1219846)
  call_process (local in process.c) called from PC: $1291c (elapsed: 1219883)
  process_run (packetbuf.c) called from PC: $05edc (elapsed: 1223033)
 WARN [Thread-2] (MspMote.java:229) - 35: # Watchdog[EXECUTION]: illegal write to WDTCTL (0) from $103ca - reset!!!!
Watchdog: illegal write to WDTCTL (0) from $103ca - reset!!!!
Stack Trace: number of calls: 5 PC: $103ca
  watchdog_reboot (packetbuf.c) called from PC: $24c30 (elapsed: 5)
  restart_time_synchronisation (packetbuf.c) called from PC: $159f2 (elapsed: 30452)
  process_thread_foure_timesynch_process (local in 4emac-timesynch.c) called from PC: $12738 (elapsed: 1220060)
  call_process (local in process.c) called from PC: $1291c (elapsed: 1220097)
  process_run (packetbuf.c) called from PC: $05edc (elapsed: 1223121)
 WARN [Thread-2] (MspMote.java:229) - 61: # Watchdog[EXECUTION]: illegal write to WDTCTL (0) from $103ca - reset!!!!
Watchdog: illegal write to WDTCTL (0) from $103ca - reset!!!!
Stack Trace: number of calls: 5 PC: $103ca
  watchdog_reboot (packetbuf.c) called from PC: $24c30 (elapsed: 5)
  restart_time_synchronisation (packetbuf.c) called from PC: $159f2 (elapsed: 30452)
  process_thread_foure_timesynch_process (local in 4emac-timesynch.c) called from PC: $12738 (elapsed: 1108870)
  call_process (local in process.c) called from PC: $1291c (elapsed: 1108907)
  process_run (packetbuf.c) called from PC: $05edc (elapsed: 1112088)
 WARN [Thread-2] (MspMote.java:229) - 3: # Watchdog[EXECUTION]: illegal write to WDTCTL (0) from $103ca - reset!!!!
Watchdog: illegal write to WDTCTL (0) from $103ca - reset!!!!
Stack Trace: number of calls: 5 PC: $103ca
  watchdog_reboot (packetbuf.c) called from PC: $24c30 (elapsed: 5)
  restart_time_synchronisation (packetbuf.c) called from PC: $159f2 (elapsed: 30453)
  process_thread_foure_timesynch_process (local in 4emac-timesynch.c) called from PC: $12738 (elapsed: 1251516)
  call_process (local in process.c) called from PC: $1291c (elapsed: 1251553)
  process_run (packetbuf.c) called from PC: $05edc (elapsed: 1254792)
 WARN [Thread-2] (MspMote.java:229) - 14: # Watchdog[EXECUTION]: illegal write to WDTCTL (0) from $103ca - reset!!!!
Watchdog: illegal write to WDTCTL (0) from $103ca - reset!!!!
Stack Trace: number of calls: 5 PC: $103ca
  watchdog_reboot (packetbuf.c) called from PC: $24c30 (elapsed: 5)
  restart_time_synchronisation (packetbuf.c) called from PC: $159f2 (elapsed: 30452)
  process_thread_foure_timesynch_process (local in 4emac-timesynch.c) called from PC: $12738 (elapsed: 1073623)
  call_process (local in process.c) called from PC: $1291c (elapsed: 1073660)
  process_run (packetbuf.c) called from PC: $05edc (elapsed: 1076791)
 WARN [Thread-2] (MspMote.java:229) - 20: # Watchdog[EXECUTION]: illegal write to WDTCTL (0) from $103ca - reset!!!!
Watchdog: illegal write to WDTCTL (0) from $103ca - reset!!!!
Stack Trace: number of calls: 5 PC: $103ca
  watchdog_reboot (packetbuf.c) called from PC: $24c30 (elapsed: 5)
  restart_time_synchronisation (packetbuf.c) called from PC: $159f2 (elapsed: 30452)
  process_thread_foure_timesynch_process (local in 4emac-timesynch.c) called from PC: $12738 (elapsed: 671902)
  call_process (local in process.c) called from PC: $1291c (elapsed: 671939)
  process_run (packetbuf.c) called from PC: $05edc (elapsed: 674771)
 WARN [Thread-2] (MspMote.java:229) - 23: # Watchdog[EXECUTION]: illegal write to WDTCTL (0) from $103ca - reset!!!!
Watchdog: illegal write to WDTCTL (0) from $103ca - reset!!!!
Stack Trace: number of calls: 5 PC: $103ca
  watchdog_reboot (packetbuf.c) called from PC: $24c30 (elapsed: 5)
  restart_time_synchronisation (packetbuf.c) called from PC: $159f2 (elapsed: 30452)
  process_thread_foure_timesynch_process (local in 4emac-timesynch.c) called from PC: $12738 (elapsed: 678381)
  call_process (local in process.c) called from PC: $1291c (elapsed: 678418)
  process_run (packetbuf.c) called from PC: $05edc (elapsed: 681331)
 WARN [Thread-2] (MspMote.java:229) - 49: # Watchdog[EXECUTION]: illegal write to WDTCTL (0) from $103ca - reset!!!!
Watchdog: illegal write to WDTCTL (0) from $103ca - reset!!!!
Stack Trace: number of calls: 5 PC: $103ca
  watchdog_reboot (packetbuf.c) called from PC: $24c30 (elapsed: 5)
  restart_time_synchronisation (packetbuf.c) called from PC: $159f2 (elapsed: 30452)
  process_thread_foure_timesynch_process (local in 4emac-timesynch.c) called from PC: $12738 (elapsed: 980099)
  call_process (local in process.c) called from PC: $1291c (elapsed: 980136)
  process_run (packetbuf.c) called from PC: $05edc (elapsed: 983346)
 WARN [Thread-2] (MspMote.java:229) - 28: # Watchdog[EXECUTION]: illegal write to WDTCTL (0) from $103ca - reset!!!!
Watchdog: illegal write to WDTCTL (0) from $103ca - reset!!!!
Stack Trace: number of calls: 5 PC: $103ca
  watchdog_reboot (packetbuf.c) called from PC: $24c30 (elapsed: 5)
  restart_time_synchronisation (packetbuf.c) called from PC: $159f2 (elapsed: 30452)
  process_thread_foure_timesynch_process (local in 4emac-timesynch.c) called from PC: $12738 (elapsed: 1161653)
  call_process (local in process.c) called from PC: $1291c (elapsed: 1161690)
  process_run (packetbuf.c) called from PC: $05edc (elapsed: 1165008)
 WARN [Thread-2] (MspMote.java:229) - 13: # Watchdog[EXECUTION]: illegal write to WDTCTL (0) from $103ca - reset!!!!
Watchdog: illegal write to WDTCTL (0) from $103ca - reset!!!!
Stack Trace: number of calls: 5 PC: $103ca
  watchdog_reboot (packetbuf.c) called from PC: $24c30 (elapsed: 5)
  restart_time_synchronisation (packetbuf.c) called from PC: $159f2 (elapsed: 30453)
  process_thread_foure_timesynch_process (local in 4emac-timesynch.c) called from PC: $12738 (elapsed: 1004363)
  call_process (local in process.c) called from PC: $1291c (elapsed: 1004400)
  process_run (packetbuf.c) called from PC: $05edc (elapsed: 1007529)
 WARN [Thread-2] (MspMote.java:229) - 42: # Watchdog[EXECUTION]: illegal write to WDTCTL (0) from $103ca - reset!!!!
Watchdog: illegal write to WDTCTL (0) from $103ca - reset!!!!
Stack Trace: number of calls: 5 PC: $103ca
  watchdog_reboot (packetbuf.c) called from PC: $24c30 (elapsed: 5)
  restart_time_synchronisation (packetbuf.c) called from PC: $159f2 (elapsed: 61139)
  process_thread_foure_timesynch_process (local in 4emac-timesynch.c) called from PC: $12738 (elapsed: 980695)
  call_process (local in process.c) called from PC: $1291c (elapsed: 980732)
  process_run (packetbuf.c) called from PC: $05edc (elapsed: 983755)
 WARN [Thread-2] (MspMote.java:229) - 21: # Watchdog[EXECUTION]: illegal write to WDTCTL (0) from $103ca - reset!!!!
Watchdog: illegal write to WDTCTL (0) from $103ca - reset!!!!
Stack Trace: number of calls: 5 PC: $103ca
  watchdog_reboot (packetbuf.c) called from PC: $24c30 (elapsed: 5)
  restart_time_synchronisation (packetbuf.c) called from PC: $159f2 (elapsed: 30452)
  process_thread_foure_timesynch_process (local in 4emac-timesynch.c) called from PC: $12738 (elapsed: 980989)
  call_process (local in process.c) called from PC: $1291c (elapsed: 981026)
  process_run (packetbuf.c) called from PC: $05edc (elapsed: 983939)
 WARN [Thread-2] (MspMote.java:229) - 1: # Watchdog[EXECUTION]: illegal write to WDTCTL (0) from $103ca - reset!!!!
Watchdog: illegal write to WDTCTL (0) from $103ca - reset!!!!
Stack Trace: number of calls: 5 PC: $103ca
  watchdog_reboot (packetbuf.c) called from PC: $24c30 (elapsed: 5)
  restart_time_synchronisation (packetbuf.c) called from PC: $159f2 (elapsed: 30452)
  process_thread_foure_timesynch_process (local in 4emac-timesynch.c) called from PC: $12738 (elapsed: 666343)
  call_process (local in process.c) called from PC: $1291c (elapsed: 666380)
  process_run (packetbuf.c) called from PC: $05edc (elapsed: 669609)
 WARN [Thread-2] (MspMote.java:229) - 40: # Watchdog[EXECUTION]: illegal write to WDTCTL (0) from $103ca - reset!!!!
Watchdog: illegal write to WDTCTL (0) from $103ca - reset!!!!
Stack Trace: number of calls: 5 PC: $103ca
  watchdog_reboot (packetbuf.c) called from PC: $24c30 (elapsed: 5)
  restart_time_synchronisation (packetbuf.c) called from PC: $159f2 (elapsed: 30453)
  process_thread_foure_timesynch_process (local in 4emac-timesynch.c) called from PC: $12738 (elapsed: 945525)
  call_process (local in process.c) called from PC: $1291c (elapsed: 945562)
  process_run (packetbuf.c) called from PC: $05edc (elapsed: 948714)
 WARN [Thread-2] (MspMote.java:229) - 6: # Watchdog[EXECUTION]: illegal write to WDTCTL (0) from $103ca - reset!!!!
Watchdog: illegal write to WDTCTL (0) from $103ca - reset!!!!
Stack Trace: number of calls: 5 PC: $103ca
  watchdog_reboot (packetbuf.c) called from PC: $24c30 (elapsed: 5)
  restart_time_synchronisation (packetbuf.c) called from PC: $159f2 (elapsed: 30452)
  process_thread_foure_timesynch_process (local in 4emac-timesynch.c) called from PC: $12738 (elapsed: 868751)
  call_process (local in process.c) called from PC: $1291c (elapsed: 868788)
  process_run (packetbuf.c) called from PC: $05edc (elapsed: 871967)
 WARN [Thread-2] (MspMote.java:229) - 52: # Watchdog[EXECUTION]: illegal write to WDTCTL (0) from $103ca - reset!!!!
Watchdog: illegal write to WDTCTL (0) from $103ca - reset!!!!
Stack Trace: number of calls: 5 PC: $103ca
  watchdog_reboot (packetbuf.c) called from PC: $24c30 (elapsed: 5)
  restart_time_synchronisation (packetbuf.c) called from PC: $159f2 (elapsed: 30447)
  process_thread_foure_timesynch_process (local in 4emac-timesynch.c) called from PC: $12738 (elapsed: 835341)
  call_process (local in process.c) called from PC: $1291c (elapsed: 835378)
  process_run (packetbuf.c) called from PC: $05edc (elapsed: 838451)
 WARN [Thread-2] (MspMote.java:229) - 39: # Watchdog[EXECUTION]: illegal write to WDTCTL (0) from $103ca - reset!!!!
Watchdog: illegal write to WDTCTL (0) from $103ca - reset!!!!
Stack Trace: number of calls: 5 PC: $103ca
  watchdog_reboot (packetbuf.c) called from PC: $24c30 (elapsed: 5)
  restart_time_synchronisation (packetbuf.c) called from PC: $159f2 (elapsed: 30453)
  process_thread_foure_timesynch_process (local in 4emac-timesynch.c) called from PC: $12738 (elapsed: 945935)
  call_process (local in process.c) called from PC: $1291c (elapsed: 945972)
  process_run (packetbuf.c) called from PC: $05edc (elapsed: 949122)
 WARN [Thread-2] (MspMote.java:229) - 31: # Watchdog[EXECUTION]: illegal write to WDTCTL (0) from $103ca - reset!!!!
Watchdog: illegal write to WDTCTL (0) from $103ca - reset!!!!
Stack Trace: number of calls: 5 PC: $103ca
  watchdog_reboot (packetbuf.c) called from PC: $24c30 (elapsed: 5)
  restart_time_synchronisation (packetbuf.c) called from PC: $159f2 (elapsed: 30453)
  process_thread_foure_timesynch_process (local in 4emac-timesynch.c) called from PC: $12738 (elapsed: 945319)
  call_process (local in process.c) called from PC: $1291c (elapsed: 945356)
  process_run (packetbuf.c) called from PC: $05edc (elapsed: 948591)
 WARN [Thread-2] (MspMote.java:229) - 53: # Watchdog[EXECUTION]: illegal write to WDTCTL (0) from $103ca - reset!!!!
Watchdog: illegal write to WDTCTL (0) from $103ca - reset!!!!
Stack Trace: number of calls: 5 PC: $103ca
  watchdog_reboot (packetbuf.c) called from PC: $24c30 (elapsed: 5)
  restart_time_synchronisation (packetbuf.c) called from PC: $159f2 (elapsed: 31358)
  process_thread_foure_timesynch_process (local in 4emac-timesynch.c) called from PC: $12738 (elapsed: 185322)
  call_process (local in process.c) called from PC: $1291c (elapsed: 185359)
  process_run (packetbuf.c) called from PC: $05edc (elapsed: 187642)
 WARN [Thread-2] (MspMote.java:229) - 56: # Watchdog[EXECUTION]: illegal write to WDTCTL (0) from $103ca - reset!!!!
Watchdog: illegal write to WDTCTL (0) from $103ca - reset!!!!
Stack Trace: number of calls: 5 PC: $103ca
  watchdog_reboot (packetbuf.c) called from PC: $24c30 (elapsed: 5)
  restart_time_synchronisation (packetbuf.c) called from PC: $159f2 (elapsed: 30447)
  process_thread_foure_timesynch_process (local in 4emac-timesynch.c) called from PC: $12738 (elapsed: 1392711)
  call_process (local in process.c) called from PC: $1291c (elapsed: 1392748)
  process_run (packetbuf.c) called from PC: $05edc (elapsed: 1395661)
 WARN [Thread-2] (MspMote.java:229) - 26: # Watchdog[EXECUTION]: illegal write to WDTCTL (0) from $103ca - reset!!!!
Watchdog: illegal write to WDTCTL (0) from $103ca - reset!!!!
Stack Trace: number of calls: 11 PC: $103ca
  watchdog_reboot (packetbuf.c) called from PC: $24c30 (elapsed: 5)
  restart_time_synchronisation (packetbuf.c) called from PC: $14eee (elapsed: 31370)
  foure_timesynch_parent_switch_callback (packetbuf.c) called from PC: $1e95c (elapsed: 69446)
  rpl_set_preferred_parent (local in rpl-dag.c) called from PC: $1ef8c (elapsed: 164014)
  rpl_nullify_parent (packetbuf.c) called from PC: $1fc26 (elapsed: 432787)
  rpl_process_parent_event (packetbuf.c) called from PC: $1fcbe (elapsed: 527081)
  rpl_recalculate_ranks (packetbuf.c) called from PC: $23726 (elapsed: 527508)
  handle_periodic_timer (local in rpl-timers.c) called from PC: $1219c (elapsed: 527775)
  process_thread_ctimer_process (local in ctimer.c) called from PC: $12738 (elapsed: 527976)
  call_process (local in process.c) called from PC: $1291c (elapsed: 528013)
  process_run (packetbuf.c) called from PC: $05edc (elapsed: 531082)
 WARN [Thread-2] (MspMote.java:229) - 49: # Watchdog[EXECUTION]: illegal write to WDTCTL (0) from $103ca - reset!!!!
 INFO [Thread-2] (LogScriptEngine.java:389) - Test script at 85.00%, done in 1479.1 sec
Watchdog: illegal write to WDTCTL (0) from $103ca - reset!!!!
Stack Trace: number of calls: 5 PC: $103ca
  watchdog_reboot (packetbuf.c) called from PC: $24c30 (elapsed: 5)
  restart_time_synchronisation (packetbuf.c) called from PC: $159f2 (elapsed: 30452)
  process_thread_foure_timesynch_process (local in 4emac-timesynch.c) called from PC: $12738 (elapsed: 680270)
  call_process (local in process.c) called from PC: $1291c (elapsed: 680307)
  process_run (packetbuf.c) called from PC: $05edc (elapsed: 683224)
 WARN [Thread-2] (MspMote.java:229) - 26: # Watchdog[EXECUTION]: illegal write to WDTCTL (0) from $103ca - reset!!!!
Watchdog: illegal write to WDTCTL (0) from $103ca - reset!!!!
Stack Trace: number of calls: 5 PC: $103ca
  watchdog_reboot (packetbuf.c) called from PC: $24c30 (elapsed: 5)
  restart_time_synchronisation (packetbuf.c) called from PC: $159f2 (elapsed: 31365)
  process_thread_foure_timesynch_process (local in 4emac-timesynch.c) called from PC: $12738 (elapsed: 186257)
  call_process (local in process.c) called from PC: $1291c (elapsed: 186294)
  process_run (packetbuf.c) called from PC: $05edc (elapsed: 188654)
 WARN [Thread-2] (MspMote.java:229) - 19: # Watchdog[EXECUTION]: illegal write to WDTCTL (0) from $103ca - reset!!!!
Watchdog: illegal write to WDTCTL (0) from $103ca - reset!!!!
Stack Trace: number of calls: 5 PC: $103ca
  watchdog_reboot (packetbuf.c) called from PC: $24c30 (elapsed: 5)
  restart_time_synchronisation (packetbuf.c) called from PC: $159f2 (elapsed: 30452)
  process_thread_foure_timesynch_process (local in 4emac-timesynch.c) called from PC: $12738 (elapsed: 535641)
  call_process (local in process.c) called from PC: $1291c (elapsed: 535678)
  process_run (packetbuf.c) called from PC: $05edc (elapsed: 538758)
 WARN [Thread-2] (MspMote.java:229) - 59: # Watchdog[EXECUTION]: illegal write to WDTCTL (0) from $103ca - reset!!!!
Watchdog: illegal write to WDTCTL (0) from $103ca - reset!!!!
Stack Trace: number of calls: 5 PC: $103ca
  watchdog_reboot (packetbuf.c) called from PC: $24c30 (elapsed: 5)
  restart_time_synchronisation (packetbuf.c) called from PC: $159f2 (elapsed: 30579)
  process_thread_foure_timesynch_process (local in 4emac-timesynch.c) called from PC: $12738 (elapsed: 504284)
  call_process (local in process.c) called from PC: $1291c (elapsed: 504321)
  process_run (packetbuf.c) called from PC: $05edc (elapsed: 507315)
 WARN [Thread-2] (MspMote.java:229) - 47: # Watchdog[EXECUTION]: illegal write to WDTCTL (0) from $103ca - reset!!!!
Watchdog: illegal write to WDTCTL (0) from $103ca - reset!!!!
Stack Trace: number of calls: 5 PC: $103ca
  watchdog_reboot (packetbuf.c) called from PC: $24c30 (elapsed: 5)
  restart_time_synchronisation (packetbuf.c) called from PC: $159f2 (elapsed: 30452)
  process_thread_foure_timesynch_process (local in 4emac-timesynch.c) called from PC: $12738 (elapsed: 1240895)
  call_process (local in process.c) called from PC: $1291c (elapsed: 1240932)
  process_run (packetbuf.c) called from PC: $05edc (elapsed: 1244143)
 WARN [Thread-2] (MspMote.java:229) - 18: # Watchdog[EXECUTION]: illegal write to WDTCTL (0) from $103ca - reset!!!!
Watchdog: illegal write to WDTCTL (0) from $103ca - reset!!!!
Stack Trace: number of calls: 5 PC: $103ca
  watchdog_reboot (packetbuf.c) called from PC: $24c30 (elapsed: 5)
  restart_time_synchronisation (packetbuf.c) called from PC: $159f2 (elapsed: 30447)
  process_thread_foure_timesynch_process (local in 4emac-timesynch.c) called from PC: $12738 (elapsed: 952043)
  call_process (local in process.c) called from PC: $1291c (elapsed: 952080)
  process_run (packetbuf.c) called from PC: $05edc (elapsed: 955291)
 WARN [Thread-2] (MspMote.java:229) - 43: # Watchdog[EXECUTION]: illegal write to WDTCTL (0) from $103ca - reset!!!!
Watchdog: illegal write to WDTCTL (0) from $103ca - reset!!!!
Stack Trace: number of calls: 5 PC: $103ca
  watchdog_reboot (packetbuf.c) called from PC: $24c30 (elapsed: 5)
  restart_time_synchronisation (packetbuf.c) called from PC: $159f2 (elapsed: 30453)
  process_thread_foure_timesynch_process (local in 4emac-timesynch.c) called from PC: $12738 (elapsed: 817038)
  call_process (local in process.c) called from PC: $1291c (elapsed: 817075)
  process_run (packetbuf.c) called from PC: $05edc (elapsed: 820180)
 WARN [Thread-2] (MspMote.java:229) - 50: # Watchdog[EXECUTION]: illegal write to WDTCTL (0) from $103ca - reset!!!!
Watchdog: illegal write to WDTCTL (0) from $103ca - reset!!!!
Stack Trace: number of calls: 5 PC: $103ca
  watchdog_reboot (packetbuf.c) called from PC: $24c30 (elapsed: 5)
  restart_time_synchronisation (packetbuf.c) called from PC: $159f2 (elapsed: 30452)
  process_thread_foure_timesynch_process (local in 4emac-timesynch.c) called from PC: $12738 (elapsed: 673692)
  call_process (local in process.c) called from PC: $1291c (elapsed: 673729)
  process_run (packetbuf.c) called from PC: $05edc (elapsed: 676910)
 WARN [Thread-2] (MspMote.java:229) - 23: # Watchdog[EXECUTION]: illegal write to WDTCTL (0) from $103ca - reset!!!!
Watchdog: illegal write to WDTCTL (0) from $103ca - reset!!!!
Stack Trace: number of calls: 5 PC: $103ca
  watchdog_reboot (packetbuf.c) called from PC: $24c30 (elapsed: 5)
  restart_time_synchronisation (packetbuf.c) called from PC: $159f2 (elapsed: 30447)
  process_thread_foure_timesynch_process (local in 4emac-timesynch.c) called from PC: $12738 (elapsed: 949970)
  call_process (local in process.c) called from PC: $1291c (elapsed: 950007)
  process_run (packetbuf.c) called from PC: $05edc (elapsed: 953118)
 WARN [Thread-2] (MspMote.java:229) - 17: # Watchdog[EXECUTION]: illegal write to WDTCTL (0) from $103ca - reset!!!!
Watchdog: illegal write to WDTCTL (0) from $103ca - reset!!!!
Stack Trace: number of calls: 5 PC: $103ca
  watchdog_reboot (packetbuf.c) called from PC: $24c30 (elapsed: 5)
  restart_time_synchronisation (packetbuf.c) called from PC: $159f2 (elapsed: 30447)
  process_thread_foure_timesynch_process (local in 4emac-timesynch.c) called from PC: $12738 (elapsed: 701159)
  call_process (local in process.c) called from PC: $1291c (elapsed: 701196)
  process_run (packetbuf.c) called from PC: $05edc (elapsed: 704352)
 WARN [Thread-2] (MspMote.java:229) - 16: # Watchdog[EXECUTION]: illegal write to WDTCTL (0) from $103ca - reset!!!!
Watchdog: illegal write to WDTCTL (0) from $103ca - reset!!!!
Stack Trace: number of calls: 5 PC: $103ca
  watchdog_reboot (packetbuf.c) called from PC: $24c30 (elapsed: 5)
  restart_time_synchronisation (packetbuf.c) called from PC: $159f2 (elapsed: 30453)
  process_thread_foure_timesynch_process (local in 4emac-timesynch.c) called from PC: $12738 (elapsed: 813301)
  call_process (local in process.c) called from PC: $1291c (elapsed: 813338)
  process_run (packetbuf.c) called from PC: $05edc (elapsed: 816409)
 WARN [Thread-2] (MspMote.java:229) - 42: # Watchdog[EXECUTION]: illegal write to WDTCTL (0) from $103ca - reset!!!!
Watchdog: illegal write to WDTCTL (0) from $103ca - reset!!!!
Stack Trace: number of calls: 5 PC: $103ca
  watchdog_reboot (packetbuf.c) called from PC: $24c30 (elapsed: 5)
  restart_time_synchronisation (packetbuf.c) called from PC: $159f2 (elapsed: 34812)
  process_thread_foure_timesynch_process (local in 4emac-timesynch.c) called from PC: $12738 (elapsed: 1394409)
  call_process (local in process.c) called from PC: $1291c (elapsed: 1394446)
  process_run (packetbuf.c) called from PC: $05edc (elapsed: 1397607)
 WARN [Thread-2] (MspMote.java:229) - 54: # Watchdog[EXECUTION]: illegal write to WDTCTL (0) from $103ca - reset!!!!
Watchdog: illegal write to WDTCTL (0) from $103ca - reset!!!!
Stack Trace: number of calls: 5 PC: $103ca
  watchdog_reboot (packetbuf.c) called from PC: $24c30 (elapsed: 5)
  restart_time_synchronisation (packetbuf.c) called from PC: $159f2 (elapsed: 30519)
  process_thread_foure_timesynch_process (local in 4emac-timesynch.c) called from PC: $12738 (elapsed: 1085346)
  call_process (local in process.c) called from PC: $1291c (elapsed: 1085383)
  process_run (packetbuf.c) called from PC: $05edc (elapsed: 1088537)
 WARN [Thread-2] (MspMote.java:229) - 53: # Watchdog[EXECUTION]: illegal write to WDTCTL (0) from $103ca - reset!!!!
Watchdog: illegal write to WDTCTL (0) from $103ca - reset!!!!
Stack Trace: number of calls: 5 PC: $103ca
  watchdog_reboot (packetbuf.c) called from PC: $24c30 (elapsed: 5)
  restart_time_synchronisation (packetbuf.c) called from PC: $159f2 (elapsed: 30452)
  process_thread_foure_timesynch_process (local in 4emac-timesynch.c) called from PC: $12738 (elapsed: 1242226)
  call_process (local in process.c) called from PC: $1291c (elapsed: 1242263)
  process_run (packetbuf.c) called from PC: $05edc (elapsed: 1245345)
 WARN [Thread-2] (MspMote.java:229) - 45: # Watchdog[EXECUTION]: illegal write to WDTCTL (0) from $103ca - reset!!!!
Watchdog: illegal write to WDTCTL (0) from $103ca - reset!!!!
Stack Trace: number of calls: 5 PC: $103ca
  watchdog_reboot (packetbuf.c) called from PC: $24c30 (elapsed: 5)
  restart_time_synchronisation (packetbuf.c) called from PC: $159f2 (elapsed: 30452)
  process_thread_foure_timesynch_process (local in 4emac-timesynch.c) called from PC: $12738 (elapsed: 1280247)
  call_process (local in process.c) called from PC: $1291c (elapsed: 1280284)
  process_run (packetbuf.c) called from PC: $05edc (elapsed: 1283360)
 WARN [Thread-2] (MspMote.java:229) - 33: # Watchdog[EXECUTION]: illegal write to WDTCTL (0) from $103ca - reset!!!!
Watchdog: illegal write to WDTCTL (0) from $103ca - reset!!!!
Stack Trace: number of calls: 5 PC: $103ca
  watchdog_reboot (packetbuf.c) called from PC: $24c30 (elapsed: 5)
  restart_time_synchronisation (packetbuf.c) called from PC: $159f2 (elapsed: 30452)
  process_thread_foure_timesynch_process (local in 4emac-timesynch.c) called from PC: $12738 (elapsed: 984649)
  call_process (local in process.c) called from PC: $1291c (elapsed: 984686)
  process_run (packetbuf.c) called from PC: $05edc (elapsed: 987849)
 WARN [Thread-2] (MspMote.java:229) - 5: # Watchdog[EXECUTION]: illegal write to WDTCTL (0) from $103ca - reset!!!!
Watchdog: illegal write to WDTCTL (0) from $103ca - reset!!!!
Stack Trace: number of calls: 5 PC: $103ca
  watchdog_reboot (packetbuf.c) called from PC: $24c30 (elapsed: 5)
  restart_time_synchronisation (packetbuf.c) called from PC: $159f2 (elapsed: 30447)
  process_thread_foure_timesynch_process (local in 4emac-timesynch.c) called from PC: $12738 (elapsed: 1396892)
  call_process (local in process.c) called from PC: $1291c (elapsed: 1396929)
  process_run (packetbuf.c) called from PC: $05edc (elapsed: 1400007)
 WARN [Thread-2] (MspMote.java:229) - 4: # Watchdog[EXECUTION]: illegal write to WDTCTL (0) from $103ca - reset!!!!
Watchdog: illegal write to WDTCTL (0) from $103ca - reset!!!!
Stack Trace: number of calls: 5 PC: $103ca
  watchdog_reboot (packetbuf.c) called from PC: $24c30 (elapsed: 5)
  restart_time_synchronisation (packetbuf.c) called from PC: $159f2 (elapsed: 30453)
  process_thread_foure_timesynch_process (local in 4emac-timesynch.c) called from PC: $12738 (elapsed: 1122739)
  call_process (local in process.c) called from PC: $1291c (elapsed: 1122776)
  process_run (packetbuf.c) called from PC: $05edc (elapsed: 1125779)
 WARN [Thread-2] (MspMote.java:229) - 34: # Watchdog[EXECUTION]: illegal write to WDTCTL (0) from $103ca - reset!!!!
Watchdog: illegal write to WDTCTL (0) from $103ca - reset!!!!
Stack Trace: number of calls: 5 PC: $103ca
  watchdog_reboot (packetbuf.c) called from PC: $24c30 (elapsed: 5)
  restart_time_synchronisation (packetbuf.c) called from PC: $159f2 (elapsed: 30452)
  process_thread_foure_timesynch_process (local in 4emac-timesynch.c) called from PC: $12738 (elapsed: 675067)
  call_process (local in process.c) called from PC: $1291c (elapsed: 675104)
  process_run (packetbuf.c) called from PC: $05edc (elapsed: 678348)
 WARN [Thread-2] (MspMote.java:229) - 60: # Watchdog[EXECUTION]: illegal write to WDTCTL (0) from $103ca - reset!!!!
Watchdog: illegal write to WDTCTL (0) from $103ca - reset!!!!
Stack Trace: number of calls: 5 PC: $103ca
  watchdog_reboot (packetbuf.c) called from PC: $24c30 (elapsed: 5)
  restart_time_synchronisation (packetbuf.c) called from PC: $159f2 (elapsed: 30447)
  process_thread_foure_timesynch_process (local in 4emac-timesynch.c) called from PC: $12738 (elapsed: 1016117)
  call_process (local in process.c) called from PC: $1291c (elapsed: 1016154)
  process_run (packetbuf.c) called from PC: $05edc (elapsed: 1019394)
 WARN [Thread-2] (MspMote.java:229) - 41: # Watchdog[EXECUTION]: illegal write to WDTCTL (0) from $103ca - reset!!!!
Watchdog: illegal write to WDTCTL (0) from $103ca - reset!!!!
Stack Trace: number of calls: 5 PC: $103ca
  watchdog_reboot (packetbuf.c) called from PC: $24c30 (elapsed: 5)
  restart_time_synchronisation (packetbuf.c) called from PC: $159f2 (elapsed: 30453)
  process_thread_foure_timesynch_process (local in 4emac-timesynch.c) called from PC: $12738 (elapsed: 563516)
  call_process (local in process.c) called from PC: $1291c (elapsed: 563553)
  process_run (packetbuf.c) called from PC: $05edc (elapsed: 566626)
 WARN [Thread-2] (MspMote.java:229) - 30: # Watchdog[EXECUTION]: illegal write to WDTCTL (0) from $103ca - reset!!!!
Watchdog: illegal write to WDTCTL (0) from $103ca - reset!!!!
Stack Trace: number of calls: 5 PC: $103ca
  watchdog_reboot (packetbuf.c) called from PC: $24c30 (elapsed: 5)
  restart_time_synchronisation (packetbuf.c) called from PC: $159f2 (elapsed: 30452)
  process_thread_foure_timesynch_process (local in 4emac-timesynch.c) called from PC: $12738 (elapsed: 541663)
  call_process (local in process.c) called from PC: $1291c (elapsed: 541700)
  process_run (packetbuf.c) called from PC: $05edc (elapsed: 544617)
 WARN [Thread-2] (MspMote.java:229) - 17: # Watchdog[EXECUTION]: illegal write to WDTCTL (0) from $103ca - reset!!!!
Watchdog: illegal write to WDTCTL (0) from $103ca - reset!!!!
Stack Trace: number of calls: 5 PC: $103ca
  watchdog_reboot (packetbuf.c) called from PC: $24c30 (elapsed: 5)
  restart_time_synchronisation (packetbuf.c) called from PC: $159f2 (elapsed: 30452)
  process_thread_foure_timesynch_process (local in 4emac-timesynch.c) called from PC: $12738 (elapsed: 541026)
  call_process (local in process.c) called from PC: $1291c (elapsed: 541063)
  process_run (packetbuf.c) called from PC: $05edc (elapsed: 544292)
 WARN [Thread-2] (MspMote.java:229) - 28: # Watchdog[EXECUTION]: illegal write to WDTCTL (0) from $103ca - reset!!!!
Watchdog: illegal write to WDTCTL (0) from $103ca - reset!!!!
Stack Trace: number of calls: 5 PC: $103ca
  watchdog_reboot (packetbuf.c) called from PC: $24c30 (elapsed: 5)
  restart_time_synchronisation (packetbuf.c) called from PC: $159f2 (elapsed: 30447)
  process_thread_foure_timesynch_process (local in 4emac-timesynch.c) called from PC: $12738 (elapsed: 943146)
  call_process (local in process.c) called from PC: $1291c (elapsed: 943183)
  process_run (packetbuf.c) called from PC: $05edc (elapsed: 946338)
 WARN [Thread-2] (MspMote.java:229) - 27: # Watchdog[EXECUTION]: illegal write to WDTCTL (0) from $103ca - reset!!!!
Watchdog: illegal write to WDTCTL (0) from $103ca - reset!!!!
Stack Trace: number of calls: 5 PC: $103ca
  watchdog_reboot (packetbuf.c) called from PC: $24c30 (elapsed: 5)
  restart_time_synchronisation (packetbuf.c) called from PC: $159f2 (elapsed: 30452)
  process_thread_foure_timesynch_process (local in 4emac-timesynch.c) called from PC: $12738 (elapsed: 677699)
  call_process (local in process.c) called from PC: $1291c (elapsed: 677736)
  process_run (packetbuf.c) called from PC: $05edc (elapsed: 680815)
 WARN [Thread-2] (MspMote.java:229) - 11: # Watchdog[EXECUTION]: illegal write to WDTCTL (0) from $103ca - reset!!!!
Watchdog: illegal write to WDTCTL (0) from $103ca - reset!!!!
Stack Trace: number of calls: 5 PC: $103ca
  watchdog_reboot (packetbuf.c) called from PC: $24c30 (elapsed: 5)
  restart_time_synchronisation (packetbuf.c) called from PC: $159f2 (elapsed: 30452)
  process_thread_foure_timesynch_process (local in 4emac-timesynch.c) called from PC: $12738 (elapsed: 674468)
  call_process (local in process.c) called from PC: $1291c (elapsed: 674505)
  process_run (packetbuf.c) called from PC: $05edc (elapsed: 677892)
 WARN [Thread-2] (MspMote.java:229) - 42: # Watchdog[EXECUTION]: illegal write to WDTCTL (0) from $103ca - reset!!!!
Watchdog: illegal write to WDTCTL (0) from $103ca - reset!!!!
Stack Trace: number of calls: 5 PC: $103ca
  watchdog_reboot (packetbuf.c) called from PC: $24c30 (elapsed: 5)
  restart_time_synchronisation (packetbuf.c) called from PC: $159f2 (elapsed: 30452)
  process_thread_foure_timesynch_process (local in 4emac-timesynch.c) called from PC: $12738 (elapsed: 533425)
  call_process (local in process.c) called from PC: $1291c (elapsed: 533462)
  process_run (packetbuf.c) called from PC: $05edc (elapsed: 536465)
 WARN [Thread-2] (MspMote.java:229) - 37: # Watchdog[EXECUTION]: illegal write to WDTCTL (0) from $103ca - reset!!!!
Watchdog: illegal write to WDTCTL (0) from $103ca - reset!!!!
Stack Trace: number of calls: 5 PC: $103ca
  watchdog_reboot (packetbuf.c) called from PC: $24c30 (elapsed: 5)
  restart_time_synchronisation (packetbuf.c) called from PC: $159f2 (elapsed: 30452)
  process_thread_foure_timesynch_process (local in 4emac-timesynch.c) called from PC: $12738 (elapsed: 550812)
  call_process (local in process.c) called from PC: $1291c (elapsed: 550849)
  process_run (packetbuf.c) called from PC: $05edc (elapsed: 553843)
 WARN [Thread-2] (MspMote.java:229) - 20: # Watchdog[EXECUTION]: illegal write to WDTCTL (0) from $103ca - reset!!!!
Watchdog: illegal write to WDTCTL (0) from $103ca - reset!!!!
Stack Trace: number of calls: 5 PC: $103ca
  watchdog_reboot (packetbuf.c) called from PC: $24c30 (elapsed: 5)
  restart_time_synchronisation (packetbuf.c) called from PC: $159f2 (elapsed: 33277)
  process_thread_foure_timesynch_process (local in 4emac-timesynch.c) called from PC: $12738 (elapsed: 646827)
  call_process (local in process.c) called from PC: $1291c (elapsed: 646864)
  process_run (packetbuf.c) called from PC: $05edc (elapsed: 649944)
 WARN [Thread-2] (MspMote.java:229) - 10: # Watchdog[EXECUTION]: illegal write to WDTCTL (0) from $103ca - reset!!!!
Watchdog: illegal write to WDTCTL (0) from $103ca - reset!!!!
Stack Trace: number of calls: 5 PC: $103ca
  watchdog_reboot (packetbuf.c) called from PC: $24c30 (elapsed: 5)
  restart_time_synchronisation (packetbuf.c) called from PC: $159f2 (elapsed: 30537)
  process_thread_foure_timesynch_process (local in 4emac-timesynch.c) called from PC: $12738 (elapsed: 700393)
  call_process (local in process.c) called from PC: $1291c (elapsed: 700430)
  process_run (packetbuf.c) called from PC: $05edc (elapsed: 703663)
 WARN [Thread-2] (MspMote.java:229) - 51: # Watchdog[EXECUTION]: illegal write to WDTCTL (0) from $103ca - reset!!!!
Watchdog: illegal write to WDTCTL (0) from $103ca - reset!!!!
Stack Trace: number of calls: 5 PC: $103ca
  watchdog_reboot (packetbuf.c) called from PC: $24c30 (elapsed: 5)
  restart_time_synchronisation (packetbuf.c) called from PC: $159f2 (elapsed: 30495)
  process_thread_foure_timesynch_process (local in 4emac-timesynch.c) called from PC: $12738 (elapsed: 819569)
  call_process (local in process.c) called from PC: $1291c (elapsed: 819606)
  process_run (packetbuf.c) called from PC: $05edc (elapsed: 823035)
 WARN [Thread-2] (MspMote.java:229) - 46: # Watchdog[EXECUTION]: illegal write to WDTCTL (0) from $103ca - reset!!!!
Watchdog: illegal write to WDTCTL (0) from $103ca - reset!!!!
Stack Trace: number of calls: 5 PC: $103ca
  watchdog_reboot (packetbuf.c) called from PC: $24c30 (elapsed: 5)
  restart_time_synchronisation (packetbuf.c) called from PC: $159f2 (elapsed: 30453)
  process_thread_foure_timesynch_process (local in 4emac-timesynch.c) called from PC: $12738 (elapsed: 1083946)
  call_process (local in process.c) called from PC: $1291c (elapsed: 1083983)
  process_run (packetbuf.c) called from PC: $05edc (elapsed: 1086900)
 WARN [Thread-2] (MspMote.java:229) - 24: # Watchdog[EXECUTION]: illegal write to WDTCTL (0) from $103ca - reset!!!!
 INFO [Thread-2] (LogScriptEngine.java:389) - Test script at 90.00%, done in 970.7 sec
Watchdog: illegal write to WDTCTL (0) from $103ca - reset!!!!
Stack Trace: number of calls: 5 PC: $103ca
  watchdog_reboot (packetbuf.c) called from PC: $24c30 (elapsed: 5)
  restart_time_synchronisation (packetbuf.c) called from PC: $159f2 (elapsed: 30452)
  process_thread_foure_timesynch_process (local in 4emac-timesynch.c) called from PC: $12738 (elapsed: 947652)
  call_process (local in process.c) called from PC: $1291c (elapsed: 947689)
  process_run (packetbuf.c) called from PC: $05edc (elapsed: 951721)
 WARN [Thread-2] (MspMote.java:229) - 52: # Watchdog[EXECUTION]: illegal write to WDTCTL (0) from $103ca - reset!!!!
Watchdog: illegal write to WDTCTL (0) from $103ca - reset!!!!
Stack Trace: number of calls: 5 PC: $103ca
  watchdog_reboot (packetbuf.c) called from PC: $24c30 (elapsed: 5)
  restart_time_synchronisation (packetbuf.c) called from PC: $159f2 (elapsed: 30452)
  process_thread_foure_timesynch_process (local in 4emac-timesynch.c) called from PC: $12738 (elapsed: 1419103)
  call_process (local in process.c) called from PC: $1291c (elapsed: 1419140)
  process_run (packetbuf.c) called from PC: $05edc (elapsed: 1422350)
 WARN [Thread-2] (MspMote.java:229) - 26: # Watchdog[EXECUTION]: illegal write to WDTCTL (0) from $103ca - reset!!!!
Watchdog: illegal write to WDTCTL (0) from $103ca - reset!!!!
Stack Trace: number of calls: 5 PC: $103ca
  watchdog_reboot (packetbuf.c) called from PC: $24c30 (elapsed: 5)
  restart_time_synchronisation (packetbuf.c) called from PC: $159f2 (elapsed: 30452)
  process_thread_foure_timesynch_process (local in 4emac-timesynch.c) called from PC: $12738 (elapsed: 841323)
  call_process (local in process.c) called from PC: $1291c (elapsed: 841360)
  process_run (packetbuf.c) called from PC: $05edc (elapsed: 844381)
 WARN [Thread-2] (MspMote.java:229) - 18: # Watchdog[EXECUTION]: illegal write to WDTCTL (0) from $103ca - reset!!!!
Watchdog: illegal write to WDTCTL (0) from $103ca - reset!!!!
Stack Trace: number of calls: 5 PC: $103ca
  watchdog_reboot (packetbuf.c) called from PC: $24c30 (elapsed: 5)
  restart_time_synchronisation (packetbuf.c) called from PC: $159f2 (elapsed: 30452)
  process_thread_foure_timesynch_process (local in 4emac-timesynch.c) called from PC: $12738 (elapsed: 1244580)
  call_process (local in process.c) called from PC: $1291c (elapsed: 1244617)
  process_run (packetbuf.c) called from PC: $05edc (elapsed: 1247775)
 WARN [Thread-2] (MspMote.java:229) - 50: # Watchdog[EXECUTION]: illegal write to WDTCTL (0) from $103ca - reset!!!!
Watchdog: illegal write to WDTCTL (0) from $103ca - reset!!!!
Stack Trace: number of calls: 5 PC: $103ca
  watchdog_reboot (packetbuf.c) called from PC: $24c30 (elapsed: 5)
  restart_time_synchronisation (packetbuf.c) called from PC: $159f2 (elapsed: 30447)
  process_thread_foure_timesynch_process (local in 4emac-timesynch.c) called from PC: $12738 (elapsed: 1272971)
  call_process (local in process.c) called from PC: $1291c (elapsed: 1273008)
  process_run (packetbuf.c) called from PC: $05edc (elapsed: 1276011)
 WARN [Thread-2] (MspMote.java:229) - 22: # Watchdog[EXECUTION]: illegal write to WDTCTL (0) from $103ca - reset!!!!
Watchdog: illegal write to WDTCTL (0) from $103ca - reset!!!!
Stack Trace: number of calls: 5 PC: $103ca
  watchdog_reboot (packetbuf.c) called from PC: $24c30 (elapsed: 5)
  restart_time_synchronisation (packetbuf.c) called from PC: $159f2 (elapsed: 30453)
  process_thread_foure_timesynch_process (local in 4emac-timesynch.c) called from PC: $12738 (elapsed: 506587)
  call_process (local in process.c) called from PC: $1291c (elapsed: 506624)
  process_run (packetbuf.c) called from PC: $05edc (elapsed: 509618)
 WARN [Thread-2] (MspMote.java:229) - 47: # Watchdog[EXECUTION]: illegal write to WDTCTL (0) from $103ca - reset!!!!
Watchdog: illegal write to WDTCTL (0) from $103ca - reset!!!!
Stack Trace: number of calls: 5 PC: $103ca
  watchdog_reboot (packetbuf.c) called from PC: $24c30 (elapsed: 5)
  restart_time_synchronisation (packetbuf.c) called from PC: $159f2 (elapsed: 30452)
  process_thread_foure_timesynch_process (local in 4emac-timesynch.c) called from PC: $12738 (elapsed: 669015)
  call_process (local in process.c) called from PC: $1291c (elapsed: 669052)
  process_run (packetbuf.c) called from PC: $05edc (elapsed: 672128)
 WARN [Thread-2] (MspMote.java:229) - 14: # Watchdog[EXECUTION]: illegal write to WDTCTL (0) from $103ca - reset!!!!
Watchdog: illegal write to WDTCTL (0) from $103ca - reset!!!!
Stack Trace: number of calls: 5 PC: $103ca
  watchdog_reboot (packetbuf.c) called from PC: $24c30 (elapsed: 5)
  restart_time_synchronisation (packetbuf.c) called from PC: $159f2 (elapsed: 30452)
  process_thread_foure_timesynch_process (local in 4emac-timesynch.c) called from PC: $12738 (elapsed: 861532)
  call_process (local in process.c) called from PC: $1291c (elapsed: 861569)
  process_run (packetbuf.c) called from PC: $05edc (elapsed: 864725)
 WARN [Thread-2] (MspMote.java:229) - 42: # Watchdog[EXECUTION]: illegal write to WDTCTL (0) from $103ca - reset!!!!
Watchdog: illegal write to WDTCTL (0) from $103ca - reset!!!!
Stack Trace: number of calls: 5 PC: $103ca
  watchdog_reboot (packetbuf.c) called from PC: $24c30 (elapsed: 5)
  restart_time_synchronisation (packetbuf.c) called from PC: $159f2 (elapsed: 60017)
  process_thread_foure_timesynch_process (local in 4emac-timesynch.c) called from PC: $12738 (elapsed: 725990)
  call_process (local in process.c) called from PC: $1291c (elapsed: 726027)
  process_run (packetbuf.c) called from PC: $05edc (elapsed: 729105)
 WARN [Thread-2] (MspMote.java:229) - 3: # Watchdog[EXECUTION]: illegal write to WDTCTL (0) from $103ca - reset!!!!
Watchdog: illegal write to WDTCTL (0) from $103ca - reset!!!!
Stack Trace: number of calls: 5 PC: $103ca
  watchdog_reboot (packetbuf.c) called from PC: $24c30 (elapsed: 5)
  restart_time_synchronisation (packetbuf.c) called from PC: $159f2 (elapsed: 30452)
  process_thread_foure_timesynch_process (local in 4emac-timesynch.c) called from PC: $12738 (elapsed: 671453)
  call_process (local in process.c) called from PC: $1291c (elapsed: 671490)
  process_run (packetbuf.c) called from PC: $05edc (elapsed: 674482)
 WARN [Thread-2] (MspMote.java:229) - 28: # Watchdog[EXECUTION]: illegal write to WDTCTL (0) from $103ca - reset!!!!
Watchdog: illegal write to WDTCTL (0) from $103ca - reset!!!!
Stack Trace: number of calls: 5 PC: $103ca
  watchdog_reboot (packetbuf.c) called from PC: $24c30 (elapsed: 5)
  restart_time_synchronisation (packetbuf.c) called from PC: $159f2 (elapsed: 31364)
  process_thread_foure_timesynch_process (local in 4emac-timesynch.c) called from PC: $12738 (elapsed: 185773)
  call_process (local in process.c) called from PC: $1291c (elapsed: 185810)
  process_run (packetbuf.c) called from PC: $05edc (elapsed: 189070)
 WARN [Thread-2] (MspMote.java:229) - 58: # Watchdog[EXECUTION]: illegal write to WDTCTL (0) from $103ca - reset!!!!
Watchdog: illegal write to WDTCTL (0) from $103ca - reset!!!!
Stack Trace: number of calls: 5 PC: $103ca
  watchdog_reboot (packetbuf.c) called from PC: $24c30 (elapsed: 5)
  restart_time_synchronisation (packetbuf.c) called from PC: $159f2 (elapsed: 30453)
  process_thread_foure_timesynch_process (local in 4emac-timesynch.c) called from PC: $12738 (elapsed: 1371363)
  call_process (local in process.c) called from PC: $1291c (elapsed: 1371400)
  process_run (packetbuf.c) called from PC: $05edc (elapsed: 1374482)
 WARN [Thread-2] (MspMote.java:229) - 29: # Watchdog[EXECUTION]: illegal write to WDTCTL (0) from $103ca - reset!!!!
Watchdog: illegal write to WDTCTL (0) from $103ca - reset!!!!
Stack Trace: number of calls: 5 PC: $103ca
  watchdog_reboot (packetbuf.c) called from PC: $24c30 (elapsed: 5)
  restart_time_synchronisation (packetbuf.c) called from PC: $159f2 (elapsed: 30452)
  process_thread_foure_timesynch_process (local in 4emac-timesynch.c) called from PC: $12738 (elapsed: 1226444)
  call_process (local in process.c) called from PC: $1291c (elapsed: 1226481)
  process_run (packetbuf.c) called from PC: $05edc (elapsed: 1229475)
 WARN [Thread-2] (MspMote.java:229) - 19: # Watchdog[EXECUTION]: illegal write to WDTCTL (0) from $103ca - reset!!!!
Watchdog: illegal write to WDTCTL (0) from $103ca - reset!!!!
Stack Trace: number of calls: 5 PC: $103ca
  watchdog_reboot (packetbuf.c) called from PC: $24c30 (elapsed: 5)
  restart_time_synchronisation (packetbuf.c) called from PC: $159f2 (elapsed: 31401)
  process_thread_foure_timesynch_process (local in 4emac-timesynch.c) called from PC: $12738 (elapsed: 185471)
  call_process (local in process.c) called from PC: $1291c (elapsed: 185508)
  process_run (packetbuf.c) called from PC: $05edc (elapsed: 186795)
 WARN [Thread-2] (MspMote.java:229) - 53: # Watchdog[EXECUTION]: illegal write to WDTCTL (0) from $103ca - reset!!!!
Watchdog: illegal write to WDTCTL (0) from $103ca - reset!!!!
Stack Trace: number of calls: 5 PC: $103ca
  watchdog_reboot (packetbuf.c) called from PC: $24c30 (elapsed: 5)
  restart_time_synchronisation (packetbuf.c) called from PC: $159f2 (elapsed: 58293)
  process_thread_foure_timesynch_process (local in 4emac-timesynch.c) called from PC: $12738 (elapsed: 533632)
  call_process (local in process.c) called from PC: $1291c (elapsed: 533669)
  process_run (packetbuf.c) called from PC: $05edc (elapsed: 536740)
 WARN [Thread-2] (MspMote.java:229) - 9: # Watchdog[EXECUTION]: illegal write to WDTCTL (0) from $103ca - reset!!!!
Watchdog: illegal write to WDTCTL (0) from $103ca - reset!!!!
Stack Trace: number of calls: 5 PC: $103ca
  watchdog_reboot (packetbuf.c) called from PC: $24c30 (elapsed: 5)
  restart_time_synchronisation (packetbuf.c) called from PC: $159f2 (elapsed: 30447)
  process_thread_foure_timesynch_process (local in 4emac-timesynch.c) called from PC: $12738 (elapsed: 699451)
  call_process (local in process.c) called from PC: $1291c (elapsed: 699488)
  process_run (packetbuf.c) called from PC: $05edc (elapsed: 702643)
 WARN [Thread-2] (MspMote.java:229) - 39: # Watchdog[EXECUTION]: illegal write to WDTCTL (0) from $103ca - reset!!!!
Watchdog: illegal write to WDTCTL (0) from $103ca - reset!!!!
Stack Trace: number of calls: 5 PC: $103ca
  watchdog_reboot (packetbuf.c) called from PC: $24c30 (elapsed: 5)
  restart_time_synchronisation (packetbuf.c) called from PC: $159f2 (elapsed: 30483)
  process_thread_foure_timesynch_process (local in 4emac-timesynch.c) called from PC: $12738 (elapsed: 947116)
  call_process (local in process.c) called from PC: $1291c (elapsed: 947153)
  process_run (packetbuf.c) called from PC: $05edc (elapsed: 950156)
 WARN [Thread-2] (MspMote.java:229) - 44: # Watchdog[EXECUTION]: illegal write to WDTCTL (0) from $103ca - reset!!!!
Watchdog: illegal write to WDTCTL (0) from $103ca - reset!!!!
Stack Trace: number of calls: 5 PC: $103ca
  watchdog_reboot (packetbuf.c) called from PC: $24c30 (elapsed: 5)
  restart_time_synchronisation (packetbuf.c) called from PC: $159f2 (elapsed: 30452)
  process_thread_foure_timesynch_process (local in 4emac-timesynch.c) called from PC: $12738 (elapsed: 1093839)
  call_process (local in process.c) called from PC: $1291c (elapsed: 1093876)
  process_run (packetbuf.c) called from PC: $05edc (elapsed: 1096952)
 WARN [Thread-2] (MspMote.java:229) - 6: # Watchdog[EXECUTION]: illegal write to WDTCTL (0) from $103ca - reset!!!!
 INFO [Thread-2] (LogScriptEngine.java:389) - Test script at 95.00%, done in 480.4 sec
Watchdog: illegal write to WDTCTL (0) from $103ca - reset!!!!
Stack Trace: number of calls: 5 PC: $103ca
  watchdog_reboot (packetbuf.c) called from PC: $24c30 (elapsed: 5)
  restart_time_synchronisation (packetbuf.c) called from PC: $159f2 (elapsed: 30453)
  process_thread_foure_timesynch_process (local in 4emac-timesynch.c) called from PC: $12738 (elapsed: 706570)
  call_process (local in process.c) called from PC: $1291c (elapsed: 706607)
  process_run (packetbuf.c) called from PC: $05edc (elapsed: 709601)
 WARN [Thread-2] (MspMote.java:229) - 45: # Watchdog[EXECUTION]: illegal write to WDTCTL (0) from $103ca - reset!!!!
Watchdog: illegal write to WDTCTL (0) from $103ca - reset!!!!
Stack Trace: number of calls: 5 PC: $103ca
  watchdog_reboot (packetbuf.c) called from PC: $24c30 (elapsed: 5)
  restart_time_synchronisation (packetbuf.c) called from PC: $159f2 (elapsed: 30452)
  process_thread_foure_timesynch_process (local in 4emac-timesynch.c) called from PC: $12738 (elapsed: 1024469)
  call_process (local in process.c) called from PC: $1291c (elapsed: 1024506)
  process_run (packetbuf.c) called from PC: $05edc (elapsed: 1027500)
 WARN [Thread-2] (MspMote.java:229) - 41: # Watchdog[EXECUTION]: illegal write to WDTCTL (0) from $103ca - reset!!!!
Watchdog: illegal write to WDTCTL (0) from $103ca - reset!!!!
Stack Trace: number of calls: 5 PC: $103ca
  watchdog_reboot (packetbuf.c) called from PC: $24c30 (elapsed: 5)
  restart_time_synchronisation (packetbuf.c) called from PC: $159f2 (elapsed: 30453)
  process_thread_foure_timesynch_process (local in 4emac-timesynch.c) called from PC: $12738 (elapsed: 1249890)
  call_process (local in process.c) called from PC: $1291c (elapsed: 1249927)
  process_run (packetbuf.c) called from PC: $05edc (elapsed: 1252919)
 WARN [Thread-2] (MspMote.java:229) - 26: # Watchdog[EXECUTION]: illegal write to WDTCTL (0) from $103ca - reset!!!!
Watchdog: illegal write to WDTCTL (0) from $103ca - reset!!!!
Stack Trace: number of calls: 5 PC: $103ca
  watchdog_reboot (packetbuf.c) called from PC: $24c30 (elapsed: 5)
  restart_time_synchronisation (packetbuf.c) called from PC: $159f2 (elapsed: 30452)
  process_thread_foure_timesynch_process (local in 4emac-timesynch.c) called from PC: $12738 (elapsed: 779064)
  call_process (local in process.c) called from PC: $1291c (elapsed: 779101)
  process_run (packetbuf.c) called from PC: $05edc (elapsed: 782179)
 WARN [Thread-2] (MspMote.java:229) - 49: # Watchdog[EXECUTION]: illegal write to WDTCTL (0) from $103ca - reset!!!!
Watchdog: illegal write to WDTCTL (0) from $103ca - reset!!!!
Stack Trace: number of calls: 5 PC: $103ca
  watchdog_reboot (packetbuf.c) called from PC: $24c30 (elapsed: 5)
  restart_time_synchronisation (packetbuf.c) called from PC: $159f2 (elapsed: 30452)
  process_thread_foure_timesynch_process (local in 4emac-timesynch.c) called from PC: $12738 (elapsed: 801881)
  call_process (local in process.c) called from PC: $1291c (elapsed: 801918)
  process_run (packetbuf.c) called from PC: $05edc (elapsed: 804994)
 WARN [Thread-2] (MspMote.java:229) - 56: # Watchdog[EXECUTION]: illegal write to WDTCTL (0) from $103ca - reset!!!!
Watchdog: illegal write to WDTCTL (0) from $103ca - reset!!!!
Stack Trace: number of calls: 5 PC: $103ca
  watchdog_reboot (packetbuf.c) called from PC: $24c30 (elapsed: 5)
  restart_time_synchronisation (packetbuf.c) called from PC: $159f2 (elapsed: 30447)
  process_thread_foure_timesynch_process (local in 4emac-timesynch.c) called from PC: $12738 (elapsed: 1397899)
  call_process (local in process.c) called from PC: $1291c (elapsed: 1397936)
  process_run (packetbuf.c) called from PC: $05edc (elapsed: 1401091)
 WARN [Thread-2] (MspMote.java:229) - 31: # Watchdog[EXECUTION]: illegal write to WDTCTL (0) from $103ca - reset!!!!
Watchdog: illegal write to WDTCTL (0) from $103ca - reset!!!!
Stack Trace: number of calls: 5 PC: $103ca
  watchdog_reboot (packetbuf.c) called from PC: $24c30 (elapsed: 5)
  restart_time_synchronisation (packetbuf.c) called from PC: $159f2 (elapsed: 34374)
  process_thread_foure_timesynch_process (local in 4emac-timesynch.c) called from PC: $12738 (elapsed: 922395)
  call_process (local in process.c) called from PC: $1291c (elapsed: 922432)
  process_run (packetbuf.c) called from PC: $05edc (elapsed: 925427)
 WARN [Thread-2] (MspMote.java:229) - 1: # Watchdog[EXECUTION]: illegal write to WDTCTL (0) from $103ca - reset!!!!
Watchdog: illegal write to WDTCTL (0) from $103ca - reset!!!!
Stack Trace: number of calls: 5 PC: $103ca
  watchdog_reboot (packetbuf.c) called from PC: $24c30 (elapsed: 5)
  restart_time_synchronisation (packetbuf.c) called from PC: $159f2 (elapsed: 30452)
  process_thread_foure_timesynch_process (local in 4emac-timesynch.c) called from PC: $12738 (elapsed: 1419719)
  call_process (local in process.c) called from PC: $1291c (elapsed: 1419756)
  process_run (packetbuf.c) called from PC: $05edc (elapsed: 1422908)
 WARN [Thread-2] (MspMote.java:229) - 17: # Watchdog[EXECUTION]: illegal write to WDTCTL (0) from $103ca - reset!!!!
Watchdog: illegal write to WDTCTL (0) from $103ca - reset!!!!
Stack Trace: number of calls: 5 PC: $103ca
  watchdog_reboot (packetbuf.c) called from PC: $24c30 (elapsed: 5)
  restart_time_synchronisation (packetbuf.c) called from PC: $159f2 (elapsed: 31364)
  process_thread_foure_timesynch_process (local in 4emac-timesynch.c) called from PC: $12738 (elapsed: 213312)
  call_process (local in process.c) called from PC: $1291c (elapsed: 213349)
  process_run (packetbuf.c) called from PC: $05edc (elapsed: 216451)
 WARN [Thread-2] (MspMote.java:229) - 7: # Watchdog[EXECUTION]: illegal write to WDTCTL (0) from $103ca - reset!!!!
Watchdog: illegal write to WDTCTL (0) from $103ca - reset!!!!
Stack Trace: number of calls: 5 PC: $103ca
  watchdog_reboot (packetbuf.c) called from PC: $24c30 (elapsed: 5)
  restart_time_synchronisation (packetbuf.c) called from PC: $159f2 (elapsed: 30453)
  process_thread_foure_timesynch_process (local in 4emac-timesynch.c) called from PC: $12738 (elapsed: 809589)
  call_process (local in process.c) called from PC: $1291c (elapsed: 809626)
  process_run (packetbuf.c) called from PC: $05edc (elapsed: 811630)
 WARN [Thread-2] (MspMote.java:229) - 19: # Watchdog[EXECUTION]: illegal write to WDTCTL (0) from $103ca - reset!!!!
Watchdog: illegal write to WDTCTL (0) from $103ca - reset!!!!
Stack Trace: number of calls: 5 PC: $103ca
  watchdog_reboot (packetbuf.c) called from PC: $24c30 (elapsed: 5)
  restart_time_synchronisation (packetbuf.c) called from PC: $159f2 (elapsed: 30452)
  process_thread_foure_timesynch_process (local in 4emac-timesynch.c) called from PC: $12738 (elapsed: 805944)
  call_process (local in process.c) called from PC: $1291c (elapsed: 805981)
  process_run (packetbuf.c) called from PC: $05edc (elapsed: 808982)
 WARN [Thread-2] (MspMote.java:229) - 21: # Watchdog[EXECUTION]: illegal write to WDTCTL (0) from $103ca - reset!!!!
Watchdog: illegal write to WDTCTL (0) from $103ca - reset!!!!
Stack Trace: number of calls: 5 PC: $103ca
  watchdog_reboot (packetbuf.c) called from PC: $24c30 (elapsed: 5)
  restart_time_synchronisation (packetbuf.c) called from PC: $159f2 (elapsed: 48885)
  process_thread_foure_timesynch_process (local in 4emac-timesynch.c) called from PC: $12738 (elapsed: 1180997)
  call_process (local in process.c) called from PC: $1291c (elapsed: 1181034)
  process_run (packetbuf.c) called from PC: $05edc (elapsed: 1184107)
 WARN [Thread-2] (MspMote.java:229) - 52: # Watchdog[EXECUTION]: illegal write to WDTCTL (0) from $103ca - reset!!!!
Watchdog: illegal write to WDTCTL (0) from $103ca - reset!!!!
Stack Trace: number of calls: 5 PC: $103ca
  watchdog_reboot (packetbuf.c) called from PC: $24c30 (elapsed: 5)
  restart_time_synchronisation (packetbuf.c) called from PC: $159f2 (elapsed: 30447)
  process_thread_foure_timesynch_process (local in 4emac-timesynch.c) called from PC: $12738 (elapsed: 952929)
  call_process (local in process.c) called from PC: $1291c (elapsed: 952966)
  process_run (packetbuf.c) called from PC: $05edc (elapsed: 955800)
 WARN [Thread-2] (MspMote.java:229) - 60: # Watchdog[EXECUTION]: illegal write to WDTCTL (0) from $103ca - reset!!!!
Watchdog: illegal write to WDTCTL (0) from $103ca - reset!!!!
Stack Trace: number of calls: 5 PC: $103ca
  watchdog_reboot (packetbuf.c) called from PC: $24c30 (elapsed: 5)
  restart_time_synchronisation (packetbuf.c) called from PC: $159f2 (elapsed: 30447)
  process_thread_foure_timesynch_process (local in 4emac-timesynch.c) called from PC: $12738 (elapsed: 639817)
  call_process (local in process.c) called from PC: $1291c (elapsed: 639854)
  process_run (packetbuf.c) called from PC: $05edc (elapsed: 642927)
 WARN [Thread-2] (MspMote.java:229) - 11: # Watchdog[EXECUTION]: illegal write to WDTCTL (0) from $103ca - reset!!!!
Watchdog: illegal write to WDTCTL (0) from $103ca - reset!!!!
Stack Trace: number of calls: 5 PC: $103ca
  watchdog_reboot (packetbuf.c) called from PC: $24c30 (elapsed: 5)
  restart_time_synchronisation (packetbuf.c) called from PC: $159f2 (elapsed: 30453)
  process_thread_foure_timesynch_process (local in 4emac-timesynch.c) called from PC: $12738 (elapsed: 1257970)
  call_process (local in process.c) called from PC: $1291c (elapsed: 1258007)
  process_run (packetbuf.c) called from PC: $05edc (elapsed: 1260924)
 WARN [Thread-2] (MspMote.java:229) - 54: # Watchdog[EXECUTION]: illegal write to WDTCTL (0) from $103ca - reset!!!!
Watchdog: illegal write to WDTCTL (0) from $103ca - reset!!!!
Stack Trace: number of calls: 11 PC: $103ca
  watchdog_reboot (packetbuf.c) called from PC: $24c30 (elapsed: 5)
  restart_time_synchronisation (packetbuf.c) called from PC: $14eee (elapsed: 31370)
  foure_timesynch_parent_switch_callback (packetbuf.c) called from PC: $1e95c (elapsed: 69506)
  rpl_set_preferred_parent (local in rpl-dag.c) called from PC: $1ef8c (elapsed: 203471)
  rpl_nullify_parent (packetbuf.c) called from PC: $1fc26 (elapsed: 430102)
  rpl_process_parent_event (packetbuf.c) called from PC: $1fcbe (elapsed: 530220)
  rpl_recalculate_ranks (packetbuf.c) called from PC: $23726 (elapsed: 533726)
  handle_periodic_timer (local in rpl-timers.c) called from PC: $1219c (elapsed: 534163)
  process_thread_ctimer_process (local in ctimer.c) called from PC: $12738 (elapsed: 534412)
  call_process (local in process.c) called from PC: $1291c (elapsed: 534449)
  process_run (packetbuf.c) called from PC: $05edc (elapsed: 537558)
 WARN [Thread-2] (MspMote.java:229) - 40: # Watchdog[EXECUTION]: illegal write to WDTCTL (0) from $103ca - reset!!!!
Watchdog: illegal write to WDTCTL (0) from $103ca - reset!!!!
Stack Trace: number of calls: 5 PC: $103ca
  watchdog_reboot (packetbuf.c) called from PC: $24c30 (elapsed: 5)
  restart_time_synchronisation (packetbuf.c) called from PC: $159f2 (elapsed: 30452)
  process_thread_foure_timesynch_process (local in 4emac-timesynch.c) called from PC: $12738 (elapsed: 595528)
  call_process (local in process.c) called from PC: $1291c (elapsed: 595565)
  process_run (packetbuf.c) called from PC: $05edc (elapsed: 598717)
 WARN [Thread-2] (MspMote.java:229) - 28: # Watchdog[EXECUTION]: illegal write to WDTCTL (0) from $103ca - reset!!!!
Watchdog: illegal write to WDTCTL (0) from $103ca - reset!!!!
Stack Trace: number of calls: 5 PC: $103ca
  watchdog_reboot (packetbuf.c) called from PC: $24c30 (elapsed: 5)
  restart_time_synchronisation (packetbuf.c) called from PC: $159f2 (elapsed: 30453)
  process_thread_foure_timesynch_process (local in 4emac-timesynch.c) called from PC: $12738 (elapsed: 506639)
  call_process (local in process.c) called from PC: $1291c (elapsed: 506676)
  process_run (packetbuf.c) called from PC: $05edc (elapsed: 509672)
 WARN [Thread-2] (MspMote.java:229) - 37: # Watchdog[EXECUTION]: illegal write to WDTCTL (0) from $103ca - reset!!!!
Watchdog: illegal write to WDTCTL (0) from $103ca - reset!!!!
Stack Trace: number of calls: 5 PC: $103ca
  watchdog_reboot (packetbuf.c) called from PC: $24c30 (elapsed: 5)
  restart_time_synchronisation (packetbuf.c) called from PC: $159f2 (elapsed: 30452)
  process_thread_foure_timesynch_process (local in 4emac-timesynch.c) called from PC: $12738 (elapsed: 1091657)
  call_process (local in process.c) called from PC: $1291c (elapsed: 1091694)
  process_run (packetbuf.c) called from PC: $05edc (elapsed: 1094986)
 WARN [Thread-2] (MspMote.java:229) - 43: # Watchdog[EXECUTION]: illegal write to WDTCTL (0) from $103ca - reset!!!!
Watchdog: illegal write to WDTCTL (0) from $103ca - reset!!!!
Stack Trace: number of calls: 5 PC: $103ca
  watchdog_reboot (packetbuf.c) called from PC: $24c30 (elapsed: 5)
  restart_time_synchronisation (packetbuf.c) called from PC: $159f2 (elapsed: 30452)
  process_thread_foure_timesynch_process (local in 4emac-timesynch.c) called from PC: $12738 (elapsed: 1290378)
  call_process (local in process.c) called from PC: $1291c (elapsed: 1290415)
  process_run (packetbuf.c) called from PC: $05edc (elapsed: 1293565)
 WARN [Thread-2] (MspMote.java:229) - 18: # Watchdog[EXECUTION]: illegal write to WDTCTL (0) from $103ca - reset!!!!
Watchdog: illegal write to WDTCTL (0) from $103ca - reset!!!!
Stack Trace: number of calls: 5 PC: $103ca
  watchdog_reboot (packetbuf.c) called from PC: $24c30 (elapsed: 5)
  restart_time_synchronisation (packetbuf.c) called from PC: $159f2 (elapsed: 30452)
  process_thread_foure_timesynch_process (local in 4emac-timesynch.c) called from PC: $12738 (elapsed: 1401374)
  call_process (local in process.c) called from PC: $1291c (elapsed: 1401411)
  process_run (packetbuf.c) called from PC: $05edc (elapsed: 1404482)
 WARN [Thread-2] (MspMote.java:229) - 4: # Watchdog[EXECUTION]: illegal write to WDTCTL (0) from $103ca - reset!!!!
Watchdog: illegal write to WDTCTL (0) from $103ca - reset!!!!
Stack Trace: number of calls: 5 PC: $103ca
  watchdog_reboot (packetbuf.c) called from PC: $24c30 (elapsed: 5)
  restart_time_synchronisation (packetbuf.c) called from PC: $159f2 (elapsed: 30452)
  process_thread_foure_timesynch_process (local in 4emac-timesynch.c) called from PC: $12738 (elapsed: 1228412)
  call_process (local in process.c) called from PC: $1291c (elapsed: 1228449)
  process_run (packetbuf.c) called from PC: $05edc (elapsed: 1231444)
 WARN [Thread-2] (MspMote.java:229) - 59: # Watchdog[EXECUTION]: illegal write to WDTCTL (0) from $103ca - reset!!!!
Watchdog: illegal write to WDTCTL (0) from $103ca - reset!!!!
Stack Trace: number of calls: 5 PC: $103ca
  watchdog_reboot (packetbuf.c) called from PC: $24c30 (elapsed: 5)
  restart_time_synchronisation (packetbuf.c) called from PC: $159f2 (elapsed: 30452)
  process_thread_foure_timesynch_process (local in 4emac-timesynch.c) called from PC: $12738 (elapsed: 842269)
  call_process (local in process.c) called from PC: $1291c (elapsed: 842306)
  process_run (packetbuf.c) called from PC: $05edc (elapsed: 845219)
 WARN [Thread-2] (MspMote.java:229) - 51: # Watchdog[EXECUTION]: illegal write to WDTCTL (0) from $103ca - reset!!!!
Watchdog: illegal write to WDTCTL (0) from $103ca - reset!!!!
Stack Trace: number of calls: 11 PC: $103ca
  watchdog_reboot (packetbuf.c) called from PC: $24c30 (elapsed: 5)
  restart_time_synchronisation (packetbuf.c) called from PC: $14eee (elapsed: 31371)
  foure_timesynch_parent_switch_callback (packetbuf.c) called from PC: $1e95c (elapsed: 69452)
  rpl_set_preferred_parent (local in rpl-dag.c) called from PC: $1ef8c (elapsed: 162968)
  rpl_nullify_parent (packetbuf.c) called from PC: $1fc26 (elapsed: 383294)
  rpl_process_parent_event (packetbuf.c) called from PC: $1fcbe (elapsed: 514897)
  rpl_recalculate_ranks (packetbuf.c) called from PC: $23726 (elapsed: 517622)
  handle_periodic_timer (local in rpl-timers.c) called from PC: $1219c (elapsed: 517889)
  process_thread_ctimer_process (local in ctimer.c) called from PC: $12738 (elapsed: 518090)
  call_process (local in process.c) called from PC: $1291c (elapsed: 518127)
  process_run (packetbuf.c) called from PC: $05edc (elapsed: 521277)
 WARN [Thread-2] (MspMote.java:229) - 40: # Watchdog[EXECUTION]: illegal write to WDTCTL (0) from $103ca - reset!!!!
Watchdog: illegal write to WDTCTL (0) from $103ca - reset!!!!
Stack Trace: number of calls: 5 PC: $103ca
  watchdog_reboot (packetbuf.c) called from PC: $24c30 (elapsed: 5)
  restart_time_synchronisation (packetbuf.c) called from PC: $159f2 (elapsed: 31364)
  process_thread_foure_timesynch_process (local in 4emac-timesynch.c) called from PC: $12738 (elapsed: 215919)
  call_process (local in process.c) called from PC: $1291c (elapsed: 215956)
  process_run (packetbuf.c) called from PC: $05edc (elapsed: 219046)
 WARN [Thread-2] (MspMote.java:229) - 3: # Watchdog[EXECUTION]: illegal write to WDTCTL (0) from $103ca - reset!!!!
Watchdog: illegal write to WDTCTL (0) from $103ca - reset!!!!
Stack Trace: number of calls: 5 PC: $103ca
  watchdog_reboot (packetbuf.c) called from PC: $24c30 (elapsed: 5)
  restart_time_synchronisation (packetbuf.c) called from PC: $159f2 (elapsed: 30453)
  process_thread_foure_timesynch_process (local in 4emac-timesynch.c) called from PC: $12738 (elapsed: 813655)
  call_process (local in process.c) called from PC: $1291c (elapsed: 813692)
  process_run (packetbuf.c) called from PC: $05edc (elapsed: 818283)
 WARN [Thread-2] (MspMote.java:229) - 34: # Watchdog[EXECUTION]: illegal write to WDTCTL (0) from $103ca - reset!!!!
Watchdog: illegal write to WDTCTL (0) from $103ca - reset!!!!
Stack Trace: number of calls: 5 PC: $103ca
  watchdog_reboot (packetbuf.c) called from PC: $24c30 (elapsed: 5)
  restart_time_synchronisation (packetbuf.c) called from PC: $159f2 (elapsed: 31461)
  process_thread_foure_timesynch_process (local in 4emac-timesynch.c) called from PC: $12738 (elapsed: 186183)
  call_process (local in process.c) called from PC: $1291c (elapsed: 186220)
  process_run (packetbuf.c) called from PC: $05edc (elapsed: 189399)
 WARN [Thread-2] (MspMote.java:229) - 25: # Watchdog[EXECUTION]: illegal write to WDTCTL (0) from $103ca - reset!!!!
Watchdog: illegal write to WDTCTL (0) from $103ca - reset!!!!
Stack Trace: number of calls: 5 PC: $103ca
  watchdog_reboot (packetbuf.c) called from PC: $24c30 (elapsed: 5)
  restart_time_synchronisation (packetbuf.c) called from PC: $159f2 (elapsed: 30452)
  process_thread_foure_timesynch_process (local in 4emac-timesynch.c) called from PC: $12738 (elapsed: 502110)
  call_process (local in process.c) called from PC: $1291c (elapsed: 502147)
  process_run (packetbuf.c) called from PC: $05edc (elapsed: 505141)
 WARN [Thread-2] (MspMote.java:229) - 46: # Watchdog[EXECUTION]: illegal write to WDTCTL (0) from $103ca - reset!!!!
Watchdog: illegal write to WDTCTL (0) from $103ca - reset!!!!
Stack Trace: number of calls: 5 PC: $103ca
  watchdog_reboot (packetbuf.c) called from PC: $24c30 (elapsed: 5)
  restart_time_synchronisation (packetbuf.c) called from PC: $159f2 (elapsed: 30452)
  process_thread_foure_timesynch_process (local in 4emac-timesynch.c) called from PC: $12738 (elapsed: 1421858)
  call_process (local in process.c) called from PC: $1291c (elapsed: 1421895)
  process_run (packetbuf.c) called from PC: $05edc (elapsed: 1429672)
 WARN [Thread-2] (MspMote.java:229) - 24: # Watchdog[EXECUTION]: illegal write to WDTCTL (0) from $103ca - reset!!!!
Watchdog: illegal write to WDTCTL (0) from $103ca - reset!!!!
Stack Trace: number of calls: 5 PC: $103ca
  watchdog_reboot (packetbuf.c) called from PC: $24c30 (elapsed: 5)
  restart_time_synchronisation (packetbuf.c) called from PC: $159f2 (elapsed: 33369)
  process_thread_foure_timesynch_process (local in 4emac-timesynch.c) called from PC: $12738 (elapsed: 953997)
  call_process (local in process.c) called from PC: $1291c (elapsed: 954034)
  process_run (packetbuf.c) called from PC: $05edc (elapsed: 957429)
 WARN [Thread-2] (MspMote.java:229) - 22: # Watchdog[EXECUTION]: illegal write to WDTCTL (0) from $103ca - reset!!!!
Watchdog: illegal write to WDTCTL (0) from $103ca - reset!!!!
Stack Trace: number of calls: 5 PC: $103ca
  watchdog_reboot (packetbuf.c) called from PC: $24c30 (elapsed: 5)
  restart_time_synchronisation (packetbuf.c) called from PC: $159f2 (elapsed: 30447)
  process_thread_foure_timesynch_process (local in 4emac-timesynch.c) called from PC: $12738 (elapsed: 772665)
  call_process (local in process.c) called from PC: $1291c (elapsed: 772702)
  process_run (packetbuf.c) called from PC: $05edc (elapsed: 775697)
 WARN [Thread-2] (MspMote.java:229) - 27: # Watchdog[EXECUTION]: illegal write to WDTCTL (0) from $103ca - reset!!!!
 INFO [Thread-2] (LogScriptEngine.java:375) - Timeout event @ 3800000000
 INFO [Thread-1] (LogScriptEngine.java:309) - Test script finished
 INFO [Thread-2] (Simulation.java:312) - Simulation main loop stopped, system time: 1790430109576	Duration: 9499911 ms	Simulated time 3800000 ms	Ratio 0.4000037474035283
 INFO [AWT-EventQueue-1] (ScriptRunner.java:438) - Test script deactivated
