 INFO [main] (Cooja.java:1316) - > Starting Cooja
 INFO [main] (Cooja.java:2857) - External tools default settings: /external_tools_linux_64.config
 INFO [main] (Cooja.java:2887) - External tools user settings: /home/drhakanaydin/6tisch-ng-sra-v17-50-60-node-update/6tisch-ng-sra-v17/6tisch-ng-sra/results/rpl_root_gossip/grid50node_high_coverange_20260926_183348/cooja_external_tools.properties
FATAL [main] (Cooja.java:1941) - No plugin class: class org.contikios.cooja.plugins.CollectViewFull: org/jfree/data/time/RegularTimePeriod
 INFO [main] (Simulation.java:422) - Simulation random seed: 715761
 INFO [main] (CompileContiki.java:140) - > make border-router-server.exp5438 TARGET=exp5438 
Message:
Message:> make border-router-server.exp5438 TARGET=exp5438 
Message:../../../../Makefile.gcc:23: Warning: you're using an old version of msp430-gcc.
Message:../../../../Makefile.gcc:24: Upgrade to 4.7.x is recommended for extended memory support and bugfixes.
Message:make: 'border-router-server.exp5438' is up to date.
 INFO [main] (CompileContiki.java:140) - > make border-router-client.exp5438 TARGET=exp5438 
Message:
Message:> make border-router-client.exp5438 TARGET=exp5438 
Message:../../../../Makefile.gcc:23: Warning: you're using an old version of msp430-gcc.
Message:../../../../Makefile.gcc:24: Upgrade to 4.7.x is recommended for extended memory support and bugfixes.
Message:make: 'border-router-client.exp5438' is up to date.
 INFO [main] (MspMote.java:235) - Loading firmware from: /home/drhakanaydin/6tisch-ng-sra-v17-50-60-node-update/6tisch-ng-sra-v17/6tisch-ng-sra/examples/tsch/rpl-udp/border-router-client/border-router-client.exp5438
 INFO [main] (MspMote.java:235) - Loading firmware from: /home/drhakanaydin/6tisch-ng-sra-v17-50-60-node-update/6tisch-ng-sra-v17/6tisch-ng-sra/examples/tsch/rpl-udp/border-router-client/border-router-client.exp5438
 INFO [main] (MspMote.java:235) - Loading firmware from: /home/drhakanaydin/6tisch-ng-sra-v17-50-60-node-update/6tisch-ng-sra-v17/6tisch-ng-sra/examples/tsch/rpl-udp/border-router-client/border-router-client.exp5438
 INFO [main] (MspMote.java:235) - Loading firmware from: /home/drhakanaydin/6tisch-ng-sra-v17-50-60-node-update/6tisch-ng-sra-v17/6tisch-ng-sra/examples/tsch/rpl-udp/border-router-client/border-router-client.exp5438
 INFO [main] (MspMote.java:235) - Loading firmware from: /home/drhakanaydin/6tisch-ng-sra-v17-50-60-node-update/6tisch-ng-sra-v17/6tisch-ng-sra/examples/tsch/rpl-udp/border-router-client/border-router-client.exp5438
 INFO [main] (MspMote.java:235) - Loading firmware from: /home/drhakanaydin/6tisch-ng-sra-v17-50-60-node-update/6tisch-ng-sra-v17/6tisch-ng-sra/examples/tsch/rpl-udp/border-router-server/border-router-server.exp5438
 INFO [main] (MspMote.java:235) - Loading firmware from: /home/drhakanaydin/6tisch-ng-sra-v17-50-60-node-update/6tisch-ng-sra-v17/6tisch-ng-sra/examples/tsch/rpl-udp/border-router-client/border-router-client.exp5438
 INFO [main] (MspMote.java:235) - Loading firmware from: /home/drhakanaydin/6tisch-ng-sra-v17-50-60-node-update/6tisch-ng-sra-v17/6tisch-ng-sra/examples/tsch/rpl-udp/border-router-client/border-router-client.exp5438
 INFO [main] (MspMote.java:235) - Loading firmware from: /home/drhakanaydin/6tisch-ng-sra-v17-50-60-node-update/6tisch-ng-sra-v17/6tisch-ng-sra/examples/tsch/rpl-udp/border-router-client/border-router-client.exp5438
 INFO [main] (MspMote.java:235) - Loading firmware from: /home/drhakanaydin/6tisch-ng-sra-v17-50-60-node-update/6tisch-ng-sra-v17/6tisch-ng-sra/examples/tsch/rpl-udp/border-router-client/border-router-client.exp5438
 INFO [main] (MspMote.java:235) - Loading firmware from: /home/drhakanaydin/6tisch-ng-sra-v17-50-60-node-update/6tisch-ng-sra-v17/6tisch-ng-sra/examples/tsch/rpl-udp/border-router-client/border-router-client.exp5438
 INFO [main] (MspMote.java:235) - Loading firmware from: /home/drhakanaydin/6tisch-ng-sra-v17-50-60-node-update/6tisch-ng-sra-v17/6tisch-ng-sra/examples/tsch/rpl-udp/border-router-client/border-router-client.exp5438
 INFO [main] (MspMote.java:235) - Loading firmware from: /home/drhakanaydin/6tisch-ng-sra-v17-50-60-node-update/6tisch-ng-sra-v17/6tisch-ng-sra/examples/tsch/rpl-udp/border-router-client/border-router-client.exp5438
 INFO [main] (MspMote.java:235) - Loading firmware from: /home/drhakanaydin/6tisch-ng-sra-v17-50-60-node-update/6tisch-ng-sra-v17/6tisch-ng-sra/examples/tsch/rpl-udp/border-router-client/border-router-client.exp5438
 INFO [main] (MspMote.java:235) - Loading firmware from: /home/drhakanaydin/6tisch-ng-sra-v17-50-60-node-update/6tisch-ng-sra-v17/6tisch-ng-sra/examples/tsch/rpl-udp/border-router-client/border-router-client.exp5438
 INFO [main] (MspMote.java:235) - Loading firmware from: /home/drhakanaydin/6tisch-ng-sra-v17-50-60-node-update/6tisch-ng-sra-v17/6tisch-ng-sra/examples/tsch/rpl-udp/border-router-client/border-router-client.exp5438
 INFO [main] (MspMote.java:235) - Loading firmware from: /home/drhakanaydin/6tisch-ng-sra-v17-50-60-node-update/6tisch-ng-sra-v17/6tisch-ng-sra/examples/tsch/rpl-udp/border-router-client/border-router-client.exp5438
 INFO [main] (MspMote.java:235) - Loading firmware from: /home/drhakanaydin/6tisch-ng-sra-v17-50-60-node-update/6tisch-ng-sra-v17/6tisch-ng-sra/examples/tsch/rpl-udp/border-router-client/border-router-client.exp5438
 INFO [main] (MspMote.java:235) - Loading firmware from: /home/drhakanaydin/6tisch-ng-sra-v17-50-60-node-update/6tisch-ng-sra-v17/6tisch-ng-sra/examples/tsch/rpl-udp/border-router-client/border-router-client.exp5438
 INFO [main] (MspMote.java:235) - Loading firmware from: /home/drhakanaydin/6tisch-ng-sra-v17-50-60-node-update/6tisch-ng-sra-v17/6tisch-ng-sra/examples/tsch/rpl-udp/border-router-client/border-router-client.exp5438
 INFO [main] (MspMote.java:235) - Loading firmware from: /home/drhakanaydin/6tisch-ng-sra-v17-50-60-node-update/6tisch-ng-sra-v17/6tisch-ng-sra/examples/tsch/rpl-udp/border-router-client/border-router-client.exp5438
 INFO [main] (MspMote.java:235) - Loading firmware from: /home/drhakanaydin/6tisch-ng-sra-v17-50-60-node-update/6tisch-ng-sra-v17/6tisch-ng-sra/examples/tsch/rpl-udp/border-router-client/border-router-client.exp5438
 INFO [main] (MspMote.java:235) - Loading firmware from: /home/drhakanaydin/6tisch-ng-sra-v17-50-60-node-update/6tisch-ng-sra-v17/6tisch-ng-sra/examples/tsch/rpl-udp/border-router-client/border-router-client.exp5438
 INFO [main] (MspMote.java:235) - Loading firmware from: /home/drhakanaydin/6tisch-ng-sra-v17-50-60-node-update/6tisch-ng-sra-v17/6tisch-ng-sra/examples/tsch/rpl-udp/border-router-client/border-router-client.exp5438
 INFO [main] (MspMote.java:235) - Loading firmware from: /home/drhakanaydin/6tisch-ng-sra-v17-50-60-node-update/6tisch-ng-sra-v17/6tisch-ng-sra/examples/tsch/rpl-udp/border-router-client/border-router-client.exp5438
 INFO [main] (MspMote.java:235) - Loading firmware from: /home/drhakanaydin/6tisch-ng-sra-v17-50-60-node-update/6tisch-ng-sra-v17/6tisch-ng-sra/examples/tsch/rpl-udp/border-router-client/border-router-client.exp5438
 INFO [main] (MspMote.java:235) - Loading firmware from: /home/drhakanaydin/6tisch-ng-sra-v17-50-60-node-update/6tisch-ng-sra-v17/6tisch-ng-sra/examples/tsch/rpl-udp/border-router-client/border-router-client.exp5438
 INFO [main] (MspMote.java:235) - Loading firmware from: /home/drhakanaydin/6tisch-ng-sra-v17-50-60-node-update/6tisch-ng-sra-v17/6tisch-ng-sra/examples/tsch/rpl-udp/border-router-client/border-router-client.exp5438
 INFO [main] (MspMote.java:235) - Loading firmware from: /home/drhakanaydin/6tisch-ng-sra-v17-50-60-node-update/6tisch-ng-sra-v17/6tisch-ng-sra/examples/tsch/rpl-udp/border-router-client/border-router-client.exp5438
 INFO [main] (MspMote.java:235) - Loading firmware from: /home/drhakanaydin/6tisch-ng-sra-v17-50-60-node-update/6tisch-ng-sra-v17/6tisch-ng-sra/examples/tsch/rpl-udp/border-router-client/border-router-client.exp5438
 INFO [main] (MspMote.java:235) - Loading firmware from: /home/drhakanaydin/6tisch-ng-sra-v17-50-60-node-update/6tisch-ng-sra-v17/6tisch-ng-sra/examples/tsch/rpl-udp/border-router-client/border-router-client.exp5438
 INFO [main] (MspMote.java:235) - Loading firmware from: /home/drhakanaydin/6tisch-ng-sra-v17-50-60-node-update/6tisch-ng-sra-v17/6tisch-ng-sra/examples/tsch/rpl-udp/border-router-client/border-router-client.exp5438
 INFO [main] (MspMote.java:235) - Loading firmware from: /home/drhakanaydin/6tisch-ng-sra-v17-50-60-node-update/6tisch-ng-sra-v17/6tisch-ng-sra/examples/tsch/rpl-udp/border-router-client/border-router-client.exp5438
 INFO [main] (MspMote.java:235) - Loading firmware from: /home/drhakanaydin/6tisch-ng-sra-v17-50-60-node-update/6tisch-ng-sra-v17/6tisch-ng-sra/examples/tsch/rpl-udp/border-router-client/border-router-client.exp5438
 INFO [main] (MspMote.java:235) - Loading firmware from: /home/drhakanaydin/6tisch-ng-sra-v17-50-60-node-update/6tisch-ng-sra-v17/6tisch-ng-sra/examples/tsch/rpl-udp/border-router-client/border-router-client.exp5438
 INFO [main] (MspMote.java:235) - Loading firmware from: /home/drhakanaydin/6tisch-ng-sra-v17-50-60-node-update/6tisch-ng-sra-v17/6tisch-ng-sra/examples/tsch/rpl-udp/border-router-client/border-router-client.exp5438
 INFO [main] (MspMote.java:235) - Loading firmware from: /home/drhakanaydin/6tisch-ng-sra-v17-50-60-node-update/6tisch-ng-sra-v17/6tisch-ng-sra/examples/tsch/rpl-udp/border-router-client/border-router-client.exp5438
 INFO [main] (MspMote.java:235) - Loading firmware from: /home/drhakanaydin/6tisch-ng-sra-v17-50-60-node-update/6tisch-ng-sra-v17/6tisch-ng-sra/examples/tsch/rpl-udp/border-router-client/border-router-client.exp5438
 INFO [main] (MspMote.java:235) - Loading firmware from: /home/drhakanaydin/6tisch-ng-sra-v17-50-60-node-update/6tisch-ng-sra-v17/6tisch-ng-sra/examples/tsch/rpl-udp/border-router-client/border-router-client.exp5438
 INFO [main] (MspMote.java:235) - Loading firmware from: /home/drhakanaydin/6tisch-ng-sra-v17-50-60-node-update/6tisch-ng-sra-v17/6tisch-ng-sra/examples/tsch/rpl-udp/border-router-client/border-router-client.exp5438
 INFO [main] (MspMote.java:235) - Loading firmware from: /home/drhakanaydin/6tisch-ng-sra-v17-50-60-node-update/6tisch-ng-sra-v17/6tisch-ng-sra/examples/tsch/rpl-udp/border-router-client/border-router-client.exp5438
 INFO [main] (MspMote.java:235) - Loading firmware from: /home/drhakanaydin/6tisch-ng-sra-v17-50-60-node-update/6tisch-ng-sra-v17/6tisch-ng-sra/examples/tsch/rpl-udp/border-router-client/border-router-client.exp5438
 INFO [main] (MspMote.java:235) - Loading firmware from: /home/drhakanaydin/6tisch-ng-sra-v17-50-60-node-update/6tisch-ng-sra-v17/6tisch-ng-sra/examples/tsch/rpl-udp/border-router-client/border-router-client.exp5438
 INFO [main] (MspMote.java:235) - Loading firmware from: /home/drhakanaydin/6tisch-ng-sra-v17-50-60-node-update/6tisch-ng-sra-v17/6tisch-ng-sra/examples/tsch/rpl-udp/border-router-client/border-router-client.exp5438
 INFO [main] (MspMote.java:235) - Loading firmware from: /home/drhakanaydin/6tisch-ng-sra-v17-50-60-node-update/6tisch-ng-sra-v17/6tisch-ng-sra/examples/tsch/rpl-udp/border-router-client/border-router-client.exp5438
 INFO [main] (MspMote.java:235) - Loading firmware from: /home/drhakanaydin/6tisch-ng-sra-v17-50-60-node-update/6tisch-ng-sra-v17/6tisch-ng-sra/examples/tsch/rpl-udp/border-router-client/border-router-client.exp5438
 INFO [main] (MspMote.java:235) - Loading firmware from: /home/drhakanaydin/6tisch-ng-sra-v17-50-60-node-update/6tisch-ng-sra-v17/6tisch-ng-sra/examples/tsch/rpl-udp/border-router-client/border-router-client.exp5438
 INFO [main] (MspMote.java:235) - Loading firmware from: /home/drhakanaydin/6tisch-ng-sra-v17-50-60-node-update/6tisch-ng-sra-v17/6tisch-ng-sra/examples/tsch/rpl-udp/border-router-client/border-router-client.exp5438
 INFO [main] (MspMote.java:235) - Loading firmware from: /home/drhakanaydin/6tisch-ng-sra-v17-50-60-node-update/6tisch-ng-sra-v17/6tisch-ng-sra/examples/tsch/rpl-udp/border-router-client/border-router-client.exp5438
 INFO [main] (MspMote.java:235) - Loading firmware from: /home/drhakanaydin/6tisch-ng-sra-v17-50-60-node-update/6tisch-ng-sra-v17/6tisch-ng-sra/examples/tsch/rpl-udp/border-router-client/border-router-client.exp5438
 INFO [main] (MspMote.java:235) - Loading firmware from: /home/drhakanaydin/6tisch-ng-sra-v17-50-60-node-update/6tisch-ng-sra-v17/6tisch-ng-sra/examples/tsch/rpl-udp/border-router-client/border-router-client.exp5438
 INFO [main] (Cooja.java:1782) - Visualized plugin was not started: class org.contikios.cooja.plugins.SimControl
 INFO [main] (Cooja.java:1782) - Visualized plugin was not started: class org.contikios.cooja.plugins.Visualizer
 INFO [main] (Cooja.java:1782) - Visualized plugin was not started: class org.contikios.cooja.plugins.LogListener
 INFO [main] (Cooja.java:1782) - Visualized plugin was not started: class org.contikios.cooja.plugins.TimeLine
 INFO [main] (ScriptRunner.java:438) - Test script deactivated
 INFO [main] (LogScriptEngine.java:265) - Script timeout in 3800000 ms
 INFO [main] (ScriptRunner.java:395) - Test script activated
 INFO [Thread-2] (Simulation.java:253) - Simulation main loop started, system time: 1790436838618
 INFO [main] (Mobility.java:84) - Mobility plugin started at (ms): 75
 INFO [main] (Mobility.java:116) - Parsing position file: /home/drhakanaydin/6tisch-ng-sra-v17-50-60-node-update/6tisch-ng-sra-v17/6tisch-ng-sra/tools/cooja/apps/mobility/grid50node_high.dat
 INFO [main] (Mobility.java:141) - Loaded 3601 positions
 INFO [Thread-2] (LogScriptEngine.java:389) - Test script at 5.00%, done in 6728.0 sec
 INFO [Thread-2] (LogScriptEngine.java:389) - Test script at 10.00%, done in 7389.7 sec
Watchdog: illegal write to WDTCTL (0) from $103ca - reset!!!!
Stack Trace: number of calls: 5 PC: $103ca
  watchdog_reboot (packetbuf.c) called from PC: $24d44 (elapsed: 5)
  restart_time_synchronisation (packetbuf.c) called from PC: $15abe (elapsed: 30452)
  process_thread_foure_timesynch_process (local in 4emac-timesynch.c) called from PC: $12738 (elapsed: 1283698)
  call_process (local in process.c) called from PC: $1291c (elapsed: 1283735)
  process_run (packetbuf.c) called from PC: $05edc (elapsed: 1287247)
 WARN [Thread-2] (MspMote.java:229) - 35: # Watchdog[EXECUTION]: illegal write to WDTCTL (0) from $103ca - reset!!!!
Watchdog: illegal write to WDTCTL (0) from $103ca - reset!!!!
Stack Trace: number of calls: 5 PC: $103ca
  watchdog_reboot (packetbuf.c) called from PC: $24d44 (elapsed: 5)
  restart_time_synchronisation (packetbuf.c) called from PC: $15abe (elapsed: 30452)
  process_thread_foure_timesynch_process (local in 4emac-timesynch.c) called from PC: $12738 (elapsed: 1119195)
  call_process (local in process.c) called from PC: $1291c (elapsed: 1119232)
  process_run (packetbuf.c) called from PC: $05edc (elapsed: 1122642)
 WARN [Thread-2] (MspMote.java:229) - 30: # Watchdog[EXECUTION]: illegal write to WDTCTL (0) from $103ca - reset!!!!
Watchdog: illegal write to WDTCTL (0) from $103ca - reset!!!!
Stack Trace: number of calls: 5 PC: $103ca
  watchdog_reboot (packetbuf.c) called from PC: $24d44 (elapsed: 5)
  restart_time_synchronisation (packetbuf.c) called from PC: $15abe (elapsed: 30452)
  process_thread_foure_timesynch_process (local in 4emac-timesynch.c) called from PC: $12738 (elapsed: 667425)
  call_process (local in process.c) called from PC: $1291c (elapsed: 667462)
  process_run (packetbuf.c) called from PC: $05edc (elapsed: 670577)
 WARN [Thread-2] (MspMote.java:229) - 34: # Watchdog[EXECUTION]: illegal write to WDTCTL (0) from $103ca - reset!!!!
Watchdog: illegal write to WDTCTL (0) from $103ca - reset!!!!
Stack Trace: number of calls: 5 PC: $103ca
  watchdog_reboot (packetbuf.c) called from PC: $24d44 (elapsed: 5)
  restart_time_synchronisation (packetbuf.c) called from PC: $15abe (elapsed: 30447)
  process_thread_foure_timesynch_process (local in 4emac-timesynch.c) called from PC: $12738 (elapsed: 1085647)
  call_process (local in process.c) called from PC: $1291c (elapsed: 1085684)
  process_run (packetbuf.c) called from PC: $05edc (elapsed: 1088967)
 WARN [Thread-2] (MspMote.java:229) - 44: # Watchdog[EXECUTION]: illegal write to WDTCTL (0) from $103ca - reset!!!!
 INFO [Thread-2] (LogScriptEngine.java:389) - Test script at 15.00%, done in 8378.9 sec
Watchdog: illegal write to WDTCTL (0) from $103ca - reset!!!!
Stack Trace: number of calls: 5 PC: $103ca
  watchdog_reboot (packetbuf.c) called from PC: $24d44 (elapsed: 5)
  restart_time_synchronisation (packetbuf.c) called from PC: $15abe (elapsed: 30452)
  process_thread_foure_timesynch_process (local in 4emac-timesynch.c) called from PC: $12738 (elapsed: 1417940)
  call_process (local in process.c) called from PC: $1291c (elapsed: 1417977)
  process_run (packetbuf.c) called from PC: $05edc (elapsed: 1421104)
 WARN [Thread-2] (MspMote.java:229) - 8: # Watchdog[EXECUTION]: illegal write to WDTCTL (0) from $103ca - reset!!!!
Watchdog: illegal write to WDTCTL (0) from $103ca - reset!!!!
Stack Trace: number of calls: 5 PC: $103ca
  watchdog_reboot (packetbuf.c) called from PC: $24d44 (elapsed: 5)
  restart_time_synchronisation (packetbuf.c) called from PC: $15abe (elapsed: 30452)
  process_thread_foure_timesynch_process (local in 4emac-timesynch.c) called from PC: $12738 (elapsed: 983221)
  call_process (local in process.c) called from PC: $1291c (elapsed: 983258)
  process_run (packetbuf.c) called from PC: $05edc (elapsed: 986453)
 WARN [Thread-2] (MspMote.java:229) - 34: # Watchdog[EXECUTION]: illegal write to WDTCTL (0) from $103ca - reset!!!!
Watchdog: illegal write to WDTCTL (0) from $103ca - reset!!!!
Stack Trace: number of calls: 5 PC: $103ca
  watchdog_reboot (packetbuf.c) called from PC: $24d44 (elapsed: 5)
  restart_time_synchronisation (packetbuf.c) called from PC: $15abe (elapsed: 30453)
  process_thread_foure_timesynch_process (local in 4emac-timesynch.c) called from PC: $12738 (elapsed: 1273780)
  call_process (local in process.c) called from PC: $1291c (elapsed: 1273817)
  process_run (packetbuf.c) called from PC: $05edc (elapsed: 1277930)
 WARN [Thread-2] (MspMote.java:229) - 45: # Watchdog[EXECUTION]: illegal write to WDTCTL (0) from $103ca - reset!!!!
Watchdog: illegal write to WDTCTL (0) from $103ca - reset!!!!
Stack Trace: number of calls: 5 PC: $103ca
  watchdog_reboot (packetbuf.c) called from PC: $24d44 (elapsed: 5)
  restart_time_synchronisation (packetbuf.c) called from PC: $15abe (elapsed: 30452)
  process_thread_foure_timesynch_process (local in 4emac-timesynch.c) called from PC: $12738 (elapsed: 1243888)
  call_process (local in process.c) called from PC: $1291c (elapsed: 1243925)
  process_run (packetbuf.c) called from PC: $05edc (elapsed: 1247048)
 WARN [Thread-2] (MspMote.java:229) - 12: # Watchdog[EXECUTION]: illegal write to WDTCTL (0) from $103ca - reset!!!!
Watchdog: illegal write to WDTCTL (0) from $103ca - reset!!!!
Stack Trace: number of calls: 5 PC: $103ca
  watchdog_reboot (packetbuf.c) called from PC: $24d44 (elapsed: 5)
  restart_time_synchronisation (packetbuf.c) called from PC: $15abe (elapsed: 30452)
  process_thread_foure_timesynch_process (local in 4emac-timesynch.c) called from PC: $12738 (elapsed: 1100756)
  call_process (local in process.c) called from PC: $1291c (elapsed: 1100793)
  process_run (packetbuf.c) called from PC: $05edc (elapsed: 1104074)
 WARN [Thread-2] (MspMote.java:229) - 2: # Watchdog[EXECUTION]: illegal write to WDTCTL (0) from $103ca - reset!!!!
Watchdog: illegal write to WDTCTL (0) from $103ca - reset!!!!
Stack Trace: number of calls: 5 PC: $103ca
  watchdog_reboot (packetbuf.c) called from PC: $24d44 (elapsed: 5)
  restart_time_synchronisation (packetbuf.c) called from PC: $15abe (elapsed: 30453)
  process_thread_foure_timesynch_process (local in 4emac-timesynch.c) called from PC: $12738 (elapsed: 1082132)
  call_process (local in process.c) called from PC: $1291c (elapsed: 1082169)
  process_run (packetbuf.c) called from PC: $05edc (elapsed: 1085369)
 WARN [Thread-2] (MspMote.java:229) - 22: # Watchdog[EXECUTION]: illegal write to WDTCTL (0) from $103ca - reset!!!!
Watchdog: illegal write to WDTCTL (0) from $103ca - reset!!!!
Stack Trace: number of calls: 5 PC: $103ca
  watchdog_reboot (packetbuf.c) called from PC: $24d44 (elapsed: 5)
  restart_time_synchronisation (packetbuf.c) called from PC: $15abe (elapsed: 30639)
  process_thread_foure_timesynch_process (local in 4emac-timesynch.c) called from PC: $12738 (elapsed: 942491)
  call_process (local in process.c) called from PC: $1291c (elapsed: 942528)
  process_run (packetbuf.c) called from PC: $05edc (elapsed: 945678)
 WARN [Thread-2] (MspMote.java:229) - 13: # Watchdog[EXECUTION]: illegal write to WDTCTL (0) from $103ca - reset!!!!
Watchdog: illegal write to WDTCTL (0) from $103ca - reset!!!!
Stack Trace: number of calls: 5 PC: $103ca
  watchdog_reboot (packetbuf.c) called from PC: $24d44 (elapsed: 5)
  restart_time_synchronisation (packetbuf.c) called from PC: $15abe (elapsed: 30447)
  process_thread_foure_timesynch_process (local in 4emac-timesynch.c) called from PC: $12738 (elapsed: 1262872)
  call_process (local in process.c) called from PC: $1291c (elapsed: 1262909)
  process_run (packetbuf.c) called from PC: $05edc (elapsed: 1266100)
 WARN [Thread-2] (MspMote.java:229) - 30: # Watchdog[EXECUTION]: illegal write to WDTCTL (0) from $103ca - reset!!!!
 INFO [Thread-2] (LogScriptEngine.java:389) - Test script at 20.00%, done in 9482.8 sec
Watchdog: illegal write to WDTCTL (0) from $103ca - reset!!!!
Stack Trace: number of calls: 5 PC: $103ca
  watchdog_reboot (packetbuf.c) called from PC: $24d44 (elapsed: 5)
  restart_time_synchronisation (packetbuf.c) called from PC: $15abe (elapsed: 59695)
  process_thread_foure_timesynch_process (local in 4emac-timesynch.c) called from PC: $12738 (elapsed: 1108760)
  call_process (local in process.c) called from PC: $1291c (elapsed: 1108797)
  process_run (packetbuf.c) called from PC: $05edc (elapsed: 1111920)
 WARN [Thread-2] (MspMote.java:229) - 7: # Watchdog[EXECUTION]: illegal write to WDTCTL (0) from $103ca - reset!!!!
Watchdog: illegal write to WDTCTL (0) from $103ca - reset!!!!
Stack Trace: number of calls: 5 PC: $103ca
  watchdog_reboot (packetbuf.c) called from PC: $24d44 (elapsed: 5)
  restart_time_synchronisation (packetbuf.c) called from PC: $15abe (elapsed: 30452)
  process_thread_foure_timesynch_process (local in 4emac-timesynch.c) called from PC: $12738 (elapsed: 1853297)
  call_process (local in process.c) called from PC: $1291c (elapsed: 1853334)
  process_run (packetbuf.c) called from PC: $05edc (elapsed: 1856810)
 WARN [Thread-2] (MspMote.java:229) - 36: # Watchdog[EXECUTION]: illegal write to WDTCTL (0) from $103ca - reset!!!!
Watchdog: illegal write to WDTCTL (0) from $103ca - reset!!!!
Stack Trace: number of calls: 5 PC: $103ca
  watchdog_reboot (packetbuf.c) called from PC: $24d44 (elapsed: 5)
  restart_time_synchronisation (packetbuf.c) called from PC: $15abe (elapsed: 30453)
  process_thread_foure_timesynch_process (local in 4emac-timesynch.c) called from PC: $12738 (elapsed: 812286)
  call_process (local in process.c) called from PC: $1291c (elapsed: 812323)
  process_run (packetbuf.c) called from PC: $05edc (elapsed: 815464)
 WARN [Thread-2] (MspMote.java:229) - 30: # Watchdog[EXECUTION]: illegal write to WDTCTL (0) from $103ca - reset!!!!
 INFO [Thread-2] (LogScriptEngine.java:389) - Test script at 25.00%, done in 9999.7 sec
Watchdog: illegal write to WDTCTL (0) from $103ca - reset!!!!
Stack Trace: number of calls: 5 PC: $103ca
  watchdog_reboot (packetbuf.c) called from PC: $24d44 (elapsed: 5)
  restart_time_synchronisation (packetbuf.c) called from PC: $15abe (elapsed: 30453)
  process_thread_foure_timesynch_process (local in 4emac-timesynch.c) called from PC: $12738 (elapsed: 1444383)
  call_process (local in process.c) called from PC: $1291c (elapsed: 1444420)
  process_run (packetbuf.c) called from PC: $05edc (elapsed: 1447827)
 WARN [Thread-2] (MspMote.java:229) - 30: # Watchdog[EXECUTION]: illegal write to WDTCTL (0) from $103ca - reset!!!!
Watchdog: illegal write to WDTCTL (0) from $103ca - reset!!!!
Stack Trace: number of calls: 5 PC: $103ca
  watchdog_reboot (packetbuf.c) called from PC: $24d44 (elapsed: 5)
  restart_time_synchronisation (packetbuf.c) called from PC: $15abe (elapsed: 30452)
  process_thread_foure_timesynch_process (local in 4emac-timesynch.c) called from PC: $12738 (elapsed: 779955)
  call_process (local in process.c) called from PC: $1291c (elapsed: 779992)
  process_run (packetbuf.c) called from PC: $05edc (elapsed: 783327)
 WARN [Thread-2] (MspMote.java:229) - 34: # Watchdog[EXECUTION]: illegal write to WDTCTL (0) from $103ca - reset!!!!
Watchdog: illegal write to WDTCTL (0) from $103ca - reset!!!!
Stack Trace: number of calls: 5 PC: $103ca
  watchdog_reboot (packetbuf.c) called from PC: $24d44 (elapsed: 5)
  restart_time_synchronisation (packetbuf.c) called from PC: $15abe (elapsed: 30452)
  process_thread_foure_timesynch_process (local in 4emac-timesynch.c) called from PC: $12738 (elapsed: 1369294)
  call_process (local in process.c) called from PC: $1291c (elapsed: 1369331)
  process_run (packetbuf.c) called from PC: $05edc (elapsed: 1372450)
 WARN [Thread-2] (MspMote.java:229) - 22: # Watchdog[EXECUTION]: illegal write to WDTCTL (0) from $103ca - reset!!!!
Watchdog: illegal write to WDTCTL (0) from $103ca - reset!!!!
Stack Trace: number of calls: 5 PC: $103ca
  watchdog_reboot (packetbuf.c) called from PC: $24d44 (elapsed: 5)
  restart_time_synchronisation (packetbuf.c) called from PC: $15abe (elapsed: 30452)
  process_thread_foure_timesynch_process (local in 4emac-timesynch.c) called from PC: $12738 (elapsed: 1287560)
  call_process (local in process.c) called from PC: $1291c (elapsed: 1287597)
  process_run (packetbuf.c) called from PC: $05edc (elapsed: 1290659)
 WARN [Thread-2] (MspMote.java:229) - 19: # Watchdog[EXECUTION]: illegal write to WDTCTL (0) from $103ca - reset!!!!
 INFO [Thread-2] (LogScriptEngine.java:389) - Test script at 30.00%, done in 9992.8 sec
Watchdog: illegal write to WDTCTL (0) from $103ca - reset!!!!
Stack Trace: number of calls: 5 PC: $103ca
  watchdog_reboot (packetbuf.c) called from PC: $24d44 (elapsed: 5)
  restart_time_synchronisation (packetbuf.c) called from PC: $15abe (elapsed: 30452)
  process_thread_foure_timesynch_process (local in 4emac-timesynch.c) called from PC: $12738 (elapsed: 1432811)
  call_process (local in process.c) called from PC: $1291c (elapsed: 1432848)
  process_run (packetbuf.c) called from PC: $05edc (elapsed: 1436154)
 WARN [Thread-2] (MspMote.java:229) - 13: # Watchdog[EXECUTION]: illegal write to WDTCTL (0) from $103ca - reset!!!!
Watchdog: illegal write to WDTCTL (0) from $103ca - reset!!!!
Stack Trace: number of calls: 5 PC: $103ca
  watchdog_reboot (packetbuf.c) called from PC: $24d44 (elapsed: 5)
  restart_time_synchronisation (packetbuf.c) called from PC: $15abe (elapsed: 30452)
  process_thread_foure_timesynch_process (local in 4emac-timesynch.c) called from PC: $12738 (elapsed: 806346)
  call_process (local in process.c) called from PC: $1291c (elapsed: 806383)
  process_run (packetbuf.c) called from PC: $05edc (elapsed: 809418)
 WARN [Thread-2] (MspMote.java:229) - 24: # Watchdog[EXECUTION]: illegal write to WDTCTL (0) from $103ca - reset!!!!
Watchdog: illegal write to WDTCTL (0) from $103ca - reset!!!!
Stack Trace: number of calls: 5 PC: $103ca
  watchdog_reboot (packetbuf.c) called from PC: $24d44 (elapsed: 5)
  restart_time_synchronisation (packetbuf.c) called from PC: $15abe (elapsed: 30447)
  process_thread_foure_timesynch_process (local in 4emac-timesynch.c) called from PC: $12738 (elapsed: 1198351)
  call_process (local in process.c) called from PC: $1291c (elapsed: 1198388)
  process_run (packetbuf.c) called from PC: $05edc (elapsed: 1201907)
 WARN [Thread-2] (MspMote.java:229) - 11: # Watchdog[EXECUTION]: illegal write to WDTCTL (0) from $103ca - reset!!!!
Watchdog: illegal write to WDTCTL (0) from $103ca - reset!!!!
Stack Trace: number of calls: 5 PC: $103ca
  watchdog_reboot (packetbuf.c) called from PC: $24d44 (elapsed: 5)
  restart_time_synchronisation (packetbuf.c) called from PC: $15abe (elapsed: 30452)
  process_thread_foure_timesynch_process (local in 4emac-timesynch.c) called from PC: $12738 (elapsed: 841441)
  call_process (local in process.c) called from PC: $1291c (elapsed: 841478)
  process_run (packetbuf.c) called from PC: $05edc (elapsed: 844517)
 WARN [Thread-2] (MspMote.java:229) - 23: # Watchdog[EXECUTION]: illegal write to WDTCTL (0) from $103ca - reset!!!!
 INFO [Thread-2] (LogScriptEngine.java:389) - Test script at 35.00%, done in 9656.0 sec
Watchdog: illegal write to WDTCTL (0) from $103ca - reset!!!!
Stack Trace: number of calls: 5 PC: $103ca
  watchdog_reboot (packetbuf.c) called from PC: $24d44 (elapsed: 5)
  restart_time_synchronisation (packetbuf.c) called from PC: $15abe (elapsed: 30453)
  process_thread_foure_timesynch_process (local in 4emac-timesynch.c) called from PC: $12738 (elapsed: 811474)
  call_process (local in process.c) called from PC: $1291c (elapsed: 811511)
  process_run (packetbuf.c) called from PC: $05edc (elapsed: 814704)
 WARN [Thread-2] (MspMote.java:229) - 30: # Watchdog[EXECUTION]: illegal write to WDTCTL (0) from $103ca - reset!!!!
Watchdog: illegal write to WDTCTL (0) from $103ca - reset!!!!
Stack Trace: number of calls: 5 PC: $103ca
  watchdog_reboot (packetbuf.c) called from PC: $24d44 (elapsed: 5)
  restart_time_synchronisation (packetbuf.c) called from PC: $15abe (elapsed: 30453)
  process_thread_foure_timesynch_process (local in 4emac-timesynch.c) called from PC: $12738 (elapsed: 1382626)
  call_process (local in process.c) called from PC: $1291c (elapsed: 1382663)
  process_run (packetbuf.c) called from PC: $05edc (elapsed: 1385787)
 WARN [Thread-2] (MspMote.java:229) - 12: # Watchdog[EXECUTION]: illegal write to WDTCTL (0) from $103ca - reset!!!!
Watchdog: illegal write to WDTCTL (0) from $103ca - reset!!!!
Stack Trace: number of calls: 5 PC: $103ca
  watchdog_reboot (packetbuf.c) called from PC: $24d44 (elapsed: 5)
  restart_time_synchronisation (packetbuf.c) called from PC: $15abe (elapsed: 30452)
  process_thread_foure_timesynch_process (local in 4emac-timesynch.c) called from PC: $12738 (elapsed: 957031)
  call_process (local in process.c) called from PC: $1291c (elapsed: 957068)
  process_run (packetbuf.c) called from PC: $05edc (elapsed: 960182)
 WARN [Thread-2] (MspMote.java:229) - 24: # Watchdog[EXECUTION]: illegal write to WDTCTL (0) from $103ca - reset!!!!
 INFO [Thread-2] (LogScriptEngine.java:389) - Test script at 40.00%, done in 9219.4 sec
Watchdog: illegal write to WDTCTL (0) from $103ca - reset!!!!
Stack Trace: number of calls: 11 PC: $103ca
  watchdog_reboot (packetbuf.c) called from PC: $24d44 (elapsed: 5)
  restart_time_synchronisation (packetbuf.c) called from PC: $14fba (elapsed: 31371)
  foure_timesynch_parent_switch_callback (packetbuf.c) called from PC: $1ea70 (elapsed: 69447)
  rpl_set_preferred_parent (local in rpl-dag.c) called from PC: $1f0a0 (elapsed: 164476)
  rpl_nullify_parent (packetbuf.c) called from PC: $1fd3a (elapsed: 388696)
  rpl_process_parent_event (packetbuf.c) called from PC: $1fdd2 (elapsed: 488390)
  rpl_recalculate_ranks (packetbuf.c) called from PC: $2383a (elapsed: 491167)
  handle_periodic_timer (local in rpl-timers.c) called from PC: $1219c (elapsed: 491434)
  process_thread_ctimer_process (local in ctimer.c) called from PC: $12738 (elapsed: 491659)
  call_process (local in process.c) called from PC: $1291c (elapsed: 491696)
  process_run (packetbuf.c) called from PC: $05edc (elapsed: 494621)
 WARN [Thread-2] (MspMote.java:229) - 24: # Watchdog[EXECUTION]: illegal write to WDTCTL (0) from $103ca - reset!!!!
Watchdog: illegal write to WDTCTL (0) from $103ca - reset!!!!
Stack Trace: number of calls: 5 PC: $103ca
  watchdog_reboot (packetbuf.c) called from PC: $24d44 (elapsed: 5)
  restart_time_synchronisation (packetbuf.c) called from PC: $15abe (elapsed: 30632)
  process_thread_foure_timesynch_process (local in 4emac-timesynch.c) called from PC: $12738 (elapsed: 1395043)
  call_process (local in process.c) called from PC: $1291c (elapsed: 1395080)
  process_run (packetbuf.c) called from PC: $05edc (elapsed: 1398656)
 WARN [Thread-2] (MspMote.java:229) - 29: # Watchdog[EXECUTION]: illegal write to WDTCTL (0) from $103ca - reset!!!!
Watchdog: illegal write to WDTCTL (0) from $103ca - reset!!!!
Stack Trace: number of calls: 5 PC: $103ca
  watchdog_reboot (packetbuf.c) called from PC: $24d44 (elapsed: 5)
  restart_time_synchronisation (packetbuf.c) called from PC: $15abe (elapsed: 35304)
  process_thread_foure_timesynch_process (local in 4emac-timesynch.c) called from PC: $12738 (elapsed: 1475451)
  call_process (local in process.c) called from PC: $1291c (elapsed: 1475488)
  process_run (packetbuf.c) called from PC: $05edc (elapsed: 1478717)
 WARN [Thread-2] (MspMote.java:229) - 16: # Watchdog[EXECUTION]: illegal write to WDTCTL (0) from $103ca - reset!!!!
Watchdog: illegal write to WDTCTL (0) from $103ca - reset!!!!
Stack Trace: number of calls: 5 PC: $103ca
  watchdog_reboot (packetbuf.c) called from PC: $24d44 (elapsed: 5)
  restart_time_synchronisation (packetbuf.c) called from PC: $15abe (elapsed: 30452)
  process_thread_foure_timesynch_process (local in 4emac-timesynch.c) called from PC: $12738 (elapsed: 1366791)
  call_process (local in process.c) called from PC: $1291c (elapsed: 1366828)
  process_run (packetbuf.c) called from PC: $05edc (elapsed: 1370246)
 WARN [Thread-2] (MspMote.java:229) - 28: # Watchdog[EXECUTION]: illegal write to WDTCTL (0) from $103ca - reset!!!!
Watchdog: illegal write to WDTCTL (0) from $103ca - reset!!!!
Stack Trace: number of calls: 5 PC: $103ca
  watchdog_reboot (packetbuf.c) called from PC: $24d44 (elapsed: 5)
  restart_time_synchronisation (packetbuf.c) called from PC: $15abe (elapsed: 31364)
  process_thread_foure_timesynch_process (local in 4emac-timesynch.c) called from PC: $12738 (elapsed: 185436)
  call_process (local in process.c) called from PC: $1291c (elapsed: 185473)
  process_run (packetbuf.c) called from PC: $05edc (elapsed: 189606)
 WARN [Thread-2] (MspMote.java:229) - 12: # Watchdog[EXECUTION]: illegal write to WDTCTL (0) from $103ca - reset!!!!
Watchdog: illegal write to WDTCTL (0) from $103ca - reset!!!!
Stack Trace: number of calls: 5 PC: $103ca
  watchdog_reboot (packetbuf.c) called from PC: $24d44 (elapsed: 5)
  restart_time_synchronisation (packetbuf.c) called from PC: $15abe (elapsed: 30453)
  process_thread_foure_timesynch_process (local in 4emac-timesynch.c) called from PC: $12738 (elapsed: 1428037)
  call_process (local in process.c) called from PC: $1291c (elapsed: 1428074)
  process_run (packetbuf.c) called from PC: $05edc (elapsed: 1434787)
 WARN [Thread-2] (MspMote.java:229) - 15: # Watchdog[EXECUTION]: illegal write to WDTCTL (0) from $103ca - reset!!!!
Watchdog: illegal write to WDTCTL (0) from $103ca - reset!!!!
Stack Trace: number of calls: 5 PC: $103ca
  watchdog_reboot (packetbuf.c) called from PC: $24d44 (elapsed: 5)
  restart_time_synchronisation (packetbuf.c) called from PC: $15abe (elapsed: 30452)
  process_thread_foure_timesynch_process (local in 4emac-timesynch.c) called from PC: $12738 (elapsed: 1356514)
  call_process (local in process.c) called from PC: $1291c (elapsed: 1356551)
  process_run (packetbuf.c) called from PC: $05edc (elapsed: 1359784)
 WARN [Thread-2] (MspMote.java:229) - 33: # Watchdog[EXECUTION]: illegal write to WDTCTL (0) from $103ca - reset!!!!
Watchdog: illegal write to WDTCTL (0) from $103ca - reset!!!!
Stack Trace: number of calls: 5 PC: $103ca
  watchdog_reboot (packetbuf.c) called from PC: $24d44 (elapsed: 5)
  restart_time_synchronisation (packetbuf.c) called from PC: $15abe (elapsed: 30452)
  process_thread_foure_timesynch_process (local in 4emac-timesynch.c) called from PC: $12738 (elapsed: 1114421)
  call_process (local in process.c) called from PC: $1291c (elapsed: 1114458)
  process_run (packetbuf.c) called from PC: $05edc (elapsed: 1117683)
 WARN [Thread-2] (MspMote.java:229) - 23: # Watchdog[EXECUTION]: illegal write to WDTCTL (0) from $103ca - reset!!!!
Watchdog: illegal write to WDTCTL (0) from $103ca - reset!!!!
Stack Trace: number of calls: 5 PC: $103ca
  watchdog_reboot (packetbuf.c) called from PC: $24d44 (elapsed: 5)
  restart_time_synchronisation (packetbuf.c) called from PC: $15abe (elapsed: 30447)
  process_thread_foure_timesynch_process (local in 4emac-timesynch.c) called from PC: $12738 (elapsed: 1261798)
  call_process (local in process.c) called from PC: $1291c (elapsed: 1261835)
  process_run (packetbuf.c) called from PC: $05edc (elapsed: 1264987)
 WARN [Thread-2] (MspMote.java:229) - 10: # Watchdog[EXECUTION]: illegal write to WDTCTL (0) from $103ca - reset!!!!
Watchdog: illegal write to WDTCTL (0) from $103ca - reset!!!!
Stack Trace: number of calls: 5 PC: $103ca
  watchdog_reboot (packetbuf.c) called from PC: $24d44 (elapsed: 5)
  restart_time_synchronisation (packetbuf.c) called from PC: $15abe (elapsed: 30453)
  process_thread_foure_timesynch_process (local in 4emac-timesynch.c) called from PC: $12738 (elapsed: 1370826)
  call_process (local in process.c) called from PC: $1291c (elapsed: 1370863)
  process_run (packetbuf.c) called from PC: $05edc (elapsed: 2265551)
 WARN [Thread-2] (MspMote.java:229) - 21: # Watchdog[EXECUTION]: illegal write to WDTCTL (0) from $103ca - reset!!!!
Watchdog: illegal write to WDTCTL (0) from $103ca - reset!!!!
Stack Trace: number of calls: 5 PC: $103ca
  watchdog_reboot (packetbuf.c) called from PC: $24d44 (elapsed: 5)
  restart_time_synchronisation (packetbuf.c) called from PC: $15abe (elapsed: 30447)
  process_thread_foure_timesynch_process (local in 4emac-timesynch.c) called from PC: $12738 (elapsed: 1397147)
  call_process (local in process.c) called from PC: $1291c (elapsed: 1397184)
  process_run (packetbuf.c) called from PC: $05edc (elapsed: 1400490)
 WARN [Thread-2] (MspMote.java:229) - 25: # Watchdog[EXECUTION]: illegal write to WDTCTL (0) from $103ca - reset!!!!
Watchdog: illegal write to WDTCTL (0) from $103ca - reset!!!!
Stack Trace: number of calls: 5 PC: $103ca
  watchdog_reboot (packetbuf.c) called from PC: $24d44 (elapsed: 5)
  restart_time_synchronisation (packetbuf.c) called from PC: $15abe (elapsed: 30453)
  process_thread_foure_timesynch_process (local in 4emac-timesynch.c) called from PC: $12738 (elapsed: 1377714)
  call_process (local in process.c) called from PC: $1291c (elapsed: 1377751)
  process_run (packetbuf.c) called from PC: $05edc (elapsed: 1381121)
 WARN [Thread-2] (MspMote.java:229) - 5: # Watchdog[EXECUTION]: illegal write to WDTCTL (0) from $103ca - reset!!!!
Watchdog: illegal write to WDTCTL (0) from $103ca - reset!!!!
Stack Trace: number of calls: 5 PC: $103ca
  watchdog_reboot (packetbuf.c) called from PC: $24d44 (elapsed: 5)
  restart_time_synchronisation (packetbuf.c) called from PC: $15abe (elapsed: 30452)
  process_thread_foure_timesynch_process (local in 4emac-timesynch.c) called from PC: $12738 (elapsed: 1537029)
  call_process (local in process.c) called from PC: $1291c (elapsed: 1537066)
  process_run (packetbuf.c) called from PC: $05edc (elapsed: 1540110)
 WARN [Thread-2] (MspMote.java:229) - 9: # Watchdog[EXECUTION]: illegal write to WDTCTL (0) from $103ca - reset!!!!
Watchdog: illegal write to WDTCTL (0) from $103ca - reset!!!!
Stack Trace: number of calls: 5 PC: $103ca
  watchdog_reboot (packetbuf.c) called from PC: $24d44 (elapsed: 5)
  restart_time_synchronisation (packetbuf.c) called from PC: $15abe (elapsed: 30459)
  process_thread_foure_timesynch_process (local in 4emac-timesynch.c) called from PC: $12738 (elapsed: 1396388)
  call_process (local in process.c) called from PC: $1291c (elapsed: 1396425)
  process_run (packetbuf.c) called from PC: $05edc (elapsed: 1399735)
 WARN [Thread-2] (MspMote.java:229) - 14: # Watchdog[EXECUTION]: illegal write to WDTCTL (0) from $103ca - reset!!!!
Watchdog: illegal write to WDTCTL (0) from $103ca - reset!!!!
Stack Trace: number of calls: 5 PC: $103ca
  watchdog_reboot (packetbuf.c) called from PC: $24d44 (elapsed: 5)
  restart_time_synchronisation (packetbuf.c) called from PC: $15abe (elapsed: 30452)
  process_thread_foure_timesynch_process (local in 4emac-timesynch.c) called from PC: $12738 (elapsed: 1108007)
  call_process (local in process.c) called from PC: $1291c (elapsed: 1108044)
  process_run (packetbuf.c) called from PC: $05edc (elapsed: 1111327)
 WARN [Thread-2] (MspMote.java:229) - 19: # Watchdog[EXECUTION]: illegal write to WDTCTL (0) from $103ca - reset!!!!
Watchdog: illegal write to WDTCTL (0) from $103ca - reset!!!!
Stack Trace: number of calls: 5 PC: $103ca
  watchdog_reboot (packetbuf.c) called from PC: $24d44 (elapsed: 5)
  restart_time_synchronisation (packetbuf.c) called from PC: $15abe (elapsed: 30447)
  process_thread_foure_timesynch_process (local in 4emac-timesynch.c) called from PC: $12738 (elapsed: 1399792)
  call_process (local in process.c) called from PC: $1291c (elapsed: 1399829)
  process_run (packetbuf.c) called from PC: $05edc (elapsed: 1403160)
 WARN [Thread-2] (MspMote.java:229) - 11: # Watchdog[EXECUTION]: illegal write to WDTCTL (0) from $103ca - reset!!!!
Watchdog: illegal write to WDTCTL (0) from $103ca - reset!!!!
Stack Trace: number of calls: 5 PC: $103ca
  watchdog_reboot (packetbuf.c) called from PC: $24d44 (elapsed: 5)
  restart_time_synchronisation (packetbuf.c) called from PC: $15abe (elapsed: 30452)
  process_thread_foure_timesynch_process (local in 4emac-timesynch.c) called from PC: $12738 (elapsed: 1414584)
  call_process (local in process.c) called from PC: $1291c (elapsed: 1414621)
  process_run (packetbuf.c) called from PC: $05edc (elapsed: 1418068)
 WARN [Thread-2] (MspMote.java:229) - 20: # Watchdog[EXECUTION]: illegal write to WDTCTL (0) from $103ca - reset!!!!
Watchdog: illegal write to WDTCTL (0) from $103ca - reset!!!!
Stack Trace: number of calls: 5 PC: $103ca
  watchdog_reboot (packetbuf.c) called from PC: $24d44 (elapsed: 5)
  restart_time_synchronisation (packetbuf.c) called from PC: $15abe (elapsed: 30447)
  process_thread_foure_timesynch_process (local in 4emac-timesynch.c) called from PC: $12738 (elapsed: 1392776)
  call_process (local in process.c) called from PC: $1291c (elapsed: 1392813)
  process_run (packetbuf.c) called from PC: $05edc (elapsed: 1396152)
 WARN [Thread-2] (MspMote.java:229) - 4: # Watchdog[EXECUTION]: illegal write to WDTCTL (0) from $103ca - reset!!!!
 INFO [Thread-2] (LogScriptEngine.java:389) - Test script at 45.00%, done in 8527.9 sec
Watchdog: illegal write to WDTCTL (0) from $103ca - reset!!!!
Stack Trace: number of calls: 11 PC: $103ca
  watchdog_reboot (packetbuf.c) called from PC: $24d44 (elapsed: 5)
  restart_time_synchronisation (packetbuf.c) called from PC: $14fba (elapsed: 31370)
  foure_timesynch_parent_switch_callback (packetbuf.c) called from PC: $1ea70 (elapsed: 69452)
  rpl_set_preferred_parent (local in rpl-dag.c) called from PC: $1f0a0 (elapsed: 162741)
  rpl_nullify_parent (packetbuf.c) called from PC: $1fd3a (elapsed: 377661)
  rpl_process_parent_event (packetbuf.c) called from PC: $1fdd2 (elapsed: 474440)
  rpl_recalculate_ranks (packetbuf.c) called from PC: $2383a (elapsed: 476027)
  handle_periodic_timer (local in rpl-timers.c) called from PC: $1219c (elapsed: 476291)
  process_thread_ctimer_process (local in ctimer.c) called from PC: $12738 (elapsed: 476540)
  call_process (local in process.c) called from PC: $1291c (elapsed: 476577)
  process_run (packetbuf.c) called from PC: $05edc (elapsed: 479849)
 WARN [Thread-2] (MspMote.java:229) - 4: # Watchdog[EXECUTION]: illegal write to WDTCTL (0) from $103ca - reset!!!!
Watchdog: illegal write to WDTCTL (0) from $103ca - reset!!!!
Stack Trace: number of calls: 5 PC: $103ca
  watchdog_reboot (packetbuf.c) called from PC: $24d44 (elapsed: 5)
  restart_time_synchronisation (packetbuf.c) called from PC: $15abe (elapsed: 30447)
  process_thread_foure_timesynch_process (local in 4emac-timesynch.c) called from PC: $12738 (elapsed: 1389609)
  call_process (local in process.c) called from PC: $1291c (elapsed: 1389646)
  process_run (packetbuf.c) called from PC: $05edc (elapsed: 1392762)
 WARN [Thread-2] (MspMote.java:229) - 45: # Watchdog[EXECUTION]: illegal write to WDTCTL (0) from $103ca - reset!!!!
Watchdog: illegal write to WDTCTL (0) from $103ca - reset!!!!
Stack Trace: number of calls: 5 PC: $103ca
  watchdog_reboot (packetbuf.c) called from PC: $24d44 (elapsed: 5)
  restart_time_synchronisation (packetbuf.c) called from PC: $15abe (elapsed: 30453)
  process_thread_foure_timesynch_process (local in 4emac-timesynch.c) called from PC: $12738 (elapsed: 1458799)
  call_process (local in process.c) called from PC: $1291c (elapsed: 1458836)
  process_run (packetbuf.c) called from PC: $05edc (elapsed: 1461990)
 WARN [Thread-2] (MspMote.java:229) - 26: # Watchdog[EXECUTION]: illegal write to WDTCTL (0) from $103ca - reset!!!!
Watchdog: illegal write to WDTCTL (0) from $103ca - reset!!!!
Stack Trace: number of calls: 5 PC: $103ca
  watchdog_reboot (packetbuf.c) called from PC: $24d44 (elapsed: 5)
  restart_time_synchronisation (packetbuf.c) called from PC: $15abe (elapsed: 30459)
  process_thread_foure_timesynch_process (local in 4emac-timesynch.c) called from PC: $12738 (elapsed: 497920)
  call_process (local in process.c) called from PC: $1291c (elapsed: 497957)
  process_run (packetbuf.c) called from PC: $05edc (elapsed: 501152)
 WARN [Thread-2] (MspMote.java:229) - 15: # Watchdog[EXECUTION]: illegal write to WDTCTL (0) from $103ca - reset!!!!
Watchdog: illegal write to WDTCTL (0) from $103ca - reset!!!!
Stack Trace: number of calls: 5 PC: $103ca
  watchdog_reboot (packetbuf.c) called from PC: $24d44 (elapsed: 5)
  restart_time_synchronisation (packetbuf.c) called from PC: $15abe (elapsed: 30447)
  process_thread_foure_timesynch_process (local in 4emac-timesynch.c) called from PC: $12738 (elapsed: 1444630)
  call_process (local in process.c) called from PC: $1291c (elapsed: 1444667)
  process_run (packetbuf.c) called from PC: $05edc (elapsed: 1448074)
 WARN [Thread-2] (MspMote.java:229) - 8: # Watchdog[EXECUTION]: illegal write to WDTCTL (0) from $103ca - reset!!!!
Watchdog: illegal write to WDTCTL (0) from $103ca - reset!!!!
Stack Trace: number of calls: 5 PC: $103ca
  watchdog_reboot (packetbuf.c) called from PC: $24d44 (elapsed: 5)
  restart_time_synchronisation (packetbuf.c) called from PC: $15abe (elapsed: 30447)
  process_thread_foure_timesynch_process (local in 4emac-timesynch.c) called from PC: $12738 (elapsed: 1084343)
  call_process (local in process.c) called from PC: $1291c (elapsed: 1084380)
  process_run (packetbuf.c) called from PC: $05edc (elapsed: 1087449)
 WARN [Thread-2] (MspMote.java:229) - 13: # Watchdog[EXECUTION]: illegal write to WDTCTL (0) from $103ca - reset!!!!
Watchdog: illegal write to WDTCTL (0) from $103ca - reset!!!!
Stack Trace: number of calls: 5 PC: $103ca
  watchdog_reboot (packetbuf.c) called from PC: $24d44 (elapsed: 5)
  restart_time_synchronisation (packetbuf.c) called from PC: $15abe (elapsed: 30627)
  process_thread_foure_timesynch_process (local in 4emac-timesynch.c) called from PC: $12738 (elapsed: 1438612)
  call_process (local in process.c) called from PC: $1291c (elapsed: 1438649)
  process_run (packetbuf.c) called from PC: $05edc (elapsed: 1442038)
 WARN [Thread-2] (MspMote.java:229) - 3: # Watchdog[EXECUTION]: illegal write to WDTCTL (0) from $103ca - reset!!!!
Watchdog: illegal write to WDTCTL (0) from $103ca - reset!!!!
Stack Trace: number of calls: 5 PC: $103ca
  watchdog_reboot (packetbuf.c) called from PC: $24d44 (elapsed: 5)
  restart_time_synchronisation (packetbuf.c) called from PC: $15abe (elapsed: 31364)
  process_thread_foure_timesynch_process (local in 4emac-timesynch.c) called from PC: $12738 (elapsed: 185434)
  call_process (local in process.c) called from PC: $1291c (elapsed: 185471)
  process_run (packetbuf.c) called from PC: $05edc (elapsed: 187953)
 WARN [Thread-2] (MspMote.java:229) - 20: # Watchdog[EXECUTION]: illegal write to WDTCTL (0) from $103ca - reset!!!!
Watchdog: illegal write to WDTCTL (0) from $103ca - reset!!!!
Stack Trace: number of calls: 5 PC: $103ca
  watchdog_reboot (packetbuf.c) called from PC: $24d44 (elapsed: 5)
  restart_time_synchronisation (packetbuf.c) called from PC: $15abe (elapsed: 30452)
  process_thread_foure_timesynch_process (local in 4emac-timesynch.c) called from PC: $12738 (elapsed: 1545418)
  call_process (local in process.c) called from PC: $1291c (elapsed: 1545455)
  process_run (packetbuf.c) called from PC: $05edc (elapsed: 1548499)
 WARN [Thread-2] (MspMote.java:229) - 31: # Watchdog[EXECUTION]: illegal write to WDTCTL (0) from $103ca - reset!!!!
Watchdog: illegal write to WDTCTL (0) from $103ca - reset!!!!
Stack Trace: number of calls: 5 PC: $103ca
  watchdog_reboot (packetbuf.c) called from PC: $24d44 (elapsed: 5)
  restart_time_synchronisation (packetbuf.c) called from PC: $15abe (elapsed: 30453)
  process_thread_foure_timesynch_process (local in 4emac-timesynch.c) called from PC: $12738 (elapsed: 1082949)
  call_process (local in process.c) called from PC: $1291c (elapsed: 1082986)
  process_run (packetbuf.c) called from PC: $05edc (elapsed: 1086367)
 WARN [Thread-2] (MspMote.java:229) - 30: # Watchdog[EXECUTION]: illegal write to WDTCTL (0) from $103ca - reset!!!!
Watchdog: illegal write to WDTCTL (0) from $103ca - reset!!!!
Stack Trace: number of calls: 5 PC: $103ca
  watchdog_reboot (packetbuf.c) called from PC: $24d44 (elapsed: 5)
  restart_time_synchronisation (packetbuf.c) called from PC: $15abe (elapsed: 59323)
  process_thread_foure_timesynch_process (local in 4emac-timesynch.c) called from PC: $12738 (elapsed: 216914)
  call_process (local in process.c) called from PC: $1291c (elapsed: 216951)
  process_run (packetbuf.c) called from PC: $05edc (elapsed: 218329)
 WARN [Thread-2] (MspMote.java:229) - 29: # Watchdog[EXECUTION]: illegal write to WDTCTL (0) from $103ca - reset!!!!
Watchdog: illegal write to WDTCTL (0) from $103ca - reset!!!!
Stack Trace: number of calls: 5 PC: $103ca
  watchdog_reboot (packetbuf.c) called from PC: $24d44 (elapsed: 5)
  restart_time_synchronisation (packetbuf.c) called from PC: $15abe (elapsed: 30452)
  process_thread_foure_timesynch_process (local in 4emac-timesynch.c) called from PC: $12738 (elapsed: 1407603)
  call_process (local in process.c) called from PC: $1291c (elapsed: 1407640)
  process_run (packetbuf.c) called from PC: $05edc (elapsed: 1410871)
 WARN [Thread-2] (MspMote.java:229) - 22: # Watchdog[EXECUTION]: illegal write to WDTCTL (0) from $103ca - reset!!!!
Watchdog: illegal write to WDTCTL (0) from $103ca - reset!!!!
Stack Trace: number of calls: 5 PC: $103ca
  watchdog_reboot (packetbuf.c) called from PC: $24d44 (elapsed: 5)
  restart_time_synchronisation (packetbuf.c) called from PC: $15abe (elapsed: 30453)
  process_thread_foure_timesynch_process (local in 4emac-timesynch.c) called from PC: $12738 (elapsed: 1373029)
  call_process (local in process.c) called from PC: $1291c (elapsed: 1373066)
  process_run (packetbuf.c) called from PC: $05edc (elapsed: 1376259)
 WARN [Thread-2] (MspMote.java:229) - 18: # Watchdog[EXECUTION]: illegal write to WDTCTL (0) from $103ca - reset!!!!
Watchdog: illegal write to WDTCTL (0) from $103ca - reset!!!!
Stack Trace: number of calls: 11 PC: $103ca
  watchdog_reboot (packetbuf.c) called from PC: $24d44 (elapsed: 5)
  restart_time_synchronisation (packetbuf.c) called from PC: $14fba (elapsed: 31370)
  foure_timesynch_parent_switch_callback (packetbuf.c) called from PC: $1ea70 (elapsed: 69506)
  rpl_set_preferred_parent (local in rpl-dag.c) called from PC: $1f0a0 (elapsed: 162861)
  rpl_nullify_parent (packetbuf.c) called from PC: $1fd3a (elapsed: 391392)
  rpl_process_parent_event (packetbuf.c) called from PC: $1fdd2 (elapsed: 490252)
  rpl_recalculate_ranks (packetbuf.c) called from PC: $2383a (elapsed: 492536)
  handle_periodic_timer (local in rpl-timers.c) called from PC: $1219c (elapsed: 492803)
  process_thread_ctimer_process (local in ctimer.c) called from PC: $12738 (elapsed: 493004)
  call_process (local in process.c) called from PC: $1291c (elapsed: 493041)
  process_run (packetbuf.c) called from PC: $05edc (elapsed: 496371)
 WARN [Thread-2] (MspMote.java:229) - 2: # Watchdog[EXECUTION]: illegal write to WDTCTL (0) from $103ca - reset!!!!
Watchdog: illegal write to WDTCTL (0) from $103ca - reset!!!!
Stack Trace: number of calls: 5 PC: $103ca
  watchdog_reboot (packetbuf.c) called from PC: $24d44 (elapsed: 5)
  restart_time_synchronisation (packetbuf.c) called from PC: $15abe (elapsed: 30453)
  process_thread_foure_timesynch_process (local in 4emac-timesynch.c) called from PC: $12738 (elapsed: 507822)
  call_process (local in process.c) called from PC: $1291c (elapsed: 507859)
  process_run (packetbuf.c) called from PC: $05edc (elapsed: 510894)
 WARN [Thread-2] (MspMote.java:229) - 24: # Watchdog[EXECUTION]: illegal write to WDTCTL (0) from $103ca - reset!!!!
Watchdog: illegal write to WDTCTL (0) from $103ca - reset!!!!
Stack Trace: number of calls: 5 PC: $103ca
  watchdog_reboot (packetbuf.c) called from PC: $24d44 (elapsed: 5)
  restart_time_synchronisation (packetbuf.c) called from PC: $15abe (elapsed: 30452)
  process_thread_foure_timesynch_process (local in 4emac-timesynch.c) called from PC: $12738 (elapsed: 1546924)
  call_process (local in process.c) called from PC: $1291c (elapsed: 1546961)
  process_run (packetbuf.c) called from PC: $05edc (elapsed: 1550235)
 WARN [Thread-2] (MspMote.java:229) - 1: # Watchdog[EXECUTION]: illegal write to WDTCTL (0) from $103ca - reset!!!!
Watchdog: illegal write to WDTCTL (0) from $103ca - reset!!!!
Stack Trace: number of calls: 5 PC: $103ca
  watchdog_reboot (packetbuf.c) called from PC: $24d44 (elapsed: 5)
  restart_time_synchronisation (packetbuf.c) called from PC: $15abe (elapsed: 30453)
  process_thread_foure_timesynch_process (local in 4emac-timesynch.c) called from PC: $12738 (elapsed: 1393362)
  call_process (local in process.c) called from PC: $1291c (elapsed: 1393399)
  process_run (packetbuf.c) called from PC: $05edc (elapsed: 1396433)
 WARN [Thread-2] (MspMote.java:229) - 35: # Watchdog[EXECUTION]: illegal write to WDTCTL (0) from $103ca - reset!!!!
Watchdog: illegal write to WDTCTL (0) from $103ca - reset!!!!
Stack Trace: number of calls: 5 PC: $103ca
  watchdog_reboot (packetbuf.c) called from PC: $24d44 (elapsed: 5)
  restart_time_synchronisation (packetbuf.c) called from PC: $15abe (elapsed: 30452)
  process_thread_foure_timesynch_process (local in 4emac-timesynch.c) called from PC: $12738 (elapsed: 1354730)
  call_process (local in process.c) called from PC: $1291c (elapsed: 1354767)
  process_run (packetbuf.c) called from PC: $05edc (elapsed: 1358205)
 WARN [Thread-2] (MspMote.java:229) - 7: # Watchdog[EXECUTION]: illegal write to WDTCTL (0) from $103ca - reset!!!!
Watchdog: illegal write to WDTCTL (0) from $103ca - reset!!!!
Stack Trace: number of calls: 5 PC: $103ca
  watchdog_reboot (packetbuf.c) called from PC: $24d44 (elapsed: 5)
  restart_time_synchronisation (packetbuf.c) called from PC: $15abe (elapsed: 30452)
  process_thread_foure_timesynch_process (local in 4emac-timesynch.c) called from PC: $12738 (elapsed: 1363925)
  call_process (local in process.c) called from PC: $1291c (elapsed: 1363962)
  process_run (packetbuf.c) called from PC: $05edc (elapsed: 1366997)
 WARN [Thread-2] (MspMote.java:229) - 36: # Watchdog[EXECUTION]: illegal write to WDTCTL (0) from $103ca - reset!!!!
Watchdog: illegal write to WDTCTL (0) from $103ca - reset!!!!
Stack Trace: number of calls: 5 PC: $103ca
  watchdog_reboot (packetbuf.c) called from PC: $24d44 (elapsed: 5)
  restart_time_synchronisation (packetbuf.c) called from PC: $15abe (elapsed: 30447)
  process_thread_foure_timesynch_process (local in 4emac-timesynch.c) called from PC: $12738 (elapsed: 640545)
  call_process (local in process.c) called from PC: $1291c (elapsed: 640582)
  process_run (packetbuf.c) called from PC: $05edc (elapsed: 643775)
 WARN [Thread-2] (MspMote.java:229) - 23: # Watchdog[EXECUTION]: illegal write to WDTCTL (0) from $103ca - reset!!!!
Watchdog: illegal write to WDTCTL (0) from $103ca - reset!!!!
Stack Trace: number of calls: 5 PC: $103ca
  watchdog_reboot (packetbuf.c) called from PC: $24d44 (elapsed: 5)
  restart_time_synchronisation (packetbuf.c) called from PC: $15abe (elapsed: 30447)
  process_thread_foure_timesynch_process (local in 4emac-timesynch.c) called from PC: $12738 (elapsed: 642024)
  call_process (local in process.c) called from PC: $1291c (elapsed: 642061)
  process_run (packetbuf.c) called from PC: $05edc (elapsed: 645173)
 WARN [Thread-2] (MspMote.java:229) - 33: # Watchdog[EXECUTION]: illegal write to WDTCTL (0) from $103ca - reset!!!!
Watchdog: illegal write to WDTCTL (0) from $103ca - reset!!!!
Stack Trace: number of calls: 5 PC: $103ca
  watchdog_reboot (packetbuf.c) called from PC: $24d44 (elapsed: 5)
  restart_time_synchronisation (packetbuf.c) called from PC: $15abe (elapsed: 30452)
  process_thread_foure_timesynch_process (local in 4emac-timesynch.c) called from PC: $12738 (elapsed: 1215234)
  call_process (local in process.c) called from PC: $1291c (elapsed: 1215271)
  process_run (packetbuf.c) called from PC: $05edc (elapsed: 1218545)
 WARN [Thread-2] (MspMote.java:229) - 12: # Watchdog[EXECUTION]: illegal write to WDTCTL (0) from $103ca - reset!!!!
Watchdog: illegal write to WDTCTL (0) from $103ca - reset!!!!
Stack Trace: number of calls: 5 PC: $103ca
  watchdog_reboot (packetbuf.c) called from PC: $24d44 (elapsed: 5)
  restart_time_synchronisation (packetbuf.c) called from PC: $15abe (elapsed: 30447)
  process_thread_foure_timesynch_process (local in 4emac-timesynch.c) called from PC: $12738 (elapsed: 1136540)
  call_process (local in process.c) called from PC: $1291c (elapsed: 1136577)
  process_run (packetbuf.c) called from PC: $05edc (elapsed: 1139905)
 WARN [Thread-2] (MspMote.java:229) - 8: # Watchdog[EXECUTION]: illegal write to WDTCTL (0) from $103ca - reset!!!!
Watchdog: illegal write to WDTCTL (0) from $103ca - reset!!!!
Stack Trace: number of calls: 5 PC: $103ca
  watchdog_reboot (packetbuf.c) called from PC: $24d44 (elapsed: 5)
  restart_time_synchronisation (packetbuf.c) called from PC: $15abe (elapsed: 39664)
  process_thread_foure_timesynch_process (local in 4emac-timesynch.c) called from PC: $12738 (elapsed: 1585836)
  call_process (local in process.c) called from PC: $1291c (elapsed: 1585873)
  process_run (packetbuf.c) called from PC: $05edc (elapsed: 1588983)
 WARN [Thread-2] (MspMote.java:229) - 27: # Watchdog[EXECUTION]: illegal write to WDTCTL (0) from $103ca - reset!!!!
 INFO [Thread-2] (LogScriptEngine.java:389) - Test script at 50.00%, done in 7508.2 sec
Watchdog: illegal write to WDTCTL (0) from $103ca - reset!!!!
Stack Trace: number of calls: 5 PC: $103ca
  watchdog_reboot (packetbuf.c) called from PC: $24d44 (elapsed: 5)
  restart_time_synchronisation (packetbuf.c) called from PC: $15abe (elapsed: 30452)
  process_thread_foure_timesynch_process (local in 4emac-timesynch.c) called from PC: $12738 (elapsed: 802907)
  call_process (local in process.c) called from PC: $1291c (elapsed: 802944)
  process_run (packetbuf.c) called from PC: $05edc (elapsed: 806137)
 WARN [Thread-2] (MspMote.java:229) - 3: # Watchdog[EXECUTION]: illegal write to WDTCTL (0) from $103ca - reset!!!!
Watchdog: illegal write to WDTCTL (0) from $103ca - reset!!!!
Stack Trace: number of calls: 5 PC: $103ca
  watchdog_reboot (packetbuf.c) called from PC: $24d44 (elapsed: 5)
  restart_time_synchronisation (packetbuf.c) called from PC: $15abe (elapsed: 30453)
  process_thread_foure_timesynch_process (local in 4emac-timesynch.c) called from PC: $12738 (elapsed: 502010)
  call_process (local in process.c) called from PC: $1291c (elapsed: 502047)
  process_run (packetbuf.c) called from PC: $05edc (elapsed: 505240)
 WARN [Thread-2] (MspMote.java:229) - 13: # Watchdog[EXECUTION]: illegal write to WDTCTL (0) from $103ca - reset!!!!
Watchdog: illegal write to WDTCTL (0) from $103ca - reset!!!!
Stack Trace: number of calls: 5 PC: $103ca
  watchdog_reboot (packetbuf.c) called from PC: $24d44 (elapsed: 5)
  restart_time_synchronisation (packetbuf.c) called from PC: $15abe (elapsed: 30452)
  process_thread_foure_timesynch_process (local in 4emac-timesynch.c) called from PC: $12738 (elapsed: 1363313)
  call_process (local in process.c) called from PC: $1291c (elapsed: 1363350)
  process_run (packetbuf.c) called from PC: $05edc (elapsed: 1366759)
 WARN [Thread-2] (MspMote.java:229) - 32: # Watchdog[EXECUTION]: illegal write to WDTCTL (0) from $103ca - reset!!!!
Watchdog: illegal write to WDTCTL (0) from $103ca - reset!!!!
Stack Trace: number of calls: 5 PC: $103ca
  watchdog_reboot (packetbuf.c) called from PC: $24d44 (elapsed: 5)
  restart_time_synchronisation (packetbuf.c) called from PC: $15abe (elapsed: 30447)
  process_thread_foure_timesynch_process (local in 4emac-timesynch.c) called from PC: $12738 (elapsed: 1399195)
  call_process (local in process.c) called from PC: $1291c (elapsed: 1399232)
  process_run (packetbuf.c) called from PC: $05edc (elapsed: 1402560)
 WARN [Thread-2] (MspMote.java:229) - 37: # Watchdog[EXECUTION]: illegal write to WDTCTL (0) from $103ca - reset!!!!
Watchdog: illegal write to WDTCTL (0) from $103ca - reset!!!!
Stack Trace: number of calls: 5 PC: $103ca
  watchdog_reboot (packetbuf.c) called from PC: $24d44 (elapsed: 5)
  restart_time_synchronisation (packetbuf.c) called from PC: $15abe (elapsed: 30447)
  process_thread_foure_timesynch_process (local in 4emac-timesynch.c) called from PC: $12738 (elapsed: 1397854)
  call_process (local in process.c) called from PC: $1291c (elapsed: 1397891)
  process_run (packetbuf.c) called from PC: $05edc (elapsed: 1401003)
 WARN [Thread-2] (MspMote.java:229) - 17: # Watchdog[EXECUTION]: illegal write to WDTCTL (0) from $103ca - reset!!!!
Watchdog: illegal write to WDTCTL (0) from $103ca - reset!!!!
Stack Trace: number of calls: 5 PC: $103ca
  watchdog_reboot (packetbuf.c) called from PC: $24d44 (elapsed: 5)
  restart_time_synchronisation (packetbuf.c) called from PC: $15abe (elapsed: 89013)
  process_thread_foure_timesynch_process (local in 4emac-timesynch.c) called from PC: $12738 (elapsed: 1457472)
  call_process (local in process.c) called from PC: $1291c (elapsed: 1457509)
  process_run (packetbuf.c) called from PC: $05edc (elapsed: 1460866)
 WARN [Thread-2] (MspMote.java:229) - 41: # Watchdog[EXECUTION]: illegal write to WDTCTL (0) from $103ca - reset!!!!
Watchdog: illegal write to WDTCTL (0) from $103ca - reset!!!!
Stack Trace: number of calls: 5 PC: $103ca
  watchdog_reboot (packetbuf.c) called from PC: $24d44 (elapsed: 5)
  restart_time_synchronisation (packetbuf.c) called from PC: $15abe (elapsed: 30452)
  process_thread_foure_timesynch_process (local in 4emac-timesynch.c) called from PC: $12738 (elapsed: 1417603)
  call_process (local in process.c) called from PC: $1291c (elapsed: 1417640)
  process_run (packetbuf.c) called from PC: $05edc (elapsed: 1420941)
 WARN [Thread-2] (MspMote.java:229) - 46: # Watchdog[EXECUTION]: illegal write to WDTCTL (0) from $103ca - reset!!!!
Watchdog: illegal write to WDTCTL (0) from $103ca - reset!!!!
Stack Trace: number of calls: 5 PC: $103ca
  watchdog_reboot (packetbuf.c) called from PC: $24d44 (elapsed: 5)
  restart_time_synchronisation (packetbuf.c) called from PC: $15abe (elapsed: 30452)
  process_thread_foure_timesynch_process (local in 4emac-timesynch.c) called from PC: $12738 (elapsed: 1113532)
  call_process (local in process.c) called from PC: $1291c (elapsed: 1113569)
  process_run (packetbuf.c) called from PC: $05edc (elapsed: 1116764)
 WARN [Thread-2] (MspMote.java:229) - 31: # Watchdog[EXECUTION]: illegal write to WDTCTL (0) from $103ca - reset!!!!
Watchdog: illegal write to WDTCTL (0) from $103ca - reset!!!!
Stack Trace: number of calls: 5 PC: $103ca
  watchdog_reboot (packetbuf.c) called from PC: $24d44 (elapsed: 5)
  restart_time_synchronisation (packetbuf.c) called from PC: $15abe (elapsed: 60660)
  process_thread_foure_timesynch_process (local in 4emac-timesynch.c) called from PC: $12738 (elapsed: 1433650)
  call_process (local in process.c) called from PC: $1291c (elapsed: 1433687)
  process_run (packetbuf.c) called from PC: $05edc (elapsed: 1436880)
 WARN [Thread-2] (MspMote.java:229) - 50: # Watchdog[EXECUTION]: illegal write to WDTCTL (0) from $103ca - reset!!!!
Watchdog: illegal write to WDTCTL (0) from $103ca - reset!!!!
Stack Trace: number of calls: 5 PC: $103ca
  watchdog_reboot (packetbuf.c) called from PC: $24d44 (elapsed: 5)
  restart_time_synchronisation (packetbuf.c) called from PC: $15abe (elapsed: 30452)
  process_thread_foure_timesynch_process (local in 4emac-timesynch.c) called from PC: $12738 (elapsed: 992822)
  call_process (local in process.c) called from PC: $1291c (elapsed: 992859)
  process_run (packetbuf.c) called from PC: $05edc (elapsed: 998146)
 WARN [Thread-2] (MspMote.java:229) - 36: # Watchdog[EXECUTION]: illegal write to WDTCTL (0) from $103ca - reset!!!!
Watchdog: illegal write to WDTCTL (0) from $103ca - reset!!!!
Stack Trace: number of calls: 5 PC: $103ca
  watchdog_reboot (packetbuf.c) called from PC: $24d44 (elapsed: 5)
  restart_time_synchronisation (packetbuf.c) called from PC: $15abe (elapsed: 30452)
  process_thread_foure_timesynch_process (local in 4emac-timesynch.c) called from PC: $12738 (elapsed: 1095694)
  call_process (local in process.c) called from PC: $1291c (elapsed: 1095731)
  process_run (packetbuf.c) called from PC: $05edc (elapsed: 1098766)
 WARN [Thread-2] (MspMote.java:229) - 30: # Watchdog[EXECUTION]: illegal write to WDTCTL (0) from $103ca - reset!!!!
Watchdog: illegal write to WDTCTL (0) from $103ca - reset!!!!
Stack Trace: number of calls: 5 PC: $103ca
  watchdog_reboot (packetbuf.c) called from PC: $24d44 (elapsed: 5)
  restart_time_synchronisation (packetbuf.c) called from PC: $15abe (elapsed: 30452)
  process_thread_foure_timesynch_process (local in 4emac-timesynch.c) called from PC: $12738 (elapsed: 1225921)
  call_process (local in process.c) called from PC: $1291c (elapsed: 1225958)
  process_run (packetbuf.c) called from PC: $05edc (elapsed: 1229149)
 WARN [Thread-2] (MspMote.java:229) - 45: # Watchdog[EXECUTION]: illegal write to WDTCTL (0) from $103ca - reset!!!!
Watchdog: illegal write to WDTCTL (0) from $103ca - reset!!!!
Stack Trace: number of calls: 5 PC: $103ca
  watchdog_reboot (packetbuf.c) called from PC: $24d44 (elapsed: 5)
  restart_time_synchronisation (packetbuf.c) called from PC: $15abe (elapsed: 30447)
  process_thread_foure_timesynch_process (local in 4emac-timesynch.c) called from PC: $12738 (elapsed: 836113)
  call_process (local in process.c) called from PC: $1291c (elapsed: 836150)
  process_run (packetbuf.c) called from PC: $05edc (elapsed: 839370)
 WARN [Thread-2] (MspMote.java:229) - 21: # Watchdog[EXECUTION]: illegal write to WDTCTL (0) from $103ca - reset!!!!
Watchdog: illegal write to WDTCTL (0) from $103ca - reset!!!!
Stack Trace: number of calls: 5 PC: $103ca
  watchdog_reboot (packetbuf.c) called from PC: $24d44 (elapsed: 5)
  restart_time_synchronisation (packetbuf.c) called from PC: $15abe (elapsed: 30447)
  process_thread_foure_timesynch_process (local in 4emac-timesynch.c) called from PC: $12738 (elapsed: 1013874)
  call_process (local in process.c) called from PC: $1291c (elapsed: 1013911)
  process_run (packetbuf.c) called from PC: $05edc (elapsed: 1017106)
 WARN [Thread-2] (MspMote.java:229) - 26: # Watchdog[EXECUTION]: illegal write to WDTCTL (0) from $103ca - reset!!!!
Watchdog: illegal write to WDTCTL (0) from $103ca - reset!!!!
Stack Trace: number of calls: 5 PC: $103ca
  watchdog_reboot (packetbuf.c) called from PC: $24d44 (elapsed: 5)
  restart_time_synchronisation (packetbuf.c) called from PC: $15abe (elapsed: 30449)
  process_thread_foure_timesynch_process (local in 4emac-timesynch.c) called from PC: $12738 (elapsed: 1013347)
  call_process (local in process.c) called from PC: $1291c (elapsed: 1013384)
  process_run (packetbuf.c) called from PC: $05edc (elapsed: 1016891)
 WARN [Thread-2] (MspMote.java:229) - 34: # Watchdog[EXECUTION]: illegal write to WDTCTL (0) from $103ca - reset!!!!
Watchdog: illegal write to WDTCTL (0) from $103ca - reset!!!!
Stack Trace: number of calls: 5 PC: $103ca
  watchdog_reboot (packetbuf.c) called from PC: $24d44 (elapsed: 5)
  restart_time_synchronisation (packetbuf.c) called from PC: $15abe (elapsed: 30447)
  process_thread_foure_timesynch_process (local in 4emac-timesynch.c) called from PC: $12738 (elapsed: 700515)
  call_process (local in process.c) called from PC: $1291c (elapsed: 700552)
  process_run (packetbuf.c) called from PC: $05edc (elapsed: 703673)
 WARN [Thread-2] (MspMote.java:229) - 10: # Watchdog[EXECUTION]: illegal write to WDTCTL (0) from $103ca - reset!!!!
Watchdog: illegal write to WDTCTL (0) from $103ca - reset!!!!
Stack Trace: number of calls: 5 PC: $103ca
  watchdog_reboot (packetbuf.c) called from PC: $24d44 (elapsed: 5)
  restart_time_synchronisation (packetbuf.c) called from PC: $15abe (elapsed: 30449)
  process_thread_foure_timesynch_process (local in 4emac-timesynch.c) called from PC: $12738 (elapsed: 1254415)
  call_process (local in process.c) called from PC: $1291c (elapsed: 1254452)
  process_run (packetbuf.c) called from PC: $05edc (elapsed: 1258558)
 WARN [Thread-2] (MspMote.java:229) - 51: # Watchdog[EXECUTION]: illegal write to WDTCTL (0) from $103ca - reset!!!!
Watchdog: illegal write to WDTCTL (0) from $103ca - reset!!!!
Stack Trace: number of calls: 5 PC: $103ca
  watchdog_reboot (packetbuf.c) called from PC: $24d44 (elapsed: 5)
  restart_time_synchronisation (packetbuf.c) called from PC: $15abe (elapsed: 30452)
  process_thread_foure_timesynch_process (local in 4emac-timesynch.c) called from PC: $12738 (elapsed: 1228154)
  call_process (local in process.c) called from PC: $1291c (elapsed: 1228191)
  process_run (packetbuf.c) called from PC: $05edc (elapsed: 1231387)
 WARN [Thread-2] (MspMote.java:229) - 28: # Watchdog[EXECUTION]: illegal write to WDTCTL (0) from $103ca - reset!!!!
 INFO [Thread-2] (LogScriptEngine.java:389) - Test script at 55.00%, done in 6490.7 sec
Watchdog: illegal write to WDTCTL (0) from $103ca - reset!!!!
Stack Trace: number of calls: 5 PC: $103ca
  watchdog_reboot (packetbuf.c) called from PC: $24d44 (elapsed: 5)
  restart_time_synchronisation (packetbuf.c) called from PC: $15abe (elapsed: 30453)
  process_thread_foure_timesynch_process (local in 4emac-timesynch.c) called from PC: $12738 (elapsed: 820173)
  call_process (local in process.c) called from PC: $1291c (elapsed: 820210)
  process_run (packetbuf.c) called from PC: $05edc (elapsed: 824530)
 WARN [Thread-2] (MspMote.java:229) - 31: # Watchdog[EXECUTION]: illegal write to WDTCTL (0) from $103ca - reset!!!!
Watchdog: illegal write to WDTCTL (0) from $103ca - reset!!!!
Stack Trace: number of calls: 5 PC: $103ca
  watchdog_reboot (packetbuf.c) called from PC: $24d44 (elapsed: 5)
  restart_time_synchronisation (packetbuf.c) called from PC: $15abe (elapsed: 30452)
  process_thread_foure_timesynch_process (local in 4emac-timesynch.c) called from PC: $12738 (elapsed: 1090100)
  call_process (local in process.c) called from PC: $1291c (elapsed: 1090137)
  process_run (packetbuf.c) called from PC: $05edc (elapsed: 1093170)
 WARN [Thread-2] (MspMote.java:229) - 17: # Watchdog[EXECUTION]: illegal write to WDTCTL (0) from $103ca - reset!!!!
Watchdog: illegal write to WDTCTL (0) from $103ca - reset!!!!
Stack Trace: number of calls: 5 PC: $103ca
  watchdog_reboot (packetbuf.c) called from PC: $24d44 (elapsed: 5)
  restart_time_synchronisation (packetbuf.c) called from PC: $15abe (elapsed: 30452)
  process_thread_foure_timesynch_process (local in 4emac-timesynch.c) called from PC: $12738 (elapsed: 1088267)
  call_process (local in process.c) called from PC: $1291c (elapsed: 1088304)
  process_run (packetbuf.c) called from PC: $05edc (elapsed: 1091557)
 WARN [Thread-2] (MspMote.java:229) - 30: # Watchdog[EXECUTION]: illegal write to WDTCTL (0) from $103ca - reset!!!!
Watchdog: illegal write to WDTCTL (0) from $103ca - reset!!!!
Stack Trace: number of calls: 5 PC: $103ca
  watchdog_reboot (packetbuf.c) called from PC: $24d44 (elapsed: 5)
  restart_time_synchronisation (packetbuf.c) called from PC: $15abe (elapsed: 30452)
  process_thread_foure_timesynch_process (local in 4emac-timesynch.c) called from PC: $12738 (elapsed: 667349)
  call_process (local in process.c) called from PC: $1291c (elapsed: 667386)
  process_run (packetbuf.c) called from PC: $05edc (elapsed: 670610)
 WARN [Thread-2] (MspMote.java:229) - 21: # Watchdog[EXECUTION]: illegal write to WDTCTL (0) from $103ca - reset!!!!
Watchdog: illegal write to WDTCTL (0) from $103ca - reset!!!!
Stack Trace: number of calls: 5 PC: $103ca
  watchdog_reboot (packetbuf.c) called from PC: $24d44 (elapsed: 5)
  restart_time_synchronisation (packetbuf.c) called from PC: $15abe (elapsed: 30453)
  process_thread_foure_timesynch_process (local in 4emac-timesynch.c) called from PC: $12738 (elapsed: 947411)
  call_process (local in process.c) called from PC: $1291c (elapsed: 947448)
  process_run (packetbuf.c) called from PC: $05edc (elapsed: 950643)
 WARN [Thread-2] (MspMote.java:229) - 45: # Watchdog[EXECUTION]: illegal write to WDTCTL (0) from $103ca - reset!!!!
Watchdog: illegal write to WDTCTL (0) from $103ca - reset!!!!
Stack Trace: number of calls: 5 PC: $103ca
  watchdog_reboot (packetbuf.c) called from PC: $24d44 (elapsed: 5)
  restart_time_synchronisation (packetbuf.c) called from PC: $15abe (elapsed: 34298)
  process_thread_foure_timesynch_process (local in 4emac-timesynch.c) called from PC: $12738 (elapsed: 923326)
  call_process (local in process.c) called from PC: $1291c (elapsed: 923363)
  process_run (packetbuf.c) called from PC: $05edc (elapsed: 926478)
 WARN [Thread-2] (MspMote.java:229) - 19: # Watchdog[EXECUTION]: illegal write to WDTCTL (0) from $103ca - reset!!!!
Watchdog: illegal write to WDTCTL (0) from $103ca - reset!!!!
Stack Trace: number of calls: 5 PC: $103ca
  watchdog_reboot (packetbuf.c) called from PC: $24d44 (elapsed: 5)
  restart_time_synchronisation (packetbuf.c) called from PC: $15abe (elapsed: 30452)
  process_thread_foure_timesynch_process (local in 4emac-timesynch.c) called from PC: $12738 (elapsed: 719603)
  call_process (local in process.c) called from PC: $1291c (elapsed: 719640)
  process_run (packetbuf.c) called from PC: $05edc (elapsed: 722673)
 WARN [Thread-2] (MspMote.java:229) - 26: # Watchdog[EXECUTION]: illegal write to WDTCTL (0) from $103ca - reset!!!!
Watchdog: illegal write to WDTCTL (0) from $103ca - reset!!!!
Stack Trace: number of calls: 5 PC: $103ca
  watchdog_reboot (packetbuf.c) called from PC: $24d44 (elapsed: 5)
  restart_time_synchronisation (packetbuf.c) called from PC: $15abe (elapsed: 30453)
  process_thread_foure_timesynch_process (local in 4emac-timesynch.c) called from PC: $12738 (elapsed: 813289)
  call_process (local in process.c) called from PC: $1291c (elapsed: 813326)
  process_run (packetbuf.c) called from PC: $05edc (elapsed: 816711)
 WARN [Thread-2] (MspMote.java:229) - 14: # Watchdog[EXECUTION]: illegal write to WDTCTL (0) from $103ca - reset!!!!
Watchdog: illegal write to WDTCTL (0) from $103ca - reset!!!!
Stack Trace: number of calls: 5 PC: $103ca
  watchdog_reboot (packetbuf.c) called from PC: $24d44 (elapsed: 5)
  restart_time_synchronisation (packetbuf.c) called from PC: $15abe (elapsed: 97158)
  process_thread_foure_timesynch_process (local in 4emac-timesynch.c) called from PC: $12738 (elapsed: 706500)
  call_process (local in process.c) called from PC: $1291c (elapsed: 706537)
  process_run (packetbuf.c) called from PC: $05edc (elapsed: 709658)
 WARN [Thread-2] (MspMote.java:229) - 15: # Watchdog[EXECUTION]: illegal write to WDTCTL (0) from $103ca - reset!!!!
Watchdog: illegal write to WDTCTL (0) from $103ca - reset!!!!
Stack Trace: number of calls: 5 PC: $103ca
  watchdog_reboot (packetbuf.c) called from PC: $24d44 (elapsed: 5)
  restart_time_synchronisation (packetbuf.c) called from PC: $15abe (elapsed: 30447)
  process_thread_foure_timesynch_process (local in 4emac-timesynch.c) called from PC: $12738 (elapsed: 1087860)
  call_process (local in process.c) called from PC: $1291c (elapsed: 1087897)
  process_run (packetbuf.c) called from PC: $05edc (elapsed: 1091170)
 WARN [Thread-2] (MspMote.java:229) - 1: # Watchdog[EXECUTION]: illegal write to WDTCTL (0) from $103ca - reset!!!!
Watchdog: illegal write to WDTCTL (0) from $103ca - reset!!!!
Stack Trace: number of calls: 5 PC: $103ca
  watchdog_reboot (packetbuf.c) called from PC: $24d44 (elapsed: 5)
  restart_time_synchronisation (packetbuf.c) called from PC: $15abe (elapsed: 30447)
  process_thread_foure_timesynch_process (local in 4emac-timesynch.c) called from PC: $12738 (elapsed: 1059395)
  call_process (local in process.c) called from PC: $1291c (elapsed: 1059432)
  process_run (packetbuf.c) called from PC: $05edc (elapsed: 1062542)
 WARN [Thread-2] (MspMote.java:229) - 30: # Watchdog[EXECUTION]: illegal write to WDTCTL (0) from $103ca - reset!!!!
Watchdog: illegal write to WDTCTL (0) from $103ca - reset!!!!
Stack Trace: number of calls: 5 PC: $103ca
  watchdog_reboot (packetbuf.c) called from PC: $24d44 (elapsed: 5)
  restart_time_synchronisation (packetbuf.c) called from PC: $15abe (elapsed: 30452)
  process_thread_foure_timesynch_process (local in 4emac-timesynch.c) called from PC: $12738 (elapsed: 912658)
  call_process (local in process.c) called from PC: $1291c (elapsed: 912695)
  process_run (packetbuf.c) called from PC: $05edc (elapsed: 915967)
 WARN [Thread-2] (MspMote.java:229) - 36: # Watchdog[EXECUTION]: illegal write to WDTCTL (0) from $103ca - reset!!!!
 INFO [Thread-2] (LogScriptEngine.java:389) - Test script at 60.00%, done in 5610.9 sec
Watchdog: illegal write to WDTCTL (0) from $103ca - reset!!!!
Stack Trace: number of calls: 5 PC: $103ca
  watchdog_reboot (packetbuf.c) called from PC: $24d44 (elapsed: 5)
  restart_time_synchronisation (packetbuf.c) called from PC: $15abe (elapsed: 30452)
  process_thread_foure_timesynch_process (local in 4emac-timesynch.c) called from PC: $12738 (elapsed: 534848)
  call_process (local in process.c) called from PC: $1291c (elapsed: 534885)
  process_run (packetbuf.c) called from PC: $05edc (elapsed: 537997)
 WARN [Thread-2] (MspMote.java:229) - 19: # Watchdog[EXECUTION]: illegal write to WDTCTL (0) from $103ca - reset!!!!
Watchdog: illegal write to WDTCTL (0) from $103ca - reset!!!!
Stack Trace: number of calls: 5 PC: $103ca
  watchdog_reboot (packetbuf.c) called from PC: $24d44 (elapsed: 5)
  restart_time_synchronisation (packetbuf.c) called from PC: $15abe (elapsed: 30447)
  process_thread_foure_timesynch_process (local in 4emac-timesynch.c) called from PC: $12738 (elapsed: 505552)
  call_process (local in process.c) called from PC: $1291c (elapsed: 505589)
  process_run (packetbuf.c) called from PC: $05edc (elapsed: 508548)
 WARN [Thread-2] (MspMote.java:229) - 24: # Watchdog[EXECUTION]: illegal write to WDTCTL (0) from $103ca - reset!!!!
Watchdog: illegal write to WDTCTL (0) from $103ca - reset!!!!
Stack Trace: number of calls: 5 PC: $103ca
  watchdog_reboot (packetbuf.c) called from PC: $24d44 (elapsed: 5)
  restart_time_synchronisation (packetbuf.c) called from PC: $15abe (elapsed: 30452)
  process_thread_foure_timesynch_process (local in 4emac-timesynch.c) called from PC: $12738 (elapsed: 807435)
  call_process (local in process.c) called from PC: $1291c (elapsed: 807472)
  process_run (packetbuf.c) called from PC: $05edc (elapsed: 810984)
 WARN [Thread-2] (MspMote.java:229) - 8: # Watchdog[EXECUTION]: illegal write to WDTCTL (0) from $103ca - reset!!!!
Watchdog: illegal write to WDTCTL (0) from $103ca - reset!!!!
Stack Trace: number of calls: 5 PC: $103ca
  watchdog_reboot (packetbuf.c) called from PC: $24d44 (elapsed: 5)
  restart_time_synchronisation (packetbuf.c) called from PC: $15abe (elapsed: 30453)
  process_thread_foure_timesynch_process (local in 4emac-timesynch.c) called from PC: $12738 (elapsed: 706539)
  call_process (local in process.c) called from PC: $1291c (elapsed: 706576)
  process_run (packetbuf.c) called from PC: $05edc (elapsed: 709772)
 WARN [Thread-2] (MspMote.java:229) - 3: # Watchdog[EXECUTION]: illegal write to WDTCTL (0) from $103ca - reset!!!!
Watchdog: illegal write to WDTCTL (0) from $103ca - reset!!!!
Stack Trace: number of calls: 5 PC: $103ca
  watchdog_reboot (packetbuf.c) called from PC: $24d44 (elapsed: 5)
  restart_time_synchronisation (packetbuf.c) called from PC: $15abe (elapsed: 30453)
  process_thread_foure_timesynch_process (local in 4emac-timesynch.c) called from PC: $12738 (elapsed: 633293)
  call_process (local in process.c) called from PC: $1291c (elapsed: 633330)
  process_run (packetbuf.c) called from PC: $05edc (elapsed: 636451)
 WARN [Thread-2] (MspMote.java:229) - 2: # Watchdog[EXECUTION]: illegal write to WDTCTL (0) from $103ca - reset!!!!
Watchdog: illegal write to WDTCTL (0) from $103ca - reset!!!!
Stack Trace: number of calls: 5 PC: $103ca
  watchdog_reboot (packetbuf.c) called from PC: $24d44 (elapsed: 5)
  restart_time_synchronisation (packetbuf.c) called from PC: $15abe (elapsed: 30452)
  process_thread_foure_timesynch_process (local in 4emac-timesynch.c) called from PC: $12738 (elapsed: 971477)
  call_process (local in process.c) called from PC: $1291c (elapsed: 971514)
  process_run (packetbuf.c) called from PC: $05edc (elapsed: 974558)
 WARN [Thread-2] (MspMote.java:229) - 7: # Watchdog[EXECUTION]: illegal write to WDTCTL (0) from $103ca - reset!!!!
Watchdog: illegal write to WDTCTL (0) from $103ca - reset!!!!
Stack Trace: number of calls: 5 PC: $103ca
  watchdog_reboot (packetbuf.c) called from PC: $24d44 (elapsed: 5)
  restart_time_synchronisation (packetbuf.c) called from PC: $15abe (elapsed: 30453)
  process_thread_foure_timesynch_process (local in 4emac-timesynch.c) called from PC: $12738 (elapsed: 1582876)
  call_process (local in process.c) called from PC: $1291c (elapsed: 1582913)
  process_run (packetbuf.c) called from PC: $05edc (elapsed: 1586113)
 WARN [Thread-2] (MspMote.java:229) - 40: # Watchdog[EXECUTION]: illegal write to WDTCTL (0) from $103ca - reset!!!!
Watchdog: illegal write to WDTCTL (0) from $103ca - reset!!!!
Stack Trace: number of calls: 5 PC: $103ca
  watchdog_reboot (packetbuf.c) called from PC: $24d44 (elapsed: 5)
  restart_time_synchronisation (packetbuf.c) called from PC: $15abe (elapsed: 30465)
  process_thread_foure_timesynch_process (local in 4emac-timesynch.c) called from PC: $12738 (elapsed: 1122002)
  call_process (local in process.c) called from PC: $1291c (elapsed: 1122039)
  process_run (packetbuf.c) called from PC: $05edc (elapsed: 1125241)
 WARN [Thread-2] (MspMote.java:229) - 35: # Watchdog[EXECUTION]: illegal write to WDTCTL (0) from $103ca - reset!!!!
Watchdog: illegal write to WDTCTL (0) from $103ca - reset!!!!
Stack Trace: number of calls: 5 PC: $103ca
  watchdog_reboot (packetbuf.c) called from PC: $24d44 (elapsed: 5)
  restart_time_synchronisation (packetbuf.c) called from PC: $15abe (elapsed: 30452)
  process_thread_foure_timesynch_process (local in 4emac-timesynch.c) called from PC: $12738 (elapsed: 1223432)
  call_process (local in process.c) called from PC: $1291c (elapsed: 1223469)
  process_run (packetbuf.c) called from PC: $05edc (elapsed: 1226504)
 WARN [Thread-2] (MspMote.java:229) - 31: # Watchdog[EXECUTION]: illegal write to WDTCTL (0) from $103ca - reset!!!!
 INFO [Thread-2] (LogScriptEngine.java:389) - Test script at 65.00%, done in 4807.8 sec
Watchdog: illegal write to WDTCTL (0) from $103ca - reset!!!!
Stack Trace: number of calls: 5 PC: $103ca
  watchdog_reboot (packetbuf.c) called from PC: $24d44 (elapsed: 5)
  restart_time_synchronisation (packetbuf.c) called from PC: $15abe (elapsed: 30452)
  process_thread_foure_timesynch_process (local in 4emac-timesynch.c) called from PC: $12738 (elapsed: 670228)
  call_process (local in process.c) called from PC: $1291c (elapsed: 670265)
  process_run (packetbuf.c) called from PC: $05edc (elapsed: 673469)
 WARN [Thread-2] (MspMote.java:229) - 25: # Watchdog[EXECUTION]: illegal write to WDTCTL (0) from $103ca - reset!!!!
Watchdog: illegal write to WDTCTL (0) from $103ca - reset!!!!
Stack Trace: number of calls: 5 PC: $103ca
  watchdog_reboot (packetbuf.c) called from PC: $24d44 (elapsed: 5)
  restart_time_synchronisation (packetbuf.c) called from PC: $15abe (elapsed: 30452)
  process_thread_foure_timesynch_process (local in 4emac-timesynch.c) called from PC: $12738 (elapsed: 534104)
  call_process (local in process.c) called from PC: $1291c (elapsed: 534141)
  process_run (packetbuf.c) called from PC: $05edc (elapsed: 537384)
 WARN [Thread-2] (MspMote.java:229) - 1: # Watchdog[EXECUTION]: illegal write to WDTCTL (0) from $103ca - reset!!!!
Watchdog: illegal write to WDTCTL (0) from $103ca - reset!!!!
Stack Trace: number of calls: 5 PC: $103ca
  watchdog_reboot (packetbuf.c) called from PC: $24d44 (elapsed: 5)
  restart_time_synchronisation (packetbuf.c) called from PC: $15abe (elapsed: 30452)
  process_thread_foure_timesynch_process (local in 4emac-timesynch.c) called from PC: $12738 (elapsed: 1398739)
  call_process (local in process.c) called from PC: $1291c (elapsed: 1398776)
  process_run (packetbuf.c) called from PC: $05edc (elapsed: 1401976)
 WARN [Thread-2] (MspMote.java:229) - 39: # Watchdog[EXECUTION]: illegal write to WDTCTL (0) from $103ca - reset!!!!
Watchdog: illegal write to WDTCTL (0) from $103ca - reset!!!!
Stack Trace: number of calls: 5 PC: $103ca
  watchdog_reboot (packetbuf.c) called from PC: $24d44 (elapsed: 5)
  restart_time_synchronisation (packetbuf.c) called from PC: $15abe (elapsed: 30452)
  process_thread_foure_timesynch_process (local in 4emac-timesynch.c) called from PC: $12738 (elapsed: 1427346)
  call_process (local in process.c) called from PC: $1291c (elapsed: 1427383)
  process_run (packetbuf.c) called from PC: $05edc (elapsed: 1430425)
 WARN [Thread-2] (MspMote.java:229) - 49: # Watchdog[EXECUTION]: illegal write to WDTCTL (0) from $103ca - reset!!!!
Watchdog: illegal write to WDTCTL (0) from $103ca - reset!!!!
Stack Trace: number of calls: 5 PC: $103ca
  watchdog_reboot (packetbuf.c) called from PC: $24d44 (elapsed: 5)
  restart_time_synchronisation (packetbuf.c) called from PC: $15abe (elapsed: 30452)
  process_thread_foure_timesynch_process (local in 4emac-timesynch.c) called from PC: $12738 (elapsed: 1487772)
  call_process (local in process.c) called from PC: $1291c (elapsed: 1487809)
  process_run (packetbuf.c) called from PC: $05edc (elapsed: 1490842)
 WARN [Thread-2] (MspMote.java:229) - 44: # Watchdog[EXECUTION]: illegal write to WDTCTL (0) from $103ca - reset!!!!
Watchdog: illegal write to WDTCTL (0) from $103ca - reset!!!!
Stack Trace: number of calls: 5 PC: $103ca
  watchdog_reboot (packetbuf.c) called from PC: $24d44 (elapsed: 5)
  restart_time_synchronisation (packetbuf.c) called from PC: $15abe (elapsed: 30452)
  process_thread_foure_timesynch_process (local in 4emac-timesynch.c) called from PC: $12738 (elapsed: 1428509)
  call_process (local in process.c) called from PC: $1291c (elapsed: 1428546)
  process_run (packetbuf.c) called from PC: $05edc (elapsed: 1431658)
 WARN [Thread-2] (MspMote.java:229) - 21: # Watchdog[EXECUTION]: illegal write to WDTCTL (0) from $103ca - reset!!!!
Watchdog: illegal write to WDTCTL (0) from $103ca - reset!!!!
Stack Trace: number of calls: 5 PC: $103ca
  watchdog_reboot (packetbuf.c) called from PC: $24d44 (elapsed: 5)
  restart_time_synchronisation (packetbuf.c) called from PC: $15abe (elapsed: 30452)
  process_thread_foure_timesynch_process (local in 4emac-timesynch.c) called from PC: $12738 (elapsed: 1110088)
  call_process (local in process.c) called from PC: $1291c (elapsed: 1110125)
  process_run (packetbuf.c) called from PC: $05edc (elapsed: 1113301)
 WARN [Thread-2] (MspMote.java:229) - 16: # Watchdog[EXECUTION]: illegal write to WDTCTL (0) from $103ca - reset!!!!
Watchdog: illegal write to WDTCTL (0) from $103ca - reset!!!!
Stack Trace: number of calls: 5 PC: $103ca
  watchdog_reboot (packetbuf.c) called from PC: $24d44 (elapsed: 5)
  restart_time_synchronisation (packetbuf.c) called from PC: $15abe (elapsed: 31364)
  process_thread_foure_timesynch_process (local in 4emac-timesynch.c) called from PC: $12738 (elapsed: 185432)
  call_process (local in process.c) called from PC: $1291c (elapsed: 185469)
  process_run (packetbuf.c) called from PC: $05edc (elapsed: 187873)
 WARN [Thread-2] (MspMote.java:229) - 50: # Watchdog[EXECUTION]: illegal write to WDTCTL (0) from $103ca - reset!!!!
Watchdog: illegal write to WDTCTL (0) from $103ca - reset!!!!
Stack Trace: number of calls: 5 PC: $103ca
  watchdog_reboot (packetbuf.c) called from PC: $24d44 (elapsed: 5)
  restart_time_synchronisation (packetbuf.c) called from PC: $15abe (elapsed: 30452)
  process_thread_foure_timesynch_process (local in 4emac-timesynch.c) called from PC: $12738 (elapsed: 672965)
  call_process (local in process.c) called from PC: $1291c (elapsed: 673002)
  process_run (packetbuf.c) called from PC: $05edc (elapsed: 676127)
 WARN [Thread-2] (MspMote.java:229) - 13: # Watchdog[EXECUTION]: illegal write to WDTCTL (0) from $103ca - reset!!!!
Watchdog: illegal write to WDTCTL (0) from $103ca - reset!!!!
Stack Trace: number of calls: 5 PC: $103ca
  watchdog_reboot (packetbuf.c) called from PC: $24d44 (elapsed: 5)
  restart_time_synchronisation (packetbuf.c) called from PC: $15abe (elapsed: 30452)
  process_thread_foure_timesynch_process (local in 4emac-timesynch.c) called from PC: $12738 (elapsed: 1419198)
  call_process (local in process.c) called from PC: $1291c (elapsed: 1419235)
  process_run (packetbuf.c) called from PC: $05edc (elapsed: 1422516)
 WARN [Thread-2] (MspMote.java:229) - 43: # Watchdog[EXECUTION]: illegal write to WDTCTL (0) from $103ca - reset!!!!
Watchdog: illegal write to WDTCTL (0) from $103ca - reset!!!!
Stack Trace: number of calls: 5 PC: $103ca
  watchdog_reboot (packetbuf.c) called from PC: $24d44 (elapsed: 5)
  restart_time_synchronisation (packetbuf.c) called from PC: $15abe (elapsed: 30447)
  process_thread_foure_timesynch_process (local in 4emac-timesynch.c) called from PC: $12738 (elapsed: 1392944)
  call_process (local in process.c) called from PC: $1291c (elapsed: 1392981)
  process_run (packetbuf.c) called from PC: $05edc (elapsed: 1396104)
 WARN [Thread-2] (MspMote.java:229) - 48: # Watchdog[EXECUTION]: illegal write to WDTCTL (0) from $103ca - reset!!!!
Watchdog: illegal write to WDTCTL (0) from $103ca - reset!!!!
Stack Trace: number of calls: 5 PC: $103ca
  watchdog_reboot (packetbuf.c) called from PC: $24d44 (elapsed: 5)
  restart_time_synchronisation (packetbuf.c) called from PC: $15abe (elapsed: 30452)
  process_thread_foure_timesynch_process (local in 4emac-timesynch.c) called from PC: $12738 (elapsed: 1491171)
  call_process (local in process.c) called from PC: $1291c (elapsed: 1491208)
  process_run (packetbuf.c) called from PC: $05edc (elapsed: 1494333)
 WARN [Thread-2] (MspMote.java:229) - 33: # Watchdog[EXECUTION]: illegal write to WDTCTL (0) from $103ca - reset!!!!
Watchdog: illegal write to WDTCTL (0) from $103ca - reset!!!!
Stack Trace: number of calls: 5 PC: $103ca
  watchdog_reboot (packetbuf.c) called from PC: $24d44 (elapsed: 5)
  restart_time_synchronisation (packetbuf.c) called from PC: $15abe (elapsed: 30452)
  process_thread_foure_timesynch_process (local in 4emac-timesynch.c) called from PC: $12738 (elapsed: 1293851)
  call_process (local in process.c) called from PC: $1291c (elapsed: 1293888)
  process_run (packetbuf.c) called from PC: $05edc (elapsed: 1297092)
 WARN [Thread-2] (MspMote.java:229) - 38: # Watchdog[EXECUTION]: illegal write to WDTCTL (0) from $103ca - reset!!!!
Watchdog: illegal write to WDTCTL (0) from $103ca - reset!!!!
Stack Trace: number of calls: 11 PC: $103ca
  watchdog_reboot (packetbuf.c) called from PC: $24d44 (elapsed: 5)
  restart_time_synchronisation (packetbuf.c) called from PC: $14fba (elapsed: 31371)
  foure_timesynch_parent_switch_callback (packetbuf.c) called from PC: $1ea70 (elapsed: 69452)
  rpl_set_preferred_parent (local in rpl-dag.c) called from PC: $1f0a0 (elapsed: 164836)
  rpl_nullify_parent (packetbuf.c) called from PC: $1fd3a (elapsed: 420685)
  rpl_process_parent_event (packetbuf.c) called from PC: $1fdd2 (elapsed: 522727)
  rpl_recalculate_ranks (packetbuf.c) called from PC: $2383a (elapsed: 526253)
  handle_periodic_timer (local in rpl-timers.c) called from PC: $1219c (elapsed: 526520)
  process_thread_ctimer_process (local in ctimer.c) called from PC: $12738 (elapsed: 526769)
  call_process (local in process.c) called from PC: $1291c (elapsed: 526806)
  process_run (packetbuf.c) called from PC: $05edc (elapsed: 530409)
 WARN [Thread-2] (MspMote.java:229) - 27: # Watchdog[EXECUTION]: illegal write to WDTCTL (0) from $103ca - reset!!!!
Watchdog: illegal write to WDTCTL (0) from $103ca - reset!!!!
Stack Trace: number of calls: 5 PC: $103ca
  watchdog_reboot (packetbuf.c) called from PC: $24d44 (elapsed: 5)
  restart_time_synchronisation (packetbuf.c) called from PC: $15abe (elapsed: 30452)
  process_thread_foure_timesynch_process (local in 4emac-timesynch.c) called from PC: $12738 (elapsed: 1410302)
  call_process (local in process.c) called from PC: $1291c (elapsed: 1410339)
  process_run (packetbuf.c) called from PC: $05edc (elapsed: 1420139)
 WARN [Thread-2] (MspMote.java:229) - 23: # Watchdog[EXECUTION]: illegal write to WDTCTL (0) from $103ca - reset!!!!
Watchdog: illegal write to WDTCTL (0) from $103ca - reset!!!!
Stack Trace: number of calls: 5 PC: $103ca
  watchdog_reboot (packetbuf.c) called from PC: $24d44 (elapsed: 5)
  restart_time_synchronisation (packetbuf.c) called from PC: $15abe (elapsed: 30447)
  process_thread_foure_timesynch_process (local in 4emac-timesynch.c) called from PC: $12738 (elapsed: 1371186)
  call_process (local in process.c) called from PC: $1291c (elapsed: 1371223)
  process_run (packetbuf.c) called from PC: $05edc (elapsed: 1374564)
 WARN [Thread-2] (MspMote.java:229) - 42: # Watchdog[EXECUTION]: illegal write to WDTCTL (0) from $103ca - reset!!!!
Watchdog: illegal write to WDTCTL (0) from $103ca - reset!!!!
Stack Trace: number of calls: 5 PC: $103ca
  watchdog_reboot (packetbuf.c) called from PC: $24d44 (elapsed: 5)
  restart_time_synchronisation (packetbuf.c) called from PC: $15abe (elapsed: 30452)
  process_thread_foure_timesynch_process (local in 4emac-timesynch.c) called from PC: $12738 (elapsed: 1116931)
  call_process (local in process.c) called from PC: $1291c (elapsed: 1116968)
  process_run (packetbuf.c) called from PC: $05edc (elapsed: 1120405)
 WARN [Thread-2] (MspMote.java:229) - 47: # Watchdog[EXECUTION]: illegal write to WDTCTL (0) from $103ca - reset!!!!
Watchdog: illegal write to WDTCTL (0) from $103ca - reset!!!!
Stack Trace: number of calls: 5 PC: $103ca
  watchdog_reboot (packetbuf.c) called from PC: $24d44 (elapsed: 5)
  restart_time_synchronisation (packetbuf.c) called from PC: $15abe (elapsed: 30452)
  process_thread_foure_timesynch_process (local in 4emac-timesynch.c) called from PC: $12738 (elapsed: 1399689)
  call_process (local in process.c) called from PC: $1291c (elapsed: 1399726)
  process_run (packetbuf.c) called from PC: $05edc (elapsed: 1403173)
 WARN [Thread-2] (MspMote.java:229) - 37: # Watchdog[EXECUTION]: illegal write to WDTCTL (0) from $103ca - reset!!!!
Watchdog: illegal write to WDTCTL (0) from $103ca - reset!!!!
Stack Trace: number of calls: 5 PC: $103ca
  watchdog_reboot (packetbuf.c) called from PC: $24d44 (elapsed: 5)
  restart_time_synchronisation (packetbuf.c) called from PC: $15abe (elapsed: 30651)
  process_thread_foure_timesynch_process (local in 4emac-timesynch.c) called from PC: $12738 (elapsed: 1078472)
  call_process (local in process.c) called from PC: $1291c (elapsed: 1078509)
  process_run (packetbuf.c) called from PC: $05edc (elapsed: 1081811)
 WARN [Thread-2] (MspMote.java:229) - 15: # Watchdog[EXECUTION]: illegal write to WDTCTL (0) from $103ca - reset!!!!
Watchdog: illegal write to WDTCTL (0) from $103ca - reset!!!!
Stack Trace: number of calls: 5 PC: $103ca
  watchdog_reboot (packetbuf.c) called from PC: $24d44 (elapsed: 5)
  restart_time_synchronisation (packetbuf.c) called from PC: $15abe (elapsed: 30452)
  process_thread_foure_timesynch_process (local in 4emac-timesynch.c) called from PC: $12738 (elapsed: 669734)
  call_process (local in process.c) called from PC: $1291c (elapsed: 669771)
  process_run (packetbuf.c) called from PC: $05edc (elapsed: 672966)
 WARN [Thread-2] (MspMote.java:229) - 24: # Watchdog[EXECUTION]: illegal write to WDTCTL (0) from $103ca - reset!!!!
 INFO [Thread-2] (LogScriptEngine.java:389) - Test script at 70.00%, done in 4013.2 sec
Watchdog: illegal write to WDTCTL (0) from $103ca - reset!!!!
Stack Trace: number of calls: 5 PC: $103ca
  watchdog_reboot (packetbuf.c) called from PC: $24d44 (elapsed: 5)
  restart_time_synchronisation (packetbuf.c) called from PC: $15abe (elapsed: 31449)
  process_thread_foure_timesynch_process (local in 4emac-timesynch.c) called from PC: $12738 (elapsed: 185843)
  call_process (local in process.c) called from PC: $1291c (elapsed: 185880)
  process_run (packetbuf.c) called from PC: $05edc (elapsed: 188281)
 WARN [Thread-2] (MspMote.java:229) - 20: # Watchdog[EXECUTION]: illegal write to WDTCTL (0) from $103ca - reset!!!!
Watchdog: illegal write to WDTCTL (0) from $103ca - reset!!!!
Stack Trace: number of calls: 5 PC: $103ca
  watchdog_reboot (packetbuf.c) called from PC: $24d44 (elapsed: 5)
  restart_time_synchronisation (packetbuf.c) called from PC: $15abe (elapsed: 30453)
  process_thread_foure_timesynch_process (local in 4emac-timesynch.c) called from PC: $12738 (elapsed: 816792)
  call_process (local in process.c) called from PC: $1291c (elapsed: 816829)
  process_run (packetbuf.c) called from PC: $05edc (elapsed: 820031)
 WARN [Thread-2] (MspMote.java:229) - 34: # Watchdog[EXECUTION]: illegal write to WDTCTL (0) from $103ca - reset!!!!
Watchdog: illegal write to WDTCTL (0) from $103ca - reset!!!!
Stack Trace: number of calls: 5 PC: $103ca
  watchdog_reboot (packetbuf.c) called from PC: $24d44 (elapsed: 5)
  restart_time_synchronisation (packetbuf.c) called from PC: $15abe (elapsed: 30615)
  process_thread_foure_timesynch_process (local in 4emac-timesynch.c) called from PC: $12738 (elapsed: 1271540)
  call_process (local in process.c) called from PC: $1291c (elapsed: 1271577)
  process_run (packetbuf.c) called from PC: $05edc (elapsed: 1274806)
 WARN [Thread-2] (MspMote.java:229) - 12: # Watchdog[EXECUTION]: illegal write to WDTCTL (0) from $103ca - reset!!!!
Watchdog: illegal write to WDTCTL (0) from $103ca - reset!!!!
Stack Trace: number of calls: 5 PC: $103ca
  watchdog_reboot (packetbuf.c) called from PC: $24d44 (elapsed: 5)
  restart_time_synchronisation (packetbuf.c) called from PC: $15abe (elapsed: 30452)
  process_thread_foure_timesynch_process (local in 4emac-timesynch.c) called from PC: $12738 (elapsed: 1283667)
  call_process (local in process.c) called from PC: $1291c (elapsed: 1283704)
  process_run (packetbuf.c) called from PC: $05edc (elapsed: 1286987)
 WARN [Thread-2] (MspMote.java:229) - 18: # Watchdog[EXECUTION]: illegal write to WDTCTL (0) from $103ca - reset!!!!
Watchdog: illegal write to WDTCTL (0) from $103ca - reset!!!!
Stack Trace: number of calls: 5 PC: $103ca
  watchdog_reboot (packetbuf.c) called from PC: $24d44 (elapsed: 5)
  restart_time_synchronisation (packetbuf.c) called from PC: $15abe (elapsed: 30452)
  process_thread_foure_timesynch_process (local in 4emac-timesynch.c) called from PC: $12738 (elapsed: 1362988)
  call_process (local in process.c) called from PC: $1291c (elapsed: 1363025)
  process_run (packetbuf.c) called from PC: $05edc (elapsed: 1367295)
 WARN [Thread-2] (MspMote.java:229) - 14: # Watchdog[EXECUTION]: illegal write to WDTCTL (0) from $103ca - reset!!!!
Watchdog: illegal write to WDTCTL (0) from $103ca - reset!!!!
Stack Trace: number of calls: 5 PC: $103ca
  watchdog_reboot (packetbuf.c) called from PC: $24d44 (elapsed: 5)
  restart_time_synchronisation (packetbuf.c) called from PC: $15abe (elapsed: 30453)
  process_thread_foure_timesynch_process (local in 4emac-timesynch.c) called from PC: $12738 (elapsed: 1133103)
  call_process (local in process.c) called from PC: $1291c (elapsed: 1133140)
  process_run (packetbuf.c) called from PC: $05edc (elapsed: 1136470)
 WARN [Thread-2] (MspMote.java:229) - 8: # Watchdog[EXECUTION]: illegal write to WDTCTL (0) from $103ca - reset!!!!
Watchdog: illegal write to WDTCTL (0) from $103ca - reset!!!!
Stack Trace: number of calls: 5 PC: $103ca
  watchdog_reboot (packetbuf.c) called from PC: $24d44 (elapsed: 5)
  restart_time_synchronisation (packetbuf.c) called from PC: $15abe (elapsed: 30452)
  process_thread_foure_timesynch_process (local in 4emac-timesynch.c) called from PC: $12738 (elapsed: 536194)
  call_process (local in process.c) called from PC: $1291c (elapsed: 536231)
  process_run (packetbuf.c) called from PC: $05edc (elapsed: 539343)
 WARN [Thread-2] (MspMote.java:229) - 1: # Watchdog[EXECUTION]: illegal write to WDTCTL (0) from $103ca - reset!!!!
Watchdog: illegal write to WDTCTL (0) from $103ca - reset!!!!
Stack Trace: number of calls: 5 PC: $103ca
  watchdog_reboot (packetbuf.c) called from PC: $24d44 (elapsed: 5)
  restart_time_synchronisation (packetbuf.c) called from PC: $15abe (elapsed: 30452)
  process_thread_foure_timesynch_process (local in 4emac-timesynch.c) called from PC: $12738 (elapsed: 1115203)
  call_process (local in process.c) called from PC: $1291c (elapsed: 1115240)
  process_run (packetbuf.c) called from PC: $05edc (elapsed: 1118365)
 WARN [Thread-2] (MspMote.java:229) - 17: # Watchdog[EXECUTION]: illegal write to WDTCTL (0) from $103ca - reset!!!!
Watchdog: illegal write to WDTCTL (0) from $103ca - reset!!!!
Stack Trace: number of calls: 5 PC: $103ca
  watchdog_reboot (packetbuf.c) called from PC: $24d44 (elapsed: 5)
  restart_time_synchronisation (packetbuf.c) called from PC: $15abe (elapsed: 30452)
  process_thread_foure_timesynch_process (local in 4emac-timesynch.c) called from PC: $12738 (elapsed: 666677)
  call_process (local in process.c) called from PC: $1291c (elapsed: 666714)
  process_run (packetbuf.c) called from PC: $05edc (elapsed: 670065)
 WARN [Thread-2] (MspMote.java:229) - 9: # Watchdog[EXECUTION]: illegal write to WDTCTL (0) from $103ca - reset!!!!
Watchdog: illegal write to WDTCTL (0) from $103ca - reset!!!!
Stack Trace: number of calls: 5 PC: $103ca
  watchdog_reboot (packetbuf.c) called from PC: $24d44 (elapsed: 5)
  restart_time_synchronisation (packetbuf.c) called from PC: $15abe (elapsed: 30543)
  process_thread_foure_timesynch_process (local in 4emac-timesynch.c) called from PC: $12738 (elapsed: 1268495)
  call_process (local in process.c) called from PC: $1291c (elapsed: 1268532)
  process_run (packetbuf.c) called from PC: $05edc (elapsed: 1272567)
 WARN [Thread-2] (MspMote.java:229) - 22: # Watchdog[EXECUTION]: illegal write to WDTCTL (0) from $103ca - reset!!!!
Watchdog: illegal write to WDTCTL (0) from $103ca - reset!!!!
Stack Trace: number of calls: 5 PC: $103ca
  watchdog_reboot (packetbuf.c) called from PC: $24d44 (elapsed: 5)
  restart_time_synchronisation (packetbuf.c) called from PC: $15abe (elapsed: 30452)
  process_thread_foure_timesynch_process (local in 4emac-timesynch.c) called from PC: $12738 (elapsed: 1347562)
  call_process (local in process.c) called from PC: $1291c (elapsed: 1347599)
  process_run (packetbuf.c) called from PC: $05edc (elapsed: 1350790)
 WARN [Thread-2] (MspMote.java:229) - 5: # Watchdog[EXECUTION]: illegal write to WDTCTL (0) from $103ca - reset!!!!
Watchdog: illegal write to WDTCTL (0) from $103ca - reset!!!!
Stack Trace: number of calls: 5 PC: $103ca
  watchdog_reboot (packetbuf.c) called from PC: $24d44 (elapsed: 5)
  restart_time_synchronisation (packetbuf.c) called from PC: $15abe (elapsed: 30537)
  process_thread_foure_timesynch_process (local in 4emac-timesynch.c) called from PC: $12738 (elapsed: 945474)
  call_process (local in process.c) called from PC: $1291c (elapsed: 945511)
  process_run (packetbuf.c) called from PC: $05edc (elapsed: 950139)
 WARN [Thread-2] (MspMote.java:229) - 27: # Watchdog[EXECUTION]: illegal write to WDTCTL (0) from $103ca - reset!!!!
Watchdog: illegal write to WDTCTL (0) from $103ca - reset!!!!
Stack Trace: number of calls: 5 PC: $103ca
  watchdog_reboot (packetbuf.c) called from PC: $24d44 (elapsed: 5)
  restart_time_synchronisation (packetbuf.c) called from PC: $15abe (elapsed: 30452)
  process_thread_foure_timesynch_process (local in 4emac-timesynch.c) called from PC: $12738 (elapsed: 663885)
  call_process (local in process.c) called from PC: $1291c (elapsed: 663922)
  process_run (packetbuf.c) called from PC: $05edc (elapsed: 667036)
 WARN [Thread-2] (MspMote.java:229) - 3: # Watchdog[EXECUTION]: illegal write to WDTCTL (0) from $103ca - reset!!!!
Watchdog: illegal write to WDTCTL (0) from $103ca - reset!!!!
Stack Trace: number of calls: 5 PC: $103ca
  watchdog_reboot (packetbuf.c) called from PC: $24d44 (elapsed: 5)
  restart_time_synchronisation (packetbuf.c) called from PC: $15abe (elapsed: 61760)
  process_thread_foure_timesynch_process (local in 4emac-timesynch.c) called from PC: $12738 (elapsed: 530233)
  call_process (local in process.c) called from PC: $1291c (elapsed: 530270)
  process_run (packetbuf.c) called from PC: $05edc (elapsed: 533544)
 WARN [Thread-2] (MspMote.java:229) - 2: # Watchdog[EXECUTION]: illegal write to WDTCTL (0) from $103ca - reset!!!!
Watchdog: illegal write to WDTCTL (0) from $103ca - reset!!!!
Stack Trace: number of calls: 5 PC: $103ca
  watchdog_reboot (packetbuf.c) called from PC: $24d44 (elapsed: 5)
  restart_time_synchronisation (packetbuf.c) called from PC: $15abe (elapsed: 30453)
  process_thread_foure_timesynch_process (local in 4emac-timesynch.c) called from PC: $12738 (elapsed: 941481)
  call_process (local in process.c) called from PC: $1291c (elapsed: 941518)
  process_run (packetbuf.c) called from PC: $05edc (elapsed: 944709)
 WARN [Thread-2] (MspMote.java:229) - 7: # Watchdog[EXECUTION]: illegal write to WDTCTL (0) from $103ca - reset!!!!
Watchdog: illegal write to WDTCTL (0) from $103ca - reset!!!!
Stack Trace: number of calls: 5 PC: $103ca
  watchdog_reboot (packetbuf.c) called from PC: $24d44 (elapsed: 5)
  restart_time_synchronisation (packetbuf.c) called from PC: $15abe (elapsed: 30452)
  process_thread_foure_timesynch_process (local in 4emac-timesynch.c) called from PC: $12738 (elapsed: 672526)
  call_process (local in process.c) called from PC: $1291c (elapsed: 672563)
  process_run (packetbuf.c) called from PC: $05edc (elapsed: 675754)
 WARN [Thread-2] (MspMote.java:229) - 13: # Watchdog[EXECUTION]: illegal write to WDTCTL (0) from $103ca - reset!!!!
Watchdog: illegal write to WDTCTL (0) from $103ca - reset!!!!
Stack Trace: number of calls: 5 PC: $103ca
  watchdog_reboot (packetbuf.c) called from PC: $24d44 (elapsed: 5)
  restart_time_synchronisation (packetbuf.c) called from PC: $15abe (elapsed: 30452)
  process_thread_foure_timesynch_process (local in 4emac-timesynch.c) called from PC: $12738 (elapsed: 776727)
  call_process (local in process.c) called from PC: $1291c (elapsed: 776764)
  process_run (packetbuf.c) called from PC: $05edc (elapsed: 779878)
 WARN [Thread-2] (MspMote.java:229) - 23: # Watchdog[EXECUTION]: illegal write to WDTCTL (0) from $103ca - reset!!!!
Watchdog: illegal write to WDTCTL (0) from $103ca - reset!!!!
Stack Trace: number of calls: 5 PC: $103ca
  watchdog_reboot (packetbuf.c) called from PC: $24d44 (elapsed: 5)
  restart_time_synchronisation (packetbuf.c) called from PC: $15abe (elapsed: 30452)
  process_thread_foure_timesynch_process (local in 4emac-timesynch.c) called from PC: $12738 (elapsed: 1219151)
  call_process (local in process.c) called from PC: $1291c (elapsed: 1219188)
  process_run (packetbuf.c) called from PC: $05edc (elapsed: 1222386)
 WARN [Thread-2] (MspMote.java:229) - 19: # Watchdog[EXECUTION]: illegal write to WDTCTL (0) from $103ca - reset!!!!
Watchdog: illegal write to WDTCTL (0) from $103ca - reset!!!!
Stack Trace: number of calls: 5 PC: $103ca
  watchdog_reboot (packetbuf.c) called from PC: $24d44 (elapsed: 5)
  restart_time_synchronisation (packetbuf.c) called from PC: $15abe (elapsed: 30447)
  process_thread_foure_timesynch_process (local in 4emac-timesynch.c) called from PC: $12738 (elapsed: 948688)
  call_process (local in process.c) called from PC: $1291c (elapsed: 948725)
  process_run (packetbuf.c) called from PC: $05edc (elapsed: 951916)
 WARN [Thread-2] (MspMote.java:229) - 1: # Watchdog[EXECUTION]: illegal write to WDTCTL (0) from $103ca - reset!!!!
Watchdog: illegal write to WDTCTL (0) from $103ca - reset!!!!
Stack Trace: number of calls: 5 PC: $103ca
  watchdog_reboot (packetbuf.c) called from PC: $24d44 (elapsed: 5)
  restart_time_synchronisation (packetbuf.c) called from PC: $15abe (elapsed: 30453)
  process_thread_foure_timesynch_process (local in 4emac-timesynch.c) called from PC: $12738 (elapsed: 500133)
  call_process (local in process.c) called from PC: $1291c (elapsed: 500170)
  process_run (packetbuf.c) called from PC: $05edc (elapsed: 503288)
 WARN [Thread-2] (MspMote.java:229) - 8: # Watchdog[EXECUTION]: illegal write to WDTCTL (0) from $103ca - reset!!!!
Watchdog: illegal write to WDTCTL (0) from $103ca - reset!!!!
Stack Trace: number of calls: 5 PC: $103ca
  watchdog_reboot (packetbuf.c) called from PC: $24d44 (elapsed: 5)
  restart_time_synchronisation (packetbuf.c) called from PC: $15abe (elapsed: 30452)
  process_thread_foure_timesynch_process (local in 4emac-timesynch.c) called from PC: $12738 (elapsed: 1613860)
  call_process (local in process.c) called from PC: $1291c (elapsed: 1613897)
  process_run (packetbuf.c) called from PC: $05edc (elapsed: 1617234)
 WARN [Thread-2] (MspMote.java:229) - 28: # Watchdog[EXECUTION]: illegal write to WDTCTL (0) from $103ca - reset!!!!
Watchdog: illegal write to WDTCTL (0) from $103ca - reset!!!!
Stack Trace: number of calls: 5 PC: $103ca
  watchdog_reboot (packetbuf.c) called from PC: $24d44 (elapsed: 5)
  restart_time_synchronisation (packetbuf.c) called from PC: $15abe (elapsed: 30447)
  process_thread_foure_timesynch_process (local in 4emac-timesynch.c) called from PC: $12738 (elapsed: 953792)
  call_process (local in process.c) called from PC: $1291c (elapsed: 953829)
  process_run (packetbuf.c) called from PC: $05edc (elapsed: 956941)
 WARN [Thread-2] (MspMote.java:229) - 33: # Watchdog[EXECUTION]: illegal write to WDTCTL (0) from $103ca - reset!!!!
Watchdog: illegal write to WDTCTL (0) from $103ca - reset!!!!
Stack Trace: number of calls: 5 PC: $103ca
  watchdog_reboot (packetbuf.c) called from PC: $24d44 (elapsed: 5)
  restart_time_synchronisation (packetbuf.c) called from PC: $15abe (elapsed: 30452)
  process_thread_foure_timesynch_process (local in 4emac-timesynch.c) called from PC: $12738 (elapsed: 779472)
  call_process (local in process.c) called from PC: $1291c (elapsed: 779509)
  process_run (packetbuf.c) called from PC: $05edc (elapsed: 782700)
 WARN [Thread-2] (MspMote.java:229) - 24: # Watchdog[EXECUTION]: illegal write to WDTCTL (0) from $103ca - reset!!!!
Watchdog: illegal write to WDTCTL (0) from $103ca - reset!!!!
Stack Trace: number of calls: 5 PC: $103ca
  watchdog_reboot (packetbuf.c) called from PC: $24d44 (elapsed: 5)
  restart_time_synchronisation (packetbuf.c) called from PC: $15abe (elapsed: 30452)
  process_thread_foure_timesynch_process (local in 4emac-timesynch.c) called from PC: $12738 (elapsed: 1720630)
  call_process (local in process.c) called from PC: $1291c (elapsed: 1720667)
  process_run (packetbuf.c) called from PC: $05edc (elapsed: 1723704)
 WARN [Thread-2] (MspMote.java:229) - 38: # Watchdog[EXECUTION]: illegal write to WDTCTL (0) from $103ca - reset!!!!
Watchdog: illegal write to WDTCTL (0) from $103ca - reset!!!!
Stack Trace: number of calls: 5 PC: $103ca
  watchdog_reboot (packetbuf.c) called from PC: $24d44 (elapsed: 5)
  restart_time_synchronisation (packetbuf.c) called from PC: $15abe (elapsed: 30452)
  process_thread_foure_timesynch_process (local in 4emac-timesynch.c) called from PC: $12738 (elapsed: 1422800)
  call_process (local in process.c) called from PC: $1291c (elapsed: 1422837)
  process_run (packetbuf.c) called from PC: $05edc (elapsed: 1425958)
 WARN [Thread-2] (MspMote.java:229) - 32: # Watchdog[EXECUTION]: illegal write to WDTCTL (0) from $103ca - reset!!!!
Watchdog: illegal write to WDTCTL (0) from $103ca - reset!!!!
Stack Trace: number of calls: 5 PC: $103ca
  watchdog_reboot (packetbuf.c) called from PC: $24d44 (elapsed: 5)
  restart_time_synchronisation (packetbuf.c) called from PC: $15abe (elapsed: 30453)
  process_thread_foure_timesynch_process (local in 4emac-timesynch.c) called from PC: $12738 (elapsed: 1259549)
  call_process (local in process.c) called from PC: $1291c (elapsed: 1259586)
  process_run (packetbuf.c) called from PC: $05edc (elapsed: 1262858)
 WARN [Thread-2] (MspMote.java:229) - 37: # Watchdog[EXECUTION]: illegal write to WDTCTL (0) from $103ca - reset!!!!
Watchdog: illegal write to WDTCTL (0) from $103ca - reset!!!!
Stack Trace: number of calls: 5 PC: $103ca
  watchdog_reboot (packetbuf.c) called from PC: $24d44 (elapsed: 5)
  restart_time_synchronisation (packetbuf.c) called from PC: $15abe (elapsed: 30452)
  process_thread_foure_timesynch_process (local in 4emac-timesynch.c) called from PC: $12738 (elapsed: 777281)
  call_process (local in process.c) called from PC: $1291c (elapsed: 777318)
  process_run (packetbuf.c) called from PC: $05edc (elapsed: 780511)
 WARN [Thread-2] (MspMote.java:229) - 44: # Watchdog[EXECUTION]: illegal write to WDTCTL (0) from $103ca - reset!!!!
Watchdog: illegal write to WDTCTL (0) from $103ca - reset!!!!
Stack Trace: number of calls: 5 PC: $103ca
  watchdog_reboot (packetbuf.c) called from PC: $24d44 (elapsed: 5)
  restart_time_synchronisation (packetbuf.c) called from PC: $15abe (elapsed: 30453)
  process_thread_foure_timesynch_process (local in 4emac-timesynch.c) called from PC: $12738 (elapsed: 502414)
  call_process (local in process.c) called from PC: $1291c (elapsed: 502451)
  process_run (packetbuf.c) called from PC: $05edc (elapsed: 505484)
 WARN [Thread-2] (MspMote.java:229) - 34: # Watchdog[EXECUTION]: illegal write to WDTCTL (0) from $103ca - reset!!!!
 INFO [Thread-2] (LogScriptEngine.java:389) - Test script at 75.00%, done in 3256.4 sec
Watchdog: illegal write to WDTCTL (0) from $103ca - reset!!!!
Stack Trace: number of calls: 5 PC: $103ca
  watchdog_reboot (packetbuf.c) called from PC: $24d44 (elapsed: 5)
  restart_time_synchronisation (packetbuf.c) called from PC: $15abe (elapsed: 30452)
  process_thread_foure_timesynch_process (local in 4emac-timesynch.c) called from PC: $12738 (elapsed: 913772)
  call_process (local in process.c) called from PC: $1291c (elapsed: 913809)
  process_run (packetbuf.c) called from PC: $05edc (elapsed: 917002)
 WARN [Thread-2] (MspMote.java:229) - 20: # Watchdog[EXECUTION]: illegal write to WDTCTL (0) from $103ca - reset!!!!
Watchdog: illegal write to WDTCTL (0) from $103ca - reset!!!!
Stack Trace: number of calls: 5 PC: $103ca
  watchdog_reboot (packetbuf.c) called from PC: $24d44 (elapsed: 5)
  restart_time_synchronisation (packetbuf.c) called from PC: $15abe (elapsed: 30447)
  process_thread_foure_timesynch_process (local in 4emac-timesynch.c) called from PC: $12738 (elapsed: 1134702)
  call_process (local in process.c) called from PC: $1291c (elapsed: 1134739)
  process_run (packetbuf.c) called from PC: $05edc (elapsed: 1138013)
 WARN [Thread-2] (MspMote.java:229) - 43: # Watchdog[EXECUTION]: illegal write to WDTCTL (0) from $103ca - reset!!!!
Watchdog: illegal write to WDTCTL (0) from $103ca - reset!!!!
Stack Trace: number of calls: 5 PC: $103ca
  watchdog_reboot (packetbuf.c) called from PC: $24d44 (elapsed: 5)
  restart_time_synchronisation (packetbuf.c) called from PC: $15abe (elapsed: 30452)
  process_thread_foure_timesynch_process (local in 4emac-timesynch.c) called from PC: $12738 (elapsed: 980488)
  call_process (local in process.c) called from PC: $1291c (elapsed: 980525)
  process_run (packetbuf.c) called from PC: $05edc (elapsed: 983643)
 WARN [Thread-2] (MspMote.java:229) - 47: # Watchdog[EXECUTION]: illegal write to WDTCTL (0) from $103ca - reset!!!!
Watchdog: illegal write to WDTCTL (0) from $103ca - reset!!!!
Stack Trace: number of calls: 5 PC: $103ca
  watchdog_reboot (packetbuf.c) called from PC: $24d44 (elapsed: 5)
  restart_time_synchronisation (packetbuf.c) called from PC: $15abe (elapsed: 33406)
  process_thread_foure_timesynch_process (local in 4emac-timesynch.c) called from PC: $12738 (elapsed: 641718)
  call_process (local in process.c) called from PC: $1291c (elapsed: 641755)
  process_run (packetbuf.c) called from PC: $05edc (elapsed: 644870)
 WARN [Thread-2] (MspMote.java:229) - 25: # Watchdog[EXECUTION]: illegal write to WDTCTL (0) from $103ca - reset!!!!
Watchdog: illegal write to WDTCTL (0) from $103ca - reset!!!!
Stack Trace: number of calls: 5 PC: $103ca
  watchdog_reboot (packetbuf.c) called from PC: $24d44 (elapsed: 5)
  restart_time_synchronisation (packetbuf.c) called from PC: $15abe (elapsed: 30447)
  process_thread_foure_timesynch_process (local in 4emac-timesynch.c) called from PC: $12738 (elapsed: 1086113)
  call_process (local in process.c) called from PC: $1291c (elapsed: 1086150)
  process_run (packetbuf.c) called from PC: $05edc (elapsed: 1089345)
 WARN [Thread-2] (MspMote.java:229) - 5: # Watchdog[EXECUTION]: illegal write to WDTCTL (0) from $103ca - reset!!!!
Watchdog: illegal write to WDTCTL (0) from $103ca - reset!!!!
Stack Trace: number of calls: 5 PC: $103ca
  watchdog_reboot (packetbuf.c) called from PC: $24d44 (elapsed: 5)
  restart_time_synchronisation (packetbuf.c) called from PC: $15abe (elapsed: 30452)
  process_thread_foure_timesynch_process (local in 4emac-timesynch.c) called from PC: $12738 (elapsed: 1235065)
  call_process (local in process.c) called from PC: $1291c (elapsed: 1235102)
  process_run (packetbuf.c) called from PC: $05edc (elapsed: 1290336)
 WARN [Thread-2] (MspMote.java:229) - 21: # Watchdog[EXECUTION]: illegal write to WDTCTL (0) from $103ca - reset!!!!
Watchdog: illegal write to WDTCTL (0) from $103ca - reset!!!!
Stack Trace: number of calls: 5 PC: $103ca
  watchdog_reboot (packetbuf.c) called from PC: $24d44 (elapsed: 5)
  restart_time_synchronisation (packetbuf.c) called from PC: $15abe (elapsed: 30591)
  process_thread_foure_timesynch_process (local in 4emac-timesynch.c) called from PC: $12738 (elapsed: 1075266)
  call_process (local in process.c) called from PC: $1291c (elapsed: 1075303)
  process_run (packetbuf.c) called from PC: $05edc (elapsed: 1078446)
 WARN [Thread-2] (MspMote.java:229) - 15: # Watchdog[EXECUTION]: illegal write to WDTCTL (0) from $103ca - reset!!!!
Watchdog: illegal write to WDTCTL (0) from $103ca - reset!!!!
Stack Trace: number of calls: 5 PC: $103ca
  watchdog_reboot (packetbuf.c) called from PC: $24d44 (elapsed: 5)
  restart_time_synchronisation (packetbuf.c) called from PC: $15abe (elapsed: 30452)
  process_thread_foure_timesynch_process (local in 4emac-timesynch.c) called from PC: $12738 (elapsed: 1217308)
  call_process (local in process.c) called from PC: $1291c (elapsed: 1217345)
  process_run (packetbuf.c) called from PC: $05edc (elapsed: 1220646)
 WARN [Thread-2] (MspMote.java:229) - 11: # Watchdog[EXECUTION]: illegal write to WDTCTL (0) from $103ca - reset!!!!
Watchdog: illegal write to WDTCTL (0) from $103ca - reset!!!!
Stack Trace: number of calls: 5 PC: $103ca
  watchdog_reboot (packetbuf.c) called from PC: $24d44 (elapsed: 5)
  restart_time_synchronisation (packetbuf.c) called from PC: $15abe (elapsed: 30452)
  process_thread_foure_timesynch_process (local in 4emac-timesynch.c) called from PC: $12738 (elapsed: 976071)
  call_process (local in process.c) called from PC: $1291c (elapsed: 976108)
  process_run (packetbuf.c) called from PC: $05edc (elapsed: 979144)
 WARN [Thread-2] (MspMote.java:229) - 4: # Watchdog[EXECUTION]: illegal write to WDTCTL (0) from $103ca - reset!!!!
Watchdog: illegal write to WDTCTL (0) from $103ca - reset!!!!
Stack Trace: number of calls: 5 PC: $103ca
  watchdog_reboot (packetbuf.c) called from PC: $24d44 (elapsed: 5)
  restart_time_synchronisation (packetbuf.c) called from PC: $15abe (elapsed: 30452)
  process_thread_foure_timesynch_process (local in 4emac-timesynch.c) called from PC: $12738 (elapsed: 673758)
  call_process (local in process.c) called from PC: $1291c (elapsed: 673795)
  process_run (packetbuf.c) called from PC: $05edc (elapsed: 677223)
 WARN [Thread-2] (MspMote.java:229) - 20: # Watchdog[EXECUTION]: illegal write to WDTCTL (0) from $103ca - reset!!!!
Watchdog: illegal write to WDTCTL (0) from $103ca - reset!!!!
Stack Trace: number of calls: 5 PC: $103ca
  watchdog_reboot (packetbuf.c) called from PC: $24d44 (elapsed: 5)
  restart_time_synchronisation (packetbuf.c) called from PC: $15abe (elapsed: 30452)
  process_thread_foure_timesynch_process (local in 4emac-timesynch.c) called from PC: $12738 (elapsed: 1419269)
  call_process (local in process.c) called from PC: $1291c (elapsed: 1419306)
  process_run (packetbuf.c) called from PC: $05edc (elapsed: 1422647)
 WARN [Thread-2] (MspMote.java:229) - 10: # Watchdog[EXECUTION]: illegal write to WDTCTL (0) from $103ca - reset!!!!
Watchdog: illegal write to WDTCTL (0) from $103ca - reset!!!!
Stack Trace: number of calls: 5 PC: $103ca
  watchdog_reboot (packetbuf.c) called from PC: $24d44 (elapsed: 5)
  restart_time_synchronisation (packetbuf.c) called from PC: $15abe (elapsed: 30453)
  process_thread_foure_timesynch_process (local in 4emac-timesynch.c) called from PC: $12738 (elapsed: 1000034)
  call_process (local in process.c) called from PC: $1291c (elapsed: 1000071)
  process_run (packetbuf.c) called from PC: $05edc (elapsed: 1003401)
 WARN [Thread-2] (MspMote.java:229) - 14: # Watchdog[EXECUTION]: illegal write to WDTCTL (0) from $103ca - reset!!!!
Watchdog: illegal write to WDTCTL (0) from $103ca - reset!!!!
Stack Trace: number of calls: 5 PC: $103ca
  watchdog_reboot (packetbuf.c) called from PC: $24d44 (elapsed: 5)
  restart_time_synchronisation (packetbuf.c) called from PC: $15abe (elapsed: 30452)
  process_thread_foure_timesynch_process (local in 4emac-timesynch.c) called from PC: $12738 (elapsed: 853991)
  call_process (local in process.c) called from PC: $1291c (elapsed: 854028)
  process_run (packetbuf.c) called from PC: $05edc (elapsed: 857142)
 WARN [Thread-2] (MspMote.java:229) - 9: # Watchdog[EXECUTION]: illegal write to WDTCTL (0) from $103ca - reset!!!!
Watchdog: illegal write to WDTCTL (0) from $103ca - reset!!!!
Stack Trace: number of calls: 5 PC: $103ca
  watchdog_reboot (packetbuf.c) called from PC: $24d44 (elapsed: 5)
  restart_time_synchronisation (packetbuf.c) called from PC: $15abe (elapsed: 31365)
  process_thread_foure_timesynch_process (local in 4emac-timesynch.c) called from PC: $12738 (elapsed: 214462)
  call_process (local in process.c) called from PC: $1291c (elapsed: 214499)
  process_run (packetbuf.c) called from PC: $05edc (elapsed: 217896)
 WARN [Thread-2] (MspMote.java:229) - 3: # Watchdog[EXECUTION]: illegal write to WDTCTL (0) from $103ca - reset!!!!
Watchdog: illegal write to WDTCTL (0) from $103ca - reset!!!!
Stack Trace: number of calls: 5 PC: $103ca
  watchdog_reboot (packetbuf.c) called from PC: $24d44 (elapsed: 5)
  restart_time_synchronisation (packetbuf.c) called from PC: $15abe (elapsed: 30453)
  process_thread_foure_timesynch_process (local in 4emac-timesynch.c) called from PC: $12738 (elapsed: 882511)
  call_process (local in process.c) called from PC: $1291c (elapsed: 882548)
  process_run (packetbuf.c) called from PC: $05edc (elapsed: 885669)
 WARN [Thread-2] (MspMote.java:229) - 26: # Watchdog[EXECUTION]: illegal write to WDTCTL (0) from $103ca - reset!!!!
Watchdog: illegal write to WDTCTL (0) from $103ca - reset!!!!
Stack Trace: number of calls: 5 PC: $103ca
  watchdog_reboot (packetbuf.c) called from PC: $24d44 (elapsed: 5)
  restart_time_synchronisation (packetbuf.c) called from PC: $15abe (elapsed: 30561)
  process_thread_foure_timesynch_process (local in 4emac-timesynch.c) called from PC: $12738 (elapsed: 1087713)
  call_process (local in process.c) called from PC: $1291c (elapsed: 1087750)
  process_run (packetbuf.c) called from PC: $05edc (elapsed: 1090785)
 WARN [Thread-2] (MspMote.java:229) - 23: # Watchdog[EXECUTION]: illegal write to WDTCTL (0) from $103ca - reset!!!!
Watchdog: illegal write to WDTCTL (0) from $103ca - reset!!!!
Stack Trace: number of calls: 5 PC: $103ca
  watchdog_reboot (packetbuf.c) called from PC: $24d44 (elapsed: 5)
  restart_time_synchronisation (packetbuf.c) called from PC: $15abe (elapsed: 30452)
  process_thread_foure_timesynch_process (local in 4emac-timesynch.c) called from PC: $12738 (elapsed: 1228536)
  call_process (local in process.c) called from PC: $1291c (elapsed: 1228573)
  process_run (packetbuf.c) called from PC: $05edc (elapsed: 1231983)
 WARN [Thread-2] (MspMote.java:229) - 16: # Watchdog[EXECUTION]: illegal write to WDTCTL (0) from $103ca - reset!!!!
 INFO [Thread-2] (LogScriptEngine.java:389) - Test script at 80.00%, done in 2554.6 sec
Watchdog: illegal write to WDTCTL (0) from $103ca - reset!!!!
Stack Trace: number of calls: 5 PC: $103ca
  watchdog_reboot (packetbuf.c) called from PC: $24d44 (elapsed: 5)
  restart_time_synchronisation (packetbuf.c) called from PC: $15abe (elapsed: 30452)
  process_thread_foure_timesynch_process (local in 4emac-timesynch.c) called from PC: $12738 (elapsed: 670122)
  call_process (local in process.c) called from PC: $1291c (elapsed: 670159)
  process_run (packetbuf.c) called from PC: $05edc (elapsed: 674352)
 WARN [Thread-2] (MspMote.java:229) - 36: # Watchdog[EXECUTION]: illegal write to WDTCTL (0) from $103ca - reset!!!!
Watchdog: illegal write to WDTCTL (0) from $103ca - reset!!!!
Stack Trace: number of calls: 5 PC: $103ca
  watchdog_reboot (packetbuf.c) called from PC: $24d44 (elapsed: 5)
  restart_time_synchronisation (packetbuf.c) called from PC: $15abe (elapsed: 30452)
  process_thread_foure_timesynch_process (local in 4emac-timesynch.c) called from PC: $12738 (elapsed: 673999)
  call_process (local in process.c) called from PC: $1291c (elapsed: 674036)
  process_run (packetbuf.c) called from PC: $05edc (elapsed: 677067)
 WARN [Thread-2] (MspMote.java:229) - 1: # Watchdog[EXECUTION]: illegal write to WDTCTL (0) from $103ca - reset!!!!
Watchdog: illegal write to WDTCTL (0) from $103ca - reset!!!!
Stack Trace: number of calls: 5 PC: $103ca
  watchdog_reboot (packetbuf.c) called from PC: $24d44 (elapsed: 5)
  restart_time_synchronisation (packetbuf.c) called from PC: $15abe (elapsed: 30447)
  process_thread_foure_timesynch_process (local in 4emac-timesynch.c) called from PC: $12738 (elapsed: 1085429)
  call_process (local in process.c) called from PC: $1291c (elapsed: 1085466)
  process_run (packetbuf.c) called from PC: $05edc (elapsed: 1088657)
 WARN [Thread-2] (MspMote.java:229) - 33: # Watchdog[EXECUTION]: illegal write to WDTCTL (0) from $103ca - reset!!!!
Watchdog: illegal write to WDTCTL (0) from $103ca - reset!!!!
Stack Trace: number of calls: 5 PC: $103ca
  watchdog_reboot (packetbuf.c) called from PC: $24d44 (elapsed: 5)
  restart_time_synchronisation (packetbuf.c) called from PC: $15abe (elapsed: 30453)
  process_thread_foure_timesynch_process (local in 4emac-timesynch.c) called from PC: $12738 (elapsed: 500042)
  call_process (local in process.c) called from PC: $1291c (elapsed: 500079)
  process_run (packetbuf.c) called from PC: $05edc (elapsed: 503270)
 WARN [Thread-2] (MspMote.java:229) - 17: # Watchdog[EXECUTION]: illegal write to WDTCTL (0) from $103ca - reset!!!!
Watchdog: illegal write to WDTCTL (0) from $103ca - reset!!!!
Stack Trace: number of calls: 5 PC: $103ca
  watchdog_reboot (packetbuf.c) called from PC: $24d44 (elapsed: 5)
  restart_time_synchronisation (packetbuf.c) called from PC: $15abe (elapsed: 30453)
  process_thread_foure_timesynch_process (local in 4emac-timesynch.c) called from PC: $12738 (elapsed: 957138)
  call_process (local in process.c) called from PC: $1291c (elapsed: 957175)
  process_run (packetbuf.c) called from PC: $05edc (elapsed: 960285)
 WARN [Thread-2] (MspMote.java:229) - 25: # Watchdog[EXECUTION]: illegal write to WDTCTL (0) from $103ca - reset!!!!
Watchdog: illegal write to WDTCTL (0) from $103ca - reset!!!!
Stack Trace: number of calls: 5 PC: $103ca
  watchdog_reboot (packetbuf.c) called from PC: $24d44 (elapsed: 5)
  restart_time_synchronisation (packetbuf.c) called from PC: $15abe (elapsed: 30452)
  process_thread_foure_timesynch_process (local in 4emac-timesynch.c) called from PC: $12738 (elapsed: 666139)
  call_process (local in process.c) called from PC: $1291c (elapsed: 666176)
  process_run (packetbuf.c) called from PC: $05edc (elapsed: 669369)
 WARN [Thread-2] (MspMote.java:229) - 20: # Watchdog[EXECUTION]: illegal write to WDTCTL (0) from $103ca - reset!!!!
Watchdog: illegal write to WDTCTL (0) from $103ca - reset!!!!
Stack Trace: number of calls: 5 PC: $103ca
  watchdog_reboot (packetbuf.c) called from PC: $24d44 (elapsed: 5)
  restart_time_synchronisation (packetbuf.c) called from PC: $15abe (elapsed: 30452)
  process_thread_foure_timesynch_process (local in 4emac-timesynch.c) called from PC: $12738 (elapsed: 796842)
  call_process (local in process.c) called from PC: $1291c (elapsed: 796879)
  process_run (packetbuf.c) called from PC: $05edc (elapsed: 799993)
 WARN [Thread-2] (MspMote.java:229) - 5: # Watchdog[EXECUTION]: illegal write to WDTCTL (0) from $103ca - reset!!!!
Watchdog: illegal write to WDTCTL (0) from $103ca - reset!!!!
Stack Trace: number of calls: 5 PC: $103ca
  watchdog_reboot (packetbuf.c) called from PC: $24d44 (elapsed: 5)
  restart_time_synchronisation (packetbuf.c) called from PC: $15abe (elapsed: 30633)
  process_thread_foure_timesynch_process (local in 4emac-timesynch.c) called from PC: $12738 (elapsed: 1147772)
  call_process (local in process.c) called from PC: $1291c (elapsed: 1147809)
  process_run (packetbuf.c) called from PC: $05edc (elapsed: 1151002)
 WARN [Thread-2] (MspMote.java:229) - 44: # Watchdog[EXECUTION]: illegal write to WDTCTL (0) from $103ca - reset!!!!
Watchdog: illegal write to WDTCTL (0) from $103ca - reset!!!!
Stack Trace: number of calls: 5 PC: $103ca
  watchdog_reboot (packetbuf.c) called from PC: $24d44 (elapsed: 5)
  restart_time_synchronisation (packetbuf.c) called from PC: $15abe (elapsed: 30452)
  process_thread_foure_timesynch_process (local in 4emac-timesynch.c) called from PC: $12738 (elapsed: 920534)
  call_process (local in process.c) called from PC: $1291c (elapsed: 920571)
  process_run (packetbuf.c) called from PC: $05edc (elapsed: 923687)
 WARN [Thread-2] (MspMote.java:229) - 46: # Watchdog[EXECUTION]: illegal write to WDTCTL (0) from $103ca - reset!!!!
Watchdog: illegal write to WDTCTL (0) from $103ca - reset!!!!
Stack Trace: number of calls: 5 PC: $103ca
  watchdog_reboot (packetbuf.c) called from PC: $24d44 (elapsed: 5)
  restart_time_synchronisation (packetbuf.c) called from PC: $15abe (elapsed: 30453)
  process_thread_foure_timesynch_process (local in 4emac-timesynch.c) called from PC: $12738 (elapsed: 502395)
  call_process (local in process.c) called from PC: $1291c (elapsed: 502432)
  process_run (packetbuf.c) called from PC: $05edc (elapsed: 505476)
 WARN [Thread-2] (MspMote.java:229) - 42: # Watchdog[EXECUTION]: illegal write to WDTCTL (0) from $103ca - reset!!!!
Watchdog: illegal write to WDTCTL (0) from $103ca - reset!!!!
Stack Trace: number of calls: 5 PC: $103ca
  watchdog_reboot (packetbuf.c) called from PC: $24d44 (elapsed: 5)
  restart_time_synchronisation (packetbuf.c) called from PC: $15abe (elapsed: 30452)
  process_thread_foure_timesynch_process (local in 4emac-timesynch.c) called from PC: $12738 (elapsed: 1360365)
  call_process (local in process.c) called from PC: $1291c (elapsed: 1360402)
  process_run (packetbuf.c) called from PC: $05edc (elapsed: 1363437)
 WARN [Thread-2] (MspMote.java:229) - 34: # Watchdog[EXECUTION]: illegal write to WDTCTL (0) from $103ca - reset!!!!
Watchdog: illegal write to WDTCTL (0) from $103ca - reset!!!!
Stack Trace: number of calls: 5 PC: $103ca
  watchdog_reboot (packetbuf.c) called from PC: $24d44 (elapsed: 5)
  restart_time_synchronisation (packetbuf.c) called from PC: $15abe (elapsed: 30452)
  process_thread_foure_timesynch_process (local in 4emac-timesynch.c) called from PC: $12738 (elapsed: 531696)
  call_process (local in process.c) called from PC: $1291c (elapsed: 531733)
  process_run (packetbuf.c) called from PC: $05edc (elapsed: 534926)
 WARN [Thread-2] (MspMote.java:229) - 4: # Watchdog[EXECUTION]: illegal write to WDTCTL (0) from $103ca - reset!!!!
Watchdog: illegal write to WDTCTL (0) from $103ca - reset!!!!
Stack Trace: number of calls: 11 PC: $103ca
  watchdog_reboot (packetbuf.c) called from PC: $24d44 (elapsed: 5)
  restart_time_synchronisation (packetbuf.c) called from PC: $14fba (elapsed: 31370)
  foure_timesynch_parent_switch_callback (packetbuf.c) called from PC: $1ea70 (elapsed: 69452)
  rpl_set_preferred_parent (local in rpl-dag.c) called from PC: $1f0a0 (elapsed: 163821)
  rpl_nullify_parent (packetbuf.c) called from PC: $1fd3a (elapsed: 380007)
  rpl_process_parent_event (packetbuf.c) called from PC: $1fdd2 (elapsed: 474293)
  rpl_recalculate_ranks (packetbuf.c) called from PC: $2383a (elapsed: 474720)
  handle_periodic_timer (local in rpl-timers.c) called from PC: $1219c (elapsed: 474987)
  process_thread_ctimer_process (local in ctimer.c) called from PC: $12738 (elapsed: 475188)
  call_process (local in process.c) called from PC: $1291c (elapsed: 475225)
  process_run (packetbuf.c) called from PC: $05edc (elapsed: 478468)
 WARN [Thread-2] (MspMote.java:229) - 34: # Watchdog[EXECUTION]: illegal write to WDTCTL (0) from $103ca - reset!!!!
Watchdog: illegal write to WDTCTL (0) from $103ca - reset!!!!
Stack Trace: number of calls: 5 PC: $103ca
  watchdog_reboot (packetbuf.c) called from PC: $24d44 (elapsed: 5)
  restart_time_synchronisation (packetbuf.c) called from PC: $15abe (elapsed: 30447)
  process_thread_foure_timesynch_process (local in 4emac-timesynch.c) called from PC: $12738 (elapsed: 824650)
  call_process (local in process.c) called from PC: $1291c (elapsed: 824687)
  process_run (packetbuf.c) called from PC: $05edc (elapsed: 827647)
 WARN [Thread-2] (MspMote.java:229) - 51: # Watchdog[EXECUTION]: illegal write to WDTCTL (0) from $103ca - reset!!!!
Watchdog: illegal write to WDTCTL (0) from $103ca - reset!!!!
Stack Trace: number of calls: 5 PC: $103ca
  watchdog_reboot (packetbuf.c) called from PC: $24d44 (elapsed: 5)
  restart_time_synchronisation (packetbuf.c) called from PC: $15abe (elapsed: 43825)
  process_thread_foure_timesynch_process (local in 4emac-timesynch.c) called from PC: $12738 (elapsed: 655987)
  call_process (local in process.c) called from PC: $1291c (elapsed: 656024)
  process_run (packetbuf.c) called from PC: $05edc (elapsed: 659138)
 WARN [Thread-2] (MspMote.java:229) - 41: # Watchdog[EXECUTION]: illegal write to WDTCTL (0) from $103ca - reset!!!!
Watchdog: illegal write to WDTCTL (0) from $103ca - reset!!!!
Stack Trace: number of calls: 11 PC: $103ca
  watchdog_reboot (packetbuf.c) called from PC: $24d44 (elapsed: 5)
  restart_time_synchronisation (packetbuf.c) called from PC: $14fba (elapsed: 49844)
  foure_timesynch_parent_switch_callback (packetbuf.c) called from PC: $1ea70 (elapsed: 101945)
  rpl_set_preferred_parent (local in rpl-dag.c) called from PC: $1f0a0 (elapsed: 196646)
  rpl_nullify_parent (packetbuf.c) called from PC: $1fd3a (elapsed: 417920)
  rpl_process_parent_event (packetbuf.c) called from PC: $1fdd2 (elapsed: 514726)
  rpl_recalculate_ranks (packetbuf.c) called from PC: $2383a (elapsed: 516313)
  handle_periodic_timer (local in rpl-timers.c) called from PC: $1219c (elapsed: 516580)
  process_thread_ctimer_process (local in ctimer.c) called from PC: $12738 (elapsed: 516805)
  call_process (local in process.c) called from PC: $1291c (elapsed: 516842)
  process_run (packetbuf.c) called from PC: $05edc (elapsed: 519911)
 WARN [Thread-2] (MspMote.java:229) - 35: # Watchdog[EXECUTION]: illegal write to WDTCTL (0) from $103ca - reset!!!!
Watchdog: illegal write to WDTCTL (0) from $103ca - reset!!!!
Stack Trace: number of calls: 5 PC: $103ca
  watchdog_reboot (packetbuf.c) called from PC: $24d44 (elapsed: 5)
  restart_time_synchronisation (packetbuf.c) called from PC: $15abe (elapsed: 30453)
  process_thread_foure_timesynch_process (local in 4emac-timesynch.c) called from PC: $12738 (elapsed: 816634)
  call_process (local in process.c) called from PC: $1291c (elapsed: 816671)
  process_run (packetbuf.c) called from PC: $05edc (elapsed: 819871)
 WARN [Thread-2] (MspMote.java:229) - 50: # Watchdog[EXECUTION]: illegal write to WDTCTL (0) from $103ca - reset!!!!
Watchdog: illegal write to WDTCTL (0) from $103ca - reset!!!!
Stack Trace: number of calls: 5 PC: $103ca
  watchdog_reboot (packetbuf.c) called from PC: $24d44 (elapsed: 5)
  restart_time_synchronisation (packetbuf.c) called from PC: $15abe (elapsed: 30447)
  process_thread_foure_timesynch_process (local in 4emac-timesynch.c) called from PC: $12738 (elapsed: 942844)
  call_process (local in process.c) called from PC: $1291c (elapsed: 942881)
  process_run (packetbuf.c) called from PC: $05edc (elapsed: 946075)
 WARN [Thread-2] (MspMote.java:229) - 18: # Watchdog[EXECUTION]: illegal write to WDTCTL (0) from $103ca - reset!!!!
Watchdog: illegal write to WDTCTL (0) from $103ca - reset!!!!
Stack Trace: number of calls: 5 PC: $103ca
  watchdog_reboot (packetbuf.c) called from PC: $24d44 (elapsed: 5)
  restart_time_synchronisation (packetbuf.c) called from PC: $15abe (elapsed: 30471)
  process_thread_foure_timesynch_process (local in 4emac-timesynch.c) called from PC: $12738 (elapsed: 502800)
  call_process (local in process.c) called from PC: $1291c (elapsed: 502837)
  process_run (packetbuf.c) called from PC: $05edc (elapsed: 506193)
 WARN [Thread-2] (MspMote.java:229) - 22: # Watchdog[EXECUTION]: illegal write to WDTCTL (0) from $103ca - reset!!!!
Watchdog: illegal write to WDTCTL (0) from $103ca - reset!!!!
Stack Trace: number of calls: 5 PC: $103ca
  watchdog_reboot (packetbuf.c) called from PC: $24d44 (elapsed: 5)
  restart_time_synchronisation (packetbuf.c) called from PC: $15abe (elapsed: 30452)
  process_thread_foure_timesynch_process (local in 4emac-timesynch.c) called from PC: $12738 (elapsed: 537722)
  call_process (local in process.c) called from PC: $1291c (elapsed: 537759)
  process_run (packetbuf.c) called from PC: $05edc (elapsed: 540687)
 WARN [Thread-2] (MspMote.java:229) - 29: # Watchdog[EXECUTION]: illegal write to WDTCTL (0) from $103ca - reset!!!!
Watchdog: illegal write to WDTCTL (0) from $103ca - reset!!!!
Stack Trace: number of calls: 5 PC: $103ca
  watchdog_reboot (packetbuf.c) called from PC: $24d44 (elapsed: 5)
  restart_time_synchronisation (packetbuf.c) called from PC: $15abe (elapsed: 30452)
  process_thread_foure_timesynch_process (local in 4emac-timesynch.c) called from PC: $12738 (elapsed: 672183)
  call_process (local in process.c) called from PC: $1291c (elapsed: 672220)
  process_run (packetbuf.c) called from PC: $05edc (elapsed: 675418)
 WARN [Thread-2] (MspMote.java:229) - 27: # Watchdog[EXECUTION]: illegal write to WDTCTL (0) from $103ca - reset!!!!
Watchdog: illegal write to WDTCTL (0) from $103ca - reset!!!!
Stack Trace: number of calls: 5 PC: $103ca
  watchdog_reboot (packetbuf.c) called from PC: $24d44 (elapsed: 5)
  restart_time_synchronisation (packetbuf.c) called from PC: $15abe (elapsed: 30465)
  process_thread_foure_timesynch_process (local in 4emac-timesynch.c) called from PC: $12738 (elapsed: 504239)
  call_process (local in process.c) called from PC: $1291c (elapsed: 504276)
  process_run (packetbuf.c) called from PC: $05edc (elapsed: 507311)
 WARN [Thread-2] (MspMote.java:229) - 23: # Watchdog[EXECUTION]: illegal write to WDTCTL (0) from $103ca - reset!!!!
Watchdog: illegal write to WDTCTL (0) from $103ca - reset!!!!
Stack Trace: number of calls: 5 PC: $103ca
  watchdog_reboot (packetbuf.c) called from PC: $24d44 (elapsed: 5)
  restart_time_synchronisation (packetbuf.c) called from PC: $15abe (elapsed: 30453)
  process_thread_foure_timesynch_process (local in 4emac-timesynch.c) called from PC: $12738 (elapsed: 1133393)
  call_process (local in process.c) called from PC: $1291c (elapsed: 1133430)
  process_run (packetbuf.c) called from PC: $05edc (elapsed: 1136544)
 WARN [Thread-2] (MspMote.java:229) - 9: # Watchdog[EXECUTION]: illegal write to WDTCTL (0) from $103ca - reset!!!!
Watchdog: illegal write to WDTCTL (0) from $103ca - reset!!!!
Stack Trace: number of calls: 5 PC: $103ca
  watchdog_reboot (packetbuf.c) called from PC: $24d44 (elapsed: 5)
  restart_time_synchronisation (packetbuf.c) called from PC: $15abe (elapsed: 30633)
  process_thread_foure_timesynch_process (local in 4emac-timesynch.c) called from PC: $12738 (elapsed: 766339)
  call_process (local in process.c) called from PC: $1291c (elapsed: 766376)
  process_run (packetbuf.c) called from PC: $05edc (elapsed: 769493)
 WARN [Thread-2] (MspMote.java:229) - 2: # Watchdog[EXECUTION]: illegal write to WDTCTL (0) from $103ca - reset!!!!
Watchdog: illegal write to WDTCTL (0) from $103ca - reset!!!!
Stack Trace: number of calls: 5 PC: $103ca
  watchdog_reboot (packetbuf.c) called from PC: $24d44 (elapsed: 5)
  restart_time_synchronisation (packetbuf.c) called from PC: $15abe (elapsed: 30452)
  process_thread_foure_timesynch_process (local in 4emac-timesynch.c) called from PC: $12738 (elapsed: 1223452)
  call_process (local in process.c) called from PC: $1291c (elapsed: 1223489)
  process_run (packetbuf.c) called from PC: $05edc (elapsed: 1226606)
 WARN [Thread-2] (MspMote.java:229) - 8: # Watchdog[EXECUTION]: illegal write to WDTCTL (0) from $103ca - reset!!!!
Watchdog: illegal write to WDTCTL (0) from $103ca - reset!!!!
Stack Trace: number of calls: 5 PC: $103ca
  watchdog_reboot (packetbuf.c) called from PC: $24d44 (elapsed: 5)
  restart_time_synchronisation (packetbuf.c) called from PC: $15abe (elapsed: 30453)
  process_thread_foure_timesynch_process (local in 4emac-timesynch.c) called from PC: $12738 (elapsed: 1008988)
  call_process (local in process.c) called from PC: $1291c (elapsed: 1009025)
  process_run (packetbuf.c) called from PC: $05edc (elapsed: 1012355)
 WARN [Thread-2] (MspMote.java:229) - 44: # Watchdog[EXECUTION]: illegal write to WDTCTL (0) from $103ca - reset!!!!
Watchdog: illegal write to WDTCTL (0) from $103ca - reset!!!!
Stack Trace: number of calls: 5 PC: $103ca
  watchdog_reboot (packetbuf.c) called from PC: $24d44 (elapsed: 5)
  restart_time_synchronisation (packetbuf.c) called from PC: $15abe (elapsed: 33923)
  process_thread_foure_timesynch_process (local in 4emac-timesynch.c) called from PC: $12738 (elapsed: 672886)
  call_process (local in process.c) called from PC: $1291c (elapsed: 672923)
  process_run (packetbuf.c) called from PC: $05edc (elapsed: 676038)
 WARN [Thread-2] (MspMote.java:229) - 24: # Watchdog[EXECUTION]: illegal write to WDTCTL (0) from $103ca - reset!!!!
Watchdog: illegal write to WDTCTL (0) from $103ca - reset!!!!
Stack Trace: number of calls: 5 PC: $103ca
  watchdog_reboot (packetbuf.c) called from PC: $24d44 (elapsed: 5)
  restart_time_synchronisation (packetbuf.c) called from PC: $15abe (elapsed: 30453)
  process_thread_foure_timesynch_process (local in 4emac-timesynch.c) called from PC: $12738 (elapsed: 1247416)
  call_process (local in process.c) called from PC: $1291c (elapsed: 1247453)
  process_run (packetbuf.c) called from PC: $05edc (elapsed: 1250644)
 WARN [Thread-2] (MspMote.java:229) - 10: # Watchdog[EXECUTION]: illegal write to WDTCTL (0) from $103ca - reset!!!!
Watchdog: illegal write to WDTCTL (0) from $103ca - reset!!!!
Stack Trace: number of calls: 5 PC: $103ca
  watchdog_reboot (packetbuf.c) called from PC: $24d44 (elapsed: 5)
  restart_time_synchronisation (packetbuf.c) called from PC: $15abe (elapsed: 30452)
  process_thread_foure_timesynch_process (local in 4emac-timesynch.c) called from PC: $12738 (elapsed: 1422874)
  call_process (local in process.c) called from PC: $1291c (elapsed: 1422911)
  process_run (packetbuf.c) called from PC: $05edc (elapsed: 1426183)
 WARN [Thread-2] (MspMote.java:229) - 15: # Watchdog[EXECUTION]: illegal write to WDTCTL (0) from $103ca - reset!!!!
Watchdog: illegal write to WDTCTL (0) from $103ca - reset!!!!
Stack Trace: number of calls: 5 PC: $103ca
  watchdog_reboot (packetbuf.c) called from PC: $24d44 (elapsed: 5)
  restart_time_synchronisation (packetbuf.c) called from PC: $15abe (elapsed: 30453)
  process_thread_foure_timesynch_process (local in 4emac-timesynch.c) called from PC: $12738 (elapsed: 771184)
  call_process (local in process.c) called from PC: $1291c (elapsed: 771221)
  process_run (packetbuf.c) called from PC: $05edc (elapsed: 774572)
 WARN [Thread-2] (MspMote.java:229) - 14: # Watchdog[EXECUTION]: illegal write to WDTCTL (0) from $103ca - reset!!!!
Watchdog: illegal write to WDTCTL (0) from $103ca - reset!!!!
Stack Trace: number of calls: 5 PC: $103ca
  watchdog_reboot (packetbuf.c) called from PC: $24d44 (elapsed: 5)
  restart_time_synchronisation (packetbuf.c) called from PC: $15abe (elapsed: 30452)
  process_thread_foure_timesynch_process (local in 4emac-timesynch.c) called from PC: $12738 (elapsed: 1400475)
  call_process (local in process.c) called from PC: $1291c (elapsed: 1400512)
  process_run (packetbuf.c) called from PC: $05edc (elapsed: 1404867)
 WARN [Thread-2] (MspMote.java:229) - 40: # Watchdog[EXECUTION]: illegal write to WDTCTL (0) from $103ca - reset!!!!
Watchdog: illegal write to WDTCTL (0) from $103ca - reset!!!!
Stack Trace: number of calls: 5 PC: $103ca
  watchdog_reboot (packetbuf.c) called from PC: $24d44 (elapsed: 5)
  restart_time_synchronisation (packetbuf.c) called from PC: $15abe (elapsed: 30447)
  process_thread_foure_timesynch_process (local in 4emac-timesynch.c) called from PC: $12738 (elapsed: 1398208)
  call_process (local in process.c) called from PC: $1291c (elapsed: 1398245)
  process_run (packetbuf.c) called from PC: $05edc (elapsed: 1401546)
 WARN [Thread-2] (MspMote.java:229) - 45: # Watchdog[EXECUTION]: illegal write to WDTCTL (0) from $103ca - reset!!!!
Watchdog: illegal write to WDTCTL (0) from $103ca - reset!!!!
Stack Trace: number of calls: 5 PC: $103ca
  watchdog_reboot (packetbuf.c) called from PC: $24d44 (elapsed: 5)
  restart_time_synchronisation (packetbuf.c) called from PC: $15abe (elapsed: 30452)
  process_thread_foure_timesynch_process (local in 4emac-timesynch.c) called from PC: $12738 (elapsed: 1087746)
  call_process (local in process.c) called from PC: $1291c (elapsed: 1087783)
  process_run (packetbuf.c) called from PC: $05edc (elapsed: 1094217)
 WARN [Thread-2] (MspMote.java:229) - 19: # Watchdog[EXECUTION]: illegal write to WDTCTL (0) from $103ca - reset!!!!
Watchdog: illegal write to WDTCTL (0) from $103ca - reset!!!!
Stack Trace: number of calls: 5 PC: $103ca
  watchdog_reboot (packetbuf.c) called from PC: $24d44 (elapsed: 5)
  restart_time_synchronisation (packetbuf.c) called from PC: $15abe (elapsed: 30452)
  process_thread_foure_timesynch_process (local in 4emac-timesynch.c) called from PC: $12738 (elapsed: 1118480)
  call_process (local in process.c) called from PC: $1291c (elapsed: 1118517)
  process_run (packetbuf.c) called from PC: $05edc (elapsed: 1121471)
 WARN [Thread-2] (MspMote.java:229) - 36: # Watchdog[EXECUTION]: illegal write to WDTCTL (0) from $103ca - reset!!!!
Watchdog: illegal write to WDTCTL (0) from $103ca - reset!!!!
Stack Trace: number of calls: 5 PC: $103ca
  watchdog_reboot (packetbuf.c) called from PC: $24d44 (elapsed: 5)
  restart_time_synchronisation (packetbuf.c) called from PC: $15abe (elapsed: 30452)
  process_thread_foure_timesynch_process (local in 4emac-timesynch.c) called from PC: $12738 (elapsed: 1112578)
  call_process (local in process.c) called from PC: $1291c (elapsed: 1112615)
  process_run (packetbuf.c) called from PC: $05edc (elapsed: 1115729)
 WARN [Thread-2] (MspMote.java:229) - 16: # Watchdog[EXECUTION]: illegal write to WDTCTL (0) from $103ca - reset!!!!
 INFO [Thread-2] (LogScriptEngine.java:389) - Test script at 85.00%, done in 1884.1 sec
Watchdog: illegal write to WDTCTL (0) from $103ca - reset!!!!
Stack Trace: number of calls: 5 PC: $103ca
  watchdog_reboot (packetbuf.c) called from PC: $24d44 (elapsed: 5)
  restart_time_synchronisation (packetbuf.c) called from PC: $15abe (elapsed: 30447)
  process_thread_foure_timesynch_process (local in 4emac-timesynch.c) called from PC: $12738 (elapsed: 1074108)
  call_process (local in process.c) called from PC: $1291c (elapsed: 1074145)
  process_run (packetbuf.c) called from PC: $05edc (elapsed: 1077420)
 WARN [Thread-2] (MspMote.java:229) - 7: # Watchdog[EXECUTION]: illegal write to WDTCTL (0) from $103ca - reset!!!!
Watchdog: illegal write to WDTCTL (0) from $103ca - reset!!!!
Stack Trace: number of calls: 5 PC: $103ca
  watchdog_reboot (packetbuf.c) called from PC: $24d44 (elapsed: 5)
  restart_time_synchronisation (packetbuf.c) called from PC: $15abe (elapsed: 35198)
  process_thread_foure_timesynch_process (local in 4emac-timesynch.c) called from PC: $12738 (elapsed: 189623)
  call_process (local in process.c) called from PC: $1291c (elapsed: 189660)
  process_run (packetbuf.c) called from PC: $05edc (elapsed: 192061)
 WARN [Thread-2] (MspMote.java:229) - 25: # Watchdog[EXECUTION]: illegal write to WDTCTL (0) from $103ca - reset!!!!
Watchdog: illegal write to WDTCTL (0) from $103ca - reset!!!!
Stack Trace: number of calls: 5 PC: $103ca
  watchdog_reboot (packetbuf.c) called from PC: $24d44 (elapsed: 5)
  restart_time_synchronisation (packetbuf.c) called from PC: $15abe (elapsed: 30452)
  process_thread_foure_timesynch_process (local in 4emac-timesynch.c) called from PC: $12738 (elapsed: 970435)
  call_process (local in process.c) called from PC: $1291c (elapsed: 970472)
  process_run (packetbuf.c) called from PC: $05edc (elapsed: 973586)
 WARN [Thread-2] (MspMote.java:229) - 5: # Watchdog[EXECUTION]: illegal write to WDTCTL (0) from $103ca - reset!!!!
Watchdog: illegal write to WDTCTL (0) from $103ca - reset!!!!
Stack Trace: number of calls: 5 PC: $103ca
  watchdog_reboot (packetbuf.c) called from PC: $24d44 (elapsed: 5)
  restart_time_synchronisation (packetbuf.c) called from PC: $15abe (elapsed: 30447)
  process_thread_foure_timesynch_process (local in 4emac-timesynch.c) called from PC: $12738 (elapsed: 1084202)
  call_process (local in process.c) called from PC: $1291c (elapsed: 1084239)
  process_run (packetbuf.c) called from PC: $05edc (elapsed: 1087511)
 WARN [Thread-2] (MspMote.java:229) - 11: # Watchdog[EXECUTION]: illegal write to WDTCTL (0) from $103ca - reset!!!!
Watchdog: illegal write to WDTCTL (0) from $103ca - reset!!!!
Stack Trace: number of calls: 5 PC: $103ca
  watchdog_reboot (packetbuf.c) called from PC: $24d44 (elapsed: 5)
  restart_time_synchronisation (packetbuf.c) called from PC: $15abe (elapsed: 33393)
  process_thread_foure_timesynch_process (local in 4emac-timesynch.c) called from PC: $12738 (elapsed: 1089962)
  call_process (local in process.c) called from PC: $1291c (elapsed: 1089999)
  process_run (packetbuf.c) called from PC: $05edc (elapsed: 1093354)
 WARN [Thread-2] (MspMote.java:229) - 46: # Watchdog[EXECUTION]: illegal write to WDTCTL (0) from $103ca - reset!!!!
Watchdog: illegal write to WDTCTL (0) from $103ca - reset!!!!
Stack Trace: number of calls: 5 PC: $103ca
  watchdog_reboot (packetbuf.c) called from PC: $24d44 (elapsed: 5)
  restart_time_synchronisation (packetbuf.c) called from PC: $15abe (elapsed: 30447)
  process_thread_foure_timesynch_process (local in 4emac-timesynch.c) called from PC: $12738 (elapsed: 1072843)
  call_process (local in process.c) called from PC: $1291c (elapsed: 1072880)
  process_run (packetbuf.c) called from PC: $05edc (elapsed: 1076235)
 WARN [Thread-2] (MspMote.java:229) - 21: # Watchdog[EXECUTION]: illegal write to WDTCTL (0) from $103ca - reset!!!!
Watchdog: illegal write to WDTCTL (0) from $103ca - reset!!!!
Stack Trace: number of calls: 5 PC: $103ca
  watchdog_reboot (packetbuf.c) called from PC: $24d44 (elapsed: 5)
  restart_time_synchronisation (packetbuf.c) called from PC: $15abe (elapsed: 30447)
  process_thread_foure_timesynch_process (local in 4emac-timesynch.c) called from PC: $12738 (elapsed: 702843)
  call_process (local in process.c) called from PC: $1291c (elapsed: 702880)
  process_run (packetbuf.c) called from PC: $05edc (elapsed: 705996)
 WARN [Thread-2] (MspMote.java:229) - 41: # Watchdog[EXECUTION]: illegal write to WDTCTL (0) from $103ca - reset!!!!
Watchdog: illegal write to WDTCTL (0) from $103ca - reset!!!!
Stack Trace: number of calls: 5 PC: $103ca
  watchdog_reboot (packetbuf.c) called from PC: $24d44 (elapsed: 5)
  restart_time_synchronisation (packetbuf.c) called from PC: $15abe (elapsed: 30453)
  process_thread_foure_timesynch_process (local in 4emac-timesynch.c) called from PC: $12738 (elapsed: 696485)
  call_process (local in process.c) called from PC: $1291c (elapsed: 696522)
  process_run (packetbuf.c) called from PC: $05edc (elapsed: 699638)
 WARN [Thread-2] (MspMote.java:229) - 18: # Watchdog[EXECUTION]: illegal write to WDTCTL (0) from $103ca - reset!!!!
Watchdog: illegal write to WDTCTL (0) from $103ca - reset!!!!
Stack Trace: number of calls: 5 PC: $103ca
  watchdog_reboot (packetbuf.c) called from PC: $24d44 (elapsed: 5)
  restart_time_synchronisation (packetbuf.c) called from PC: $15abe (elapsed: 30452)
  process_thread_foure_timesynch_process (local in 4emac-timesynch.c) called from PC: $12738 (elapsed: 803212)
  call_process (local in process.c) called from PC: $1291c (elapsed: 803249)
  process_run (packetbuf.c) called from PC: $05edc (elapsed: 806442)
 WARN [Thread-2] (MspMote.java:229) - 3: # Watchdog[EXECUTION]: illegal write to WDTCTL (0) from $103ca - reset!!!!
Watchdog: illegal write to WDTCTL (0) from $103ca - reset!!!!
Stack Trace: number of calls: 5 PC: $103ca
  watchdog_reboot (packetbuf.c) called from PC: $24d44 (elapsed: 5)
  restart_time_synchronisation (packetbuf.c) called from PC: $15abe (elapsed: 31364)
  process_thread_foure_timesynch_process (local in 4emac-timesynch.c) called from PC: $12738 (elapsed: 218897)
  call_process (local in process.c) called from PC: $1291c (elapsed: 218934)
  process_run (packetbuf.c) called from PC: $05edc (elapsed: 221423)
 WARN [Thread-2] (MspMote.java:229) - 13: # Watchdog[EXECUTION]: illegal write to WDTCTL (0) from $103ca - reset!!!!
Watchdog: illegal write to WDTCTL (0) from $103ca - reset!!!!
Stack Trace: number of calls: 5 PC: $103ca
  watchdog_reboot (packetbuf.c) called from PC: $24d44 (elapsed: 5)
  restart_time_synchronisation (packetbuf.c) called from PC: $15abe (elapsed: 30452)
  process_thread_foure_timesynch_process (local in 4emac-timesynch.c) called from PC: $12738 (elapsed: 1118441)
  call_process (local in process.c) called from PC: $1291c (elapsed: 1118478)
  process_run (packetbuf.c) called from PC: $05edc (elapsed: 1121597)
 WARN [Thread-2] (MspMote.java:229) - 32: # Watchdog[EXECUTION]: illegal write to WDTCTL (0) from $103ca - reset!!!!
Watchdog: illegal write to WDTCTL (0) from $103ca - reset!!!!
Stack Trace: number of calls: 5 PC: $103ca
  watchdog_reboot (packetbuf.c) called from PC: $24d44 (elapsed: 5)
  restart_time_synchronisation (packetbuf.c) called from PC: $15abe (elapsed: 30447)
  process_thread_foure_timesynch_process (local in 4emac-timesynch.c) called from PC: $12738 (elapsed: 775597)
  call_process (local in process.c) called from PC: $1291c (elapsed: 775634)
  process_run (packetbuf.c) called from PC: $05edc (elapsed: 778669)
 WARN [Thread-2] (MspMote.java:229) - 22: # Watchdog[EXECUTION]: illegal write to WDTCTL (0) from $103ca - reset!!!!
Watchdog: illegal write to WDTCTL (0) from $103ca - reset!!!!
Stack Trace: number of calls: 5 PC: $103ca
  watchdog_reboot (packetbuf.c) called from PC: $24d44 (elapsed: 5)
  restart_time_synchronisation (packetbuf.c) called from PC: $15abe (elapsed: 30452)
  process_thread_foure_timesynch_process (local in 4emac-timesynch.c) called from PC: $12738 (elapsed: 1145657)
  call_process (local in process.c) called from PC: $1291c (elapsed: 1145694)
  process_run (packetbuf.c) called from PC: $05edc (elapsed: 1148898)
 WARN [Thread-2] (MspMote.java:229) - 28: # Watchdog[EXECUTION]: illegal write to WDTCTL (0) from $103ca - reset!!!!
Watchdog: illegal write to WDTCTL (0) from $103ca - reset!!!!
Stack Trace: number of calls: 5 PC: $103ca
  watchdog_reboot (packetbuf.c) called from PC: $24d44 (elapsed: 5)
  restart_time_synchronisation (packetbuf.c) called from PC: $15abe (elapsed: 30452)
  process_thread_foure_timesynch_process (local in 4emac-timesynch.c) called from PC: $12738 (elapsed: 980893)
  call_process (local in process.c) called from PC: $1291c (elapsed: 980930)
  process_run (packetbuf.c) called from PC: $05edc (elapsed: 984123)
 WARN [Thread-2] (MspMote.java:229) - 33: # Watchdog[EXECUTION]: illegal write to WDTCTL (0) from $103ca - reset!!!!
Watchdog: illegal write to WDTCTL (0) from $103ca - reset!!!!
Stack Trace: number of calls: 5 PC: $103ca
  watchdog_reboot (packetbuf.c) called from PC: $24d44 (elapsed: 5)
  restart_time_synchronisation (packetbuf.c) called from PC: $15abe (elapsed: 30530)
  process_thread_foure_timesynch_process (local in 4emac-timesynch.c) called from PC: $12738 (elapsed: 500486)
  call_process (local in process.c) called from PC: $1291c (elapsed: 500523)
  process_run (packetbuf.c) called from PC: $05edc (elapsed: 505113)
 WARN [Thread-2] (MspMote.java:229) - 20: # Watchdog[EXECUTION]: illegal write to WDTCTL (0) from $103ca - reset!!!!
Watchdog: illegal write to WDTCTL (0) from $103ca - reset!!!!
Stack Trace: number of calls: 5 PC: $103ca
  watchdog_reboot (packetbuf.c) called from PC: $24d44 (elapsed: 5)
  restart_time_synchronisation (packetbuf.c) called from PC: $15abe (elapsed: 30453)
  process_thread_foure_timesynch_process (local in 4emac-timesynch.c) called from PC: $12738 (elapsed: 819144)
  call_process (local in process.c) called from PC: $1291c (elapsed: 819181)
  process_run (packetbuf.c) called from PC: $05edc (elapsed: 822458)
 WARN [Thread-2] (MspMote.java:229) - 37: # Watchdog[EXECUTION]: illegal write to WDTCTL (0) from $103ca - reset!!!!
Watchdog: illegal write to WDTCTL (0) from $103ca - reset!!!!
Stack Trace: number of calls: 5 PC: $103ca
  watchdog_reboot (packetbuf.c) called from PC: $24d44 (elapsed: 5)
  restart_time_synchronisation (packetbuf.c) called from PC: $15abe (elapsed: 30452)
  process_thread_foure_timesynch_process (local in 4emac-timesynch.c) called from PC: $12738 (elapsed: 838911)
  call_process (local in process.c) called from PC: $1291c (elapsed: 838948)
  process_run (packetbuf.c) called from PC: $05edc (elapsed: 843374)
 WARN [Thread-2] (MspMote.java:229) - 17: # Watchdog[EXECUTION]: illegal write to WDTCTL (0) from $103ca - reset!!!!
Watchdog: illegal write to WDTCTL (0) from $103ca - reset!!!!
Stack Trace: number of calls: 5 PC: $103ca
  watchdog_reboot (packetbuf.c) called from PC: $24d44 (elapsed: 5)
  restart_time_synchronisation (packetbuf.c) called from PC: $15abe (elapsed: 30447)
  process_thread_foure_timesynch_process (local in 4emac-timesynch.c) called from PC: $12738 (elapsed: 1075946)
  call_process (local in process.c) called from PC: $1291c (elapsed: 1075983)
  process_run (packetbuf.c) called from PC: $05edc (elapsed: 1080247)
 WARN [Thread-2] (MspMote.java:229) - 4: # Watchdog[EXECUTION]: illegal write to WDTCTL (0) from $103ca - reset!!!!
Watchdog: illegal write to WDTCTL (0) from $103ca - reset!!!!
Stack Trace: number of calls: 5 PC: $103ca
  watchdog_reboot (packetbuf.c) called from PC: $24d44 (elapsed: 5)
  restart_time_synchronisation (packetbuf.c) called from PC: $15abe (elapsed: 30447)
  process_thread_foure_timesynch_process (local in 4emac-timesynch.c) called from PC: $12738 (elapsed: 640826)
  call_process (local in process.c) called from PC: $1291c (elapsed: 640863)
  process_run (packetbuf.c) called from PC: $05edc (elapsed: 644164)
 WARN [Thread-2] (MspMote.java:229) - 27: # Watchdog[EXECUTION]: illegal write to WDTCTL (0) from $103ca - reset!!!!
Watchdog: illegal write to WDTCTL (0) from $103ca - reset!!!!
Stack Trace: number of calls: 5 PC: $103ca
  watchdog_reboot (packetbuf.c) called from PC: $24d44 (elapsed: 5)
  restart_time_synchronisation (packetbuf.c) called from PC: $15abe (elapsed: 34517)
  process_thread_foure_timesynch_process (local in 4emac-timesynch.c) called from PC: $12738 (elapsed: 1228703)
  call_process (local in process.c) called from PC: $1291c (elapsed: 1228740)
  process_run (packetbuf.c) called from PC: $05edc (elapsed: 1232019)
 WARN [Thread-2] (MspMote.java:229) - 38: # Watchdog[EXECUTION]: illegal write to WDTCTL (0) from $103ca - reset!!!!
Watchdog: illegal write to WDTCTL (0) from $103ca - reset!!!!
Stack Trace: number of calls: 5 PC: $103ca
  watchdog_reboot (packetbuf.c) called from PC: $24d44 (elapsed: 5)
  restart_time_synchronisation (packetbuf.c) called from PC: $15abe (elapsed: 31574)
  process_thread_foure_timesynch_process (local in 4emac-timesynch.c) called from PC: $12738 (elapsed: 185807)
  call_process (local in process.c) called from PC: $1291c (elapsed: 185844)
  process_run (packetbuf.c) called from PC: $05edc (elapsed: 188324)
 WARN [Thread-2] (MspMote.java:229) - 34: # Watchdog[EXECUTION]: illegal write to WDTCTL (0) from $103ca - reset!!!!
Watchdog: illegal write to WDTCTL (0) from $103ca - reset!!!!
Stack Trace: number of calls: 11 PC: $103ca
  watchdog_reboot (packetbuf.c) called from PC: $24d44 (elapsed: 5)
  restart_time_synchronisation (packetbuf.c) called from PC: $14fba (elapsed: 31370)
  foure_timesynch_parent_switch_callback (packetbuf.c) called from PC: $1ea70 (elapsed: 69452)
  rpl_set_preferred_parent (local in rpl-dag.c) called from PC: $1f0a0 (elapsed: 164323)
  rpl_nullify_parent (packetbuf.c) called from PC: $1fd3a (elapsed: 442756)
  rpl_process_parent_event (packetbuf.c) called from PC: $1fdd2 (elapsed: 541509)
  rpl_recalculate_ranks (packetbuf.c) called from PC: $2383a (elapsed: 543771)
  handle_periodic_timer (local in rpl-timers.c) called from PC: $1219c (elapsed: 544208)
  process_thread_ctimer_process (local in ctimer.c) called from PC: $12738 (elapsed: 544409)
  call_process (local in process.c) called from PC: $1291c (elapsed: 544446)
  process_run (packetbuf.c) called from PC: $05edc (elapsed: 547723)
 WARN [Thread-2] (MspMote.java:229) - 43: # Watchdog[EXECUTION]: illegal write to WDTCTL (0) from $103ca - reset!!!!
Watchdog: illegal write to WDTCTL (0) from $103ca - reset!!!!
Stack Trace: number of calls: 5 PC: $103ca
  watchdog_reboot (packetbuf.c) called from PC: $24d44 (elapsed: 5)
  restart_time_synchronisation (packetbuf.c) called from PC: $15abe (elapsed: 30447)
  process_thread_foure_timesynch_process (local in 4emac-timesynch.c) called from PC: $12738 (elapsed: 640282)
  call_process (local in process.c) called from PC: $1291c (elapsed: 640319)
  process_run (packetbuf.c) called from PC: $05edc (elapsed: 645049)
 WARN [Thread-2] (MspMote.java:229) - 26: # Watchdog[EXECUTION]: illegal write to WDTCTL (0) from $103ca - reset!!!!
Watchdog: illegal write to WDTCTL (0) from $103ca - reset!!!!
Stack Trace: number of calls: 11 PC: $103ca
  watchdog_reboot (packetbuf.c) called from PC: $24d44 (elapsed: 5)
  restart_time_synchronisation (packetbuf.c) called from PC: $14fba (elapsed: 31370)
  foure_timesynch_parent_switch_callback (packetbuf.c) called from PC: $1ea70 (elapsed: 69451)
  rpl_set_preferred_parent (local in rpl-dag.c) called from PC: $1f0a0 (elapsed: 163817)
  rpl_nullify_parent (packetbuf.c) called from PC: $1fd3a (elapsed: 380822)
  rpl_process_parent_event (packetbuf.c) called from PC: $1fdd2 (elapsed: 475107)
  rpl_recalculate_ranks (packetbuf.c) called from PC: $2383a (elapsed: 475534)
  handle_periodic_timer (local in rpl-timers.c) called from PC: $1219c (elapsed: 475801)
  process_thread_ctimer_process (local in ctimer.c) called from PC: $12738 (elapsed: 476026)
  call_process (local in process.c) called from PC: $1291c (elapsed: 476063)
  process_run (packetbuf.c) called from PC: $05edc (elapsed: 479258)
 WARN [Thread-2] (MspMote.java:229) - 37: # Watchdog[EXECUTION]: illegal write to WDTCTL (0) from $103ca - reset!!!!
Watchdog: illegal write to WDTCTL (0) from $103ca - reset!!!!
Stack Trace: number of calls: 11 PC: $103ca
  watchdog_reboot (packetbuf.c) called from PC: $24d44 (elapsed: 5)
  restart_time_synchronisation (packetbuf.c) called from PC: $14fba (elapsed: 64494)
  foure_timesynch_parent_switch_callback (packetbuf.c) called from PC: $1ea70 (elapsed: 102684)
  rpl_set_preferred_parent (local in rpl-dag.c) called from PC: $1f0a0 (elapsed: 197053)
  rpl_nullify_parent (packetbuf.c) called from PC: $1fd3a (elapsed: 414207)
  rpl_process_parent_event (packetbuf.c) called from PC: $1fdd2 (elapsed: 508525)
  rpl_recalculate_ranks (packetbuf.c) called from PC: $2383a (elapsed: 508952)
  handle_periodic_timer (local in rpl-timers.c) called from PC: $1219c (elapsed: 509304)
  process_thread_ctimer_process (local in ctimer.c) called from PC: $12738 (elapsed: 509529)
  call_process (local in process.c) called from PC: $1291c (elapsed: 509566)
  process_run (packetbuf.c) called from PC: $05edc (elapsed: 512691)
 WARN [Thread-2] (MspMote.java:229) - 49: # Watchdog[EXECUTION]: illegal write to WDTCTL (0) from $103ca - reset!!!!
Watchdog: illegal write to WDTCTL (0) from $103ca - reset!!!!
Stack Trace: number of calls: 5 PC: $103ca
  watchdog_reboot (packetbuf.c) called from PC: $24d44 (elapsed: 5)
  restart_time_synchronisation (packetbuf.c) called from PC: $15abe (elapsed: 30452)
  process_thread_foure_timesynch_process (local in 4emac-timesynch.c) called from PC: $12738 (elapsed: 1050797)
  call_process (local in process.c) called from PC: $1291c (elapsed: 1050834)
  process_run (packetbuf.c) called from PC: $05edc (elapsed: 1054025)
 WARN [Thread-2] (MspMote.java:229) - 8: # Watchdog[EXECUTION]: illegal write to WDTCTL (0) from $103ca - reset!!!!
Watchdog: illegal write to WDTCTL (0) from $103ca - reset!!!!
Stack Trace: number of calls: 5 PC: $103ca
  watchdog_reboot (packetbuf.c) called from PC: $24d44 (elapsed: 5)
  restart_time_synchronisation (packetbuf.c) called from PC: $15abe (elapsed: 30452)
  process_thread_foure_timesynch_process (local in 4emac-timesynch.c) called from PC: $12738 (elapsed: 1278468)
  call_process (local in process.c) called from PC: $1291c (elapsed: 1278505)
  process_run (packetbuf.c) called from PC: $05edc (elapsed: 1281698)
 WARN [Thread-2] (MspMote.java:229) - 9: # Watchdog[EXECUTION]: illegal write to WDTCTL (0) from $103ca - reset!!!!
Watchdog: illegal write to WDTCTL (0) from $103ca - reset!!!!
Stack Trace: number of calls: 5 PC: $103ca
  watchdog_reboot (packetbuf.c) called from PC: $24d44 (elapsed: 5)
  restart_time_synchronisation (packetbuf.c) called from PC: $15abe (elapsed: 30453)
  process_thread_foure_timesynch_process (local in 4emac-timesynch.c) called from PC: $12738 (elapsed: 814689)
  call_process (local in process.c) called from PC: $1291c (elapsed: 814726)
  process_run (packetbuf.c) called from PC: $05edc (elapsed: 817842)
 WARN [Thread-2] (MspMote.java:229) - 43: # Watchdog[EXECUTION]: illegal write to WDTCTL (0) from $103ca - reset!!!!
 INFO [Thread-2] (LogScriptEngine.java:389) - Test script at 90.00%, done in 1227.0 sec
Watchdog: illegal write to WDTCTL (0) from $103ca - reset!!!!
Stack Trace: number of calls: 5 PC: $103ca
  watchdog_reboot (packetbuf.c) called from PC: $24d44 (elapsed: 5)
  restart_time_synchronisation (packetbuf.c) called from PC: $15abe (elapsed: 30452)
  process_thread_foure_timesynch_process (local in 4emac-timesynch.c) called from PC: $12738 (elapsed: 1089744)
  call_process (local in process.c) called from PC: $1291c (elapsed: 1089781)
  process_run (packetbuf.c) called from PC: $05edc (elapsed: 1092976)
 WARN [Thread-2] (MspMote.java:229) - 45: # Watchdog[EXECUTION]: illegal write to WDTCTL (0) from $103ca - reset!!!!
Watchdog: illegal write to WDTCTL (0) from $103ca - reset!!!!
Stack Trace: number of calls: 11 PC: $103ca
  watchdog_reboot (packetbuf.c) called from PC: $24d44 (elapsed: 5)
  restart_time_synchronisation (packetbuf.c) called from PC: $14fba (elapsed: 66804)
  foure_timesynch_parent_switch_callback (packetbuf.c) called from PC: $1ea70 (elapsed: 104885)
  rpl_set_preferred_parent (local in rpl-dag.c) called from PC: $1f0a0 (elapsed: 198813)
  rpl_nullify_parent (packetbuf.c) called from PC: $1fd3a (elapsed: 452861)
  rpl_process_parent_event (packetbuf.c) called from PC: $1fdd2 (elapsed: 554083)
  rpl_recalculate_ranks (packetbuf.c) called from PC: $2383a (elapsed: 557481)
  handle_periodic_timer (local in rpl-timers.c) called from PC: $1219c (elapsed: 557748)
  process_thread_ctimer_process (local in ctimer.c) called from PC: $12738 (elapsed: 557973)
  call_process (local in process.c) called from PC: $1291c (elapsed: 558010)
  process_run (packetbuf.c) called from PC: $05edc (elapsed: 561203)
 WARN [Thread-2] (MspMote.java:229) - 8: # Watchdog[EXECUTION]: illegal write to WDTCTL (0) from $103ca - reset!!!!
Watchdog: illegal write to WDTCTL (0) from $103ca - reset!!!!
Stack Trace: number of calls: 11 PC: $103ca
  watchdog_reboot (packetbuf.c) called from PC: $24d44 (elapsed: 5)
  restart_time_synchronisation (packetbuf.c) called from PC: $14fba (elapsed: 31371)
  foure_timesynch_parent_switch_callback (packetbuf.c) called from PC: $1ea70 (elapsed: 69525)
  rpl_set_preferred_parent (local in rpl-dag.c) called from PC: $1f0a0 (elapsed: 162578)
  rpl_nullify_parent (packetbuf.c) called from PC: $1fd3a (elapsed: 405367)
  rpl_process_parent_event (packetbuf.c) called from PC: $1fdd2 (elapsed: 499679)
  rpl_recalculate_ranks (packetbuf.c) called from PC: $2383a (elapsed: 500106)
  handle_periodic_timer (local in rpl-timers.c) called from PC: $1219c (elapsed: 500543)
  process_thread_ctimer_process (local in ctimer.c) called from PC: $12738 (elapsed: 500744)
  call_process (local in process.c) called from PC: $1291c (elapsed: 500781)
  process_run (packetbuf.c) called from PC: $05edc (elapsed: 504219)
 WARN [Thread-2] (MspMote.java:229) - 2: # Watchdog[EXECUTION]: illegal write to WDTCTL (0) from $103ca - reset!!!!
Watchdog: illegal write to WDTCTL (0) from $103ca - reset!!!!
Stack Trace: number of calls: 5 PC: $103ca
  watchdog_reboot (packetbuf.c) called from PC: $24d44 (elapsed: 5)
  restart_time_synchronisation (packetbuf.c) called from PC: $15abe (elapsed: 30452)
  process_thread_foure_timesynch_process (local in 4emac-timesynch.c) called from PC: $12738 (elapsed: 779665)
  call_process (local in process.c) called from PC: $1291c (elapsed: 779702)
  process_run (packetbuf.c) called from PC: $05edc (elapsed: 782926)
 WARN [Thread-2] (MspMote.java:229) - 40: # Watchdog[EXECUTION]: illegal write to WDTCTL (0) from $103ca - reset!!!!
Watchdog: illegal write to WDTCTL (0) from $103ca - reset!!!!
Stack Trace: number of calls: 5 PC: $103ca
  watchdog_reboot (packetbuf.c) called from PC: $24d44 (elapsed: 5)
  restart_time_synchronisation (packetbuf.c) called from PC: $15abe (elapsed: 30452)
  process_thread_foure_timesynch_process (local in 4emac-timesynch.c) called from PC: $12738 (elapsed: 980112)
  call_process (local in process.c) called from PC: $1291c (elapsed: 980149)
  process_run (packetbuf.c) called from PC: $05edc (elapsed: 983527)
 WARN [Thread-2] (MspMote.java:229) - 36: # Watchdog[EXECUTION]: illegal write to WDTCTL (0) from $103ca - reset!!!!
Watchdog: illegal write to WDTCTL (0) from $103ca - reset!!!!
Stack Trace: number of calls: 5 PC: $103ca
  watchdog_reboot (packetbuf.c) called from PC: $24d44 (elapsed: 5)
  restart_time_synchronisation (packetbuf.c) called from PC: $15abe (elapsed: 30453)
  process_thread_foure_timesynch_process (local in 4emac-timesynch.c) called from PC: $12738 (elapsed: 818862)
  call_process (local in process.c) called from PC: $1291c (elapsed: 818899)
  process_run (packetbuf.c) called from PC: $05edc (elapsed: 822119)
 WARN [Thread-2] (MspMote.java:229) - 39: # Watchdog[EXECUTION]: illegal write to WDTCTL (0) from $103ca - reset!!!!
Watchdog: illegal write to WDTCTL (0) from $103ca - reset!!!!
Stack Trace: number of calls: 5 PC: $103ca
  watchdog_reboot (packetbuf.c) called from PC: $24d44 (elapsed: 5)
  restart_time_synchronisation (packetbuf.c) called from PC: $15abe (elapsed: 30452)
  process_thread_foure_timesynch_process (local in 4emac-timesynch.c) called from PC: $12738 (elapsed: 1090256)
  call_process (local in process.c) called from PC: $1291c (elapsed: 1090293)
  process_run (packetbuf.c) called from PC: $05edc (elapsed: 1093416)
 WARN [Thread-2] (MspMote.java:229) - 47: # Watchdog[EXECUTION]: illegal write to WDTCTL (0) from $103ca - reset!!!!
Watchdog: illegal write to WDTCTL (0) from $103ca - reset!!!!
Stack Trace: number of calls: 5 PC: $103ca
  watchdog_reboot (packetbuf.c) called from PC: $24d44 (elapsed: 5)
  restart_time_synchronisation (packetbuf.c) called from PC: $15abe (elapsed: 30453)
  process_thread_foure_timesynch_process (local in 4emac-timesynch.c) called from PC: $12738 (elapsed: 944875)
  call_process (local in process.c) called from PC: $1291c (elapsed: 944912)
  process_run (packetbuf.c) called from PC: $05edc (elapsed: 948107)
 WARN [Thread-2] (MspMote.java:229) - 44: # Watchdog[EXECUTION]: illegal write to WDTCTL (0) from $103ca - reset!!!!
Watchdog: illegal write to WDTCTL (0) from $103ca - reset!!!!
Stack Trace: number of calls: 5 PC: $103ca
  watchdog_reboot (packetbuf.c) called from PC: $24d44 (elapsed: 5)
  restart_time_synchronisation (packetbuf.c) called from PC: $15abe (elapsed: 30543)
  process_thread_foure_timesynch_process (local in 4emac-timesynch.c) called from PC: $12738 (elapsed: 826286)
  call_process (local in process.c) called from PC: $1291c (elapsed: 826323)
  process_run (packetbuf.c) called from PC: $05edc (elapsed: 829714)
 WARN [Thread-2] (MspMote.java:229) - 12: # Watchdog[EXECUTION]: illegal write to WDTCTL (0) from $103ca - reset!!!!
Watchdog: illegal write to WDTCTL (0) from $103ca - reset!!!!
Stack Trace: number of calls: 5 PC: $103ca
  watchdog_reboot (packetbuf.c) called from PC: $24d44 (elapsed: 5)
  restart_time_synchronisation (packetbuf.c) called from PC: $15abe (elapsed: 30452)
  process_thread_foure_timesynch_process (local in 4emac-timesynch.c) called from PC: $12738 (elapsed: 1238844)
  call_process (local in process.c) called from PC: $1291c (elapsed: 1238881)
  process_run (packetbuf.c) called from PC: $05edc (elapsed: 1242263)
 WARN [Thread-2] (MspMote.java:229) - 13: # Watchdog[EXECUTION]: illegal write to WDTCTL (0) from $103ca - reset!!!!
Watchdog: illegal write to WDTCTL (0) from $103ca - reset!!!!
Stack Trace: number of calls: 11 PC: $103ca
  watchdog_reboot (packetbuf.c) called from PC: $24d44 (elapsed: 5)
  restart_time_synchronisation (packetbuf.c) called from PC: $14fba (elapsed: 31370)
  foure_timesynch_parent_switch_callback (packetbuf.c) called from PC: $1ea70 (elapsed: 69451)
  rpl_set_preferred_parent (local in rpl-dag.c) called from PC: $1f0a0 (elapsed: 163813)
  rpl_nullify_parent (packetbuf.c) called from PC: $1fd3a (elapsed: 379667)
  rpl_process_parent_event (packetbuf.c) called from PC: $1fdd2 (elapsed: 473957)
  rpl_recalculate_ranks (packetbuf.c) called from PC: $2383a (elapsed: 474384)
  handle_periodic_timer (local in rpl-timers.c) called from PC: $1219c (elapsed: 474651)
  process_thread_ctimer_process (local in ctimer.c) called from PC: $12738 (elapsed: 474900)
  call_process (local in process.c) called from PC: $1291c (elapsed: 474937)
  process_run (packetbuf.c) called from PC: $05edc (elapsed: 478081)
 WARN [Thread-2] (MspMote.java:229) - 1: # Watchdog[EXECUTION]: illegal write to WDTCTL (0) from $103ca - reset!!!!
Watchdog: illegal write to WDTCTL (0) from $103ca - reset!!!!
Stack Trace: number of calls: 5 PC: $103ca
  watchdog_reboot (packetbuf.c) called from PC: $24d44 (elapsed: 5)
  restart_time_synchronisation (packetbuf.c) called from PC: $15abe (elapsed: 30452)
  process_thread_foure_timesynch_process (local in 4emac-timesynch.c) called from PC: $12738 (elapsed: 672003)
  call_process (local in process.c) called from PC: $1291c (elapsed: 672040)
  process_run (packetbuf.c) called from PC: $05edc (elapsed: 675154)
 WARN [Thread-2] (MspMote.java:229) - 46: # Watchdog[EXECUTION]: illegal write to WDTCTL (0) from $103ca - reset!!!!
Watchdog: illegal write to WDTCTL (0) from $103ca - reset!!!!
Stack Trace: number of calls: 5 PC: $103ca
  watchdog_reboot (packetbuf.c) called from PC: $24d44 (elapsed: 5)
  restart_time_synchronisation (packetbuf.c) called from PC: $15abe (elapsed: 30452)
  process_thread_foure_timesynch_process (local in 4emac-timesynch.c) called from PC: $12738 (elapsed: 1106531)
  call_process (local in process.c) called from PC: $1291c (elapsed: 1106568)
  process_run (packetbuf.c) called from PC: $05edc (elapsed: 1110241)
 WARN [Thread-2] (MspMote.java:229) - 3: # Watchdog[EXECUTION]: illegal write to WDTCTL (0) from $103ca - reset!!!!
Watchdog: illegal write to WDTCTL (0) from $103ca - reset!!!!
Stack Trace: number of calls: 5 PC: $103ca
  watchdog_reboot (packetbuf.c) called from PC: $24d44 (elapsed: 5)
  restart_time_synchronisation (packetbuf.c) called from PC: $15abe (elapsed: 30452)
  process_thread_foure_timesynch_process (local in 4emac-timesynch.c) called from PC: $12738 (elapsed: 1368719)
  call_process (local in process.c) called from PC: $1291c (elapsed: 1368756)
  process_run (packetbuf.c) called from PC: $05edc (elapsed: 1371870)
 WARN [Thread-2] (MspMote.java:229) - 48: # Watchdog[EXECUTION]: illegal write to WDTCTL (0) from $103ca - reset!!!!
Watchdog: illegal write to WDTCTL (0) from $103ca - reset!!!!
Stack Trace: number of calls: 5 PC: $103ca
  watchdog_reboot (packetbuf.c) called from PC: $24d44 (elapsed: 5)
  restart_time_synchronisation (packetbuf.c) called from PC: $15abe (elapsed: 30452)
  process_thread_foure_timesynch_process (local in 4emac-timesynch.c) called from PC: $12738 (elapsed: 1222917)
  call_process (local in process.c) called from PC: $1291c (elapsed: 1222954)
  process_run (packetbuf.c) called from PC: $05edc (elapsed: 1225908)
 WARN [Thread-2] (MspMote.java:229) - 50: # Watchdog[EXECUTION]: illegal write to WDTCTL (0) from $103ca - reset!!!!
Watchdog: illegal write to WDTCTL (0) from $103ca - reset!!!!
Stack Trace: number of calls: 5 PC: $103ca
  watchdog_reboot (packetbuf.c) called from PC: $24d44 (elapsed: 5)
  restart_time_synchronisation (packetbuf.c) called from PC: $15abe (elapsed: 31359)
  process_thread_foure_timesynch_process (local in 4emac-timesynch.c) called from PC: $12738 (elapsed: 185347)
  call_process (local in process.c) called from PC: $1291c (elapsed: 185384)
  process_run (packetbuf.c) called from PC: $05edc (elapsed: 187785)
 WARN [Thread-2] (MspMote.java:229) - 40: # Watchdog[EXECUTION]: illegal write to WDTCTL (0) from $103ca - reset!!!!
Watchdog: illegal write to WDTCTL (0) from $103ca - reset!!!!
Stack Trace: number of calls: 5 PC: $103ca
  watchdog_reboot (packetbuf.c) called from PC: $24d44 (elapsed: 5)
  restart_time_synchronisation (packetbuf.c) called from PC: $15abe (elapsed: 61612)
  process_thread_foure_timesynch_process (local in 4emac-timesynch.c) called from PC: $12738 (elapsed: 1252449)
  call_process (local in process.c) called from PC: $1291c (elapsed: 1252486)
  process_run (packetbuf.c) called from PC: $05edc (elapsed: 1255760)
 WARN [Thread-2] (MspMote.java:229) - 27: # Watchdog[EXECUTION]: illegal write to WDTCTL (0) from $103ca - reset!!!!
Watchdog: illegal write to WDTCTL (0) from $103ca - reset!!!!
Stack Trace: number of calls: 5 PC: $103ca
  watchdog_reboot (packetbuf.c) called from PC: $24d44 (elapsed: 5)
  restart_time_synchronisation (packetbuf.c) called from PC: $15abe (elapsed: 30452)
  process_thread_foure_timesynch_process (local in 4emac-timesynch.c) called from PC: $12738 (elapsed: 964058)
  call_process (local in process.c) called from PC: $1291c (elapsed: 964095)
  process_run (packetbuf.c) called from PC: $05edc (elapsed: 967288)
 WARN [Thread-2] (MspMote.java:229) - 18: # Watchdog[EXECUTION]: illegal write to WDTCTL (0) from $103ca - reset!!!!
Watchdog: illegal write to WDTCTL (0) from $103ca - reset!!!!
Stack Trace: number of calls: 5 PC: $103ca
  watchdog_reboot (packetbuf.c) called from PC: $24d44 (elapsed: 5)
  restart_time_synchronisation (packetbuf.c) called from PC: $15abe (elapsed: 30453)
  process_thread_foure_timesynch_process (local in 4emac-timesynch.c) called from PC: $12738 (elapsed: 936413)
  call_process (local in process.c) called from PC: $1291c (elapsed: 936450)
  process_run (packetbuf.c) called from PC: $05edc (elapsed: 939564)
 WARN [Thread-2] (MspMote.java:229) - 25: # Watchdog[EXECUTION]: illegal write to WDTCTL (0) from $103ca - reset!!!!
Watchdog: illegal write to WDTCTL (0) from $103ca - reset!!!!
Stack Trace: number of calls: 5 PC: $103ca
  watchdog_reboot (packetbuf.c) called from PC: $24d44 (elapsed: 5)
  restart_time_synchronisation (packetbuf.c) called from PC: $15abe (elapsed: 64714)
  process_thread_foure_timesynch_process (local in 4emac-timesynch.c) called from PC: $12738 (elapsed: 702386)
  call_process (local in process.c) called from PC: $1291c (elapsed: 702423)
  process_run (packetbuf.c) called from PC: $05edc (elapsed: 705456)
 WARN [Thread-2] (MspMote.java:229) - 41: # Watchdog[EXECUTION]: illegal write to WDTCTL (0) from $103ca - reset!!!!
Watchdog: illegal write to WDTCTL (0) from $103ca - reset!!!!
Stack Trace: number of calls: 5 PC: $103ca
  watchdog_reboot (packetbuf.c) called from PC: $24d44 (elapsed: 5)
  restart_time_synchronisation (packetbuf.c) called from PC: $15abe (elapsed: 31365)
  process_thread_foure_timesynch_process (local in 4emac-timesynch.c) called from PC: $12738 (elapsed: 185305)
  call_process (local in process.c) called from PC: $1291c (elapsed: 185342)
  process_run (packetbuf.c) called from PC: $05edc (elapsed: 186641)
 WARN [Thread-2] (MspMote.java:229) - 2: # Watchdog[EXECUTION]: illegal write to WDTCTL (0) from $103ca - reset!!!!
Watchdog: illegal write to WDTCTL (0) from $103ca - reset!!!!
Stack Trace: number of calls: 5 PC: $103ca
  watchdog_reboot (packetbuf.c) called from PC: $24d44 (elapsed: 5)
  restart_time_synchronisation (packetbuf.c) called from PC: $15abe (elapsed: 30603)
  process_thread_foure_timesynch_process (local in 4emac-timesynch.c) called from PC: $12738 (elapsed: 1080689)
  call_process (local in process.c) called from PC: $1291c (elapsed: 1080726)
  process_run (packetbuf.c) called from PC: $05edc (elapsed: 1084056)
 WARN [Thread-2] (MspMote.java:229) - 14: # Watchdog[EXECUTION]: illegal write to WDTCTL (0) from $103ca - reset!!!!
Watchdog: illegal write to WDTCTL (0) from $103ca - reset!!!!
Stack Trace: number of calls: 5 PC: $103ca
  watchdog_reboot (packetbuf.c) called from PC: $24d44 (elapsed: 5)
  restart_time_synchronisation (packetbuf.c) called from PC: $15abe (elapsed: 30453)
  process_thread_foure_timesynch_process (local in 4emac-timesynch.c) called from PC: $12738 (elapsed: 947602)
  call_process (local in process.c) called from PC: $1291c (elapsed: 947639)
  process_run (packetbuf.c) called from PC: $05edc (elapsed: 950916)
 WARN [Thread-2] (MspMote.java:229) - 51: # Watchdog[EXECUTION]: illegal write to WDTCTL (0) from $103ca - reset!!!!
Watchdog: illegal write to WDTCTL (0) from $103ca - reset!!!!
Stack Trace: number of calls: 5 PC: $103ca
  watchdog_reboot (packetbuf.c) called from PC: $24d44 (elapsed: 5)
  restart_time_synchronisation (packetbuf.c) called from PC: $15abe (elapsed: 30453)
  process_thread_foure_timesynch_process (local in 4emac-timesynch.c) called from PC: $12738 (elapsed: 1257275)
  call_process (local in process.c) called from PC: $1291c (elapsed: 1257312)
  process_run (packetbuf.c) called from PC: $05edc (elapsed: 1260426)
 WARN [Thread-2] (MspMote.java:229) - 38: # Watchdog[EXECUTION]: illegal write to WDTCTL (0) from $103ca - reset!!!!
Watchdog: illegal write to WDTCTL (0) from $103ca - reset!!!!
Stack Trace: number of calls: 5 PC: $103ca
  watchdog_reboot (packetbuf.c) called from PC: $24d44 (elapsed: 5)
  restart_time_synchronisation (packetbuf.c) called from PC: $15abe (elapsed: 30453)
  process_thread_foure_timesynch_process (local in 4emac-timesynch.c) called from PC: $12738 (elapsed: 501500)
  call_process (local in process.c) called from PC: $1291c (elapsed: 501537)
  process_run (packetbuf.c) called from PC: $05edc (elapsed: 504570)
 WARN [Thread-2] (MspMote.java:229) - 16: # Watchdog[EXECUTION]: illegal write to WDTCTL (0) from $103ca - reset!!!!
Watchdog: illegal write to WDTCTL (0) from $103ca - reset!!!!
Stack Trace: number of calls: 5 PC: $103ca
  watchdog_reboot (packetbuf.c) called from PC: $24d44 (elapsed: 5)
  restart_time_synchronisation (packetbuf.c) called from PC: $15abe (elapsed: 30452)
  process_thread_foure_timesynch_process (local in 4emac-timesynch.c) called from PC: $12738 (elapsed: 842604)
  call_process (local in process.c) called from PC: $1291c (elapsed: 842641)
  process_run (packetbuf.c) called from PC: $05edc (elapsed: 845755)
 WARN [Thread-2] (MspMote.java:229) - 34: # Watchdog[EXECUTION]: illegal write to WDTCTL (0) from $103ca - reset!!!!
Watchdog: illegal write to WDTCTL (0) from $103ca - reset!!!!
Stack Trace: number of calls: 5 PC: $103ca
  watchdog_reboot (packetbuf.c) called from PC: $24d44 (elapsed: 5)
  restart_time_synchronisation (packetbuf.c) called from PC: $15abe (elapsed: 30452)
  process_thread_foure_timesynch_process (local in 4emac-timesynch.c) called from PC: $12738 (elapsed: 779112)
  call_process (local in process.c) called from PC: $1291c (elapsed: 779149)
  process_run (packetbuf.c) called from PC: $05edc (elapsed: 787032)
 WARN [Thread-2] (MspMote.java:229) - 29: # Watchdog[EXECUTION]: illegal write to WDTCTL (0) from $103ca - reset!!!!
Watchdog: illegal write to WDTCTL (0) from $103ca - reset!!!!
Stack Trace: number of calls: 5 PC: $103ca
  watchdog_reboot (packetbuf.c) called from PC: $24d44 (elapsed: 5)
  restart_time_synchronisation (packetbuf.c) called from PC: $15abe (elapsed: 30452)
  process_thread_foure_timesynch_process (local in 4emac-timesynch.c) called from PC: $12738 (elapsed: 968019)
  call_process (local in process.c) called from PC: $1291c (elapsed: 968056)
  process_run (packetbuf.c) called from PC: $05edc (elapsed: 971170)
 WARN [Thread-2] (MspMote.java:229) - 47: # Watchdog[EXECUTION]: illegal write to WDTCTL (0) from $103ca - reset!!!!
Watchdog: illegal write to WDTCTL (0) from $103ca - reset!!!!
Stack Trace: number of calls: 5 PC: $103ca
  watchdog_reboot (packetbuf.c) called from PC: $24d44 (elapsed: 5)
  restart_time_synchronisation (packetbuf.c) called from PC: $15abe (elapsed: 30452)
  process_thread_foure_timesynch_process (local in 4emac-timesynch.c) called from PC: $12738 (elapsed: 1280970)
  call_process (local in process.c) called from PC: $1291c (elapsed: 1281007)
  process_run (packetbuf.c) called from PC: $05edc (elapsed: 1284201)
 WARN [Thread-2] (MspMote.java:229) - 42: # Watchdog[EXECUTION]: illegal write to WDTCTL (0) from $103ca - reset!!!!
 INFO [Thread-2] (LogScriptEngine.java:389) - Test script at 95.00%, done in 600.7 sec
Watchdog: illegal write to WDTCTL (0) from $103ca - reset!!!!
Stack Trace: number of calls: 5 PC: $103ca
  watchdog_reboot (packetbuf.c) called from PC: $24d44 (elapsed: 5)
  restart_time_synchronisation (packetbuf.c) called from PC: $15abe (elapsed: 30633)
  process_thread_foure_timesynch_process (local in 4emac-timesynch.c) called from PC: $12738 (elapsed: 814324)
  call_process (local in process.c) called from PC: $1291c (elapsed: 814361)
  process_run (packetbuf.c) called from PC: $05edc (elapsed: 817399)
 WARN [Thread-2] (MspMote.java:229) - 24: # Watchdog[EXECUTION]: illegal write to WDTCTL (0) from $103ca - reset!!!!
Watchdog: illegal write to WDTCTL (0) from $103ca - reset!!!!
Stack Trace: number of calls: 5 PC: $103ca
  watchdog_reboot (packetbuf.c) called from PC: $24d44 (elapsed: 5)
  restart_time_synchronisation (packetbuf.c) called from PC: $15abe (elapsed: 30452)
  process_thread_foure_timesynch_process (local in 4emac-timesynch.c) called from PC: $12738 (elapsed: 1093731)
  call_process (local in process.c) called from PC: $1291c (elapsed: 1093768)
  process_run (packetbuf.c) called from PC: $05edc (elapsed: 1096961)
 WARN [Thread-2] (MspMote.java:229) - 33: # Watchdog[EXECUTION]: illegal write to WDTCTL (0) from $103ca - reset!!!!
Watchdog: illegal write to WDTCTL (0) from $103ca - reset!!!!
Stack Trace: number of calls: 5 PC: $103ca
  watchdog_reboot (packetbuf.c) called from PC: $24d44 (elapsed: 5)
  restart_time_synchronisation (packetbuf.c) called from PC: $15abe (elapsed: 30453)
  process_thread_foure_timesynch_process (local in 4emac-timesynch.c) called from PC: $12738 (elapsed: 780514)
  call_process (local in process.c) called from PC: $1291c (elapsed: 780551)
  process_run (packetbuf.c) called from PC: $05edc (elapsed: 783823)
 WARN [Thread-2] (MspMote.java:229) - 20: # Watchdog[EXECUTION]: illegal write to WDTCTL (0) from $103ca - reset!!!!
Watchdog: illegal write to WDTCTL (0) from $103ca - reset!!!!
Stack Trace: number of calls: 5 PC: $103ca
  watchdog_reboot (packetbuf.c) called from PC: $24d44 (elapsed: 5)
  restart_time_synchronisation (packetbuf.c) called from PC: $15abe (elapsed: 30453)
  process_thread_foure_timesynch_process (local in 4emac-timesynch.c) called from PC: $12738 (elapsed: 1257264)
  call_process (local in process.c) called from PC: $1291c (elapsed: 1257301)
  process_run (packetbuf.c) called from PC: $05edc (elapsed: 1260419)
 WARN [Thread-2] (MspMote.java:229) - 37: # Watchdog[EXECUTION]: illegal write to WDTCTL (0) from $103ca - reset!!!!
Watchdog: illegal write to WDTCTL (0) from $103ca - reset!!!!
Stack Trace: number of calls: 5 PC: $103ca
  watchdog_reboot (packetbuf.c) called from PC: $24d44 (elapsed: 5)
  restart_time_synchronisation (packetbuf.c) called from PC: $15abe (elapsed: 30453)
  process_thread_foure_timesynch_process (local in 4emac-timesynch.c) called from PC: $12738 (elapsed: 810619)
  call_process (local in process.c) called from PC: $1291c (elapsed: 810656)
  process_run (packetbuf.c) called from PC: $05edc (elapsed: 813772)
 WARN [Thread-2] (MspMote.java:229) - 39: # Watchdog[EXECUTION]: illegal write to WDTCTL (0) from $103ca - reset!!!!
Watchdog: illegal write to WDTCTL (0) from $103ca - reset!!!!
Stack Trace: number of calls: 5 PC: $103ca
  watchdog_reboot (packetbuf.c) called from PC: $24d44 (elapsed: 5)
  restart_time_synchronisation (packetbuf.c) called from PC: $15abe (elapsed: 33497)
  process_thread_foure_timesynch_process (local in 4emac-timesynch.c) called from PC: $12738 (elapsed: 1230523)
  call_process (local in process.c) called from PC: $1291c (elapsed: 1230560)
  process_run (packetbuf.c) called from PC: $05edc (elapsed: 1233595)
 WARN [Thread-2] (MspMote.java:229) - 43: # Watchdog[EXECUTION]: illegal write to WDTCTL (0) from $103ca - reset!!!!
Watchdog: illegal write to WDTCTL (0) from $103ca - reset!!!!
Stack Trace: number of calls: 5 PC: $103ca
  watchdog_reboot (packetbuf.c) called from PC: $24d44 (elapsed: 5)
  restart_time_synchronisation (packetbuf.c) called from PC: $15abe (elapsed: 30452)
  process_thread_foure_timesynch_process (local in 4emac-timesynch.c) called from PC: $12738 (elapsed: 1230713)
  call_process (local in process.c) called from PC: $1291c (elapsed: 1230750)
  process_run (packetbuf.c) called from PC: $05edc (elapsed: 1233941)
 WARN [Thread-2] (MspMote.java:229) - 32: # Watchdog[EXECUTION]: illegal write to WDTCTL (0) from $103ca - reset!!!!
Watchdog: illegal write to WDTCTL (0) from $103ca - reset!!!!
Stack Trace: number of calls: 5 PC: $103ca
  watchdog_reboot (packetbuf.c) called from PC: $24d44 (elapsed: 5)
  restart_time_synchronisation (packetbuf.c) called from PC: $15abe (elapsed: 30656)
  process_thread_foure_timesynch_process (local in 4emac-timesynch.c) called from PC: $12738 (elapsed: 1084273)
  call_process (local in process.c) called from PC: $1291c (elapsed: 1084310)
  process_run (packetbuf.c) called from PC: $05edc (elapsed: 1087458)
 WARN [Thread-2] (MspMote.java:229) - 11: # Watchdog[EXECUTION]: illegal write to WDTCTL (0) from $103ca - reset!!!!
Watchdog: illegal write to WDTCTL (0) from $103ca - reset!!!!
Stack Trace: number of calls: 11 PC: $103ca
  watchdog_reboot (packetbuf.c) called from PC: $24d44 (elapsed: 5)
  restart_time_synchronisation (packetbuf.c) called from PC: $14fba (elapsed: 31370)
  foure_timesynch_parent_switch_callback (packetbuf.c) called from PC: $1ea70 (elapsed: 69451)
  rpl_set_preferred_parent (local in rpl-dag.c) called from PC: $1f0a0 (elapsed: 164145)
  rpl_nullify_parent (packetbuf.c) called from PC: $1fd3a (elapsed: 383857)
  rpl_process_parent_event (packetbuf.c) called from PC: $1fdd2 (elapsed: 480624)
  rpl_recalculate_ranks (packetbuf.c) called from PC: $2383a (elapsed: 482211)
  handle_periodic_timer (local in rpl-timers.c) called from PC: $1219c (elapsed: 482478)
  process_thread_ctimer_process (local in ctimer.c) called from PC: $12738 (elapsed: 482703)
  call_process (local in process.c) called from PC: $1291c (elapsed: 482740)
  process_run (packetbuf.c) called from PC: $05edc (elapsed: 485586)
 WARN [Thread-2] (MspMote.java:229) - 38: # Watchdog[EXECUTION]: illegal write to WDTCTL (0) from $103ca - reset!!!!
Watchdog: illegal write to WDTCTL (0) from $103ca - reset!!!!
Stack Trace: number of calls: 5 PC: $103ca
  watchdog_reboot (packetbuf.c) called from PC: $24d44 (elapsed: 5)
  restart_time_synchronisation (packetbuf.c) called from PC: $15abe (elapsed: 30519)
  process_thread_foure_timesynch_process (local in 4emac-timesynch.c) called from PC: $12738 (elapsed: 506134)
  call_process (local in process.c) called from PC: $1291c (elapsed: 506171)
  process_run (packetbuf.c) called from PC: $05edc (elapsed: 509551)
 WARN [Thread-2] (MspMote.java:229) - 49: # Watchdog[EXECUTION]: illegal write to WDTCTL (0) from $103ca - reset!!!!
Watchdog: illegal write to WDTCTL (0) from $103ca - reset!!!!
Stack Trace: number of calls: 5 PC: $103ca
  watchdog_reboot (packetbuf.c) called from PC: $24d44 (elapsed: 5)
  restart_time_synchronisation (packetbuf.c) called from PC: $15abe (elapsed: 30453)
  process_thread_foure_timesynch_process (local in 4emac-timesynch.c) called from PC: $12738 (elapsed: 950589)
  call_process (local in process.c) called from PC: $1291c (elapsed: 950626)
  process_run (packetbuf.c) called from PC: $05edc (elapsed: 953905)
 WARN [Thread-2] (MspMote.java:229) - 28: # Watchdog[EXECUTION]: illegal write to WDTCTL (0) from $103ca - reset!!!!
Watchdog: illegal write to WDTCTL (0) from $103ca - reset!!!!
Stack Trace: number of calls: 5 PC: $103ca
  watchdog_reboot (packetbuf.c) called from PC: $24d44 (elapsed: 5)
  restart_time_synchronisation (packetbuf.c) called from PC: $15abe (elapsed: 30452)
  process_thread_foure_timesynch_process (local in 4emac-timesynch.c) called from PC: $12738 (elapsed: 779455)
  call_process (local in process.c) called from PC: $1291c (elapsed: 779492)
  process_run (packetbuf.c) called from PC: $05edc (elapsed: 783841)
 WARN [Thread-2] (MspMote.java:229) - 22: # Watchdog[EXECUTION]: illegal write to WDTCTL (0) from $103ca - reset!!!!
Watchdog: illegal write to WDTCTL (0) from $103ca - reset!!!!
Stack Trace: number of calls: 5 PC: $103ca
  watchdog_reboot (packetbuf.c) called from PC: $24d44 (elapsed: 5)
  restart_time_synchronisation (packetbuf.c) called from PC: $15abe (elapsed: 30489)
  process_thread_foure_timesynch_process (local in 4emac-timesynch.c) called from PC: $12738 (elapsed: 943327)
  call_process (local in process.c) called from PC: $1291c (elapsed: 943364)
  process_run (packetbuf.c) called from PC: $05edc (elapsed: 946638)
 WARN [Thread-2] (MspMote.java:229) - 16: # Watchdog[EXECUTION]: illegal write to WDTCTL (0) from $103ca - reset!!!!
Watchdog: illegal write to WDTCTL (0) from $103ca - reset!!!!
Stack Trace: number of calls: 5 PC: $103ca
  watchdog_reboot (packetbuf.c) called from PC: $24d44 (elapsed: 5)
  restart_time_synchronisation (packetbuf.c) called from PC: $15abe (elapsed: 59980)
  process_thread_foure_timesynch_process (local in 4emac-timesynch.c) called from PC: $12738 (elapsed: 941257)
  call_process (local in process.c) called from PC: $1291c (elapsed: 941294)
  process_run (packetbuf.c) called from PC: $05edc (elapsed: 944492)
 WARN [Thread-2] (MspMote.java:229) - 21: # Watchdog[EXECUTION]: illegal write to WDTCTL (0) from $103ca - reset!!!!
Watchdog: illegal write to WDTCTL (0) from $103ca - reset!!!!
Stack Trace: number of calls: 5 PC: $103ca
  watchdog_reboot (packetbuf.c) called from PC: $24d44 (elapsed: 5)
  restart_time_synchronisation (packetbuf.c) called from PC: $15abe (elapsed: 30452)
  process_thread_foure_timesynch_process (local in 4emac-timesynch.c) called from PC: $12738 (elapsed: 1097783)
  call_process (local in process.c) called from PC: $1291c (elapsed: 1097820)
  process_run (packetbuf.c) called from PC: $05edc (elapsed: 1100941)
 WARN [Thread-2] (MspMote.java:229) - 10: # Watchdog[EXECUTION]: illegal write to WDTCTL (0) from $103ca - reset!!!!
Watchdog: illegal write to WDTCTL (0) from $103ca - reset!!!!
Stack Trace: number of calls: 5 PC: $103ca
  watchdog_reboot (packetbuf.c) called from PC: $24d44 (elapsed: 5)
  restart_time_synchronisation (packetbuf.c) called from PC: $15abe (elapsed: 30452)
  process_thread_foure_timesynch_process (local in 4emac-timesynch.c) called from PC: $12738 (elapsed: 977359)
  call_process (local in process.c) called from PC: $1291c (elapsed: 977396)
  process_run (packetbuf.c) called from PC: $05edc (elapsed: 980515)
 WARN [Thread-2] (MspMote.java:229) - 26: # Watchdog[EXECUTION]: illegal write to WDTCTL (0) from $103ca - reset!!!!
Watchdog: illegal write to WDTCTL (0) from $103ca - reset!!!!
Stack Trace: number of calls: 5 PC: $103ca
  watchdog_reboot (packetbuf.c) called from PC: $24d44 (elapsed: 5)
  restart_time_synchronisation (packetbuf.c) called from PC: $15abe (elapsed: 30453)
  process_thread_foure_timesynch_process (local in 4emac-timesynch.c) called from PC: $12738 (elapsed: 1122321)
  call_process (local in process.c) called from PC: $1291c (elapsed: 1122358)
  process_run (packetbuf.c) called from PC: $05edc (elapsed: 1125393)
 WARN [Thread-2] (MspMote.java:229) - 44: # Watchdog[EXECUTION]: illegal write to WDTCTL (0) from $103ca - reset!!!!
Watchdog: illegal write to WDTCTL (0) from $103ca - reset!!!!
Stack Trace: number of calls: 5 PC: $103ca
  watchdog_reboot (packetbuf.c) called from PC: $24d44 (elapsed: 5)
  restart_time_synchronisation (packetbuf.c) called from PC: $15abe (elapsed: 30452)
  process_thread_foure_timesynch_process (local in 4emac-timesynch.c) called from PC: $12738 (elapsed: 908890)
  call_process (local in process.c) called from PC: $1291c (elapsed: 908927)
  process_run (packetbuf.c) called from PC: $05edc (elapsed: 912235)
 WARN [Thread-2] (MspMote.java:229) - 15: # Watchdog[EXECUTION]: illegal write to WDTCTL (0) from $103ca - reset!!!!
Watchdog: illegal write to WDTCTL (0) from $103ca - reset!!!!
Stack Trace: number of calls: 5 PC: $103ca
  watchdog_reboot (packetbuf.c) called from PC: $24d44 (elapsed: 5)
  restart_time_synchronisation (packetbuf.c) called from PC: $15abe (elapsed: 30447)
  process_thread_foure_timesynch_process (local in 4emac-timesynch.c) called from PC: $12738 (elapsed: 808723)
  call_process (local in process.c) called from PC: $1291c (elapsed: 808760)
  process_run (packetbuf.c) called from PC: $05edc (elapsed: 811877)
 WARN [Thread-2] (MspMote.java:229) - 17: # Watchdog[EXECUTION]: illegal write to WDTCTL (0) from $103ca - reset!!!!
Watchdog: illegal write to WDTCTL (0) from $103ca - reset!!!!
Stack Trace: number of calls: 5 PC: $103ca
  watchdog_reboot (packetbuf.c) called from PC: $24d44 (elapsed: 5)
  restart_time_synchronisation (packetbuf.c) called from PC: $15abe (elapsed: 30452)
  process_thread_foure_timesynch_process (local in 4emac-timesynch.c) called from PC: $12738 (elapsed: 535465)
  call_process (local in process.c) called from PC: $1291c (elapsed: 535502)
  process_run (packetbuf.c) called from PC: $05edc (elapsed: 538544)
 WARN [Thread-2] (MspMote.java:229) - 23: # Watchdog[EXECUTION]: illegal write to WDTCTL (0) from $103ca - reset!!!!
Watchdog: illegal write to WDTCTL (0) from $103ca - reset!!!!
Stack Trace: number of calls: 5 PC: $103ca
  watchdog_reboot (packetbuf.c) called from PC: $24d44 (elapsed: 5)
  restart_time_synchronisation (packetbuf.c) called from PC: $15abe (elapsed: 30447)
  process_thread_foure_timesynch_process (local in 4emac-timesynch.c) called from PC: $12738 (elapsed: 835037)
  call_process (local in process.c) called from PC: $1291c (elapsed: 835074)
  process_run (packetbuf.c) called from PC: $05edc (elapsed: 838375)
 WARN [Thread-2] (MspMote.java:229) - 34: # Watchdog[EXECUTION]: illegal write to WDTCTL (0) from $103ca - reset!!!!
 INFO [Thread-2] (LogScriptEngine.java:375) - Timeout event @ 3800000000
 INFO [Thread-1] (LogScriptEngine.java:309) - Test script finished
 INFO [Thread-2] (Simulation.java:312) - Simulation main loop stopped, system time: 1790448607349	Duration: 11768731 ms	Simulated time 3800000 ms	Ratio 0.32288952819127226
 INFO [AWT-EventQueue-1] (ScriptRunner.java:438) - Test script deactivated
