 INFO [main] (Cooja.java:1316) - > Starting Cooja
 INFO [main] (Cooja.java:2857) - External tools default settings: /external_tools_linux_64.config
 INFO [main] (Cooja.java:2887) - External tools user settings: /home/drhakanaydin/6tisch-ng-sra-v17-50-60-node-update/6tisch-ng-sra-v17/6tisch-ng-sra/results/rpl_root/random50node_low_coverange_20260926_140135/cooja_external_tools.properties
FATAL [main] (Cooja.java:1941) - No plugin class: class org.contikios.cooja.plugins.CollectViewFull: org/jfree/data/time/RegularTimePeriod
 INFO [main] (Simulation.java:422) - Simulation random seed: 368800
 INFO [main] (CompileContiki.java:140) - > make border-router-server_rpl.exp5438 TARGET=exp5438 
Message:
Message:> make border-router-server_rpl.exp5438 TARGET=exp5438 
Message:../../../../Makefile.gcc:23: Warning: you're using an old version of msp430-gcc.
Message:../../../../Makefile.gcc:24: Upgrade to 4.7.x is recommended for extended memory support and bugfixes.
Message:make: 'border-router-server_rpl.exp5438' is up to date.
 INFO [main] (CompileContiki.java:140) - > make border-router-client_rpl.exp5438 TARGET=exp5438 
Message:
Message:> make border-router-client_rpl.exp5438 TARGET=exp5438 
Message:../../../../Makefile.gcc:23: Warning: you're using an old version of msp430-gcc.
Message:../../../../Makefile.gcc:24: Upgrade to 4.7.x is recommended for extended memory support and bugfixes.
Message:make: 'border-router-client_rpl.exp5438' is up to date.
 INFO [main] (MspMote.java:235) - Loading firmware from: /home/drhakanaydin/6tisch-ng-sra-v17-50-60-node-update/6tisch-ng-sra-v17/6tisch-ng-sra/examples/tsch/rpl-udp/border-router-client_rpl/border-router-client_rpl.exp5438
 INFO [main] (MspMote.java:235) - Loading firmware from: /home/drhakanaydin/6tisch-ng-sra-v17-50-60-node-update/6tisch-ng-sra-v17/6tisch-ng-sra/examples/tsch/rpl-udp/border-router-client_rpl/border-router-client_rpl.exp5438
 INFO [main] (MspMote.java:235) - Loading firmware from: /home/drhakanaydin/6tisch-ng-sra-v17-50-60-node-update/6tisch-ng-sra-v17/6tisch-ng-sra/examples/tsch/rpl-udp/border-router-client_rpl/border-router-client_rpl.exp5438
 INFO [main] (MspMote.java:235) - Loading firmware from: /home/drhakanaydin/6tisch-ng-sra-v17-50-60-node-update/6tisch-ng-sra-v17/6tisch-ng-sra/examples/tsch/rpl-udp/border-router-client_rpl/border-router-client_rpl.exp5438
 INFO [main] (MspMote.java:235) - Loading firmware from: /home/drhakanaydin/6tisch-ng-sra-v17-50-60-node-update/6tisch-ng-sra-v17/6tisch-ng-sra/examples/tsch/rpl-udp/border-router-client_rpl/border-router-client_rpl.exp5438
 INFO [main] (MspMote.java:235) - Loading firmware from: /home/drhakanaydin/6tisch-ng-sra-v17-50-60-node-update/6tisch-ng-sra-v17/6tisch-ng-sra/examples/tsch/rpl-udp/border-router-client_rpl/border-router-client_rpl.exp5438
 INFO [main] (MspMote.java:235) - Loading firmware from: /home/drhakanaydin/6tisch-ng-sra-v17-50-60-node-update/6tisch-ng-sra-v17/6tisch-ng-sra/examples/tsch/rpl-udp/border-router-client_rpl/border-router-client_rpl.exp5438
 INFO [main] (MspMote.java:235) - Loading firmware from: /home/drhakanaydin/6tisch-ng-sra-v17-50-60-node-update/6tisch-ng-sra-v17/6tisch-ng-sra/examples/tsch/rpl-udp/border-router-server_rpl/border-router-server_rpl.exp5438
 INFO [main] (MspMote.java:235) - Loading firmware from: /home/drhakanaydin/6tisch-ng-sra-v17-50-60-node-update/6tisch-ng-sra-v17/6tisch-ng-sra/examples/tsch/rpl-udp/border-router-client_rpl/border-router-client_rpl.exp5438
 INFO [main] (MspMote.java:235) - Loading firmware from: /home/drhakanaydin/6tisch-ng-sra-v17-50-60-node-update/6tisch-ng-sra-v17/6tisch-ng-sra/examples/tsch/rpl-udp/border-router-client_rpl/border-router-client_rpl.exp5438
 INFO [main] (MspMote.java:235) - Loading firmware from: /home/drhakanaydin/6tisch-ng-sra-v17-50-60-node-update/6tisch-ng-sra-v17/6tisch-ng-sra/examples/tsch/rpl-udp/border-router-client_rpl/border-router-client_rpl.exp5438
 INFO [main] (MspMote.java:235) - Loading firmware from: /home/drhakanaydin/6tisch-ng-sra-v17-50-60-node-update/6tisch-ng-sra-v17/6tisch-ng-sra/examples/tsch/rpl-udp/border-router-client_rpl/border-router-client_rpl.exp5438
 INFO [main] (MspMote.java:235) - Loading firmware from: /home/drhakanaydin/6tisch-ng-sra-v17-50-60-node-update/6tisch-ng-sra-v17/6tisch-ng-sra/examples/tsch/rpl-udp/border-router-client_rpl/border-router-client_rpl.exp5438
 INFO [main] (MspMote.java:235) - Loading firmware from: /home/drhakanaydin/6tisch-ng-sra-v17-50-60-node-update/6tisch-ng-sra-v17/6tisch-ng-sra/examples/tsch/rpl-udp/border-router-client_rpl/border-router-client_rpl.exp5438
 INFO [main] (MspMote.java:235) - Loading firmware from: /home/drhakanaydin/6tisch-ng-sra-v17-50-60-node-update/6tisch-ng-sra-v17/6tisch-ng-sra/examples/tsch/rpl-udp/border-router-client_rpl/border-router-client_rpl.exp5438
 INFO [main] (MspMote.java:235) - Loading firmware from: /home/drhakanaydin/6tisch-ng-sra-v17-50-60-node-update/6tisch-ng-sra-v17/6tisch-ng-sra/examples/tsch/rpl-udp/border-router-client_rpl/border-router-client_rpl.exp5438
 INFO [main] (MspMote.java:235) - Loading firmware from: /home/drhakanaydin/6tisch-ng-sra-v17-50-60-node-update/6tisch-ng-sra-v17/6tisch-ng-sra/examples/tsch/rpl-udp/border-router-client_rpl/border-router-client_rpl.exp5438
 INFO [main] (MspMote.java:235) - Loading firmware from: /home/drhakanaydin/6tisch-ng-sra-v17-50-60-node-update/6tisch-ng-sra-v17/6tisch-ng-sra/examples/tsch/rpl-udp/border-router-client_rpl/border-router-client_rpl.exp5438
 INFO [main] (MspMote.java:235) - Loading firmware from: /home/drhakanaydin/6tisch-ng-sra-v17-50-60-node-update/6tisch-ng-sra-v17/6tisch-ng-sra/examples/tsch/rpl-udp/border-router-client_rpl/border-router-client_rpl.exp5438
 INFO [main] (MspMote.java:235) - Loading firmware from: /home/drhakanaydin/6tisch-ng-sra-v17-50-60-node-update/6tisch-ng-sra-v17/6tisch-ng-sra/examples/tsch/rpl-udp/border-router-client_rpl/border-router-client_rpl.exp5438
 INFO [main] (MspMote.java:235) - Loading firmware from: /home/drhakanaydin/6tisch-ng-sra-v17-50-60-node-update/6tisch-ng-sra-v17/6tisch-ng-sra/examples/tsch/rpl-udp/border-router-client_rpl/border-router-client_rpl.exp5438
 INFO [main] (MspMote.java:235) - Loading firmware from: /home/drhakanaydin/6tisch-ng-sra-v17-50-60-node-update/6tisch-ng-sra-v17/6tisch-ng-sra/examples/tsch/rpl-udp/border-router-client_rpl/border-router-client_rpl.exp5438
 INFO [main] (MspMote.java:235) - Loading firmware from: /home/drhakanaydin/6tisch-ng-sra-v17-50-60-node-update/6tisch-ng-sra-v17/6tisch-ng-sra/examples/tsch/rpl-udp/border-router-client_rpl/border-router-client_rpl.exp5438
 INFO [main] (MspMote.java:235) - Loading firmware from: /home/drhakanaydin/6tisch-ng-sra-v17-50-60-node-update/6tisch-ng-sra-v17/6tisch-ng-sra/examples/tsch/rpl-udp/border-router-client_rpl/border-router-client_rpl.exp5438
 INFO [main] (MspMote.java:235) - Loading firmware from: /home/drhakanaydin/6tisch-ng-sra-v17-50-60-node-update/6tisch-ng-sra-v17/6tisch-ng-sra/examples/tsch/rpl-udp/border-router-client_rpl/border-router-client_rpl.exp5438
 INFO [main] (MspMote.java:235) - Loading firmware from: /home/drhakanaydin/6tisch-ng-sra-v17-50-60-node-update/6tisch-ng-sra-v17/6tisch-ng-sra/examples/tsch/rpl-udp/border-router-client_rpl/border-router-client_rpl.exp5438
 INFO [main] (MspMote.java:235) - Loading firmware from: /home/drhakanaydin/6tisch-ng-sra-v17-50-60-node-update/6tisch-ng-sra-v17/6tisch-ng-sra/examples/tsch/rpl-udp/border-router-client_rpl/border-router-client_rpl.exp5438
 INFO [main] (MspMote.java:235) - Loading firmware from: /home/drhakanaydin/6tisch-ng-sra-v17-50-60-node-update/6tisch-ng-sra-v17/6tisch-ng-sra/examples/tsch/rpl-udp/border-router-client_rpl/border-router-client_rpl.exp5438
 INFO [main] (MspMote.java:235) - Loading firmware from: /home/drhakanaydin/6tisch-ng-sra-v17-50-60-node-update/6tisch-ng-sra-v17/6tisch-ng-sra/examples/tsch/rpl-udp/border-router-client_rpl/border-router-client_rpl.exp5438
 INFO [main] (MspMote.java:235) - Loading firmware from: /home/drhakanaydin/6tisch-ng-sra-v17-50-60-node-update/6tisch-ng-sra-v17/6tisch-ng-sra/examples/tsch/rpl-udp/border-router-client_rpl/border-router-client_rpl.exp5438
 INFO [main] (MspMote.java:235) - Loading firmware from: /home/drhakanaydin/6tisch-ng-sra-v17-50-60-node-update/6tisch-ng-sra-v17/6tisch-ng-sra/examples/tsch/rpl-udp/border-router-client_rpl/border-router-client_rpl.exp5438
 INFO [main] (MspMote.java:235) - Loading firmware from: /home/drhakanaydin/6tisch-ng-sra-v17-50-60-node-update/6tisch-ng-sra-v17/6tisch-ng-sra/examples/tsch/rpl-udp/border-router-client_rpl/border-router-client_rpl.exp5438
 INFO [main] (MspMote.java:235) - Loading firmware from: /home/drhakanaydin/6tisch-ng-sra-v17-50-60-node-update/6tisch-ng-sra-v17/6tisch-ng-sra/examples/tsch/rpl-udp/border-router-client_rpl/border-router-client_rpl.exp5438
 INFO [main] (MspMote.java:235) - Loading firmware from: /home/drhakanaydin/6tisch-ng-sra-v17-50-60-node-update/6tisch-ng-sra-v17/6tisch-ng-sra/examples/tsch/rpl-udp/border-router-client_rpl/border-router-client_rpl.exp5438
 INFO [main] (MspMote.java:235) - Loading firmware from: /home/drhakanaydin/6tisch-ng-sra-v17-50-60-node-update/6tisch-ng-sra-v17/6tisch-ng-sra/examples/tsch/rpl-udp/border-router-client_rpl/border-router-client_rpl.exp5438
 INFO [main] (MspMote.java:235) - Loading firmware from: /home/drhakanaydin/6tisch-ng-sra-v17-50-60-node-update/6tisch-ng-sra-v17/6tisch-ng-sra/examples/tsch/rpl-udp/border-router-client_rpl/border-router-client_rpl.exp5438
 INFO [main] (MspMote.java:235) - Loading firmware from: /home/drhakanaydin/6tisch-ng-sra-v17-50-60-node-update/6tisch-ng-sra-v17/6tisch-ng-sra/examples/tsch/rpl-udp/border-router-client_rpl/border-router-client_rpl.exp5438
 INFO [main] (MspMote.java:235) - Loading firmware from: /home/drhakanaydin/6tisch-ng-sra-v17-50-60-node-update/6tisch-ng-sra-v17/6tisch-ng-sra/examples/tsch/rpl-udp/border-router-client_rpl/border-router-client_rpl.exp5438
 INFO [main] (MspMote.java:235) - Loading firmware from: /home/drhakanaydin/6tisch-ng-sra-v17-50-60-node-update/6tisch-ng-sra-v17/6tisch-ng-sra/examples/tsch/rpl-udp/border-router-client_rpl/border-router-client_rpl.exp5438
 INFO [main] (MspMote.java:235) - Loading firmware from: /home/drhakanaydin/6tisch-ng-sra-v17-50-60-node-update/6tisch-ng-sra-v17/6tisch-ng-sra/examples/tsch/rpl-udp/border-router-client_rpl/border-router-client_rpl.exp5438
 INFO [main] (MspMote.java:235) - Loading firmware from: /home/drhakanaydin/6tisch-ng-sra-v17-50-60-node-update/6tisch-ng-sra-v17/6tisch-ng-sra/examples/tsch/rpl-udp/border-router-client_rpl/border-router-client_rpl.exp5438
 INFO [main] (MspMote.java:235) - Loading firmware from: /home/drhakanaydin/6tisch-ng-sra-v17-50-60-node-update/6tisch-ng-sra-v17/6tisch-ng-sra/examples/tsch/rpl-udp/border-router-client_rpl/border-router-client_rpl.exp5438
 INFO [main] (MspMote.java:235) - Loading firmware from: /home/drhakanaydin/6tisch-ng-sra-v17-50-60-node-update/6tisch-ng-sra-v17/6tisch-ng-sra/examples/tsch/rpl-udp/border-router-client_rpl/border-router-client_rpl.exp5438
 INFO [main] (MspMote.java:235) - Loading firmware from: /home/drhakanaydin/6tisch-ng-sra-v17-50-60-node-update/6tisch-ng-sra-v17/6tisch-ng-sra/examples/tsch/rpl-udp/border-router-client_rpl/border-router-client_rpl.exp5438
 INFO [main] (MspMote.java:235) - Loading firmware from: /home/drhakanaydin/6tisch-ng-sra-v17-50-60-node-update/6tisch-ng-sra-v17/6tisch-ng-sra/examples/tsch/rpl-udp/border-router-client_rpl/border-router-client_rpl.exp5438
 INFO [main] (MspMote.java:235) - Loading firmware from: /home/drhakanaydin/6tisch-ng-sra-v17-50-60-node-update/6tisch-ng-sra-v17/6tisch-ng-sra/examples/tsch/rpl-udp/border-router-client_rpl/border-router-client_rpl.exp5438
 INFO [main] (MspMote.java:235) - Loading firmware from: /home/drhakanaydin/6tisch-ng-sra-v17-50-60-node-update/6tisch-ng-sra-v17/6tisch-ng-sra/examples/tsch/rpl-udp/border-router-client_rpl/border-router-client_rpl.exp5438
 INFO [main] (MspMote.java:235) - Loading firmware from: /home/drhakanaydin/6tisch-ng-sra-v17-50-60-node-update/6tisch-ng-sra-v17/6tisch-ng-sra/examples/tsch/rpl-udp/border-router-client_rpl/border-router-client_rpl.exp5438
 INFO [main] (MspMote.java:235) - Loading firmware from: /home/drhakanaydin/6tisch-ng-sra-v17-50-60-node-update/6tisch-ng-sra-v17/6tisch-ng-sra/examples/tsch/rpl-udp/border-router-client_rpl/border-router-client_rpl.exp5438
 INFO [main] (MspMote.java:235) - Loading firmware from: /home/drhakanaydin/6tisch-ng-sra-v17-50-60-node-update/6tisch-ng-sra-v17/6tisch-ng-sra/examples/tsch/rpl-udp/border-router-client_rpl/border-router-client_rpl.exp5438
 INFO [main] (MspMote.java:235) - Loading firmware from: /home/drhakanaydin/6tisch-ng-sra-v17-50-60-node-update/6tisch-ng-sra-v17/6tisch-ng-sra/examples/tsch/rpl-udp/border-router-client_rpl/border-router-client_rpl.exp5438
 INFO [main] (Cooja.java:1782) - Visualized plugin was not started: class org.contikios.cooja.plugins.SimControl
 INFO [main] (Cooja.java:1782) - Visualized plugin was not started: class org.contikios.cooja.plugins.Visualizer
 INFO [main] (Cooja.java:1782) - Visualized plugin was not started: class org.contikios.cooja.plugins.LogListener
 INFO [main] (Cooja.java:1782) - Visualized plugin was not started: class org.contikios.cooja.plugins.TimeLine
 INFO [main] (ScriptRunner.java:438) - Test script deactivated
 INFO [main] (LogScriptEngine.java:265) - Script timeout in 3800000 ms
 INFO [main] (ScriptRunner.java:395) - Test script activated
 INFO [Thread-2] (Simulation.java:253) - Simulation main loop started, system time: 1790420513608
 INFO [main] (Mobility.java:84) - Mobility plugin started at (ms): 158
 INFO [main] (Mobility.java:116) - Parsing position file: /home/drhakanaydin/6tisch-ng-sra-v17-50-60-node-update/6tisch-ng-sra-v17/6tisch-ng-sra/tools/cooja/apps/mobility/random50node_low.dat
 INFO [main] (Mobility.java:141) - Loaded 3601 positions
 INFO [Thread-2] (LogScriptEngine.java:389) - Test script at 5.00%, done in 5433.2 sec
Watchdog: illegal write to WDTCTL (0) from $103ca - reset!!!!
Stack Trace: number of calls: 5 PC: $103ca
  watchdog_reboot (packetbuf.c) called from PC: $24c30 (elapsed: 5)
  restart_time_synchronisation (packetbuf.c) called from PC: $159f2 (elapsed: 30452)
  process_thread_foure_timesynch_process (local in 4emac-timesynch.c) called from PC: $12738 (elapsed: 1353950)
  call_process (local in process.c) called from PC: $1291c (elapsed: 1353987)
  process_run (packetbuf.c) called from PC: $05edc (elapsed: 1356981)
 WARN [Thread-2] (MspMote.java:229) - 38: # Watchdog[EXECUTION]: illegal write to WDTCTL (0) from $103ca - reset!!!!
Watchdog: illegal write to WDTCTL (0) from $103ca - reset!!!!
Stack Trace: number of calls: 5 PC: $103ca
  watchdog_reboot (packetbuf.c) called from PC: $24c30 (elapsed: 5)
  restart_time_synchronisation (packetbuf.c) called from PC: $159f2 (elapsed: 30452)
  process_thread_foure_timesynch_process (local in 4emac-timesynch.c) called from PC: $12738 (elapsed: 1366696)
  call_process (local in process.c) called from PC: $1291c (elapsed: 1366733)
  process_run (packetbuf.c) called from PC: $05edc (elapsed: 1369725)
 WARN [Thread-2] (MspMote.java:229) - 3: # Watchdog[EXECUTION]: illegal write to WDTCTL (0) from $103ca - reset!!!!
Watchdog: illegal write to WDTCTL (0) from $103ca - reset!!!!
Stack Trace: number of calls: 5 PC: $103ca
  watchdog_reboot (packetbuf.c) called from PC: $24c30 (elapsed: 5)
  restart_time_synchronisation (packetbuf.c) called from PC: $159f2 (elapsed: 30447)
  process_thread_foure_timesynch_process (local in 4emac-timesynch.c) called from PC: $12738 (elapsed: 1384432)
  call_process (local in process.c) called from PC: $1291c (elapsed: 1384469)
  process_run (packetbuf.c) called from PC: $05edc (elapsed: 1387465)
 WARN [Thread-2] (MspMote.java:229) - 15: # Watchdog[EXECUTION]: illegal write to WDTCTL (0) from $103ca - reset!!!!
Watchdog: illegal write to WDTCTL (0) from $103ca - reset!!!!
Stack Trace: number of calls: 5 PC: $103ca
  watchdog_reboot (packetbuf.c) called from PC: $24c30 (elapsed: 5)
  restart_time_synchronisation (packetbuf.c) called from PC: $159f2 (elapsed: 30579)
  process_thread_foure_timesynch_process (local in 4emac-timesynch.c) called from PC: $12738 (elapsed: 1081882)
  call_process (local in process.c) called from PC: $1291c (elapsed: 1081919)
  process_run (packetbuf.c) called from PC: $05edc (elapsed: 1085179)
 WARN [Thread-2] (MspMote.java:229) - 12: # Watchdog[EXECUTION]: illegal write to WDTCTL (0) from $103ca - reset!!!!
Watchdog: illegal write to WDTCTL (0) from $103ca - reset!!!!
Stack Trace: number of calls: 5 PC: $103ca
  watchdog_reboot (packetbuf.c) called from PC: $24c30 (elapsed: 5)
  restart_time_synchronisation (packetbuf.c) called from PC: $159f2 (elapsed: 30620)
  process_thread_foure_timesynch_process (local in 4emac-timesynch.c) called from PC: $12738 (elapsed: 1258362)
  call_process (local in process.c) called from PC: $1291c (elapsed: 1258399)
  process_run (packetbuf.c) called from PC: $05edc (elapsed: 1261399)
 WARN [Thread-2] (MspMote.java:229) - 51: # Watchdog[EXECUTION]: illegal write to WDTCTL (0) from $103ca - reset!!!!
Watchdog: illegal write to WDTCTL (0) from $103ca - reset!!!!
Stack Trace: number of calls: 5 PC: $103ca
  watchdog_reboot (packetbuf.c) called from PC: $24c30 (elapsed: 5)
  restart_time_synchronisation (packetbuf.c) called from PC: $159f2 (elapsed: 30453)
  process_thread_foure_timesynch_process (local in 4emac-timesynch.c) called from PC: $12738 (elapsed: 1250813)
  call_process (local in process.c) called from PC: $1291c (elapsed: 1250850)
  process_run (packetbuf.c) called from PC: $05edc (elapsed: 1253921)
 WARN [Thread-2] (MspMote.java:229) - 47: # Watchdog[EXECUTION]: illegal write to WDTCTL (0) from $103ca - reset!!!!
Watchdog: illegal write to WDTCTL (0) from $103ca - reset!!!!
Stack Trace: number of calls: 5 PC: $103ca
  watchdog_reboot (packetbuf.c) called from PC: $24c30 (elapsed: 5)
  restart_time_synchronisation (packetbuf.c) called from PC: $159f2 (elapsed: 30452)
  process_thread_foure_timesynch_process (local in 4emac-timesynch.c) called from PC: $12738 (elapsed: 1094238)
  call_process (local in process.c) called from PC: $1291c (elapsed: 1094275)
  process_run (packetbuf.c) called from PC: $05edc (elapsed: 1097485)
 WARN [Thread-2] (MspMote.java:229) - 22: # Watchdog[EXECUTION]: illegal write to WDTCTL (0) from $103ca - reset!!!!
Watchdog: illegal write to WDTCTL (0) from $103ca - reset!!!!
Stack Trace: number of calls: 5 PC: $103ca
  watchdog_reboot (packetbuf.c) called from PC: $24c30 (elapsed: 5)
  restart_time_synchronisation (packetbuf.c) called from PC: $159f2 (elapsed: 30501)
  process_thread_foure_timesynch_process (local in 4emac-timesynch.c) called from PC: $12738 (elapsed: 1076457)
  call_process (local in process.c) called from PC: $1291c (elapsed: 1076494)
  process_run (packetbuf.c) called from PC: $05edc (elapsed: 1079569)
 WARN [Thread-2] (MspMote.java:229) - 11: # Watchdog[EXECUTION]: illegal write to WDTCTL (0) from $103ca - reset!!!!
Watchdog: illegal write to WDTCTL (0) from $103ca - reset!!!!
Stack Trace: number of calls: 5 PC: $103ca
  watchdog_reboot (packetbuf.c) called from PC: $24c30 (elapsed: 5)
  restart_time_synchronisation (packetbuf.c) called from PC: $159f2 (elapsed: 30452)
  process_thread_foure_timesynch_process (local in 4emac-timesynch.c) called from PC: $12738 (elapsed: 863268)
  call_process (local in process.c) called from PC: $1291c (elapsed: 863305)
  process_run (packetbuf.c) called from PC: $05edc (elapsed: 866299)
 WARN [Thread-2] (MspMote.java:229) - 5: # Watchdog[EXECUTION]: illegal write to WDTCTL (0) from $103ca - reset!!!!
Watchdog: illegal write to WDTCTL (0) from $103ca - reset!!!!
Stack Trace: number of calls: 5 PC: $103ca
  watchdog_reboot (packetbuf.c) called from PC: $24c30 (elapsed: 5)
  restart_time_synchronisation (packetbuf.c) called from PC: $159f2 (elapsed: 30584)
  process_thread_foure_timesynch_process (local in 4emac-timesynch.c) called from PC: $12738 (elapsed: 1217421)
  call_process (local in process.c) called from PC: $1291c (elapsed: 1217458)
  process_run (packetbuf.c) called from PC: $05edc (elapsed: 1220537)
 WARN [Thread-2] (MspMote.java:229) - 19: # Watchdog[EXECUTION]: illegal write to WDTCTL (0) from $103ca - reset!!!!
Watchdog: illegal write to WDTCTL (0) from $103ca - reset!!!!
Stack Trace: number of calls: 5 PC: $103ca
  watchdog_reboot (packetbuf.c) called from PC: $24c30 (elapsed: 5)
  restart_time_synchronisation (packetbuf.c) called from PC: $159f2 (elapsed: 86148)
  process_thread_foure_timesynch_process (local in 4emac-timesynch.c) called from PC: $12738 (elapsed: 588639)
  call_process (local in process.c) called from PC: $1291c (elapsed: 588676)
  process_run (packetbuf.c) called from PC: $05edc (elapsed: 591828)
 WARN [Thread-2] (MspMote.java:229) - 35: # Watchdog[EXECUTION]: illegal write to WDTCTL (0) from $103ca - reset!!!!
Watchdog: illegal write to WDTCTL (0) from $103ca - reset!!!!
Stack Trace: number of calls: 5 PC: $103ca
  watchdog_reboot (packetbuf.c) called from PC: $24c30 (elapsed: 5)
  restart_time_synchronisation (packetbuf.c) called from PC: $159f2 (elapsed: 30453)
  process_thread_foure_timesynch_process (local in 4emac-timesynch.c) called from PC: $12738 (elapsed: 503601)
  call_process (local in process.c) called from PC: $1291c (elapsed: 503638)
  process_run (packetbuf.c) called from PC: $05edc (elapsed: 506792)
 WARN [Thread-2] (MspMote.java:229) - 41: # Watchdog[EXECUTION]: illegal write to WDTCTL (0) from $103ca - reset!!!!
 INFO [Thread-2] (LogScriptEngine.java:389) - Test script at 10.00%, done in 6068.3 sec
Watchdog: illegal write to WDTCTL (0) from $103ca - reset!!!!
Stack Trace: number of calls: 5 PC: $103ca
  watchdog_reboot (packetbuf.c) called from PC: $24c30 (elapsed: 5)
  restart_time_synchronisation (packetbuf.c) called from PC: $159f2 (elapsed: 30453)
  process_thread_foure_timesynch_process (local in 4emac-timesynch.c) called from PC: $12738 (elapsed: 502704)
  call_process (local in process.c) called from PC: $1291c (elapsed: 502741)
  process_run (packetbuf.c) called from PC: $05edc (elapsed: 505814)
 WARN [Thread-2] (MspMote.java:229) - 2: # Watchdog[EXECUTION]: illegal write to WDTCTL (0) from $103ca - reset!!!!
Watchdog: illegal write to WDTCTL (0) from $103ca - reset!!!!
Stack Trace: number of calls: 5 PC: $103ca
  watchdog_reboot (packetbuf.c) called from PC: $24c30 (elapsed: 5)
  restart_time_synchronisation (packetbuf.c) called from PC: $159f2 (elapsed: 30453)
  process_thread_foure_timesynch_process (local in 4emac-timesynch.c) called from PC: $12738 (elapsed: 1083854)
  call_process (local in process.c) called from PC: $1291c (elapsed: 1083891)
  process_run (packetbuf.c) called from PC: $05edc (elapsed: 1087043)
 WARN [Thread-2] (MspMote.java:229) - 12: # Watchdog[EXECUTION]: illegal write to WDTCTL (0) from $103ca - reset!!!!
Watchdog: illegal write to WDTCTL (0) from $103ca - reset!!!!
Stack Trace: number of calls: 5 PC: $103ca
  watchdog_reboot (packetbuf.c) called from PC: $24c30 (elapsed: 5)
  restart_time_synchronisation (packetbuf.c) called from PC: $159f2 (elapsed: 30453)
  process_thread_foure_timesynch_process (local in 4emac-timesynch.c) called from PC: $12738 (elapsed: 632863)
  call_process (local in process.c) called from PC: $1291c (elapsed: 632900)
  process_run (packetbuf.c) called from PC: $05edc (elapsed: 635926)
 WARN [Thread-2] (MspMote.java:229) - 40: # Watchdog[EXECUTION]: illegal write to WDTCTL (0) from $103ca - reset!!!!
Watchdog: illegal write to WDTCTL (0) from $103ca - reset!!!!
Stack Trace: number of calls: 5 PC: $103ca
  watchdog_reboot (packetbuf.c) called from PC: $24c30 (elapsed: 5)
  restart_time_synchronisation (packetbuf.c) called from PC: $159f2 (elapsed: 30453)
  process_thread_foure_timesynch_process (local in 4emac-timesynch.c) called from PC: $12738 (elapsed: 935082)
  call_process (local in process.c) called from PC: $1291c (elapsed: 935119)
  process_run (packetbuf.c) called from PC: $05edc (elapsed: 938111)
 WARN [Thread-2] (MspMote.java:229) - 15: # Watchdog[EXECUTION]: illegal write to WDTCTL (0) from $103ca - reset!!!!
Watchdog: illegal write to WDTCTL (0) from $103ca - reset!!!!
Stack Trace: number of calls: 5 PC: $103ca
  watchdog_reboot (packetbuf.c) called from PC: $24c30 (elapsed: 5)
  restart_time_synchronisation (packetbuf.c) called from PC: $159f2 (elapsed: 30452)
  process_thread_foure_timesynch_process (local in 4emac-timesynch.c) called from PC: $12738 (elapsed: 1106232)
  call_process (local in process.c) called from PC: $1291c (elapsed: 1106269)
  process_run (packetbuf.c) called from PC: $05edc (elapsed: 1109349)
 WARN [Thread-2] (MspMote.java:229) - 29: # Watchdog[EXECUTION]: illegal write to WDTCTL (0) from $103ca - reset!!!!
 INFO [Thread-2] (LogScriptEngine.java:389) - Test script at 15.00%, done in 6426.9 sec
Watchdog: illegal write to WDTCTL (0) from $103ca - reset!!!!
Stack Trace: number of calls: 5 PC: $103ca
  watchdog_reboot (packetbuf.c) called from PC: $24c30 (elapsed: 5)
  restart_time_synchronisation (packetbuf.c) called from PC: $159f2 (elapsed: 30452)
  process_thread_foure_timesynch_process (local in 4emac-timesynch.c) called from PC: $12738 (elapsed: 1215707)
  call_process (local in process.c) called from PC: $1291c (elapsed: 1215744)
  process_run (packetbuf.c) called from PC: $05edc (elapsed: 1219776)
 WARN [Thread-2] (MspMote.java:229) - 35: # Watchdog[EXECUTION]: illegal write to WDTCTL (0) from $103ca - reset!!!!
Watchdog: illegal write to WDTCTL (0) from $103ca - reset!!!!
Stack Trace: number of calls: 5 PC: $103ca
  watchdog_reboot (packetbuf.c) called from PC: $24c30 (elapsed: 5)
  restart_time_synchronisation (packetbuf.c) called from PC: $159f2 (elapsed: 30453)
  process_thread_foure_timesynch_process (local in 4emac-timesynch.c) called from PC: $12738 (elapsed: 1377588)
  call_process (local in process.c) called from PC: $1291c (elapsed: 1377625)
  process_run (packetbuf.c) called from PC: $05edc (elapsed: 1381029)
 WARN [Thread-2] (MspMote.java:229) - 20: # Watchdog[EXECUTION]: illegal write to WDTCTL (0) from $103ca - reset!!!!
 INFO [Thread-2] (LogScriptEngine.java:389) - Test script at 20.00%, done in 7344.5 sec
Watchdog: illegal write to WDTCTL (0) from $103ca - reset!!!!
Stack Trace: number of calls: 5 PC: $103ca
  watchdog_reboot (packetbuf.c) called from PC: $24c30 (elapsed: 5)
  restart_time_synchronisation (packetbuf.c) called from PC: $159f2 (elapsed: 30543)
  process_thread_foure_timesynch_process (local in 4emac-timesynch.c) called from PC: $12738 (elapsed: 1357388)
  call_process (local in process.c) called from PC: $1291c (elapsed: 1357425)
  process_run (packetbuf.c) called from PC: $05edc (elapsed: 1360351)
 WARN [Thread-2] (MspMote.java:229) - 21: # Watchdog[EXECUTION]: illegal write to WDTCTL (0) from $103ca - reset!!!!
 INFO [Thread-2] (LogScriptEngine.java:389) - Test script at 25.00%, done in 8041.9 sec
 INFO [Thread-2] (LogScriptEngine.java:389) - Test script at 30.00%, done in 8555.8 sec
 INFO [Thread-2] (LogScriptEngine.java:389) - Test script at 35.00%, done in 8672.6 sec
 INFO [Thread-2] (LogScriptEngine.java:389) - Test script at 40.00%, done in 8532.1 sec
Watchdog: illegal write to WDTCTL (0) from $103ca - reset!!!!
Stack Trace: number of calls: 5 PC: $103ca
  watchdog_reboot (packetbuf.c) called from PC: $24c30 (elapsed: 5)
  restart_time_synchronisation (packetbuf.c) called from PC: $159f2 (elapsed: 30447)
  process_thread_foure_timesynch_process (local in 4emac-timesynch.c) called from PC: $12738 (elapsed: 1386954)
  call_process (local in process.c) called from PC: $1291c (elapsed: 1386991)
  process_run (packetbuf.c) called from PC: $05edc (elapsed: 1390438)
 WARN [Thread-2] (MspMote.java:229) - 15: # Watchdog[EXECUTION]: illegal write to WDTCTL (0) from $103ca - reset!!!!
Watchdog: illegal write to WDTCTL (0) from $103ca - reset!!!!
Stack Trace: number of calls: 5 PC: $103ca
  watchdog_reboot (packetbuf.c) called from PC: $24c30 (elapsed: 5)
  restart_time_synchronisation (packetbuf.c) called from PC: $159f2 (elapsed: 30452)
  process_thread_foure_timesynch_process (local in 4emac-timesynch.c) called from PC: $12738 (elapsed: 1103791)
  call_process (local in process.c) called from PC: $1291c (elapsed: 1103828)
  process_run (packetbuf.c) called from PC: $05edc (elapsed: 1106860)
 WARN [Thread-2] (MspMote.java:229) - 16: # Watchdog[EXECUTION]: illegal write to WDTCTL (0) from $103ca - reset!!!!
Watchdog: illegal write to WDTCTL (0) from $103ca - reset!!!!
Stack Trace: number of calls: 5 PC: $103ca
  watchdog_reboot (packetbuf.c) called from PC: $24c30 (elapsed: 5)
  restart_time_synchronisation (packetbuf.c) called from PC: $159f2 (elapsed: 30453)
  process_thread_foure_timesynch_process (local in 4emac-timesynch.c) called from PC: $12738 (elapsed: 1580865)
  call_process (local in process.c) called from PC: $1291c (elapsed: 1580902)
  process_run (packetbuf.c) called from PC: $05edc (elapsed: 1583963)
 WARN [Thread-2] (MspMote.java:229) - 10: # Watchdog[EXECUTION]: illegal write to WDTCTL (0) from $103ca - reset!!!!
Watchdog: illegal write to WDTCTL (0) from $103ca - reset!!!!
Stack Trace: number of calls: 5 PC: $103ca
  watchdog_reboot (packetbuf.c) called from PC: $24c30 (elapsed: 5)
  restart_time_synchronisation (packetbuf.c) called from PC: $159f2 (elapsed: 30452)
  process_thread_foure_timesynch_process (local in 4emac-timesynch.c) called from PC: $12738 (elapsed: 1360520)
  call_process (local in process.c) called from PC: $1291c (elapsed: 1360557)
  process_run (packetbuf.c) called from PC: $05edc (elapsed: 1363826)
 WARN [Thread-2] (MspMote.java:229) - 42: # Watchdog[EXECUTION]: illegal write to WDTCTL (0) from $103ca - reset!!!!
Watchdog: illegal write to WDTCTL (0) from $103ca - reset!!!!
Stack Trace: number of calls: 11 PC: $103ca
  watchdog_reboot (packetbuf.c) called from PC: $24c30 (elapsed: 5)
  restart_time_synchronisation (packetbuf.c) called from PC: $14eee (elapsed: 31371)
  foure_timesynch_parent_switch_callback (packetbuf.c) called from PC: $1e95c (elapsed: 69452)
  rpl_set_preferred_parent (local in rpl-dag.c) called from PC: $1ef8c (elapsed: 164672)
  rpl_nullify_parent (packetbuf.c) called from PC: $1fc26 (elapsed: 387991)
  rpl_process_parent_event (packetbuf.c) called from PC: $1fcbe (elapsed: 522902)
  rpl_recalculate_ranks (packetbuf.c) called from PC: $23726 (elapsed: 525815)
  handle_periodic_timer (local in rpl-timers.c) called from PC: $1219c (elapsed: 526932)
  process_thread_ctimer_process (local in ctimer.c) called from PC: $12738 (elapsed: 527133)
  call_process (local in process.c) called from PC: $1291c (elapsed: 527170)
  process_run (packetbuf.c) called from PC: $05edc (elapsed: 530254)
 WARN [Thread-2] (MspMote.java:229) - 23: # Watchdog[EXECUTION]: illegal write to WDTCTL (0) from $103ca - reset!!!!
Watchdog: illegal write to WDTCTL (0) from $103ca - reset!!!!
Stack Trace: number of calls: 11 PC: $103ca
  watchdog_reboot (packetbuf.c) called from PC: $24c30 (elapsed: 5)
  restart_time_synchronisation (packetbuf.c) called from PC: $14eee (elapsed: 31370)
  foure_timesynch_parent_switch_callback (packetbuf.c) called from PC: $1e95c (elapsed: 69452)
  rpl_set_preferred_parent (local in rpl-dag.c) called from PC: $1ef8c (elapsed: 163983)
  rpl_nullify_parent (packetbuf.c) called from PC: $1fc26 (elapsed: 380806)
  rpl_process_parent_event (packetbuf.c) called from PC: $1fcbe (elapsed: 475199)
  rpl_recalculate_ranks (packetbuf.c) called from PC: $23726 (elapsed: 476247)
  handle_periodic_timer (local in rpl-timers.c) called from PC: $1219c (elapsed: 476769)
  process_thread_ctimer_process (local in ctimer.c) called from PC: $12738 (elapsed: 476994)
  call_process (local in process.c) called from PC: $1291c (elapsed: 477031)
  process_run (packetbuf.c) called from PC: $05edc (elapsed: 480082)
 WARN [Thread-2] (MspMote.java:229) - 51: # Watchdog[EXECUTION]: illegal write to WDTCTL (0) from $103ca - reset!!!!
Watchdog: illegal write to WDTCTL (0) from $103ca - reset!!!!
Stack Trace: number of calls: 5 PC: $103ca
  watchdog_reboot (packetbuf.c) called from PC: $24c30 (elapsed: 5)
  restart_time_synchronisation (packetbuf.c) called from PC: $159f2 (elapsed: 30452)
  process_thread_foure_timesynch_process (local in 4emac-timesynch.c) called from PC: $12738 (elapsed: 1465322)
  call_process (local in process.c) called from PC: $1291c (elapsed: 1465359)
  process_run (packetbuf.c) called from PC: $05edc (elapsed: 1468362)
 WARN [Thread-2] (MspMote.java:229) - 43: # Watchdog[EXECUTION]: illegal write to WDTCTL (0) from $103ca - reset!!!!
Watchdog: illegal write to WDTCTL (0) from $103ca - reset!!!!
Stack Trace: number of calls: 5 PC: $103ca
  watchdog_reboot (packetbuf.c) called from PC: $24c30 (elapsed: 5)
  restart_time_synchronisation (packetbuf.c) called from PC: $159f2 (elapsed: 30452)
  process_thread_foure_timesynch_process (local in 4emac-timesynch.c) called from PC: $12738 (elapsed: 1410971)
  call_process (local in process.c) called from PC: $1291c (elapsed: 1411008)
  process_run (packetbuf.c) called from PC: $05edc (elapsed: 1414117)
 WARN [Thread-2] (MspMote.java:229) - 38: # Watchdog[EXECUTION]: illegal write to WDTCTL (0) from $103ca - reset!!!!
Watchdog: illegal write to WDTCTL (0) from $103ca - reset!!!!
Stack Trace: number of calls: 5 PC: $103ca
  watchdog_reboot (packetbuf.c) called from PC: $24c30 (elapsed: 5)
  restart_time_synchronisation (packetbuf.c) called from PC: $159f2 (elapsed: 30452)
  process_thread_foure_timesynch_process (local in 4emac-timesynch.c) called from PC: $12738 (elapsed: 1527658)
  call_process (local in process.c) called from PC: $1291c (elapsed: 1527695)
  process_run (packetbuf.c) called from PC: $05edc (elapsed: 1536846)
 WARN [Thread-2] (MspMote.java:229) - 36: # Watchdog[EXECUTION]: illegal write to WDTCTL (0) from $103ca - reset!!!!
Watchdog: illegal write to WDTCTL (0) from $103ca - reset!!!!
Stack Trace: number of calls: 5 PC: $103ca
  watchdog_reboot (packetbuf.c) called from PC: $24c30 (elapsed: 5)
  restart_time_synchronisation (packetbuf.c) called from PC: $159f2 (elapsed: 30452)
  process_thread_foure_timesynch_process (local in 4emac-timesynch.c) called from PC: $12738 (elapsed: 1236973)
  call_process (local in process.c) called from PC: $1291c (elapsed: 1237010)
  process_run (packetbuf.c) called from PC: $05edc (elapsed: 1240036)
 WARN [Thread-2] (MspMote.java:229) - 19: # Watchdog[EXECUTION]: illegal write to WDTCTL (0) from $103ca - reset!!!!
Watchdog: illegal write to WDTCTL (0) from $103ca - reset!!!!
Stack Trace: number of calls: 5 PC: $103ca
  watchdog_reboot (packetbuf.c) called from PC: $24c30 (elapsed: 5)
  restart_time_synchronisation (packetbuf.c) called from PC: $159f2 (elapsed: 30452)
  process_thread_foure_timesynch_process (local in 4emac-timesynch.c) called from PC: $12738 (elapsed: 1355075)
  call_process (local in process.c) called from PC: $1291c (elapsed: 1355112)
  process_run (packetbuf.c) called from PC: $05edc (elapsed: 1358832)
 WARN [Thread-2] (MspMote.java:229) - 1: # Watchdog[EXECUTION]: illegal write to WDTCTL (0) from $103ca - reset!!!!
Watchdog: illegal write to WDTCTL (0) from $103ca - reset!!!!
Stack Trace: number of calls: 5 PC: $103ca
  watchdog_reboot (packetbuf.c) called from PC: $24c30 (elapsed: 5)
  restart_time_synchronisation (packetbuf.c) called from PC: $159f2 (elapsed: 30452)
  process_thread_foure_timesynch_process (local in 4emac-timesynch.c) called from PC: $12738 (elapsed: 1487973)
  call_process (local in process.c) called from PC: $1291c (elapsed: 1488010)
  process_run (packetbuf.c) called from PC: $05edc (elapsed: 1491042)
 WARN [Thread-2] (MspMote.java:229) - 13: # Watchdog[EXECUTION]: illegal write to WDTCTL (0) from $103ca - reset!!!!
Watchdog: illegal write to WDTCTL (0) from $103ca - reset!!!!
Stack Trace: number of calls: 5 PC: $103ca
  watchdog_reboot (packetbuf.c) called from PC: $24c30 (elapsed: 5)
  restart_time_synchronisation (packetbuf.c) called from PC: $159f2 (elapsed: 30452)
  process_thread_foure_timesynch_process (local in 4emac-timesynch.c) called from PC: $12738 (elapsed: 1359770)
  call_process (local in process.c) called from PC: $1291c (elapsed: 1359807)
  process_run (packetbuf.c) called from PC: $05edc (elapsed: 1362839)
 WARN [Thread-2] (MspMote.java:229) - 3: # Watchdog[EXECUTION]: illegal write to WDTCTL (0) from $103ca - reset!!!!
Watchdog: illegal write to WDTCTL (0) from $103ca - reset!!!!
Stack Trace: number of calls: 5 PC: $103ca
  watchdog_reboot (packetbuf.c) called from PC: $24c30 (elapsed: 5)
  restart_time_synchronisation (packetbuf.c) called from PC: $159f2 (elapsed: 30651)
  process_thread_foure_timesynch_process (local in 4emac-timesynch.c) called from PC: $12738 (elapsed: 1387531)
  call_process (local in process.c) called from PC: $1291c (elapsed: 1387568)
  process_run (packetbuf.c) called from PC: $05edc (elapsed: 1390758)
 WARN [Thread-2] (MspMote.java:229) - 47: # Watchdog[EXECUTION]: illegal write to WDTCTL (0) from $103ca - reset!!!!
Watchdog: illegal write to WDTCTL (0) from $103ca - reset!!!!
Stack Trace: number of calls: 5 PC: $103ca
  watchdog_reboot (packetbuf.c) called from PC: $24c30 (elapsed: 5)
  restart_time_synchronisation (packetbuf.c) called from PC: $159f2 (elapsed: 30452)
  process_thread_foure_timesynch_process (local in 4emac-timesynch.c) called from PC: $12738 (elapsed: 1357249)
  call_process (local in process.c) called from PC: $1291c (elapsed: 1357286)
  process_run (packetbuf.c) called from PC: $05edc (elapsed: 1360289)
 WARN [Thread-2] (MspMote.java:229) - 22: # Watchdog[EXECUTION]: illegal write to WDTCTL (0) from $103ca - reset!!!!
Watchdog: illegal write to WDTCTL (0) from $103ca - reset!!!!
Stack Trace: number of calls: 5 PC: $103ca
  watchdog_reboot (packetbuf.c) called from PC: $24c30 (elapsed: 5)
  restart_time_synchronisation (packetbuf.c) called from PC: $159f2 (elapsed: 30452)
  process_thread_foure_timesynch_process (local in 4emac-timesynch.c) called from PC: $12738 (elapsed: 1351987)
  call_process (local in process.c) called from PC: $1291c (elapsed: 1352024)
  process_run (packetbuf.c) called from PC: $05edc (elapsed: 1355374)
 WARN [Thread-2] (MspMote.java:229) - 17: # Watchdog[EXECUTION]: illegal write to WDTCTL (0) from $103ca - reset!!!!
Watchdog: illegal write to WDTCTL (0) from $103ca - reset!!!!
Stack Trace: number of calls: 5 PC: $103ca
  watchdog_reboot (packetbuf.c) called from PC: $24c30 (elapsed: 5)
  restart_time_synchronisation (packetbuf.c) called from PC: $159f2 (elapsed: 30453)
  process_thread_foure_timesynch_process (local in 4emac-timesynch.c) called from PC: $12738 (elapsed: 1458417)
  call_process (local in process.c) called from PC: $1291c (elapsed: 1458454)
  process_run (packetbuf.c) called from PC: $05edc (elapsed: 2281110)
 WARN [Thread-2] (MspMote.java:229) - 32: # Watchdog[EXECUTION]: illegal write to WDTCTL (0) from $103ca - reset!!!!
Watchdog: illegal write to WDTCTL (0) from $103ca - reset!!!!
Stack Trace: number of calls: 5 PC: $103ca
  watchdog_reboot (packetbuf.c) called from PC: $24c30 (elapsed: 5)
  restart_time_synchronisation (packetbuf.c) called from PC: $159f2 (elapsed: 30447)
  process_thread_foure_timesynch_process (local in 4emac-timesynch.c) called from PC: $12738 (elapsed: 1454603)
  call_process (local in process.c) called from PC: $1291c (elapsed: 1454640)
  process_run (packetbuf.c) called from PC: $05edc (elapsed: 1458040)
 WARN [Thread-2] (MspMote.java:229) - 41: # Watchdog[EXECUTION]: illegal write to WDTCTL (0) from $103ca - reset!!!!
 INFO [Thread-2] (LogScriptEngine.java:389) - Test script at 45.00%, done in 7974.9 sec
Watchdog: illegal write to WDTCTL (0) from $103ca - reset!!!!
Stack Trace: number of calls: 5 PC: $103ca
  watchdog_reboot (packetbuf.c) called from PC: $24c30 (elapsed: 5)
  restart_time_synchronisation (packetbuf.c) called from PC: $159f2 (elapsed: 30452)
  process_thread_foure_timesynch_process (local in 4emac-timesynch.c) called from PC: $12738 (elapsed: 1557073)
  call_process (local in process.c) called from PC: $1291c (elapsed: 1557110)
  process_run (packetbuf.c) called from PC: $05edc (elapsed: 1560030)
 WARN [Thread-2] (MspMote.java:229) - 9: # Watchdog[EXECUTION]: illegal write to WDTCTL (0) from $103ca - reset!!!!
Watchdog: illegal write to WDTCTL (0) from $103ca - reset!!!!
Stack Trace: number of calls: 5 PC: $103ca
  watchdog_reboot (packetbuf.c) called from PC: $24c30 (elapsed: 5)
  restart_time_synchronisation (packetbuf.c) called from PC: $159f2 (elapsed: 30452)
  process_thread_foure_timesynch_process (local in 4emac-timesynch.c) called from PC: $12738 (elapsed: 1462818)
  call_process (local in process.c) called from PC: $1291c (elapsed: 1462855)
  process_run (packetbuf.c) called from PC: $05edc (elapsed: 1466978)
 WARN [Thread-2] (MspMote.java:229) - 6: # Watchdog[EXECUTION]: illegal write to WDTCTL (0) from $103ca - reset!!!!
Watchdog: illegal write to WDTCTL (0) from $103ca - reset!!!!
Stack Trace: number of calls: 5 PC: $103ca
  watchdog_reboot (packetbuf.c) called from PC: $24c30 (elapsed: 5)
  restart_time_synchronisation (packetbuf.c) called from PC: $159f2 (elapsed: 30452)
  process_thread_foure_timesynch_process (local in 4emac-timesynch.c) called from PC: $12738 (elapsed: 1428595)
  call_process (local in process.c) called from PC: $1291c (elapsed: 1428632)
  process_run (packetbuf.c) called from PC: $05edc (elapsed: 1431714)
 WARN [Thread-2] (MspMote.java:229) - 5: # Watchdog[EXECUTION]: illegal write to WDTCTL (0) from $103ca - reset!!!!
Watchdog: illegal write to WDTCTL (0) from $103ca - reset!!!!
Stack Trace: number of calls: 5 PC: $103ca
  watchdog_reboot (packetbuf.c) called from PC: $24c30 (elapsed: 5)
  restart_time_synchronisation (packetbuf.c) called from PC: $159f2 (elapsed: 45888)
  process_thread_foure_timesynch_process (local in 4emac-timesynch.c) called from PC: $12738 (elapsed: 1403447)
  call_process (local in process.c) called from PC: $1291c (elapsed: 1403484)
  process_run (packetbuf.c) called from PC: $05edc (elapsed: 1407530)
 WARN [Thread-2] (MspMote.java:229) - 50: # Watchdog[EXECUTION]: illegal write to WDTCTL (0) from $103ca - reset!!!!
Watchdog: illegal write to WDTCTL (0) from $103ca - reset!!!!
Stack Trace: number of calls: 5 PC: $103ca
  watchdog_reboot (packetbuf.c) called from PC: $24c30 (elapsed: 5)
  restart_time_synchronisation (packetbuf.c) called from PC: $159f2 (elapsed: 91418)
  process_thread_foure_timesynch_process (local in 4emac-timesynch.c) called from PC: $12738 (elapsed: 1493602)
  call_process (local in process.c) called from PC: $1291c (elapsed: 1493639)
  process_run (packetbuf.c) called from PC: $05edc (elapsed: 1496723)
 WARN [Thread-2] (MspMote.java:229) - 18: # Watchdog[EXECUTION]: illegal write to WDTCTL (0) from $103ca - reset!!!!
Watchdog: illegal write to WDTCTL (0) from $103ca - reset!!!!
Stack Trace: number of calls: 5 PC: $103ca
  watchdog_reboot (packetbuf.c) called from PC: $24c30 (elapsed: 5)
  restart_time_synchronisation (packetbuf.c) called from PC: $159f2 (elapsed: 30453)
  process_thread_foure_timesynch_process (local in 4emac-timesynch.c) called from PC: $12738 (elapsed: 1393888)
  call_process (local in process.c) called from PC: $1291c (elapsed: 1393925)
  process_run (packetbuf.c) called from PC: $05edc (elapsed: 1397028)
 WARN [Thread-2] (MspMote.java:229) - 2: # Watchdog[EXECUTION]: illegal write to WDTCTL (0) from $103ca - reset!!!!
Watchdog: illegal write to WDTCTL (0) from $103ca - reset!!!!
Stack Trace: number of calls: 5 PC: $103ca
  watchdog_reboot (packetbuf.c) called from PC: $24c30 (elapsed: 5)
  restart_time_synchronisation (packetbuf.c) called from PC: $159f2 (elapsed: 30452)
  process_thread_foure_timesynch_process (local in 4emac-timesynch.c) called from PC: $12738 (elapsed: 1489022)
  call_process (local in process.c) called from PC: $1291c (elapsed: 1489059)
  process_run (packetbuf.c) called from PC: $05edc (elapsed: 1492249)
 WARN [Thread-2] (MspMote.java:229) - 26: # Watchdog[EXECUTION]: illegal write to WDTCTL (0) from $103ca - reset!!!!
Watchdog: illegal write to WDTCTL (0) from $103ca - reset!!!!
Stack Trace: number of calls: 5 PC: $103ca
  watchdog_reboot (packetbuf.c) called from PC: $24c30 (elapsed: 5)
  restart_time_synchronisation (packetbuf.c) called from PC: $159f2 (elapsed: 30452)
  process_thread_foure_timesynch_process (local in 4emac-timesynch.c) called from PC: $12738 (elapsed: 845720)
  call_process (local in process.c) called from PC: $1291c (elapsed: 845757)
  process_run (packetbuf.c) called from PC: $05edc (elapsed: 848679)
 WARN [Thread-2] (MspMote.java:229) - 7: # Watchdog[EXECUTION]: illegal write to WDTCTL (0) from $103ca - reset!!!!
Watchdog: illegal write to WDTCTL (0) from $103ca - reset!!!!
Stack Trace: number of calls: 5 PC: $103ca
  watchdog_reboot (packetbuf.c) called from PC: $24c30 (elapsed: 5)
  restart_time_synchronisation (packetbuf.c) called from PC: $159f2 (elapsed: 30452)
  process_thread_foure_timesynch_process (local in 4emac-timesynch.c) called from PC: $12738 (elapsed: 906776)
  call_process (local in process.c) called from PC: $1291c (elapsed: 906813)
  process_run (packetbuf.c) called from PC: $05edc (elapsed: 909976)
 WARN [Thread-2] (MspMote.java:229) - 34: # Watchdog[EXECUTION]: illegal write to WDTCTL (0) from $103ca - reset!!!!
Watchdog: illegal write to WDTCTL (0) from $103ca - reset!!!!
Stack Trace: number of calls: 5 PC: $103ca
  watchdog_reboot (packetbuf.c) called from PC: $24c30 (elapsed: 5)
  restart_time_synchronisation (packetbuf.c) called from PC: $159f2 (elapsed: 31604)
  process_thread_foure_timesynch_process (local in 4emac-timesynch.c) called from PC: $12738 (elapsed: 185668)
  call_process (local in process.c) called from PC: $1291c (elapsed: 185705)
  process_run (packetbuf.c) called from PC: $05edc (elapsed: 186992)
 WARN [Thread-2] (MspMote.java:229) - 18: # Watchdog[EXECUTION]: illegal write to WDTCTL (0) from $103ca - reset!!!!
Watchdog: illegal write to WDTCTL (0) from $103ca - reset!!!!
Stack Trace: number of calls: 5 PC: $103ca
  watchdog_reboot (packetbuf.c) called from PC: $24c30 (elapsed: 5)
  restart_time_synchronisation (packetbuf.c) called from PC: $159f2 (elapsed: 30452)
  process_thread_foure_timesynch_process (local in 4emac-timesynch.c) called from PC: $12738 (elapsed: 1096509)
  call_process (local in process.c) called from PC: $1291c (elapsed: 1096546)
  process_run (packetbuf.c) called from PC: $05edc (elapsed: 1099459)
 WARN [Thread-2] (MspMote.java:229) - 23: # Watchdog[EXECUTION]: illegal write to WDTCTL (0) from $103ca - reset!!!!
Watchdog: illegal write to WDTCTL (0) from $103ca - reset!!!!
Stack Trace: number of calls: 5 PC: $103ca
  watchdog_reboot (packetbuf.c) called from PC: $24c30 (elapsed: 5)
  restart_time_synchronisation (packetbuf.c) called from PC: $159f2 (elapsed: 30452)
  process_thread_foure_timesynch_process (local in 4emac-timesynch.c) called from PC: $12738 (elapsed: 861052)
  call_process (local in process.c) called from PC: $1291c (elapsed: 861089)
  process_run (packetbuf.c) called from PC: $05edc (elapsed: 864160)
 WARN [Thread-2] (MspMote.java:229) - 10: # Watchdog[EXECUTION]: illegal write to WDTCTL (0) from $103ca - reset!!!!
Watchdog: illegal write to WDTCTL (0) from $103ca - reset!!!!
Stack Trace: number of calls: 5 PC: $103ca
  watchdog_reboot (packetbuf.c) called from PC: $24c30 (elapsed: 5)
  restart_time_synchronisation (packetbuf.c) called from PC: $159f2 (elapsed: 30453)
  process_thread_foure_timesynch_process (local in 4emac-timesynch.c) called from PC: $12738 (elapsed: 1436940)
  call_process (local in process.c) called from PC: $1291c (elapsed: 1436977)
  process_run (packetbuf.c) called from PC: $05edc (elapsed: 1440287)
 WARN [Thread-2] (MspMote.java:229) - 30: # Watchdog[EXECUTION]: illegal write to WDTCTL (0) from $103ca - reset!!!!
Watchdog: illegal write to WDTCTL (0) from $103ca - reset!!!!
Stack Trace: number of calls: 5 PC: $103ca
  watchdog_reboot (packetbuf.c) called from PC: $24c30 (elapsed: 5)
  restart_time_synchronisation (packetbuf.c) called from PC: $159f2 (elapsed: 30453)
  process_thread_foure_timesynch_process (local in 4emac-timesynch.c) called from PC: $12738 (elapsed: 1082523)
  call_process (local in process.c) called from PC: $1291c (elapsed: 1082560)
  process_run (packetbuf.c) called from PC: $05edc (elapsed: 1085710)
 WARN [Thread-2] (MspMote.java:229) - 22: # Watchdog[EXECUTION]: illegal write to WDTCTL (0) from $103ca - reset!!!!
Watchdog: illegal write to WDTCTL (0) from $103ca - reset!!!!
Stack Trace: number of calls: 5 PC: $103ca
  watchdog_reboot (packetbuf.c) called from PC: $24c30 (elapsed: 5)
  restart_time_synchronisation (packetbuf.c) called from PC: $159f2 (elapsed: 30452)
  process_thread_foure_timesynch_process (local in 4emac-timesynch.c) called from PC: $12738 (elapsed: 1495335)
  call_process (local in process.c) called from PC: $1291c (elapsed: 1495372)
  process_run (packetbuf.c) called from PC: $05edc (elapsed: 1498395)
 WARN [Thread-2] (MspMote.java:229) - 37: # Watchdog[EXECUTION]: illegal write to WDTCTL (0) from $103ca - reset!!!!
 INFO [Thread-2] (LogScriptEngine.java:389) - Test script at 50.00%, done in 7002.2 sec
Watchdog: illegal write to WDTCTL (0) from $103ca - reset!!!!
Stack Trace: number of calls: 5 PC: $103ca
  watchdog_reboot (packetbuf.c) called from PC: $24c30 (elapsed: 5)
  restart_time_synchronisation (packetbuf.c) called from PC: $159f2 (elapsed: 30452)
  process_thread_foure_timesynch_process (local in 4emac-timesynch.c) called from PC: $12738 (elapsed: 840567)
  call_process (local in process.c) called from PC: $1291c (elapsed: 840604)
  process_run (packetbuf.c) called from PC: $05edc (elapsed: 843675)
 WARN [Thread-2] (MspMote.java:229) - 36: # Watchdog[EXECUTION]: illegal write to WDTCTL (0) from $103ca - reset!!!!
Watchdog: illegal write to WDTCTL (0) from $103ca - reset!!!!
Stack Trace: number of calls: 5 PC: $103ca
  watchdog_reboot (packetbuf.c) called from PC: $24c30 (elapsed: 5)
  restart_time_synchronisation (packetbuf.c) called from PC: $159f2 (elapsed: 30452)
  process_thread_foure_timesynch_process (local in 4emac-timesynch.c) called from PC: $12738 (elapsed: 1425122)
  call_process (local in process.c) called from PC: $1291c (elapsed: 1425159)
  process_run (packetbuf.c) called from PC: $05edc (elapsed: 1428259)
 WARN [Thread-2] (MspMote.java:229) - 24: # Watchdog[EXECUTION]: illegal write to WDTCTL (0) from $103ca - reset!!!!
Watchdog: illegal write to WDTCTL (0) from $103ca - reset!!!!
Stack Trace: number of calls: 5 PC: $103ca
  watchdog_reboot (packetbuf.c) called from PC: $24c30 (elapsed: 5)
  restart_time_synchronisation (packetbuf.c) called from PC: $159f2 (elapsed: 30447)
  process_thread_foure_timesynch_process (local in 4emac-timesynch.c) called from PC: $12738 (elapsed: 1386597)
  call_process (local in process.c) called from PC: $1291c (elapsed: 1386634)
  process_run (packetbuf.c) called from PC: $05edc (elapsed: 1391356)
 WARN [Thread-2] (MspMote.java:229) - 33: # Watchdog[EXECUTION]: illegal write to WDTCTL (0) from $103ca - reset!!!!
Watchdog: illegal write to WDTCTL (0) from $103ca - reset!!!!
Stack Trace: number of calls: 5 PC: $103ca
  watchdog_reboot (packetbuf.c) called from PC: $24c30 (elapsed: 5)
  restart_time_synchronisation (packetbuf.c) called from PC: $159f2 (elapsed: 30452)
  process_thread_foure_timesynch_process (local in 4emac-timesynch.c) called from PC: $12738 (elapsed: 803348)
  call_process (local in process.c) called from PC: $1291c (elapsed: 803385)
  process_run (packetbuf.c) called from PC: $05edc (elapsed: 806458)
 WARN [Thread-2] (MspMote.java:229) - 42: # Watchdog[EXECUTION]: illegal write to WDTCTL (0) from $103ca - reset!!!!
Watchdog: illegal write to WDTCTL (0) from $103ca - reset!!!!
Stack Trace: number of calls: 5 PC: $103ca
  watchdog_reboot (packetbuf.c) called from PC: $24c30 (elapsed: 5)
  restart_time_synchronisation (packetbuf.c) called from PC: $159f2 (elapsed: 30452)
  process_thread_foure_timesynch_process (local in 4emac-timesynch.c) called from PC: $12738 (elapsed: 1363867)
  call_process (local in process.c) called from PC: $1291c (elapsed: 1363904)
  process_run (packetbuf.c) called from PC: $05edc (elapsed: 1366902)
 WARN [Thread-2] (MspMote.java:229) - 25: # Watchdog[EXECUTION]: illegal write to WDTCTL (0) from $103ca - reset!!!!
Watchdog: illegal write to WDTCTL (0) from $103ca - reset!!!!
Stack Trace: number of calls: 5 PC: $103ca
  watchdog_reboot (packetbuf.c) called from PC: $24c30 (elapsed: 5)
  restart_time_synchronisation (packetbuf.c) called from PC: $159f2 (elapsed: 30452)
  process_thread_foure_timesynch_process (local in 4emac-timesynch.c) called from PC: $12738 (elapsed: 673816)
  call_process (local in process.c) called from PC: $1291c (elapsed: 673853)
  process_run (packetbuf.c) called from PC: $05edc (elapsed: 676926)
 WARN [Thread-2] (MspMote.java:229) - 15: # Watchdog[EXECUTION]: illegal write to WDTCTL (0) from $103ca - reset!!!!
Watchdog: illegal write to WDTCTL (0) from $103ca - reset!!!!
Stack Trace: number of calls: 5 PC: $103ca
  watchdog_reboot (packetbuf.c) called from PC: $24c30 (elapsed: 5)
  restart_time_synchronisation (packetbuf.c) called from PC: $159f2 (elapsed: 47118)
  process_thread_foure_timesynch_process (local in 4emac-timesynch.c) called from PC: $12738 (elapsed: 794200)
  call_process (local in process.c) called from PC: $1291c (elapsed: 794237)
  process_run (packetbuf.c) called from PC: $05edc (elapsed: 797314)
 WARN [Thread-2] (MspMote.java:229) - 6: # Watchdog[EXECUTION]: illegal write to WDTCTL (0) from $103ca - reset!!!!
Watchdog: illegal write to WDTCTL (0) from $103ca - reset!!!!
Stack Trace: number of calls: 5 PC: $103ca
  watchdog_reboot (packetbuf.c) called from PC: $24c30 (elapsed: 5)
  restart_time_synchronisation (packetbuf.c) called from PC: $159f2 (elapsed: 30452)
  process_thread_foure_timesynch_process (local in 4emac-timesynch.c) called from PC: $12738 (elapsed: 1427812)
  call_process (local in process.c) called from PC: $1291c (elapsed: 1427849)
  process_run (packetbuf.c) called from PC: $05edc (elapsed: 1431138)
 WARN [Thread-2] (MspMote.java:229) - 21: # Watchdog[EXECUTION]: illegal write to WDTCTL (0) from $103ca - reset!!!!
Watchdog: illegal write to WDTCTL (0) from $103ca - reset!!!!
Stack Trace: number of calls: 5 PC: $103ca
  watchdog_reboot (packetbuf.c) called from PC: $24c30 (elapsed: 5)
  restart_time_synchronisation (packetbuf.c) called from PC: $159f2 (elapsed: 30459)
  process_thread_foure_timesynch_process (local in 4emac-timesynch.c) called from PC: $12738 (elapsed: 1393427)
  call_process (local in process.c) called from PC: $1291c (elapsed: 1393464)
  process_run (packetbuf.c) called from PC: $05edc (elapsed: 1396377)
 WARN [Thread-2] (MspMote.java:229) - 46: # Watchdog[EXECUTION]: illegal write to WDTCTL (0) from $103ca - reset!!!!
Watchdog: illegal write to WDTCTL (0) from $103ca - reset!!!!
Stack Trace: number of calls: 5 PC: $103ca
  watchdog_reboot (packetbuf.c) called from PC: $24c30 (elapsed: 5)
  restart_time_synchronisation (packetbuf.c) called from PC: $159f2 (elapsed: 30447)
  process_thread_foure_timesynch_process (local in 4emac-timesynch.c) called from PC: $12738 (elapsed: 1086908)
  call_process (local in process.c) called from PC: $1291c (elapsed: 1086945)
  process_run (packetbuf.c) called from PC: $05edc (elapsed: 1090207)
 WARN [Thread-2] (MspMote.java:229) - 41: # Watchdog[EXECUTION]: illegal write to WDTCTL (0) from $103ca - reset!!!!
Watchdog: illegal write to WDTCTL (0) from $103ca - reset!!!!
Stack Trace: number of calls: 5 PC: $103ca
  watchdog_reboot (packetbuf.c) called from PC: $24c30 (elapsed: 5)
  restart_time_synchronisation (packetbuf.c) called from PC: $159f2 (elapsed: 30452)
  process_thread_foure_timesynch_process (local in 4emac-timesynch.c) called from PC: $12738 (elapsed: 1426117)
  call_process (local in process.c) called from PC: $1291c (elapsed: 1426154)
  process_run (packetbuf.c) called from PC: $05edc (elapsed: 1429385)
 WARN [Thread-2] (MspMote.java:229) - 4: # Watchdog[EXECUTION]: illegal write to WDTCTL (0) from $103ca - reset!!!!
Watchdog: illegal write to WDTCTL (0) from $103ca - reset!!!!
Stack Trace: number of calls: 5 PC: $103ca
  watchdog_reboot (packetbuf.c) called from PC: $24c30 (elapsed: 5)
  restart_time_synchronisation (packetbuf.c) called from PC: $159f2 (elapsed: 30447)
  process_thread_foure_timesynch_process (local in 4emac-timesynch.c) called from PC: $12738 (elapsed: 1454410)
  call_process (local in process.c) called from PC: $1291c (elapsed: 1454447)
  process_run (packetbuf.c) called from PC: $05edc (elapsed: 1457819)
 WARN [Thread-2] (MspMote.java:229) - 39: # Watchdog[EXECUTION]: illegal write to WDTCTL (0) from $103ca - reset!!!!
Watchdog: illegal write to WDTCTL (0) from $103ca - reset!!!!
Stack Trace: number of calls: 5 PC: $103ca
  watchdog_reboot (packetbuf.c) called from PC: $24c30 (elapsed: 5)
  restart_time_synchronisation (packetbuf.c) called from PC: $159f2 (elapsed: 30447)
  process_thread_foure_timesynch_process (local in 4emac-timesynch.c) called from PC: $12738 (elapsed: 1392580)
  call_process (local in process.c) called from PC: $1291c (elapsed: 1392617)
  process_run (packetbuf.c) called from PC: $05edc (elapsed: 1395935)
 WARN [Thread-2] (MspMote.java:229) - 28: # Watchdog[EXECUTION]: illegal write to WDTCTL (0) from $103ca - reset!!!!
Watchdog: illegal write to WDTCTL (0) from $103ca - reset!!!!
Stack Trace: number of calls: 5 PC: $103ca
  watchdog_reboot (packetbuf.c) called from PC: $24c30 (elapsed: 5)
  restart_time_synchronisation (packetbuf.c) called from PC: $159f2 (elapsed: 30452)
  process_thread_foure_timesynch_process (local in 4emac-timesynch.c) called from PC: $12738 (elapsed: 982592)
  call_process (local in process.c) called from PC: $1291c (elapsed: 982629)
  process_run (packetbuf.c) called from PC: $05edc (elapsed: 985704)
 WARN [Thread-2] (MspMote.java:229) - 13: # Watchdog[EXECUTION]: illegal write to WDTCTL (0) from $103ca - reset!!!!
Watchdog: illegal write to WDTCTL (0) from $103ca - reset!!!!
Stack Trace: number of calls: 5 PC: $103ca
  watchdog_reboot (packetbuf.c) called from PC: $24c30 (elapsed: 5)
  restart_time_synchronisation (packetbuf.c) called from PC: $159f2 (elapsed: 30543)
  process_thread_foure_timesynch_process (local in 4emac-timesynch.c) called from PC: $12738 (elapsed: 1394385)
  call_process (local in process.c) called from PC: $1291c (elapsed: 1394422)
  process_run (packetbuf.c) called from PC: $05edc (elapsed: 1397495)
 WARN [Thread-2] (MspMote.java:229) - 45: # Watchdog[EXECUTION]: illegal write to WDTCTL (0) from $103ca - reset!!!!
Watchdog: illegal write to WDTCTL (0) from $103ca - reset!!!!
Stack Trace: number of calls: 5 PC: $103ca
  watchdog_reboot (packetbuf.c) called from PC: $24c30 (elapsed: 5)
  restart_time_synchronisation (packetbuf.c) called from PC: $159f2 (elapsed: 30495)
  process_thread_foure_timesynch_process (local in 4emac-timesynch.c) called from PC: $12738 (elapsed: 1222823)
  call_process (local in process.c) called from PC: $1291c (elapsed: 1222860)
  process_run (packetbuf.c) called from PC: $05edc (elapsed: 1225962)
 WARN [Thread-2] (MspMote.java:229) - 47: # Watchdog[EXECUTION]: illegal write to WDTCTL (0) from $103ca - reset!!!!
Watchdog: illegal write to WDTCTL (0) from $103ca - reset!!!!
Stack Trace: number of calls: 5 PC: $103ca
  watchdog_reboot (packetbuf.c) called from PC: $24c30 (elapsed: 5)
  restart_time_synchronisation (packetbuf.c) called from PC: $159f2 (elapsed: 30453)
  process_thread_foure_timesynch_process (local in 4emac-timesynch.c) called from PC: $12738 (elapsed: 1376659)
  call_process (local in process.c) called from PC: $1291c (elapsed: 1376696)
  process_run (packetbuf.c) called from PC: $05edc (elapsed: 1379769)
 WARN [Thread-2] (MspMote.java:229) - 20: # Watchdog[EXECUTION]: illegal write to WDTCTL (0) from $103ca - reset!!!!
Watchdog: illegal write to WDTCTL (0) from $103ca - reset!!!!
Stack Trace: number of calls: 5 PC: $103ca
  watchdog_reboot (packetbuf.c) called from PC: $24c30 (elapsed: 5)
  restart_time_synchronisation (packetbuf.c) called from PC: $159f2 (elapsed: 30447)
  process_thread_foure_timesynch_process (local in 4emac-timesynch.c) called from PC: $12738 (elapsed: 949828)
  call_process (local in process.c) called from PC: $1291c (elapsed: 949865)
  process_run (packetbuf.c) called from PC: $05edc (elapsed: 952782)
 WARN [Thread-2] (MspMote.java:229) - 38: # Watchdog[EXECUTION]: illegal write to WDTCTL (0) from $103ca - reset!!!!
Watchdog: illegal write to WDTCTL (0) from $103ca - reset!!!!
Stack Trace: number of calls: 5 PC: $103ca
  watchdog_reboot (packetbuf.c) called from PC: $24c30 (elapsed: 5)
  restart_time_synchronisation (packetbuf.c) called from PC: $159f2 (elapsed: 30452)
  process_thread_foure_timesynch_process (local in 4emac-timesynch.c) called from PC: $12738 (elapsed: 671098)
  call_process (local in process.c) called from PC: $1291c (elapsed: 671135)
  process_run (packetbuf.c) called from PC: $05edc (elapsed: 674443)
 WARN [Thread-2] (MspMote.java:229) - 23: # Watchdog[EXECUTION]: illegal write to WDTCTL (0) from $103ca - reset!!!!
Watchdog: illegal write to WDTCTL (0) from $103ca - reset!!!!
Stack Trace: number of calls: 5 PC: $103ca
  watchdog_reboot (packetbuf.c) called from PC: $24c30 (elapsed: 5)
  restart_time_synchronisation (packetbuf.c) called from PC: $159f2 (elapsed: 30447)
  process_thread_foure_timesynch_process (local in 4emac-timesynch.c) called from PC: $12738 (elapsed: 704030)
  call_process (local in process.c) called from PC: $1291c (elapsed: 704067)
  process_run (packetbuf.c) called from PC: $05edc (elapsed: 707061)
 WARN [Thread-2] (MspMote.java:229) - 22: # Watchdog[EXECUTION]: illegal write to WDTCTL (0) from $103ca - reset!!!!
Watchdog: illegal write to WDTCTL (0) from $103ca - reset!!!!
Stack Trace: number of calls: 5 PC: $103ca
  watchdog_reboot (packetbuf.c) called from PC: $24c30 (elapsed: 5)
  restart_time_synchronisation (packetbuf.c) called from PC: $159f2 (elapsed: 30452)
  process_thread_foure_timesynch_process (local in 4emac-timesynch.c) called from PC: $12738 (elapsed: 666890)
  call_process (local in process.c) called from PC: $1291c (elapsed: 666927)
  process_run (packetbuf.c) called from PC: $05edc (elapsed: 670191)
 WARN [Thread-2] (MspMote.java:229) - 1: # Watchdog[EXECUTION]: illegal write to WDTCTL (0) from $103ca - reset!!!!
Watchdog: illegal write to WDTCTL (0) from $103ca - reset!!!!
Stack Trace: number of calls: 5 PC: $103ca
  watchdog_reboot (packetbuf.c) called from PC: $24c30 (elapsed: 5)
  restart_time_synchronisation (packetbuf.c) called from PC: $159f2 (elapsed: 30452)
  process_thread_foure_timesynch_process (local in 4emac-timesynch.c) called from PC: $12738 (elapsed: 862788)
  call_process (local in process.c) called from PC: $1291c (elapsed: 862825)
  process_run (packetbuf.c) called from PC: $05edc (elapsed: 866006)
 WARN [Thread-2] (MspMote.java:229) - 26: # Watchdog[EXECUTION]: illegal write to WDTCTL (0) from $103ca - reset!!!!
Watchdog: illegal write to WDTCTL (0) from $103ca - reset!!!!
Stack Trace: number of calls: 5 PC: $103ca
  watchdog_reboot (packetbuf.c) called from PC: $24c30 (elapsed: 5)
  restart_time_synchronisation (packetbuf.c) called from PC: $159f2 (elapsed: 30452)
  process_thread_foure_timesynch_process (local in 4emac-timesynch.c) called from PC: $12738 (elapsed: 1220215)
  call_process (local in process.c) called from PC: $1291c (elapsed: 1220252)
  process_run (packetbuf.c) called from PC: $05edc (elapsed: 1223174)
 WARN [Thread-2] (MspMote.java:229) - 29: # Watchdog[EXECUTION]: illegal write to WDTCTL (0) from $103ca - reset!!!!
Watchdog: illegal write to WDTCTL (0) from $103ca - reset!!!!
Stack Trace: number of calls: 5 PC: $103ca
  watchdog_reboot (packetbuf.c) called from PC: $24c30 (elapsed: 5)
  restart_time_synchronisation (packetbuf.c) called from PC: $159f2 (elapsed: 30447)
  process_thread_foure_timesynch_process (local in 4emac-timesynch.c) called from PC: $12738 (elapsed: 1385317)
  call_process (local in process.c) called from PC: $1291c (elapsed: 1385354)
  process_run (packetbuf.c) called from PC: $05edc (elapsed: 1388670)
 WARN [Thread-2] (MspMote.java:229) - 31: # Watchdog[EXECUTION]: illegal write to WDTCTL (0) from $103ca - reset!!!!
Watchdog: illegal write to WDTCTL (0) from $103ca - reset!!!!
Stack Trace: number of calls: 5 PC: $103ca
  watchdog_reboot (packetbuf.c) called from PC: $24c30 (elapsed: 5)
  restart_time_synchronisation (packetbuf.c) called from PC: $159f2 (elapsed: 30452)
  process_thread_foure_timesynch_process (local in 4emac-timesynch.c) called from PC: $12738 (elapsed: 1365055)
  call_process (local in process.c) called from PC: $1291c (elapsed: 1365092)
  process_run (packetbuf.c) called from PC: $05edc (elapsed: 1368165)
 WARN [Thread-2] (MspMote.java:229) - 49: # Watchdog[EXECUTION]: illegal write to WDTCTL (0) from $103ca - reset!!!!
Watchdog: illegal write to WDTCTL (0) from $103ca - reset!!!!
Stack Trace: number of calls: 5 PC: $103ca
  watchdog_reboot (packetbuf.c) called from PC: $24c30 (elapsed: 5)
  restart_time_synchronisation (packetbuf.c) called from PC: $159f2 (elapsed: 30452)
  process_thread_foure_timesynch_process (local in 4emac-timesynch.c) called from PC: $12738 (elapsed: 949786)
  call_process (local in process.c) called from PC: $1291c (elapsed: 949823)
  process_run (packetbuf.c) called from PC: $05edc (elapsed: 952898)
 WARN [Thread-2] (MspMote.java:229) - 43: # Watchdog[EXECUTION]: illegal write to WDTCTL (0) from $103ca - reset!!!!
Watchdog: illegal write to WDTCTL (0) from $103ca - reset!!!!
Stack Trace: number of calls: 5 PC: $103ca
  watchdog_reboot (packetbuf.c) called from PC: $24c30 (elapsed: 5)
  restart_time_synchronisation (packetbuf.c) called from PC: $159f2 (elapsed: 30452)
  process_thread_foure_timesynch_process (local in 4emac-timesynch.c) called from PC: $12738 (elapsed: 1362350)
  call_process (local in process.c) called from PC: $1291c (elapsed: 1362387)
  process_run (packetbuf.c) called from PC: $05edc (elapsed: 1365390)
 WARN [Thread-2] (MspMote.java:229) - 11: # Watchdog[EXECUTION]: illegal write to WDTCTL (0) from $103ca - reset!!!!
Watchdog: illegal write to WDTCTL (0) from $103ca - reset!!!!
Stack Trace: number of calls: 5 PC: $103ca
  watchdog_reboot (packetbuf.c) called from PC: $24c30 (elapsed: 5)
  restart_time_synchronisation (packetbuf.c) called from PC: $159f2 (elapsed: 30452)
  process_thread_foure_timesynch_process (local in 4emac-timesynch.c) called from PC: $12738 (elapsed: 677883)
  call_process (local in process.c) called from PC: $1291c (elapsed: 677920)
  process_run (packetbuf.c) called from PC: $05edc (elapsed: 680918)
 WARN [Thread-2] (MspMote.java:229) - 10: # Watchdog[EXECUTION]: illegal write to WDTCTL (0) from $103ca - reset!!!!
Watchdog: illegal write to WDTCTL (0) from $103ca - reset!!!!
Stack Trace: number of calls: 5 PC: $103ca
  watchdog_reboot (packetbuf.c) called from PC: $24c30 (elapsed: 5)
  restart_time_synchronisation (packetbuf.c) called from PC: $159f2 (elapsed: 30452)
  process_thread_foure_timesynch_process (local in 4emac-timesynch.c) called from PC: $12738 (elapsed: 557879)
  call_process (local in process.c) called from PC: $1291c (elapsed: 557916)
  process_run (packetbuf.c) called from PC: $05edc (elapsed: 561309)
 WARN [Thread-2] (MspMote.java:229) - 15: # Watchdog[EXECUTION]: illegal write to WDTCTL (0) from $103ca - reset!!!!
Watchdog: illegal write to WDTCTL (0) from $103ca - reset!!!!
Stack Trace: number of calls: 5 PC: $103ca
  watchdog_reboot (packetbuf.c) called from PC: $24c30 (elapsed: 5)
  restart_time_synchronisation (packetbuf.c) called from PC: $159f2 (elapsed: 30447)
  process_thread_foure_timesynch_process (local in 4emac-timesynch.c) called from PC: $12738 (elapsed: 700672)
  call_process (local in process.c) called from PC: $1291c (elapsed: 700709)
  process_run (packetbuf.c) called from PC: $05edc (elapsed: 703705)
 WARN [Thread-2] (MspMote.java:229) - 36: # Watchdog[EXECUTION]: illegal write to WDTCTL (0) from $103ca - reset!!!!
Watchdog: illegal write to WDTCTL (0) from $103ca - reset!!!!
Stack Trace: number of calls: 5 PC: $103ca
  watchdog_reboot (packetbuf.c) called from PC: $24c30 (elapsed: 5)
  restart_time_synchronisation (packetbuf.c) called from PC: $159f2 (elapsed: 30447)
  process_thread_foure_timesynch_process (local in 4emac-timesynch.c) called from PC: $12738 (elapsed: 943001)
  call_process (local in process.c) called from PC: $1291c (elapsed: 943038)
  process_run (packetbuf.c) called from PC: $05edc (elapsed: 946117)
 WARN [Thread-2] (MspMote.java:229) - 18: # Watchdog[EXECUTION]: illegal write to WDTCTL (0) from $103ca - reset!!!!
Watchdog: illegal write to WDTCTL (0) from $103ca - reset!!!!
Stack Trace: number of calls: 5 PC: $103ca
  watchdog_reboot (packetbuf.c) called from PC: $24c30 (elapsed: 5)
  restart_time_synchronisation (packetbuf.c) called from PC: $159f2 (elapsed: 30452)
  process_thread_foure_timesynch_process (local in 4emac-timesynch.c) called from PC: $12738 (elapsed: 1408108)
  call_process (local in process.c) called from PC: $1291c (elapsed: 1408145)
  process_run (packetbuf.c) called from PC: $05edc (elapsed: 1411570)
 WARN [Thread-2] (MspMote.java:229) - 12: # Watchdog[EXECUTION]: illegal write to WDTCTL (0) from $103ca - reset!!!!
Watchdog: illegal write to WDTCTL (0) from $103ca - reset!!!!
Stack Trace: number of calls: 5 PC: $103ca
  watchdog_reboot (packetbuf.c) called from PC: $24c30 (elapsed: 5)
  restart_time_synchronisation (packetbuf.c) called from PC: $159f2 (elapsed: 30465)
  process_thread_foure_timesynch_process (local in 4emac-timesynch.c) called from PC: $12738 (elapsed: 1385331)
  call_process (local in process.c) called from PC: $1291c (elapsed: 1385368)
  process_run (packetbuf.c) called from PC: $05edc (elapsed: 1388525)
 WARN [Thread-2] (MspMote.java:229) - 51: # Watchdog[EXECUTION]: illegal write to WDTCTL (0) from $103ca - reset!!!!
 INFO [Thread-2] (LogScriptEngine.java:389) - Test script at 55.00%, done in 6081.6 sec
Watchdog: illegal write to WDTCTL (0) from $103ca - reset!!!!
Stack Trace: number of calls: 5 PC: $103ca
  watchdog_reboot (packetbuf.c) called from PC: $24c30 (elapsed: 5)
  restart_time_synchronisation (packetbuf.c) called from PC: $159f2 (elapsed: 30447)
  process_thread_foure_timesynch_process (local in 4emac-timesynch.c) called from PC: $12738 (elapsed: 1388250)
  call_process (local in process.c) called from PC: $1291c (elapsed: 1388287)
  process_run (packetbuf.c) called from PC: $05edc (elapsed: 1391281)
 WARN [Thread-2] (MspMote.java:229) - 48: # Watchdog[EXECUTION]: illegal write to WDTCTL (0) from $103ca - reset!!!!
Watchdog: illegal write to WDTCTL (0) from $103ca - reset!!!!
Stack Trace: number of calls: 5 PC: $103ca
  watchdog_reboot (packetbuf.c) called from PC: $24c30 (elapsed: 5)
  restart_time_synchronisation (packetbuf.c) called from PC: $159f2 (elapsed: 30452)
  process_thread_foure_timesynch_process (local in 4emac-timesynch.c) called from PC: $12738 (elapsed: 663797)
  call_process (local in process.c) called from PC: $1291c (elapsed: 663834)
  process_run (packetbuf.c) called from PC: $05edc (elapsed: 666907)
 WARN [Thread-2] (MspMote.java:229) - 42: # Watchdog[EXECUTION]: illegal write to WDTCTL (0) from $103ca - reset!!!!
Watchdog: illegal write to WDTCTL (0) from $103ca - reset!!!!
Stack Trace: number of calls: 5 PC: $103ca
  watchdog_reboot (packetbuf.c) called from PC: $24c30 (elapsed: 5)
  restart_time_synchronisation (packetbuf.c) called from PC: $159f2 (elapsed: 30452)
  process_thread_foure_timesynch_process (local in 4emac-timesynch.c) called from PC: $12738 (elapsed: 1356709)
  call_process (local in process.c) called from PC: $1291c (elapsed: 1356746)
  process_run (packetbuf.c) called from PC: $05edc (elapsed: 1359743)
 WARN [Thread-2] (MspMote.java:229) - 35: # Watchdog[EXECUTION]: illegal write to WDTCTL (0) from $103ca - reset!!!!
Watchdog: illegal write to WDTCTL (0) from $103ca - reset!!!!
Stack Trace: number of calls: 5 PC: $103ca
  watchdog_reboot (packetbuf.c) called from PC: $24c30 (elapsed: 5)
  restart_time_synchronisation (packetbuf.c) called from PC: $159f2 (elapsed: 30453)
  process_thread_foure_timesynch_process (local in 4emac-timesynch.c) called from PC: $12738 (elapsed: 1253129)
  call_process (local in process.c) called from PC: $1291c (elapsed: 1253166)
  process_run (packetbuf.c) called from PC: $05edc (elapsed: 1256239)
 WARN [Thread-2] (MspMote.java:229) - 2: # Watchdog[EXECUTION]: illegal write to WDTCTL (0) from $103ca - reset!!!!
Watchdog: illegal write to WDTCTL (0) from $103ca - reset!!!!
Stack Trace: number of calls: 5 PC: $103ca
  watchdog_reboot (packetbuf.c) called from PC: $24c30 (elapsed: 5)
  restart_time_synchronisation (packetbuf.c) called from PC: $159f2 (elapsed: 30452)
  process_thread_foure_timesynch_process (local in 4emac-timesynch.c) called from PC: $12738 (elapsed: 802102)
  call_process (local in process.c) called from PC: $1291c (elapsed: 802139)
  process_run (packetbuf.c) called from PC: $05edc (elapsed: 805138)
 WARN [Thread-2] (MspMote.java:229) - 5: # Watchdog[EXECUTION]: illegal write to WDTCTL (0) from $103ca - reset!!!!
Watchdog: illegal write to WDTCTL (0) from $103ca - reset!!!!
Stack Trace: number of calls: 5 PC: $103ca
  watchdog_reboot (packetbuf.c) called from PC: $24c30 (elapsed: 5)
  restart_time_synchronisation (packetbuf.c) called from PC: $159f2 (elapsed: 30447)
  process_thread_foure_timesynch_process (local in 4emac-timesynch.c) called from PC: $12738 (elapsed: 952343)
  call_process (local in process.c) called from PC: $1291c (elapsed: 952380)
  process_run (packetbuf.c) called from PC: $05edc (elapsed: 955293)
 WARN [Thread-2] (MspMote.java:229) - 25: # Watchdog[EXECUTION]: illegal write to WDTCTL (0) from $103ca - reset!!!!
Watchdog: illegal write to WDTCTL (0) from $103ca - reset!!!!
Stack Trace: number of calls: 5 PC: $103ca
  watchdog_reboot (packetbuf.c) called from PC: $24c30 (elapsed: 5)
  restart_time_synchronisation (packetbuf.c) called from PC: $159f2 (elapsed: 30453)
  process_thread_foure_timesynch_process (local in 4emac-timesynch.c) called from PC: $12738 (elapsed: 644162)
  call_process (local in process.c) called from PC: $1291c (elapsed: 644199)
  process_run (packetbuf.c) called from PC: $05edc (elapsed: 647198)
 WARN [Thread-2] (MspMote.java:229) - 9: # Watchdog[EXECUTION]: illegal write to WDTCTL (0) from $103ca - reset!!!!
Watchdog: illegal write to WDTCTL (0) from $103ca - reset!!!!
Stack Trace: number of calls: 5 PC: $103ca
  watchdog_reboot (packetbuf.c) called from PC: $24c30 (elapsed: 5)
  restart_time_synchronisation (packetbuf.c) called from PC: $159f2 (elapsed: 30459)
  process_thread_foure_timesynch_process (local in 4emac-timesynch.c) called from PC: $12738 (elapsed: 1275438)
  call_process (local in process.c) called from PC: $1291c (elapsed: 1275475)
  process_run (packetbuf.c) called from PC: $05edc (elapsed: 1278548)
 WARN [Thread-2] (MspMote.java:229) - 14: # Watchdog[EXECUTION]: illegal write to WDTCTL (0) from $103ca - reset!!!!
Watchdog: illegal write to WDTCTL (0) from $103ca - reset!!!!
Stack Trace: number of calls: 5 PC: $103ca
  watchdog_reboot (packetbuf.c) called from PC: $24c30 (elapsed: 5)
  restart_time_synchronisation (packetbuf.c) called from PC: $159f2 (elapsed: 30452)
  process_thread_foure_timesynch_process (local in 4emac-timesynch.c) called from PC: $12738 (elapsed: 1257161)
  call_process (local in process.c) called from PC: $1291c (elapsed: 1257198)
  process_run (packetbuf.c) called from PC: $05edc (elapsed: 1260351)
 WARN [Thread-2] (MspMote.java:229) - 32: # Watchdog[EXECUTION]: illegal write to WDTCTL (0) from $103ca - reset!!!!
Watchdog: illegal write to WDTCTL (0) from $103ca - reset!!!!
Stack Trace: number of calls: 5 PC: $103ca
  watchdog_reboot (packetbuf.c) called from PC: $24c30 (elapsed: 5)
  restart_time_synchronisation (packetbuf.c) called from PC: $159f2 (elapsed: 30447)
  process_thread_foure_timesynch_process (local in 4emac-timesynch.c) called from PC: $12738 (elapsed: 838131)
  call_process (local in process.c) called from PC: $1291c (elapsed: 838168)
  process_run (packetbuf.c) called from PC: $05edc (elapsed: 841081)
 WARN [Thread-2] (MspMote.java:229) - 45: # Watchdog[EXECUTION]: illegal write to WDTCTL (0) from $103ca - reset!!!!
Watchdog: illegal write to WDTCTL (0) from $103ca - reset!!!!
Stack Trace: number of calls: 5 PC: $103ca
  watchdog_reboot (packetbuf.c) called from PC: $24c30 (elapsed: 5)
  restart_time_synchronisation (packetbuf.c) called from PC: $159f2 (elapsed: 30452)
  process_thread_foure_timesynch_process (local in 4emac-timesynch.c) called from PC: $12738 (elapsed: 667141)
  call_process (local in process.c) called from PC: $1291c (elapsed: 667178)
  process_run (packetbuf.c) called from PC: $05edc (elapsed: 670253)
 WARN [Thread-2] (MspMote.java:229) - 41: # Watchdog[EXECUTION]: illegal write to WDTCTL (0) from $103ca - reset!!!!
Watchdog: illegal write to WDTCTL (0) from $103ca - reset!!!!
Stack Trace: number of calls: 5 PC: $103ca
  watchdog_reboot (packetbuf.c) called from PC: $24c30 (elapsed: 5)
  restart_time_synchronisation (packetbuf.c) called from PC: $159f2 (elapsed: 30447)
  process_thread_foure_timesynch_process (local in 4emac-timesynch.c) called from PC: $12738 (elapsed: 943225)
  call_process (local in process.c) called from PC: $1291c (elapsed: 943262)
  process_run (packetbuf.c) called from PC: $05edc (elapsed: 946254)
 WARN [Thread-2] (MspMote.java:229) - 12: # Watchdog[EXECUTION]: illegal write to WDTCTL (0) from $103ca - reset!!!!
Watchdog: illegal write to WDTCTL (0) from $103ca - reset!!!!
Stack Trace: number of calls: 5 PC: $103ca
  watchdog_reboot (packetbuf.c) called from PC: $24c30 (elapsed: 5)
  restart_time_synchronisation (packetbuf.c) called from PC: $159f2 (elapsed: 30452)
  process_thread_foure_timesynch_process (local in 4emac-timesynch.c) called from PC: $12738 (elapsed: 1241467)
  call_process (local in process.c) called from PC: $1291c (elapsed: 1241504)
  process_run (packetbuf.c) called from PC: $05edc (elapsed: 1244723)
 WARN [Thread-2] (MspMote.java:229) - 40: # Watchdog[EXECUTION]: illegal write to WDTCTL (0) from $103ca - reset!!!!
Watchdog: illegal write to WDTCTL (0) from $103ca - reset!!!!
Stack Trace: number of calls: 5 PC: $103ca
  watchdog_reboot (packetbuf.c) called from PC: $24c30 (elapsed: 5)
  restart_time_synchronisation (packetbuf.c) called from PC: $159f2 (elapsed: 30452)
  process_thread_foure_timesynch_process (local in 4emac-timesynch.c) called from PC: $12738 (elapsed: 808371)
  call_process (local in process.c) called from PC: $1291c (elapsed: 808408)
  process_run (packetbuf.c) called from PC: $05edc (elapsed: 811484)
 WARN [Thread-2] (MspMote.java:229) - 19: # Watchdog[EXECUTION]: illegal write to WDTCTL (0) from $103ca - reset!!!!
Watchdog: illegal write to WDTCTL (0) from $103ca - reset!!!!
Stack Trace: number of calls: 5 PC: $103ca
  watchdog_reboot (packetbuf.c) called from PC: $24c30 (elapsed: 5)
  restart_time_synchronisation (packetbuf.c) called from PC: $159f2 (elapsed: 30452)
  process_thread_foure_timesynch_process (local in 4emac-timesynch.c) called from PC: $12738 (elapsed: 843892)
  call_process (local in process.c) called from PC: $1291c (elapsed: 843929)
  process_run (packetbuf.c) called from PC: $05edc (elapsed: 847060)
 WARN [Thread-2] (MspMote.java:229) - 13: # Watchdog[EXECUTION]: illegal write to WDTCTL (0) from $103ca - reset!!!!
Watchdog: illegal write to WDTCTL (0) from $103ca - reset!!!!
Stack Trace: number of calls: 5 PC: $103ca
  watchdog_reboot (packetbuf.c) called from PC: $24c30 (elapsed: 5)
  restart_time_synchronisation (packetbuf.c) called from PC: $159f2 (elapsed: 30453)
  process_thread_foure_timesynch_process (local in 4emac-timesynch.c) called from PC: $12738 (elapsed: 811546)
  call_process (local in process.c) called from PC: $1291c (elapsed: 811583)
  process_run (packetbuf.c) called from PC: $05edc (elapsed: 814736)
 WARN [Thread-2] (MspMote.java:229) - 17: # Watchdog[EXECUTION]: illegal write to WDTCTL (0) from $103ca - reset!!!!
Watchdog: illegal write to WDTCTL (0) from $103ca - reset!!!!
Stack Trace: number of calls: 5 PC: $103ca
  watchdog_reboot (packetbuf.c) called from PC: $24c30 (elapsed: 5)
  restart_time_synchronisation (packetbuf.c) called from PC: $159f2 (elapsed: 30447)
  process_thread_foure_timesynch_process (local in 4emac-timesynch.c) called from PC: $12738 (elapsed: 1398565)
  call_process (local in process.c) called from PC: $1291c (elapsed: 1398602)
  process_run (packetbuf.c) called from PC: $05edc (elapsed: 1401520)
 WARN [Thread-2] (MspMote.java:229) - 50: # Watchdog[EXECUTION]: illegal write to WDTCTL (0) from $103ca - reset!!!!
Watchdog: illegal write to WDTCTL (0) from $103ca - reset!!!!
Stack Trace: number of calls: 5 PC: $103ca
  watchdog_reboot (packetbuf.c) called from PC: $24c30 (elapsed: 5)
  restart_time_synchronisation (packetbuf.c) called from PC: $159f2 (elapsed: 30453)
  process_thread_foure_timesynch_process (local in 4emac-timesynch.c) called from PC: $12738 (elapsed: 631533)
  call_process (local in process.c) called from PC: $1291c (elapsed: 631570)
  process_run (packetbuf.c) called from PC: $05edc (elapsed: 634643)
 WARN [Thread-2] (MspMote.java:229) - 34: # Watchdog[EXECUTION]: illegal write to WDTCTL (0) from $103ca - reset!!!!
Watchdog: illegal write to WDTCTL (0) from $103ca - reset!!!!
Stack Trace: number of calls: 5 PC: $103ca
  watchdog_reboot (packetbuf.c) called from PC: $24c30 (elapsed: 5)
  restart_time_synchronisation (packetbuf.c) called from PC: $159f2 (elapsed: 30453)
  process_thread_foure_timesynch_process (local in 4emac-timesynch.c) called from PC: $12738 (elapsed: 771545)
  call_process (local in process.c) called from PC: $1291c (elapsed: 771582)
  process_run (packetbuf.c) called from PC: $05edc (elapsed: 774655)
 WARN [Thread-2] (MspMote.java:229) - 51: # Watchdog[EXECUTION]: illegal write to WDTCTL (0) from $103ca - reset!!!!
Watchdog: illegal write to WDTCTL (0) from $103ca - reset!!!!
Stack Trace: number of calls: 5 PC: $103ca
  watchdog_reboot (packetbuf.c) called from PC: $24c30 (elapsed: 5)
  restart_time_synchronisation (packetbuf.c) called from PC: $159f2 (elapsed: 30453)
  process_thread_foure_timesynch_process (local in 4emac-timesynch.c) called from PC: $12738 (elapsed: 1083593)
  call_process (local in process.c) called from PC: $1291c (elapsed: 1083630)
  process_run (packetbuf.c) called from PC: $05edc (elapsed: 1086623)
 WARN [Thread-2] (MspMote.java:229) - 3: # Watchdog[EXECUTION]: illegal write to WDTCTL (0) from $103ca - reset!!!!
Watchdog: illegal write to WDTCTL (0) from $103ca - reset!!!!
Stack Trace: number of calls: 5 PC: $103ca
  watchdog_reboot (packetbuf.c) called from PC: $24c30 (elapsed: 5)
  restart_time_synchronisation (packetbuf.c) called from PC: $159f2 (elapsed: 30447)
  process_thread_foure_timesynch_process (local in 4emac-timesynch.c) called from PC: $12738 (elapsed: 1085984)
  call_process (local in process.c) called from PC: $1291c (elapsed: 1086021)
  process_run (packetbuf.c) called from PC: $05edc (elapsed: 1089096)
 WARN [Thread-2] (MspMote.java:229) - 22: # Watchdog[EXECUTION]: illegal write to WDTCTL (0) from $103ca - reset!!!!
Watchdog: illegal write to WDTCTL (0) from $103ca - reset!!!!
Stack Trace: number of calls: 5 PC: $103ca
  watchdog_reboot (packetbuf.c) called from PC: $24c30 (elapsed: 5)
  restart_time_synchronisation (packetbuf.c) called from PC: $159f2 (elapsed: 30452)
  process_thread_foure_timesynch_process (local in 4emac-timesynch.c) called from PC: $12738 (elapsed: 912492)
  call_process (local in process.c) called from PC: $1291c (elapsed: 912529)
  process_run (packetbuf.c) called from PC: $05edc (elapsed: 915600)
 WARN [Thread-2] (MspMote.java:229) - 23: # Watchdog[EXECUTION]: illegal write to WDTCTL (0) from $103ca - reset!!!!
Watchdog: illegal write to WDTCTL (0) from $103ca - reset!!!!
Stack Trace: number of calls: 5 PC: $103ca
  watchdog_reboot (packetbuf.c) called from PC: $24c30 (elapsed: 5)
  restart_time_synchronisation (packetbuf.c) called from PC: $159f2 (elapsed: 30447)
  process_thread_foure_timesynch_process (local in 4emac-timesynch.c) called from PC: $12738 (elapsed: 1390360)
  call_process (local in process.c) called from PC: $1291c (elapsed: 1390397)
  process_run (packetbuf.c) called from PC: $05edc (elapsed: 1393312)
 WARN [Thread-2] (MspMote.java:229) - 44: # Watchdog[EXECUTION]: illegal write to WDTCTL (0) from $103ca - reset!!!!
Watchdog: illegal write to WDTCTL (0) from $103ca - reset!!!!
Stack Trace: number of calls: 5 PC: $103ca
  watchdog_reboot (packetbuf.c) called from PC: $24c30 (elapsed: 5)
  restart_time_synchronisation (packetbuf.c) called from PC: $159f2 (elapsed: 30452)
  process_thread_foure_timesynch_process (local in 4emac-timesynch.c) called from PC: $12738 (elapsed: 676267)
  call_process (local in process.c) called from PC: $1291c (elapsed: 676304)
  process_run (packetbuf.c) called from PC: $05edc (elapsed: 679458)
 WARN [Thread-2] (MspMote.java:229) - 47: # Watchdog[EXECUTION]: illegal write to WDTCTL (0) from $103ca - reset!!!!
Watchdog: illegal write to WDTCTL (0) from $103ca - reset!!!!
Stack Trace: number of calls: 5 PC: $103ca
  watchdog_reboot (packetbuf.c) called from PC: $24c30 (elapsed: 5)
  restart_time_synchronisation (packetbuf.c) called from PC: $159f2 (elapsed: 30452)
  process_thread_foure_timesynch_process (local in 4emac-timesynch.c) called from PC: $12738 (elapsed: 805900)
  call_process (local in process.c) called from PC: $1291c (elapsed: 805937)
  process_run (packetbuf.c) called from PC: $05edc (elapsed: 1468651)
 WARN [Thread-2] (MspMote.java:229) - 20: # Watchdog[EXECUTION]: illegal write to WDTCTL (0) from $103ca - reset!!!!
Watchdog: illegal write to WDTCTL (0) from $103ca - reset!!!!
Stack Trace: number of calls: 5 PC: $103ca
  watchdog_reboot (packetbuf.c) called from PC: $24c30 (elapsed: 5)
  restart_time_synchronisation (packetbuf.c) called from PC: $159f2 (elapsed: 30452)
  process_thread_foure_timesynch_process (local in 4emac-timesynch.c) called from PC: $12738 (elapsed: 552084)
  call_process (local in process.c) called from PC: $1291c (elapsed: 552121)
  process_run (packetbuf.c) called from PC: $05edc (elapsed: 554955)
 WARN [Thread-2] (MspMote.java:229) - 10: # Watchdog[EXECUTION]: illegal write to WDTCTL (0) from $103ca - reset!!!!
Watchdog: illegal write to WDTCTL (0) from $103ca - reset!!!!
Stack Trace: number of calls: 5 PC: $103ca
  watchdog_reboot (packetbuf.c) called from PC: $24c30 (elapsed: 5)
  restart_time_synchronisation (packetbuf.c) called from PC: $159f2 (elapsed: 30452)
  process_thread_foure_timesynch_process (local in 4emac-timesynch.c) called from PC: $12738 (elapsed: 985325)
  call_process (local in process.c) called from PC: $1291c (elapsed: 985362)
  process_run (packetbuf.c) called from PC: $05edc (elapsed: 992149)
 WARN [Thread-2] (MspMote.java:229) - 4: # Watchdog[EXECUTION]: illegal write to WDTCTL (0) from $103ca - reset!!!!
Watchdog: illegal write to WDTCTL (0) from $103ca - reset!!!!
Stack Trace: number of calls: 5 PC: $103ca
  watchdog_reboot (packetbuf.c) called from PC: $24c30 (elapsed: 5)
  restart_time_synchronisation (packetbuf.c) called from PC: $159f2 (elapsed: 30452)
  process_thread_foure_timesynch_process (local in 4emac-timesynch.c) called from PC: $12738 (elapsed: 808381)
  call_process (local in process.c) called from PC: $1291c (elapsed: 808418)
  process_run (packetbuf.c) called from PC: $05edc (elapsed: 811367)
 WARN [Thread-2] (MspMote.java:229) - 7: # Watchdog[EXECUTION]: illegal write to WDTCTL (0) from $103ca - reset!!!!
Watchdog: illegal write to WDTCTL (0) from $103ca - reset!!!!
Stack Trace: number of calls: 5 PC: $103ca
  watchdog_reboot (packetbuf.c) called from PC: $24c30 (elapsed: 5)
  restart_time_synchronisation (packetbuf.c) called from PC: $159f2 (elapsed: 30567)
  process_thread_foure_timesynch_process (local in 4emac-timesynch.c) called from PC: $12738 (elapsed: 950570)
  call_process (local in process.c) called from PC: $1291c (elapsed: 950607)
  process_run (packetbuf.c) called from PC: $05edc (elapsed: 953520)
 WARN [Thread-2] (MspMote.java:229) - 46: # Watchdog[EXECUTION]: illegal write to WDTCTL (0) from $103ca - reset!!!!
Watchdog: illegal write to WDTCTL (0) from $103ca - reset!!!!
Stack Trace: number of calls: 5 PC: $103ca
  watchdog_reboot (packetbuf.c) called from PC: $24c30 (elapsed: 5)
  restart_time_synchronisation (packetbuf.c) called from PC: $159f2 (elapsed: 30452)
  process_thread_foure_timesynch_process (local in 4emac-timesynch.c) called from PC: $12738 (elapsed: 866625)
  call_process (local in process.c) called from PC: $1291c (elapsed: 866662)
  process_run (packetbuf.c) called from PC: $05edc (elapsed: 869814)
 WARN [Thread-2] (MspMote.java:229) - 36: # Watchdog[EXECUTION]: illegal write to WDTCTL (0) from $103ca - reset!!!!
Watchdog: illegal write to WDTCTL (0) from $103ca - reset!!!!
Stack Trace: number of calls: 11 PC: $103ca
  watchdog_reboot (packetbuf.c) called from PC: $24c30 (elapsed: 5)
  restart_time_synchronisation (packetbuf.c) called from PC: $14eee (elapsed: 31365)
  foure_timesynch_parent_switch_callback (packetbuf.c) called from PC: $1e95c (elapsed: 69446)
  rpl_set_preferred_parent (local in rpl-dag.c) called from PC: $1ef8c (elapsed: 163816)
  rpl_nullify_parent (packetbuf.c) called from PC: $1fc26 (elapsed: 410714)
  rpl_process_parent_event (packetbuf.c) called from PC: $1fcbe (elapsed: 505011)
  rpl_recalculate_ranks (packetbuf.c) called from PC: $23726 (elapsed: 505438)
  handle_periodic_timer (local in rpl-timers.c) called from PC: $1219c (elapsed: 505790)
  process_thread_ctimer_process (local in ctimer.c) called from PC: $12738 (elapsed: 505943)
  call_process (local in process.c) called from PC: $1291c (elapsed: 505980)
  process_run (packetbuf.c) called from PC: $05edc (elapsed: 509245)
 WARN [Thread-2] (MspMote.java:229) - 16: # Watchdog[EXECUTION]: illegal write to WDTCTL (0) from $103ca - reset!!!!
Watchdog: illegal write to WDTCTL (0) from $103ca - reset!!!!
Stack Trace: number of calls: 5 PC: $103ca
  watchdog_reboot (packetbuf.c) called from PC: $24c30 (elapsed: 5)
  restart_time_synchronisation (packetbuf.c) called from PC: $159f2 (elapsed: 30447)
  process_thread_foure_timesynch_process (local in 4emac-timesynch.c) called from PC: $12738 (elapsed: 808697)
  call_process (local in process.c) called from PC: $1291c (elapsed: 808734)
  process_run (packetbuf.c) called from PC: $05edc (elapsed: 811807)
 WARN [Thread-2] (MspMote.java:229) - 29: # Watchdog[EXECUTION]: illegal write to WDTCTL (0) from $103ca - reset!!!!
Watchdog: illegal write to WDTCTL (0) from $103ca - reset!!!!
Stack Trace: number of calls: 5 PC: $103ca
  watchdog_reboot (packetbuf.c) called from PC: $24c30 (elapsed: 5)
  restart_time_synchronisation (packetbuf.c) called from PC: $159f2 (elapsed: 30453)
  process_thread_foure_timesynch_process (local in 4emac-timesynch.c) called from PC: $12738 (elapsed: 820373)
  call_process (local in process.c) called from PC: $1291c (elapsed: 820410)
  process_run (packetbuf.c) called from PC: $05edc (elapsed: 823483)
 WARN [Thread-2] (MspMote.java:229) - 18: # Watchdog[EXECUTION]: illegal write to WDTCTL (0) from $103ca - reset!!!!
Watchdog: illegal write to WDTCTL (0) from $103ca - reset!!!!
Stack Trace: number of calls: 5 PC: $103ca
  watchdog_reboot (packetbuf.c) called from PC: $24c30 (elapsed: 5)
  restart_time_synchronisation (packetbuf.c) called from PC: $159f2 (elapsed: 30452)
  process_thread_foure_timesynch_process (local in 4emac-timesynch.c) called from PC: $12738 (elapsed: 1357351)
  call_process (local in process.c) called from PC: $1291c (elapsed: 1357388)
  process_run (packetbuf.c) called from PC: $05edc (elapsed: 1360946)
 WARN [Thread-2] (MspMote.java:229) - 27: # Watchdog[EXECUTION]: illegal write to WDTCTL (0) from $103ca - reset!!!!
Watchdog: illegal write to WDTCTL (0) from $103ca - reset!!!!
Stack Trace: number of calls: 5 PC: $103ca
  watchdog_reboot (packetbuf.c) called from PC: $24c30 (elapsed: 5)
  restart_time_synchronisation (packetbuf.c) called from PC: $159f2 (elapsed: 56343)
  process_thread_foure_timesynch_process (local in 4emac-timesynch.c) called from PC: $12738 (elapsed: 943420)
  call_process (local in process.c) called from PC: $1291c (elapsed: 943457)
  process_run (packetbuf.c) called from PC: $05edc (elapsed: 946528)
 WARN [Thread-2] (MspMote.java:229) - 38: # Watchdog[EXECUTION]: illegal write to WDTCTL (0) from $103ca - reset!!!!
Watchdog: illegal write to WDTCTL (0) from $103ca - reset!!!!
Stack Trace: number of calls: 5 PC: $103ca
  watchdog_reboot (packetbuf.c) called from PC: $24c30 (elapsed: 5)
  restart_time_synchronisation (packetbuf.c) called from PC: $159f2 (elapsed: 30452)
  process_thread_foure_timesynch_process (local in 4emac-timesynch.c) called from PC: $12738 (elapsed: 1111136)
  call_process (local in process.c) called from PC: $1291c (elapsed: 1111173)
  process_run (packetbuf.c) called from PC: $05edc (elapsed: 1114086)
 WARN [Thread-2] (MspMote.java:229) - 6: # Watchdog[EXECUTION]: illegal write to WDTCTL (0) from $103ca - reset!!!!
Watchdog: illegal write to WDTCTL (0) from $103ca - reset!!!!
Stack Trace: number of calls: 5 PC: $103ca
  watchdog_reboot (packetbuf.c) called from PC: $24c30 (elapsed: 5)
  restart_time_synchronisation (packetbuf.c) called from PC: $159f2 (elapsed: 30452)
  process_thread_foure_timesynch_process (local in 4emac-timesynch.c) called from PC: $12738 (elapsed: 1213973)
  call_process (local in process.c) called from PC: $1291c (elapsed: 1214010)
  process_run (packetbuf.c) called from PC: $05edc (elapsed: 1217430)
 WARN [Thread-2] (MspMote.java:229) - 37: # Watchdog[EXECUTION]: illegal write to WDTCTL (0) from $103ca - reset!!!!
Watchdog: illegal write to WDTCTL (0) from $103ca - reset!!!!
Stack Trace: number of calls: 5 PC: $103ca
  watchdog_reboot (packetbuf.c) called from PC: $24c30 (elapsed: 5)
  restart_time_synchronisation (packetbuf.c) called from PC: $159f2 (elapsed: 30452)
  process_thread_foure_timesynch_process (local in 4emac-timesynch.c) called from PC: $12738 (elapsed: 975354)
  call_process (local in process.c) called from PC: $1291c (elapsed: 975391)
  process_run (packetbuf.c) called from PC: $05edc (elapsed: 978387)
 WARN [Thread-2] (MspMote.java:229) - 30: # Watchdog[EXECUTION]: illegal write to WDTCTL (0) from $103ca - reset!!!!
 INFO [Thread-2] (LogScriptEngine.java:389) - Test script at 60.00%, done in 5174.7 sec
Watchdog: illegal write to WDTCTL (0) from $103ca - reset!!!!
Stack Trace: number of calls: 5 PC: $103ca
  watchdog_reboot (packetbuf.c) called from PC: $24c30 (elapsed: 5)
  restart_time_synchronisation (packetbuf.c) called from PC: $159f2 (elapsed: 30452)
  process_thread_foure_timesynch_process (local in 4emac-timesynch.c) called from PC: $12738 (elapsed: 979069)
  call_process (local in process.c) called from PC: $1291c (elapsed: 979106)
  process_run (packetbuf.c) called from PC: $05edc (elapsed: 982179)
 WARN [Thread-2] (MspMote.java:229) - 12: # Watchdog[EXECUTION]: illegal write to WDTCTL (0) from $103ca - reset!!!!
Watchdog: illegal write to WDTCTL (0) from $103ca - reset!!!!
Stack Trace: number of calls: 5 PC: $103ca
  watchdog_reboot (packetbuf.c) called from PC: $24c30 (elapsed: 5)
  restart_time_synchronisation (packetbuf.c) called from PC: $159f2 (elapsed: 30453)
  process_thread_foure_timesynch_process (local in 4emac-timesynch.c) called from PC: $12738 (elapsed: 944004)
  call_process (local in process.c) called from PC: $1291c (elapsed: 944041)
  process_run (packetbuf.c) called from PC: $05edc (elapsed: 946954)
 WARN [Thread-2] (MspMote.java:229) - 2: # Watchdog[EXECUTION]: illegal write to WDTCTL (0) from $103ca - reset!!!!
Watchdog: illegal write to WDTCTL (0) from $103ca - reset!!!!
Stack Trace: number of calls: 5 PC: $103ca
  watchdog_reboot (packetbuf.c) called from PC: $24c30 (elapsed: 5)
  restart_time_synchronisation (packetbuf.c) called from PC: $159f2 (elapsed: 30452)
  process_thread_foure_timesynch_process (local in 4emac-timesynch.c) called from PC: $12738 (elapsed: 1054463)
  call_process (local in process.c) called from PC: $1291c (elapsed: 1054500)
  process_run (packetbuf.c) called from PC: $05edc (elapsed: 1062580)
 WARN [Thread-2] (MspMote.java:229) - 10: # Watchdog[EXECUTION]: illegal write to WDTCTL (0) from $103ca - reset!!!!
Watchdog: illegal write to WDTCTL (0) from $103ca - reset!!!!
Stack Trace: number of calls: 5 PC: $103ca
  watchdog_reboot (packetbuf.c) called from PC: $24c30 (elapsed: 5)
  restart_time_synchronisation (packetbuf.c) called from PC: $159f2 (elapsed: 30453)
  process_thread_foure_timesynch_process (local in 4emac-timesynch.c) called from PC: $12738 (elapsed: 945489)
  call_process (local in process.c) called from PC: $1291c (elapsed: 945526)
  process_run (packetbuf.c) called from PC: $05edc (elapsed: 948682)
 WARN [Thread-2] (MspMote.java:229) - 14: # Watchdog[EXECUTION]: illegal write to WDTCTL (0) from $103ca - reset!!!!
Watchdog: illegal write to WDTCTL (0) from $103ca - reset!!!!
Stack Trace: number of calls: 5 PC: $103ca
  watchdog_reboot (packetbuf.c) called from PC: $24c30 (elapsed: 5)
  restart_time_synchronisation (packetbuf.c) called from PC: $159f2 (elapsed: 30651)
  process_thread_foure_timesynch_process (local in 4emac-timesynch.c) called from PC: $12738 (elapsed: 942459)
  call_process (local in process.c) called from PC: $1291c (elapsed: 942496)
  process_run (packetbuf.c) called from PC: $05edc (elapsed: 945675)
 WARN [Thread-2] (MspMote.java:229) - 42: # Watchdog[EXECUTION]: illegal write to WDTCTL (0) from $103ca - reset!!!!
Watchdog: illegal write to WDTCTL (0) from $103ca - reset!!!!
Stack Trace: number of calls: 5 PC: $103ca
  watchdog_reboot (packetbuf.c) called from PC: $24c30 (elapsed: 5)
  restart_time_synchronisation (packetbuf.c) called from PC: $159f2 (elapsed: 30447)
  process_thread_foure_timesynch_process (local in 4emac-timesynch.c) called from PC: $12738 (elapsed: 1077045)
  call_process (local in process.c) called from PC: $1291c (elapsed: 1077082)
  process_run (packetbuf.c) called from PC: $05edc (elapsed: 1080346)
 WARN [Thread-2] (MspMote.java:229) - 17: # Watchdog[EXECUTION]: illegal write to WDTCTL (0) from $103ca - reset!!!!
Watchdog: illegal write to WDTCTL (0) from $103ca - reset!!!!
Stack Trace: number of calls: 5 PC: $103ca
  watchdog_reboot (packetbuf.c) called from PC: $24c30 (elapsed: 5)
  restart_time_synchronisation (packetbuf.c) called from PC: $159f2 (elapsed: 30447)
  process_thread_foure_timesynch_process (local in 4emac-timesynch.c) called from PC: $12738 (elapsed: 949525)
  call_process (local in process.c) called from PC: $1291c (elapsed: 949562)
  process_run (packetbuf.c) called from PC: $05edc (elapsed: 952477)
 WARN [Thread-2] (MspMote.java:229) - 20: # Watchdog[EXECUTION]: illegal write to WDTCTL (0) from $103ca - reset!!!!
Watchdog: illegal write to WDTCTL (0) from $103ca - reset!!!!
Stack Trace: number of calls: 5 PC: $103ca
  watchdog_reboot (packetbuf.c) called from PC: $24c30 (elapsed: 5)
  restart_time_synchronisation (packetbuf.c) called from PC: $159f2 (elapsed: 30452)
  process_thread_foure_timesynch_process (local in 4emac-timesynch.c) called from PC: $12738 (elapsed: 1071647)
  call_process (local in process.c) called from PC: $1291c (elapsed: 1071684)
  process_run (packetbuf.c) called from PC: $05edc (elapsed: 1074760)
 WARN [Thread-2] (MspMote.java:229) - 24: # Watchdog[EXECUTION]: illegal write to WDTCTL (0) from $103ca - reset!!!!
Watchdog: illegal write to WDTCTL (0) from $103ca - reset!!!!
Stack Trace: number of calls: 11 PC: $103ca
  watchdog_reboot (packetbuf.c) called from PC: $24c30 (elapsed: 5)
  restart_time_synchronisation (packetbuf.c) called from PC: $14eee (elapsed: 31371)
  foure_timesynch_parent_switch_callback (packetbuf.c) called from PC: $1e95c (elapsed: 69452)
  rpl_set_preferred_parent (local in rpl-dag.c) called from PC: $1ef8c (elapsed: 163816)
  rpl_nullify_parent (packetbuf.c) called from PC: $1fc26 (elapsed: 414233)
  rpl_process_parent_event (packetbuf.c) called from PC: $1fcbe (elapsed: 508533)
  rpl_recalculate_ranks (packetbuf.c) called from PC: $23726 (elapsed: 508960)
  handle_periodic_timer (local in rpl-timers.c) called from PC: $1219c (elapsed: 509227)
  process_thread_ctimer_process (local in ctimer.c) called from PC: $12738 (elapsed: 509452)
  call_process (local in process.c) called from PC: $1291c (elapsed: 509489)
  process_run (packetbuf.c) called from PC: $05edc (elapsed: 512481)
 WARN [Thread-2] (MspMote.java:229) - 44: # Watchdog[EXECUTION]: illegal write to WDTCTL (0) from $103ca - reset!!!!
Watchdog: illegal write to WDTCTL (0) from $103ca - reset!!!!
Stack Trace: number of calls: 5 PC: $103ca
  watchdog_reboot (packetbuf.c) called from PC: $24c30 (elapsed: 5)
  restart_time_synchronisation (packetbuf.c) called from PC: $159f2 (elapsed: 30447)
  process_thread_foure_timesynch_process (local in 4emac-timesynch.c) called from PC: $12738 (elapsed: 699267)
  call_process (local in process.c) called from PC: $1291c (elapsed: 699304)
  process_run (packetbuf.c) called from PC: $05edc (elapsed: 702296)
 WARN [Thread-2] (MspMote.java:229) - 40: # Watchdog[EXECUTION]: illegal write to WDTCTL (0) from $103ca - reset!!!!
Watchdog: illegal write to WDTCTL (0) from $103ca - reset!!!!
Stack Trace: number of calls: 5 PC: $103ca
  watchdog_reboot (packetbuf.c) called from PC: $24c30 (elapsed: 5)
  restart_time_synchronisation (packetbuf.c) called from PC: $159f2 (elapsed: 30453)
  process_thread_foure_timesynch_process (local in 4emac-timesynch.c) called from PC: $12738 (elapsed: 501454)
  call_process (local in process.c) called from PC: $1291c (elapsed: 501491)
  process_run (packetbuf.c) called from PC: $05edc (elapsed: 504406)
 WARN [Thread-2] (MspMote.java:229) - 37: # Watchdog[EXECUTION]: illegal write to WDTCTL (0) from $103ca - reset!!!!
Watchdog: illegal write to WDTCTL (0) from $103ca - reset!!!!
Stack Trace: number of calls: 5 PC: $103ca
  watchdog_reboot (packetbuf.c) called from PC: $24c30 (elapsed: 5)
  restart_time_synchronisation (packetbuf.c) called from PC: $159f2 (elapsed: 30447)
  process_thread_foure_timesynch_process (local in 4emac-timesynch.c) called from PC: $12738 (elapsed: 1084835)
  call_process (local in process.c) called from PC: $1291c (elapsed: 1084872)
  process_run (packetbuf.c) called from PC: $05edc (elapsed: 1088108)
 WARN [Thread-2] (MspMote.java:229) - 39: # Watchdog[EXECUTION]: illegal write to WDTCTL (0) from $103ca - reset!!!!
Watchdog: illegal write to WDTCTL (0) from $103ca - reset!!!!
Stack Trace: number of calls: 5 PC: $103ca
  watchdog_reboot (packetbuf.c) called from PC: $24c30 (elapsed: 5)
  restart_time_synchronisation (packetbuf.c) called from PC: $159f2 (elapsed: 30452)
  process_thread_foure_timesynch_process (local in 4emac-timesynch.c) called from PC: $12738 (elapsed: 1118714)
  call_process (local in process.c) called from PC: $1291c (elapsed: 1118751)
  process_run (packetbuf.c) called from PC: $05edc (elapsed: 1121910)
 WARN [Thread-2] (MspMote.java:229) - 33: # Watchdog[EXECUTION]: illegal write to WDTCTL (0) from $103ca - reset!!!!
Watchdog: illegal write to WDTCTL (0) from $103ca - reset!!!!
Stack Trace: number of calls: 5 PC: $103ca
  watchdog_reboot (packetbuf.c) called from PC: $24c30 (elapsed: 5)
  restart_time_synchronisation (packetbuf.c) called from PC: $159f2 (elapsed: 30452)
  process_thread_foure_timesynch_process (local in 4emac-timesynch.c) called from PC: $12738 (elapsed: 971232)
  call_process (local in process.c) called from PC: $1291c (elapsed: 971269)
  process_run (packetbuf.c) called from PC: $05edc (elapsed: 978175)
 WARN [Thread-2] (MspMote.java:229) - 13: # Watchdog[EXECUTION]: illegal write to WDTCTL (0) from $103ca - reset!!!!
Watchdog: illegal write to WDTCTL (0) from $103ca - reset!!!!
Stack Trace: number of calls: 5 PC: $103ca
  watchdog_reboot (packetbuf.c) called from PC: $24c30 (elapsed: 5)
  restart_time_synchronisation (packetbuf.c) called from PC: $159f2 (elapsed: 30519)
  process_thread_foure_timesynch_process (local in 4emac-timesynch.c) called from PC: $12738 (elapsed: 641212)
  call_process (local in process.c) called from PC: $1291c (elapsed: 641249)
  process_run (packetbuf.c) called from PC: $05edc (elapsed: 644565)
 WARN [Thread-2] (MspMote.java:229) - 32: # Watchdog[EXECUTION]: illegal write to WDTCTL (0) from $103ca - reset!!!!
Watchdog: illegal write to WDTCTL (0) from $103ca - reset!!!!
Stack Trace: number of calls: 5 PC: $103ca
  watchdog_reboot (packetbuf.c) called from PC: $24c30 (elapsed: 5)
  restart_time_synchronisation (packetbuf.c) called from PC: $159f2 (elapsed: 30452)
  process_thread_foure_timesynch_process (local in 4emac-timesynch.c) called from PC: $12738 (elapsed: 804268)
  call_process (local in process.c) called from PC: $1291c (elapsed: 804305)
  process_run (packetbuf.c) called from PC: $05edc (elapsed: 808258)
 WARN [Thread-2] (MspMote.java:229) - 9: # Watchdog[EXECUTION]: illegal write to WDTCTL (0) from $103ca - reset!!!!
Watchdog: illegal write to WDTCTL (0) from $103ca - reset!!!!
Stack Trace: number of calls: 5 PC: $103ca
  watchdog_reboot (packetbuf.c) called from PC: $24c30 (elapsed: 5)
  restart_time_synchronisation (packetbuf.c) called from PC: $159f2 (elapsed: 30452)
  process_thread_foure_timesynch_process (local in 4emac-timesynch.c) called from PC: $12738 (elapsed: 1250729)
  call_process (local in process.c) called from PC: $1291c (elapsed: 1250766)
  process_run (packetbuf.c) called from PC: $05edc (elapsed: 1253681)
 WARN [Thread-2] (MspMote.java:229) - 29: # Watchdog[EXECUTION]: illegal write to WDTCTL (0) from $103ca - reset!!!!
Watchdog: illegal write to WDTCTL (0) from $103ca - reset!!!!
Stack Trace: number of calls: 5 PC: $103ca
  watchdog_reboot (packetbuf.c) called from PC: $24c30 (elapsed: 5)
  restart_time_synchronisation (packetbuf.c) called from PC: $159f2 (elapsed: 30447)
  process_thread_foure_timesynch_process (local in 4emac-timesynch.c) called from PC: $12738 (elapsed: 638181)
  call_process (local in process.c) called from PC: $1291c (elapsed: 638218)
  process_run (packetbuf.c) called from PC: $05edc (elapsed: 642335)
 WARN [Thread-2] (MspMote.java:229) - 26: # Watchdog[EXECUTION]: illegal write to WDTCTL (0) from $103ca - reset!!!!
Watchdog: illegal write to WDTCTL (0) from $103ca - reset!!!!
Stack Trace: number of calls: 5 PC: $103ca
  watchdog_reboot (packetbuf.c) called from PC: $24c30 (elapsed: 5)
  restart_time_synchronisation (packetbuf.c) called from PC: $159f2 (elapsed: 30453)
  process_thread_foure_timesynch_process (local in 4emac-timesynch.c) called from PC: $12738 (elapsed: 500450)
  call_process (local in process.c) called from PC: $1291c (elapsed: 500487)
  process_run (packetbuf.c) called from PC: $05edc (elapsed: 503400)
 WARN [Thread-2] (MspMote.java:229) - 49: # Watchdog[EXECUTION]: illegal write to WDTCTL (0) from $103ca - reset!!!!
Watchdog: illegal write to WDTCTL (0) from $103ca - reset!!!!
Stack Trace: number of calls: 5 PC: $103ca
  watchdog_reboot (packetbuf.c) called from PC: $24c30 (elapsed: 5)
  restart_time_synchronisation (packetbuf.c) called from PC: $159f2 (elapsed: 30452)
  process_thread_foure_timesynch_process (local in 4emac-timesynch.c) called from PC: $12738 (elapsed: 1221418)
  call_process (local in process.c) called from PC: $1291c (elapsed: 1221455)
  process_run (packetbuf.c) called from PC: $05edc (elapsed: 1225869)
 WARN [Thread-2] (MspMote.java:229) - 31: # Watchdog[EXECUTION]: illegal write to WDTCTL (0) from $103ca - reset!!!!
Watchdog: illegal write to WDTCTL (0) from $103ca - reset!!!!
Stack Trace: number of calls: 5 PC: $103ca
  watchdog_reboot (packetbuf.c) called from PC: $24c30 (elapsed: 5)
  restart_time_synchronisation (packetbuf.c) called from PC: $159f2 (elapsed: 30452)
  process_thread_foure_timesynch_process (local in 4emac-timesynch.c) called from PC: $12738 (elapsed: 1293684)
  call_process (local in process.c) called from PC: $1291c (elapsed: 1293721)
  process_run (packetbuf.c) called from PC: $05edc (elapsed: 1298642)
 WARN [Thread-2] (MspMote.java:229) - 18: # Watchdog[EXECUTION]: illegal write to WDTCTL (0) from $103ca - reset!!!!
Watchdog: illegal write to WDTCTL (0) from $103ca - reset!!!!
Stack Trace: number of calls: 5 PC: $103ca
  watchdog_reboot (packetbuf.c) called from PC: $24c30 (elapsed: 5)
  restart_time_synchronisation (packetbuf.c) called from PC: $159f2 (elapsed: 30453)
  process_thread_foure_timesynch_process (local in 4emac-timesynch.c) called from PC: $12738 (elapsed: 945459)
  call_process (local in process.c) called from PC: $1291c (elapsed: 945496)
  process_run (packetbuf.c) called from PC: $05edc (elapsed: 948569)
 WARN [Thread-2] (MspMote.java:229) - 3: # Watchdog[EXECUTION]: illegal write to WDTCTL (0) from $103ca - reset!!!!
Watchdog: illegal write to WDTCTL (0) from $103ca - reset!!!!
Stack Trace: number of calls: 5 PC: $103ca
  watchdog_reboot (packetbuf.c) called from PC: $24c30 (elapsed: 5)
  restart_time_synchronisation (packetbuf.c) called from PC: $159f2 (elapsed: 30452)
  process_thread_foure_timesynch_process (local in 4emac-timesynch.c) called from PC: $12738 (elapsed: 1227434)
  call_process (local in process.c) called from PC: $1291c (elapsed: 1227471)
  process_run (packetbuf.c) called from PC: $05edc (elapsed: 1230575)
 WARN [Thread-2] (MspMote.java:229) - 47: # Watchdog[EXECUTION]: illegal write to WDTCTL (0) from $103ca - reset!!!!
Watchdog: illegal write to WDTCTL (0) from $103ca - reset!!!!
Stack Trace: number of calls: 5 PC: $103ca
  watchdog_reboot (packetbuf.c) called from PC: $24c30 (elapsed: 5)
  restart_time_synchronisation (packetbuf.c) called from PC: $159f2 (elapsed: 30447)
  process_thread_foure_timesynch_process (local in 4emac-timesynch.c) called from PC: $12738 (elapsed: 825513)
  call_process (local in process.c) called from PC: $1291c (elapsed: 825550)
  process_run (packetbuf.c) called from PC: $05edc (elapsed: 828702)
 WARN [Thread-2] (MspMote.java:229) - 43: # Watchdog[EXECUTION]: illegal write to WDTCTL (0) from $103ca - reset!!!!
Watchdog: illegal write to WDTCTL (0) from $103ca - reset!!!!
Stack Trace: number of calls: 5 PC: $103ca
  watchdog_reboot (packetbuf.c) called from PC: $24c30 (elapsed: 5)
  restart_time_synchronisation (packetbuf.c) called from PC: $159f2 (elapsed: 31359)
  process_thread_foure_timesynch_process (local in 4emac-timesynch.c) called from PC: $12738 (elapsed: 185459)
  call_process (local in process.c) called from PC: $1291c (elapsed: 185496)
  process_run (packetbuf.c) called from PC: $05edc (elapsed: 187777)
 WARN [Thread-2] (MspMote.java:229) - 34: # Watchdog[EXECUTION]: illegal write to WDTCTL (0) from $103ca - reset!!!!
Watchdog: illegal write to WDTCTL (0) from $103ca - reset!!!!
Stack Trace: number of calls: 5 PC: $103ca
  watchdog_reboot (packetbuf.c) called from PC: $24c30 (elapsed: 5)
  restart_time_synchronisation (packetbuf.c) called from PC: $159f2 (elapsed: 31592)
  process_thread_foure_timesynch_process (local in 4emac-timesynch.c) called from PC: $12738 (elapsed: 185666)
  call_process (local in process.c) called from PC: $1291c (elapsed: 185703)
  process_run (packetbuf.c) called from PC: $05edc (elapsed: 186990)
 WARN [Thread-2] (MspMote.java:229) - 20: # Watchdog[EXECUTION]: illegal write to WDTCTL (0) from $103ca - reset!!!!
Watchdog: illegal write to WDTCTL (0) from $103ca - reset!!!!
Stack Trace: number of calls: 5 PC: $103ca
  watchdog_reboot (packetbuf.c) called from PC: $24c30 (elapsed: 5)
  restart_time_synchronisation (packetbuf.c) called from PC: $159f2 (elapsed: 30452)
  process_thread_foure_timesynch_process (local in 4emac-timesynch.c) called from PC: $12738 (elapsed: 1112097)
  call_process (local in process.c) called from PC: $1291c (elapsed: 1112134)
  process_run (packetbuf.c) called from PC: $05edc (elapsed: 1115049)
 WARN [Thread-2] (MspMote.java:229) - 4: # Watchdog[EXECUTION]: illegal write to WDTCTL (0) from $103ca - reset!!!!
Watchdog: illegal write to WDTCTL (0) from $103ca - reset!!!!
Stack Trace: number of calls: 5 PC: $103ca
  watchdog_reboot (packetbuf.c) called from PC: $24c30 (elapsed: 5)
  restart_time_synchronisation (packetbuf.c) called from PC: $159f2 (elapsed: 30452)
  process_thread_foure_timesynch_process (local in 4emac-timesynch.c) called from PC: $12738 (elapsed: 801798)
  call_process (local in process.c) called from PC: $1291c (elapsed: 801835)
  process_run (packetbuf.c) called from PC: $05edc (elapsed: 805172)
 WARN [Thread-2] (MspMote.java:229) - 11: # Watchdog[EXECUTION]: illegal write to WDTCTL (0) from $103ca - reset!!!!
Watchdog: illegal write to WDTCTL (0) from $103ca - reset!!!!
Stack Trace: number of calls: 5 PC: $103ca
  watchdog_reboot (packetbuf.c) called from PC: $24c30 (elapsed: 5)
  restart_time_synchronisation (packetbuf.c) called from PC: $159f2 (elapsed: 30452)
  process_thread_foure_timesynch_process (local in 4emac-timesynch.c) called from PC: $12738 (elapsed: 1220984)
  call_process (local in process.c) called from PC: $1291c (elapsed: 1221021)
  process_run (packetbuf.c) called from PC: $05edc (elapsed: 1224092)
 WARN [Thread-2] (MspMote.java:229) - 45: # Watchdog[EXECUTION]: illegal write to WDTCTL (0) from $103ca - reset!!!!
Watchdog: illegal write to WDTCTL (0) from $103ca - reset!!!!
Stack Trace: number of calls: 5 PC: $103ca
  watchdog_reboot (packetbuf.c) called from PC: $24c30 (elapsed: 5)
  restart_time_synchronisation (packetbuf.c) called from PC: $159f2 (elapsed: 30452)
  process_thread_foure_timesynch_process (local in 4emac-timesynch.c) called from PC: $12738 (elapsed: 979884)
  call_process (local in process.c) called from PC: $1291c (elapsed: 979921)
  process_run (packetbuf.c) called from PC: $05edc (elapsed: 983152)
 WARN [Thread-2] (MspMote.java:229) - 50: # Watchdog[EXECUTION]: illegal write to WDTCTL (0) from $103ca - reset!!!!
Watchdog: illegal write to WDTCTL (0) from $103ca - reset!!!!
Stack Trace: number of calls: 5 PC: $103ca
  watchdog_reboot (packetbuf.c) called from PC: $24c30 (elapsed: 5)
  restart_time_synchronisation (packetbuf.c) called from PC: $159f2 (elapsed: 30452)
  process_thread_foure_timesynch_process (local in 4emac-timesynch.c) called from PC: $12738 (elapsed: 1107216)
  call_process (local in process.c) called from PC: $1291c (elapsed: 1107253)
  process_run (packetbuf.c) called from PC: $05edc (elapsed: 1110328)
 WARN [Thread-2] (MspMote.java:229) - 15: # Watchdog[EXECUTION]: illegal write to WDTCTL (0) from $103ca - reset!!!!
Watchdog: illegal write to WDTCTL (0) from $103ca - reset!!!!
Stack Trace: number of calls: 5 PC: $103ca
  watchdog_reboot (packetbuf.c) called from PC: $24c30 (elapsed: 5)
  restart_time_synchronisation (packetbuf.c) called from PC: $159f2 (elapsed: 30453)
  process_thread_foure_timesynch_process (local in 4emac-timesynch.c) called from PC: $12738 (elapsed: 1002474)
  call_process (local in process.c) called from PC: $1291c (elapsed: 1002511)
  process_run (packetbuf.c) called from PC: $05edc (elapsed: 1005665)
 WARN [Thread-2] (MspMote.java:229) - 46: # Watchdog[EXECUTION]: illegal write to WDTCTL (0) from $103ca - reset!!!!
Watchdog: illegal write to WDTCTL (0) from $103ca - reset!!!!
Stack Trace: number of calls: 5 PC: $103ca
  watchdog_reboot (packetbuf.c) called from PC: $24c30 (elapsed: 5)
  restart_time_synchronisation (packetbuf.c) called from PC: $159f2 (elapsed: 31365)
  process_thread_foure_timesynch_process (local in 4emac-timesynch.c) called from PC: $12738 (elapsed: 185359)
  call_process (local in process.c) called from PC: $1291c (elapsed: 185396)
  process_run (packetbuf.c) called from PC: $05edc (elapsed: 188492)
 WARN [Thread-2] (MspMote.java:229) - 21: # Watchdog[EXECUTION]: illegal write to WDTCTL (0) from $103ca - reset!!!!
 INFO [Thread-2] (LogScriptEngine.java:389) - Test script at 65.00%, done in 4350.1 sec
Watchdog: illegal write to WDTCTL (0) from $103ca - reset!!!!
Stack Trace: number of calls: 5 PC: $103ca
  watchdog_reboot (packetbuf.c) called from PC: $24c30 (elapsed: 5)
  restart_time_synchronisation (packetbuf.c) called from PC: $159f2 (elapsed: 30453)
  process_thread_foure_timesynch_process (local in 4emac-timesynch.c) called from PC: $12738 (elapsed: 1251732)
  call_process (local in process.c) called from PC: $1291c (elapsed: 1251769)
  process_run (packetbuf.c) called from PC: $05edc (elapsed: 1254763)
 WARN [Thread-2] (MspMote.java:229) - 27: # Watchdog[EXECUTION]: illegal write to WDTCTL (0) from $103ca - reset!!!!
Watchdog: illegal write to WDTCTL (0) from $103ca - reset!!!!
Stack Trace: number of calls: 5 PC: $103ca
  watchdog_reboot (packetbuf.c) called from PC: $24c30 (elapsed: 5)
  restart_time_synchronisation (packetbuf.c) called from PC: $159f2 (elapsed: 30452)
  process_thread_foure_timesynch_process (local in 4emac-timesynch.c) called from PC: $12738 (elapsed: 683111)
  call_process (local in process.c) called from PC: $1291c (elapsed: 683148)
  process_run (packetbuf.c) called from PC: $05edc (elapsed: 686219)
 WARN [Thread-2] (MspMote.java:229) - 39: # Watchdog[EXECUTION]: illegal write to WDTCTL (0) from $103ca - reset!!!!
Watchdog: illegal write to WDTCTL (0) from $103ca - reset!!!!
Stack Trace: number of calls: 5 PC: $103ca
  watchdog_reboot (packetbuf.c) called from PC: $24c30 (elapsed: 5)
  restart_time_synchronisation (packetbuf.c) called from PC: $159f2 (elapsed: 30452)
  process_thread_foure_timesynch_process (local in 4emac-timesynch.c) called from PC: $12738 (elapsed: 869561)
  call_process (local in process.c) called from PC: $1291c (elapsed: 869598)
  process_run (packetbuf.c) called from PC: $05edc (elapsed: 872513)
 WARN [Thread-2] (MspMote.java:229) - 17: # Watchdog[EXECUTION]: illegal write to WDTCTL (0) from $103ca - reset!!!!
Watchdog: illegal write to WDTCTL (0) from $103ca - reset!!!!
Stack Trace: number of calls: 5 PC: $103ca
  watchdog_reboot (packetbuf.c) called from PC: $24c30 (elapsed: 5)
  restart_time_synchronisation (packetbuf.c) called from PC: $159f2 (elapsed: 30447)
  process_thread_foure_timesynch_process (local in 4emac-timesynch.c) called from PC: $12738 (elapsed: 943672)
  call_process (local in process.c) called from PC: $1291c (elapsed: 943709)
  process_run (packetbuf.c) called from PC: $05edc (elapsed: 945634)
 WARN [Thread-2] (MspMote.java:229) - 42: # Watchdog[EXECUTION]: illegal write to WDTCTL (0) from $103ca - reset!!!!
Watchdog: illegal write to WDTCTL (0) from $103ca - reset!!!!
Stack Trace: number of calls: 5 PC: $103ca
  watchdog_reboot (packetbuf.c) called from PC: $24c30 (elapsed: 5)
  restart_time_synchronisation (packetbuf.c) called from PC: $159f2 (elapsed: 30447)
  process_thread_foure_timesynch_process (local in 4emac-timesynch.c) called from PC: $12738 (elapsed: 586807)
  call_process (local in process.c) called from PC: $1291c (elapsed: 586844)
  process_run (packetbuf.c) called from PC: $05edc (elapsed: 589996)
 WARN [Thread-2] (MspMote.java:229) - 13: # Watchdog[EXECUTION]: illegal write to WDTCTL (0) from $103ca - reset!!!!
Watchdog: illegal write to WDTCTL (0) from $103ca - reset!!!!
Stack Trace: number of calls: 5 PC: $103ca
  watchdog_reboot (packetbuf.c) called from PC: $24c30 (elapsed: 5)
  restart_time_synchronisation (packetbuf.c) called from PC: $159f2 (elapsed: 30513)
  process_thread_foure_timesynch_process (local in 4emac-timesynch.c) called from PC: $12738 (elapsed: 944729)
  call_process (local in process.c) called from PC: $1291c (elapsed: 944766)
  process_run (packetbuf.c) called from PC: $05edc (elapsed: 947920)
 WARN [Thread-2] (MspMote.java:229) - 37: # Watchdog[EXECUTION]: illegal write to WDTCTL (0) from $103ca - reset!!!!
Watchdog: illegal write to WDTCTL (0) from $103ca - reset!!!!
Stack Trace: number of calls: 5 PC: $103ca
  watchdog_reboot (packetbuf.c) called from PC: $24c30 (elapsed: 5)
  restart_time_synchronisation (packetbuf.c) called from PC: $159f2 (elapsed: 30452)
  process_thread_foure_timesynch_process (local in 4emac-timesynch.c) called from PC: $12738 (elapsed: 532711)
  call_process (local in process.c) called from PC: $1291c (elapsed: 532748)
  process_run (packetbuf.c) called from PC: $05edc (elapsed: 535907)
 WARN [Thread-2] (MspMote.java:229) - 7: # Watchdog[EXECUTION]: illegal write to WDTCTL (0) from $103ca - reset!!!!
Watchdog: illegal write to WDTCTL (0) from $103ca - reset!!!!
Stack Trace: number of calls: 5 PC: $103ca
  watchdog_reboot (packetbuf.c) called from PC: $24c30 (elapsed: 5)
  restart_time_synchronisation (packetbuf.c) called from PC: $159f2 (elapsed: 59736)
  process_thread_foure_timesynch_process (local in 4emac-timesynch.c) called from PC: $12738 (elapsed: 806502)
  call_process (local in process.c) called from PC: $1291c (elapsed: 806539)
  process_run (packetbuf.c) called from PC: $05edc (elapsed: 809452)
 WARN [Thread-2] (MspMote.java:229) - 49: # Watchdog[EXECUTION]: illegal write to WDTCTL (0) from $103ca - reset!!!!
 INFO [Thread-2] (LogScriptEngine.java:389) - Test script at 70.00%, done in 3588.1 sec
Watchdog: illegal write to WDTCTL (0) from $103ca - reset!!!!
Stack Trace: number of calls: 5 PC: $103ca
  watchdog_reboot (packetbuf.c) called from PC: $24c30 (elapsed: 5)
  restart_time_synchronisation (packetbuf.c) called from PC: $159f2 (elapsed: 30452)
  process_thread_foure_timesynch_process (local in 4emac-timesynch.c) called from PC: $12738 (elapsed: 776694)
  call_process (local in process.c) called from PC: $1291c (elapsed: 776731)
  process_run (packetbuf.c) called from PC: $05edc (elapsed: 779817)
 WARN [Thread-2] (MspMote.java:229) - 35: # Watchdog[EXECUTION]: illegal write to WDTCTL (0) from $103ca - reset!!!!
Watchdog: illegal write to WDTCTL (0) from $103ca - reset!!!!
Stack Trace: number of calls: 5 PC: $103ca
  watchdog_reboot (packetbuf.c) called from PC: $24c30 (elapsed: 5)
  restart_time_synchronisation (packetbuf.c) called from PC: $159f2 (elapsed: 30452)
  process_thread_foure_timesynch_process (local in 4emac-timesynch.c) called from PC: $12738 (elapsed: 951286)
  call_process (local in process.c) called from PC: $1291c (elapsed: 951323)
  process_run (packetbuf.c) called from PC: $05edc (elapsed: 954400)
 WARN [Thread-2] (MspMote.java:229) - 14: # Watchdog[EXECUTION]: illegal write to WDTCTL (0) from $103ca - reset!!!!
Watchdog: illegal write to WDTCTL (0) from $103ca - reset!!!!
Stack Trace: number of calls: 5 PC: $103ca
  watchdog_reboot (packetbuf.c) called from PC: $24c30 (elapsed: 5)
  restart_time_synchronisation (packetbuf.c) called from PC: $159f2 (elapsed: 30452)
  process_thread_foure_timesynch_process (local in 4emac-timesynch.c) called from PC: $12738 (elapsed: 1154816)
  call_process (local in process.c) called from PC: $1291c (elapsed: 1154853)
  process_run (packetbuf.c) called from PC: $05edc (elapsed: 1158240)
 WARN [Thread-2] (MspMote.java:229) - 33: # Watchdog[EXECUTION]: illegal write to WDTCTL (0) from $103ca - reset!!!!
Watchdog: illegal write to WDTCTL (0) from $103ca - reset!!!!
Stack Trace: number of calls: 5 PC: $103ca
  watchdog_reboot (packetbuf.c) called from PC: $24c30 (elapsed: 5)
  restart_time_synchronisation (packetbuf.c) called from PC: $159f2 (elapsed: 30453)
  process_thread_foure_timesynch_process (local in 4emac-timesynch.c) called from PC: $12738 (elapsed: 1393369)
  call_process (local in process.c) called from PC: $1291c (elapsed: 1393406)
  process_run (packetbuf.c) called from PC: $05edc (elapsed: 1396398)
 WARN [Thread-2] (MspMote.java:229) - 24: # Watchdog[EXECUTION]: illegal write to WDTCTL (0) from $103ca - reset!!!!
Watchdog: illegal write to WDTCTL (0) from $103ca - reset!!!!
Stack Trace: number of calls: 5 PC: $103ca
  watchdog_reboot (packetbuf.c) called from PC: $24c30 (elapsed: 5)
  restart_time_synchronisation (packetbuf.c) called from PC: $159f2 (elapsed: 30452)
  process_thread_foure_timesynch_process (local in 4emac-timesynch.c) called from PC: $12738 (elapsed: 980506)
  call_process (local in process.c) called from PC: $1291c (elapsed: 980543)
  process_run (packetbuf.c) called from PC: $05edc (elapsed: 983645)
 WARN [Thread-2] (MspMote.java:229) - 18: # Watchdog[EXECUTION]: illegal write to WDTCTL (0) from $103ca - reset!!!!
Watchdog: illegal write to WDTCTL (0) from $103ca - reset!!!!
Stack Trace: number of calls: 5 PC: $103ca
  watchdog_reboot (packetbuf.c) called from PC: $24c30 (elapsed: 5)
  restart_time_synchronisation (packetbuf.c) called from PC: $159f2 (elapsed: 31364)
  process_thread_foure_timesynch_process (local in 4emac-timesynch.c) called from PC: $12738 (elapsed: 185764)
  call_process (local in process.c) called from PC: $1291c (elapsed: 185801)
  process_run (packetbuf.c) called from PC: $05edc (elapsed: 188982)
 WARN [Thread-2] (MspMote.java:229) - 1: # Watchdog[EXECUTION]: illegal write to WDTCTL (0) from $103ca - reset!!!!
Watchdog: illegal write to WDTCTL (0) from $103ca - reset!!!!
Stack Trace: number of calls: 5 PC: $103ca
  watchdog_reboot (packetbuf.c) called from PC: $24c30 (elapsed: 5)
  restart_time_synchronisation (packetbuf.c) called from PC: $159f2 (elapsed: 30452)
  process_thread_foure_timesynch_process (local in 4emac-timesynch.c) called from PC: $12738 (elapsed: 1223056)
  call_process (local in process.c) called from PC: $1291c (elapsed: 1223093)
  process_run (packetbuf.c) called from PC: $05edc (elapsed: 1226169)
 WARN [Thread-2] (MspMote.java:229) - 38: # Watchdog[EXECUTION]: illegal write to WDTCTL (0) from $103ca - reset!!!!
Watchdog: illegal write to WDTCTL (0) from $103ca - reset!!!!
Stack Trace: number of calls: 5 PC: $103ca
  watchdog_reboot (packetbuf.c) called from PC: $24c30 (elapsed: 5)
  restart_time_synchronisation (packetbuf.c) called from PC: $159f2 (elapsed: 30452)
  process_thread_foure_timesynch_process (local in 4emac-timesynch.c) called from PC: $12738 (elapsed: 980961)
  call_process (local in process.c) called from PC: $1291c (elapsed: 980998)
  process_run (packetbuf.c) called from PC: $05edc (elapsed: 984148)
 WARN [Thread-2] (MspMote.java:229) - 26: # Watchdog[EXECUTION]: illegal write to WDTCTL (0) from $103ca - reset!!!!
Watchdog: illegal write to WDTCTL (0) from $103ca - reset!!!!
Stack Trace: number of calls: 5 PC: $103ca
  watchdog_reboot (packetbuf.c) called from PC: $24c30 (elapsed: 5)
  restart_time_synchronisation (packetbuf.c) called from PC: $159f2 (elapsed: 30452)
  process_thread_foure_timesynch_process (local in 4emac-timesynch.c) called from PC: $12738 (elapsed: 919042)
  call_process (local in process.c) called from PC: $1291c (elapsed: 919079)
  process_run (packetbuf.c) called from PC: $05edc (elapsed: 922073)
 WARN [Thread-2] (MspMote.java:229) - 20: # Watchdog[EXECUTION]: illegal write to WDTCTL (0) from $103ca - reset!!!!
Watchdog: illegal write to WDTCTL (0) from $103ca - reset!!!!
Stack Trace: number of calls: 5 PC: $103ca
  watchdog_reboot (packetbuf.c) called from PC: $24c30 (elapsed: 5)
  restart_time_synchronisation (packetbuf.c) called from PC: $159f2 (elapsed: 30447)
  process_thread_foure_timesynch_process (local in 4emac-timesynch.c) called from PC: $12738 (elapsed: 636829)
  call_process (local in process.c) called from PC: $1291c (elapsed: 636866)
  process_run (packetbuf.c) called from PC: $05edc (elapsed: 640095)
 WARN [Thread-2] (MspMote.java:229) - 42: # Watchdog[EXECUTION]: illegal write to WDTCTL (0) from $103ca - reset!!!!
Watchdog: illegal write to WDTCTL (0) from $103ca - reset!!!!
Stack Trace: number of calls: 5 PC: $103ca
  watchdog_reboot (packetbuf.c) called from PC: $24c30 (elapsed: 5)
  restart_time_synchronisation (packetbuf.c) called from PC: $159f2 (elapsed: 30447)
  process_thread_foure_timesynch_process (local in 4emac-timesynch.c) called from PC: $12738 (elapsed: 1142718)
  call_process (local in process.c) called from PC: $1291c (elapsed: 1142755)
  process_run (packetbuf.c) called from PC: $05edc (elapsed: 1146044)
 WARN [Thread-2] (MspMote.java:229) - 21: # Watchdog[EXECUTION]: illegal write to WDTCTL (0) from $103ca - reset!!!!
Watchdog: illegal write to WDTCTL (0) from $103ca - reset!!!!
Stack Trace: number of calls: 5 PC: $103ca
  watchdog_reboot (packetbuf.c) called from PC: $24c30 (elapsed: 5)
  restart_time_synchronisation (packetbuf.c) called from PC: $159f2 (elapsed: 30452)
  process_thread_foure_timesynch_process (local in 4emac-timesynch.c) called from PC: $12738 (elapsed: 1217378)
  call_process (local in process.c) called from PC: $1291c (elapsed: 1217415)
  process_run (packetbuf.c) called from PC: $05edc (elapsed: 1220493)
 WARN [Thread-2] (MspMote.java:229) - 31: # Watchdog[EXECUTION]: illegal write to WDTCTL (0) from $103ca - reset!!!!
Watchdog: illegal write to WDTCTL (0) from $103ca - reset!!!!
Stack Trace: number of calls: 5 PC: $103ca
  watchdog_reboot (packetbuf.c) called from PC: $24c30 (elapsed: 5)
  restart_time_synchronisation (packetbuf.c) called from PC: $159f2 (elapsed: 30452)
  process_thread_foure_timesynch_process (local in 4emac-timesynch.c) called from PC: $12738 (elapsed: 839965)
  call_process (local in process.c) called from PC: $1291c (elapsed: 840002)
  process_run (packetbuf.c) called from PC: $05edc (elapsed: 843078)
 WARN [Thread-2] (MspMote.java:229) - 10: # Watchdog[EXECUTION]: illegal write to WDTCTL (0) from $103ca - reset!!!!
Watchdog: illegal write to WDTCTL (0) from $103ca - reset!!!!
Stack Trace: number of calls: 5 PC: $103ca
  watchdog_reboot (packetbuf.c) called from PC: $24c30 (elapsed: 5)
  restart_time_synchronisation (packetbuf.c) called from PC: $159f2 (elapsed: 31364)
  process_thread_foure_timesynch_process (local in 4emac-timesynch.c) called from PC: $12738 (elapsed: 214737)
  call_process (local in process.c) called from PC: $1291c (elapsed: 214774)
  process_run (packetbuf.c) called from PC: $05edc (elapsed: 215982)
 WARN [Thread-2] (MspMote.java:229) - 13: # Watchdog[EXECUTION]: illegal write to WDTCTL (0) from $103ca - reset!!!!
 INFO [Thread-2] (LogScriptEngine.java:389) - Test script at 75.00%, done in 2910.1 sec
Watchdog: illegal write to WDTCTL (0) from $103ca - reset!!!!
Stack Trace: number of calls: 5 PC: $103ca
  watchdog_reboot (packetbuf.c) called from PC: $24c30 (elapsed: 5)
  restart_time_synchronisation (packetbuf.c) called from PC: $159f2 (elapsed: 30453)
  process_thread_foure_timesynch_process (local in 4emac-timesynch.c) called from PC: $12738 (elapsed: 503377)
  call_process (local in process.c) called from PC: $1291c (elapsed: 503414)
  process_run (packetbuf.c) called from PC: $05edc (elapsed: 506490)
 WARN [Thread-2] (MspMote.java:229) - 32: # Watchdog[EXECUTION]: illegal write to WDTCTL (0) from $103ca - reset!!!!
Watchdog: illegal write to WDTCTL (0) from $103ca - reset!!!!
Stack Trace: number of calls: 5 PC: $103ca
  watchdog_reboot (packetbuf.c) called from PC: $24c30 (elapsed: 5)
  restart_time_synchronisation (packetbuf.c) called from PC: $159f2 (elapsed: 30452)
  process_thread_foure_timesynch_process (local in 4emac-timesynch.c) called from PC: $12738 (elapsed: 1119957)
  call_process (local in process.c) called from PC: $1291c (elapsed: 1119994)
  process_run (packetbuf.c) called from PC: $05edc (elapsed: 1123184)
 WARN [Thread-2] (MspMote.java:229) - 25: # Watchdog[EXECUTION]: illegal write to WDTCTL (0) from $103ca - reset!!!!
Watchdog: illegal write to WDTCTL (0) from $103ca - reset!!!!
Stack Trace: number of calls: 5 PC: $103ca
  watchdog_reboot (packetbuf.c) called from PC: $24c30 (elapsed: 5)
  restart_time_synchronisation (packetbuf.c) called from PC: $159f2 (elapsed: 30452)
  process_thread_foure_timesynch_process (local in 4emac-timesynch.c) called from PC: $12738 (elapsed: 672095)
  call_process (local in process.c) called from PC: $1291c (elapsed: 672132)
  process_run (packetbuf.c) called from PC: $05edc (elapsed: 675126)
 WARN [Thread-2] (MspMote.java:229) - 49: # Watchdog[EXECUTION]: illegal write to WDTCTL (0) from $103ca - reset!!!!
Watchdog: illegal write to WDTCTL (0) from $103ca - reset!!!!
Stack Trace: number of calls: 5 PC: $103ca
  watchdog_reboot (packetbuf.c) called from PC: $24c30 (elapsed: 5)
  restart_time_synchronisation (packetbuf.c) called from PC: $159f2 (elapsed: 30447)
  process_thread_foure_timesynch_process (local in 4emac-timesynch.c) called from PC: $12738 (elapsed: 1391991)
  call_process (local in process.c) called from PC: $1291c (elapsed: 1392028)
  process_run (packetbuf.c) called from PC: $05edc (elapsed: 1396155)
 WARN [Thread-2] (MspMote.java:229) - 36: # Watchdog[EXECUTION]: illegal write to WDTCTL (0) from $103ca - reset!!!!
Watchdog: illegal write to WDTCTL (0) from $103ca - reset!!!!
Stack Trace: number of calls: 5 PC: $103ca
  watchdog_reboot (packetbuf.c) called from PC: $24c30 (elapsed: 5)
  restart_time_synchronisation (packetbuf.c) called from PC: $159f2 (elapsed: 30452)
  process_thread_foure_timesynch_process (local in 4emac-timesynch.c) called from PC: $12738 (elapsed: 804340)
  call_process (local in process.c) called from PC: $1291c (elapsed: 804377)
  process_run (packetbuf.c) called from PC: $05edc (elapsed: 808708)
 WARN [Thread-2] (MspMote.java:229) - 20: # Watchdog[EXECUTION]: illegal write to WDTCTL (0) from $103ca - reset!!!!
Watchdog: illegal write to WDTCTL (0) from $103ca - reset!!!!
Stack Trace: number of calls: 5 PC: $103ca
  watchdog_reboot (packetbuf.c) called from PC: $24c30 (elapsed: 5)
  restart_time_synchronisation (packetbuf.c) called from PC: $159f2 (elapsed: 30452)
  process_thread_foure_timesynch_process (local in 4emac-timesynch.c) called from PC: $12738 (elapsed: 1243227)
  call_process (local in process.c) called from PC: $1291c (elapsed: 1243264)
  process_run (packetbuf.c) called from PC: $05edc (elapsed: 1246346)
 WARN [Thread-2] (MspMote.java:229) - 43: # Watchdog[EXECUTION]: illegal write to WDTCTL (0) from $103ca - reset!!!!
Watchdog: illegal write to WDTCTL (0) from $103ca - reset!!!!
Stack Trace: number of calls: 5 PC: $103ca
  watchdog_reboot (packetbuf.c) called from PC: $24c30 (elapsed: 5)
  restart_time_synchronisation (packetbuf.c) called from PC: $159f2 (elapsed: 30452)
  process_thread_foure_timesynch_process (local in 4emac-timesynch.c) called from PC: $12738 (elapsed: 531125)
  call_process (local in process.c) called from PC: $1291c (elapsed: 531162)
  process_run (packetbuf.c) called from PC: $05edc (elapsed: 534156)
 WARN [Thread-2] (MspMote.java:229) - 32: # Watchdog[EXECUTION]: illegal write to WDTCTL (0) from $103ca - reset!!!!
Watchdog: illegal write to WDTCTL (0) from $103ca - reset!!!!
Stack Trace: number of calls: 5 PC: $103ca
  watchdog_reboot (packetbuf.c) called from PC: $24c30 (elapsed: 5)
  restart_time_synchronisation (packetbuf.c) called from PC: $159f2 (elapsed: 30453)
  process_thread_foure_timesynch_process (local in 4emac-timesynch.c) called from PC: $12738 (elapsed: 500116)
  call_process (local in process.c) called from PC: $1291c (elapsed: 500153)
  process_run (packetbuf.c) called from PC: $05edc (elapsed: 503147)
 WARN [Thread-2] (MspMote.java:229) - 26: # Watchdog[EXECUTION]: illegal write to WDTCTL (0) from $103ca - reset!!!!
Watchdog: illegal write to WDTCTL (0) from $103ca - reset!!!!
Stack Trace: number of calls: 5 PC: $103ca
  watchdog_reboot (packetbuf.c) called from PC: $24c30 (elapsed: 5)
  restart_time_synchronisation (packetbuf.c) called from PC: $159f2 (elapsed: 30452)
  process_thread_foure_timesynch_process (local in 4emac-timesynch.c) called from PC: $12738 (elapsed: 1113247)
  call_process (local in process.c) called from PC: $1291c (elapsed: 1113284)
  process_run (packetbuf.c) called from PC: $05edc (elapsed: 1116276)
 WARN [Thread-2] (MspMote.java:229) - 24: # Watchdog[EXECUTION]: illegal write to WDTCTL (0) from $103ca - reset!!!!
Watchdog: illegal write to WDTCTL (0) from $103ca - reset!!!!
Stack Trace: number of calls: 5 PC: $103ca
  watchdog_reboot (packetbuf.c) called from PC: $24c30 (elapsed: 5)
  restart_time_synchronisation (packetbuf.c) called from PC: $159f2 (elapsed: 30470)
  process_thread_foure_timesynch_process (local in 4emac-timesynch.c) called from PC: $12738 (elapsed: 1392419)
  call_process (local in process.c) called from PC: $1291c (elapsed: 1392456)
  process_run (packetbuf.c) called from PC: $05edc (elapsed: 1395297)
 WARN [Thread-2] (MspMote.java:229) - 47: # Watchdog[EXECUTION]: illegal write to WDTCTL (0) from $103ca - reset!!!!
Watchdog: illegal write to WDTCTL (0) from $103ca - reset!!!!
Stack Trace: number of calls: 5 PC: $103ca
  watchdog_reboot (packetbuf.c) called from PC: $24c30 (elapsed: 5)
  restart_time_synchronisation (packetbuf.c) called from PC: $159f2 (elapsed: 30452)
  process_thread_foure_timesynch_process (local in 4emac-timesynch.c) called from PC: $12738 (elapsed: 1402125)
  call_process (local in process.c) called from PC: $1291c (elapsed: 1402162)
  process_run (packetbuf.c) called from PC: $05edc (elapsed: 1405192)
 WARN [Thread-2] (MspMote.java:229) - 12: # Watchdog[EXECUTION]: illegal write to WDTCTL (0) from $103ca - reset!!!!
Watchdog: illegal write to WDTCTL (0) from $103ca - reset!!!!
Stack Trace: number of calls: 5 PC: $103ca
  watchdog_reboot (packetbuf.c) called from PC: $24c30 (elapsed: 5)
  restart_time_synchronisation (packetbuf.c) called from PC: $159f2 (elapsed: 30452)
  process_thread_foure_timesynch_process (local in 4emac-timesynch.c) called from PC: $12738 (elapsed: 1116497)
  call_process (local in process.c) called from PC: $1291c (elapsed: 1116534)
  process_run (packetbuf.c) called from PC: $05edc (elapsed: 1119643)
 WARN [Thread-2] (MspMote.java:229) - 3: # Watchdog[EXECUTION]: illegal write to WDTCTL (0) from $103ca - reset!!!!
Watchdog: illegal write to WDTCTL (0) from $103ca - reset!!!!
Stack Trace: number of calls: 5 PC: $103ca
  watchdog_reboot (packetbuf.c) called from PC: $24c30 (elapsed: 5)
  restart_time_synchronisation (packetbuf.c) called from PC: $159f2 (elapsed: 30447)
  process_thread_foure_timesynch_process (local in 4emac-timesynch.c) called from PC: $12738 (elapsed: 1246751)
  call_process (local in process.c) called from PC: $1291c (elapsed: 1246788)
  process_run (packetbuf.c) called from PC: $05edc (elapsed: 1249861)
 WARN [Thread-2] (MspMote.java:229) - 48: # Watchdog[EXECUTION]: illegal write to WDTCTL (0) from $103ca - reset!!!!
 INFO [Thread-2] (LogScriptEngine.java:389) - Test script at 80.00%, done in 2272.7 sec
Watchdog: illegal write to WDTCTL (0) from $103ca - reset!!!!
Stack Trace: number of calls: 5 PC: $103ca
  watchdog_reboot (packetbuf.c) called from PC: $24c30 (elapsed: 5)
  restart_time_synchronisation (packetbuf.c) called from PC: $159f2 (elapsed: 30447)
  process_thread_foure_timesynch_process (local in 4emac-timesynch.c) called from PC: $12738 (elapsed: 951005)
  call_process (local in process.c) called from PC: $1291c (elapsed: 951042)
  process_run (packetbuf.c) called from PC: $05edc (elapsed: 954194)
 WARN [Thread-2] (MspMote.java:229) - 41: # Watchdog[EXECUTION]: illegal write to WDTCTL (0) from $103ca - reset!!!!
Watchdog: illegal write to WDTCTL (0) from $103ca - reset!!!!
Stack Trace: number of calls: 5 PC: $103ca
  watchdog_reboot (packetbuf.c) called from PC: $24c30 (elapsed: 5)
  restart_time_synchronisation (packetbuf.c) called from PC: $159f2 (elapsed: 30603)
  process_thread_foure_timesynch_process (local in 4emac-timesynch.c) called from PC: $12738 (elapsed: 1388455)
  call_process (local in process.c) called from PC: $1291c (elapsed: 1388492)
  process_run (packetbuf.c) called from PC: $05edc (elapsed: 1391891)
 WARN [Thread-2] (MspMote.java:229) - 28: # Watchdog[EXECUTION]: illegal write to WDTCTL (0) from $103ca - reset!!!!
Watchdog: illegal write to WDTCTL (0) from $103ca - reset!!!!
Stack Trace: number of calls: 5 PC: $103ca
  watchdog_reboot (packetbuf.c) called from PC: $24c30 (elapsed: 5)
  restart_time_synchronisation (packetbuf.c) called from PC: $159f2 (elapsed: 30447)
  process_thread_foure_timesynch_process (local in 4emac-timesynch.c) called from PC: $12738 (elapsed: 1388872)
  call_process (local in process.c) called from PC: $1291c (elapsed: 1388909)
  process_run (packetbuf.c) called from PC: $05edc (elapsed: 1391910)
 WARN [Thread-2] (MspMote.java:229) - 11: # Watchdog[EXECUTION]: illegal write to WDTCTL (0) from $103ca - reset!!!!
Watchdog: illegal write to WDTCTL (0) from $103ca - reset!!!!
Stack Trace: number of calls: 5 PC: $103ca
  watchdog_reboot (packetbuf.c) called from PC: $24c30 (elapsed: 5)
  restart_time_synchronisation (packetbuf.c) called from PC: $159f2 (elapsed: 31365)
  process_thread_foure_timesynch_process (local in 4emac-timesynch.c) called from PC: $12738 (elapsed: 185579)
  call_process (local in process.c) called from PC: $1291c (elapsed: 185616)
  process_run (packetbuf.c) called from PC: $05edc (elapsed: 186824)
 WARN [Thread-2] (MspMote.java:229) - 25: # Watchdog[EXECUTION]: illegal write to WDTCTL (0) from $103ca - reset!!!!
Watchdog: illegal write to WDTCTL (0) from $103ca - reset!!!!
Stack Trace: number of calls: 5 PC: $103ca
  watchdog_reboot (packetbuf.c) called from PC: $24c30 (elapsed: 5)
  restart_time_synchronisation (packetbuf.c) called from PC: $159f2 (elapsed: 33488)
  process_thread_foure_timesynch_process (local in 4emac-timesynch.c) called from PC: $12738 (elapsed: 918793)
  call_process (local in process.c) called from PC: $1291c (elapsed: 918830)
  process_run (packetbuf.c) called from PC: $05edc (elapsed: 921987)
 WARN [Thread-2] (MspMote.java:229) - 14: # Watchdog[EXECUTION]: illegal write to WDTCTL (0) from $103ca - reset!!!!
Watchdog: illegal write to WDTCTL (0) from $103ca - reset!!!!
Stack Trace: number of calls: 5 PC: $103ca
  watchdog_reboot (packetbuf.c) called from PC: $24c30 (elapsed: 5)
  restart_time_synchronisation (packetbuf.c) called from PC: $159f2 (elapsed: 30452)
  process_thread_foure_timesynch_process (local in 4emac-timesynch.c) called from PC: $12738 (elapsed: 1092510)
  call_process (local in process.c) called from PC: $1291c (elapsed: 1092547)
  process_run (packetbuf.c) called from PC: $05edc (elapsed: 1095618)
 WARN [Thread-2] (MspMote.java:229) - 31: # Watchdog[EXECUTION]: illegal write to WDTCTL (0) from $103ca - reset!!!!
Watchdog: illegal write to WDTCTL (0) from $103ca - reset!!!!
Stack Trace: number of calls: 5 PC: $103ca
  watchdog_reboot (packetbuf.c) called from PC: $24c30 (elapsed: 5)
  restart_time_synchronisation (packetbuf.c) called from PC: $159f2 (elapsed: 30453)
  process_thread_foure_timesynch_process (local in 4emac-timesynch.c) called from PC: $12738 (elapsed: 1126492)
  call_process (local in process.c) called from PC: $1291c (elapsed: 1126529)
  process_run (packetbuf.c) called from PC: $05edc (elapsed: 1129735)
 WARN [Thread-2] (MspMote.java:229) - 20: # Watchdog[EXECUTION]: illegal write to WDTCTL (0) from $103ca - reset!!!!
Watchdog: illegal write to WDTCTL (0) from $103ca - reset!!!!
Stack Trace: number of calls: 5 PC: $103ca
  watchdog_reboot (packetbuf.c) called from PC: $24c30 (elapsed: 5)
  restart_time_synchronisation (packetbuf.c) called from PC: $159f2 (elapsed: 30452)
  process_thread_foure_timesynch_process (local in 4emac-timesynch.c) called from PC: $12738 (elapsed: 1353887)
  call_process (local in process.c) called from PC: $1291c (elapsed: 1353924)
  process_run (packetbuf.c) called from PC: $05edc (elapsed: 1357074)
 WARN [Thread-2] (MspMote.java:229) - 13: # Watchdog[EXECUTION]: illegal write to WDTCTL (0) from $103ca - reset!!!!
Watchdog: illegal write to WDTCTL (0) from $103ca - reset!!!!
Stack Trace: number of calls: 5 PC: $103ca
  watchdog_reboot (packetbuf.c) called from PC: $24c30 (elapsed: 5)
  restart_time_synchronisation (packetbuf.c) called from PC: $159f2 (elapsed: 30447)
  process_thread_foure_timesynch_process (local in 4emac-timesynch.c) called from PC: $12738 (elapsed: 1386243)
  call_process (local in process.c) called from PC: $1291c (elapsed: 1386280)
  process_run (packetbuf.c) called from PC: $05edc (elapsed: 1389274)
 WARN [Thread-2] (MspMote.java:229) - 21: # Watchdog[EXECUTION]: illegal write to WDTCTL (0) from $103ca - reset!!!!
Watchdog: illegal write to WDTCTL (0) from $103ca - reset!!!!
Stack Trace: number of calls: 5 PC: $103ca
  watchdog_reboot (packetbuf.c) called from PC: $24c30 (elapsed: 5)
  restart_time_synchronisation (packetbuf.c) called from PC: $159f2 (elapsed: 30452)
  process_thread_foure_timesynch_process (local in 4emac-timesynch.c) called from PC: $12738 (elapsed: 535736)
  call_process (local in process.c) called from PC: $1291c (elapsed: 535773)
  process_run (packetbuf.c) called from PC: $05edc (elapsed: 538686)
 WARN [Thread-2] (MspMote.java:229) - 26: # Watchdog[EXECUTION]: illegal write to WDTCTL (0) from $103ca - reset!!!!
Watchdog: illegal write to WDTCTL (0) from $103ca - reset!!!!
Stack Trace: number of calls: 5 PC: $103ca
  watchdog_reboot (packetbuf.c) called from PC: $24c30 (elapsed: 5)
  restart_time_synchronisation (packetbuf.c) called from PC: $159f2 (elapsed: 30452)
  process_thread_foure_timesynch_process (local in 4emac-timesynch.c) called from PC: $12738 (elapsed: 800340)
  call_process (local in process.c) called from PC: $1291c (elapsed: 800377)
  process_run (packetbuf.c) called from PC: $05edc (elapsed: 803457)
 WARN [Thread-2] (MspMote.java:229) - 40: # Watchdog[EXECUTION]: illegal write to WDTCTL (0) from $103ca - reset!!!!
Watchdog: illegal write to WDTCTL (0) from $103ca - reset!!!!
Stack Trace: number of calls: 5 PC: $103ca
  watchdog_reboot (packetbuf.c) called from PC: $24c30 (elapsed: 5)
  restart_time_synchronisation (packetbuf.c) called from PC: $159f2 (elapsed: 30452)
  process_thread_foure_timesynch_process (local in 4emac-timesynch.c) called from PC: $12738 (elapsed: 669744)
  call_process (local in process.c) called from PC: $1291c (elapsed: 669781)
  process_run (packetbuf.c) called from PC: $05edc (elapsed: 672852)
 WARN [Thread-2] (MspMote.java:229) - 42: # Watchdog[EXECUTION]: illegal write to WDTCTL (0) from $103ca - reset!!!!
Watchdog: illegal write to WDTCTL (0) from $103ca - reset!!!!
Stack Trace: number of calls: 5 PC: $103ca
  watchdog_reboot (packetbuf.c) called from PC: $24c30 (elapsed: 5)
  restart_time_synchronisation (packetbuf.c) called from PC: $159f2 (elapsed: 30645)
  process_thread_foure_timesynch_process (local in 4emac-timesynch.c) called from PC: $12738 (elapsed: 1384521)
  call_process (local in process.c) called from PC: $1291c (elapsed: 1384558)
  process_run (packetbuf.c) called from PC: $05edc (elapsed: 1388523)
 WARN [Thread-2] (MspMote.java:229) - 29: # Watchdog[EXECUTION]: illegal write to WDTCTL (0) from $103ca - reset!!!!
Watchdog: illegal write to WDTCTL (0) from $103ca - reset!!!!
Stack Trace: number of calls: 5 PC: $103ca
  watchdog_reboot (packetbuf.c) called from PC: $24c30 (elapsed: 5)
  restart_time_synchronisation (packetbuf.c) called from PC: $159f2 (elapsed: 31365)
  process_thread_foure_timesynch_process (local in 4emac-timesynch.c) called from PC: $12738 (elapsed: 185361)
  call_process (local in process.c) called from PC: $1291c (elapsed: 185398)
  process_run (packetbuf.c) called from PC: $05edc (elapsed: 188494)
 WARN [Thread-2] (MspMote.java:229) - 35: # Watchdog[EXECUTION]: illegal write to WDTCTL (0) from $103ca - reset!!!!
Watchdog: illegal write to WDTCTL (0) from $103ca - reset!!!!
Stack Trace: number of calls: 5 PC: $103ca
  watchdog_reboot (packetbuf.c) called from PC: $24c30 (elapsed: 5)
  restart_time_synchronisation (packetbuf.c) called from PC: $159f2 (elapsed: 31364)
  process_thread_foure_timesynch_process (local in 4emac-timesynch.c) called from PC: $12738 (elapsed: 185478)
  call_process (local in process.c) called from PC: $1291c (elapsed: 185515)
  process_run (packetbuf.c) called from PC: $05edc (elapsed: 188767)
 WARN [Thread-2] (MspMote.java:229) - 19: # Watchdog[EXECUTION]: illegal write to WDTCTL (0) from $103ca - reset!!!!
Watchdog: illegal write to WDTCTL (0) from $103ca - reset!!!!
Stack Trace: number of calls: 5 PC: $103ca
  watchdog_reboot (packetbuf.c) called from PC: $24c30 (elapsed: 5)
  restart_time_synchronisation (packetbuf.c) called from PC: $159f2 (elapsed: 30453)
  process_thread_foure_timesynch_process (local in 4emac-timesynch.c) called from PC: $12738 (elapsed: 499964)
  call_process (local in process.c) called from PC: $1291c (elapsed: 500001)
  process_run (packetbuf.c) called from PC: $05edc (elapsed: 503083)
 WARN [Thread-2] (MspMote.java:229) - 34: # Watchdog[EXECUTION]: illegal write to WDTCTL (0) from $103ca - reset!!!!
Watchdog: illegal write to WDTCTL (0) from $103ca - reset!!!!
Stack Trace: number of calls: 5 PC: $103ca
  watchdog_reboot (packetbuf.c) called from PC: $24c30 (elapsed: 5)
  restart_time_synchronisation (packetbuf.c) called from PC: $159f2 (elapsed: 30452)
  process_thread_foure_timesynch_process (local in 4emac-timesynch.c) called from PC: $12738 (elapsed: 846375)
  call_process (local in process.c) called from PC: $1291c (elapsed: 846412)
  process_run (packetbuf.c) called from PC: $05edc (elapsed: 849643)
 WARN [Thread-2] (MspMote.java:229) - 20: # Watchdog[EXECUTION]: illegal write to WDTCTL (0) from $103ca - reset!!!!
Watchdog: illegal write to WDTCTL (0) from $103ca - reset!!!!
Stack Trace: number of calls: 5 PC: $103ca
  watchdog_reboot (packetbuf.c) called from PC: $24c30 (elapsed: 5)
  restart_time_synchronisation (packetbuf.c) called from PC: $159f2 (elapsed: 30447)
  process_thread_foure_timesynch_process (local in 4emac-timesynch.c) called from PC: $12738 (elapsed: 506284)
  call_process (local in process.c) called from PC: $1291c (elapsed: 506321)
  process_run (packetbuf.c) called from PC: $05edc (elapsed: 509236)
 WARN [Thread-2] (MspMote.java:229) - 32: # Watchdog[EXECUTION]: illegal write to WDTCTL (0) from $103ca - reset!!!!
Watchdog: illegal write to WDTCTL (0) from $103ca - reset!!!!
Stack Trace: number of calls: 5 PC: $103ca
  watchdog_reboot (packetbuf.c) called from PC: $24c30 (elapsed: 5)
  restart_time_synchronisation (packetbuf.c) called from PC: $159f2 (elapsed: 31580)
  process_thread_foure_timesynch_process (local in 4emac-timesynch.c) called from PC: $12738 (elapsed: 185643)
  call_process (local in process.c) called from PC: $1291c (elapsed: 185680)
  process_run (packetbuf.c) called from PC: $05edc (elapsed: 186967)
 WARN [Thread-2] (MspMote.java:229) - 49: # Watchdog[EXECUTION]: illegal write to WDTCTL (0) from $103ca - reset!!!!
Watchdog: illegal write to WDTCTL (0) from $103ca - reset!!!!
Stack Trace: number of calls: 5 PC: $103ca
  watchdog_reboot (packetbuf.c) called from PC: $24c30 (elapsed: 5)
  restart_time_synchronisation (packetbuf.c) called from PC: $159f2 (elapsed: 33659)
  process_thread_foure_timesynch_process (local in 4emac-timesynch.c) called from PC: $12738 (elapsed: 1226320)
  call_process (local in process.c) called from PC: $1291c (elapsed: 1226357)
  process_run (packetbuf.c) called from PC: $05edc (elapsed: 1229351)
 WARN [Thread-2] (MspMote.java:229) - 12: # Watchdog[EXECUTION]: illegal write to WDTCTL (0) from $103ca - reset!!!!
 INFO [Thread-2] (LogScriptEngine.java:389) - Test script at 85.00%, done in 1664.5 sec
Watchdog: illegal write to WDTCTL (0) from $103ca - reset!!!!
Stack Trace: number of calls: 5 PC: $103ca
  watchdog_reboot (packetbuf.c) called from PC: $24c30 (elapsed: 5)
  restart_time_synchronisation (packetbuf.c) called from PC: $159f2 (elapsed: 30452)
  process_thread_foure_timesynch_process (local in 4emac-timesynch.c) called from PC: $12738 (elapsed: 777468)
  call_process (local in process.c) called from PC: $1291c (elapsed: 777505)
  process_run (packetbuf.c) called from PC: $05edc (elapsed: 780420)
 WARN [Thread-2] (MspMote.java:229) - 25: # Watchdog[EXECUTION]: illegal write to WDTCTL (0) from $103ca - reset!!!!
Watchdog: illegal write to WDTCTL (0) from $103ca - reset!!!!
Stack Trace: number of calls: 5 PC: $103ca
  watchdog_reboot (packetbuf.c) called from PC: $24c30 (elapsed: 5)
  restart_time_synchronisation (packetbuf.c) called from PC: $159f2 (elapsed: 30452)
  process_thread_foure_timesynch_process (local in 4emac-timesynch.c) called from PC: $12738 (elapsed: 808474)
  call_process (local in process.c) called from PC: $1291c (elapsed: 808511)
  process_run (packetbuf.c) called from PC: $05edc (elapsed: 811503)
 WARN [Thread-2] (MspMote.java:229) - 13: # Watchdog[EXECUTION]: illegal write to WDTCTL (0) from $103ca - reset!!!!
Watchdog: illegal write to WDTCTL (0) from $103ca - reset!!!!
Stack Trace: number of calls: 5 PC: $103ca
  watchdog_reboot (packetbuf.c) called from PC: $24c30 (elapsed: 5)
  restart_time_synchronisation (packetbuf.c) called from PC: $159f2 (elapsed: 30447)
  process_thread_foure_timesynch_process (local in 4emac-timesynch.c) called from PC: $12738 (elapsed: 828063)
  call_process (local in process.c) called from PC: $1291c (elapsed: 828100)
  process_run (packetbuf.c) called from PC: $05edc (elapsed: 831329)
 WARN [Thread-2] (MspMote.java:229) - 31: # Watchdog[EXECUTION]: illegal write to WDTCTL (0) from $103ca - reset!!!!
Watchdog: illegal write to WDTCTL (0) from $103ca - reset!!!!
Stack Trace: number of calls: 5 PC: $103ca
  watchdog_reboot (packetbuf.c) called from PC: $24c30 (elapsed: 5)
  restart_time_synchronisation (packetbuf.c) called from PC: $159f2 (elapsed: 30452)
  process_thread_foure_timesynch_process (local in 4emac-timesynch.c) called from PC: $12738 (elapsed: 978879)
  call_process (local in process.c) called from PC: $1291c (elapsed: 978916)
  process_run (packetbuf.c) called from PC: $05edc (elapsed: 981989)
 WARN [Thread-2] (MspMote.java:229) - 48: # Watchdog[EXECUTION]: illegal write to WDTCTL (0) from $103ca - reset!!!!
Watchdog: illegal write to WDTCTL (0) from $103ca - reset!!!!
Stack Trace: number of calls: 5 PC: $103ca
  watchdog_reboot (packetbuf.c) called from PC: $24c30 (elapsed: 5)
  restart_time_synchronisation (packetbuf.c) called from PC: $159f2 (elapsed: 30453)
  process_thread_foure_timesynch_process (local in 4emac-timesynch.c) called from PC: $12738 (elapsed: 1084816)
  call_process (local in process.c) called from PC: $1291c (elapsed: 1084853)
  process_run (packetbuf.c) called from PC: $05edc (elapsed: 1087845)
 WARN [Thread-2] (MspMote.java:229) - 47: # Watchdog[EXECUTION]: illegal write to WDTCTL (0) from $103ca - reset!!!!
Watchdog: illegal write to WDTCTL (0) from $103ca - reset!!!!
Stack Trace: number of calls: 5 PC: $103ca
  watchdog_reboot (packetbuf.c) called from PC: $24c30 (elapsed: 5)
  restart_time_synchronisation (packetbuf.c) called from PC: $159f2 (elapsed: 30452)
  process_thread_foure_timesynch_process (local in 4emac-timesynch.c) called from PC: $12738 (elapsed: 978434)
  call_process (local in process.c) called from PC: $1291c (elapsed: 978471)
  process_run (packetbuf.c) called from PC: $05edc (elapsed: 981465)
 WARN [Thread-2] (MspMote.java:229) - 29: # Watchdog[EXECUTION]: illegal write to WDTCTL (0) from $103ca - reset!!!!
Watchdog: illegal write to WDTCTL (0) from $103ca - reset!!!!
Stack Trace: number of calls: 5 PC: $103ca
  watchdog_reboot (packetbuf.c) called from PC: $24c30 (elapsed: 5)
  restart_time_synchronisation (packetbuf.c) called from PC: $159f2 (elapsed: 30452)
  process_thread_foure_timesynch_process (local in 4emac-timesynch.c) called from PC: $12738 (elapsed: 775516)
  call_process (local in process.c) called from PC: $1291c (elapsed: 775553)
  process_run (packetbuf.c) called from PC: $05edc (elapsed: 778547)
 WARN [Thread-2] (MspMote.java:229) - 28: # Watchdog[EXECUTION]: illegal write to WDTCTL (0) from $103ca - reset!!!!
Watchdog: illegal write to WDTCTL (0) from $103ca - reset!!!!
Stack Trace: number of calls: 5 PC: $103ca
  watchdog_reboot (packetbuf.c) called from PC: $24c30 (elapsed: 5)
  restart_time_synchronisation (packetbuf.c) called from PC: $159f2 (elapsed: 30453)
  process_thread_foure_timesynch_process (local in 4emac-timesynch.c) called from PC: $12738 (elapsed: 814474)
  call_process (local in process.c) called from PC: $1291c (elapsed: 814511)
  process_run (packetbuf.c) called from PC: $05edc (elapsed: 817694)
 WARN [Thread-2] (MspMote.java:229) - 11: # Watchdog[EXECUTION]: illegal write to WDTCTL (0) from $103ca - reset!!!!
Watchdog: illegal write to WDTCTL (0) from $103ca - reset!!!!
Stack Trace: number of calls: 5 PC: $103ca
  watchdog_reboot (packetbuf.c) called from PC: $24c30 (elapsed: 5)
  restart_time_synchronisation (packetbuf.c) called from PC: $159f2 (elapsed: 84723)
  process_thread_foure_timesynch_process (local in 4emac-timesynch.c) called from PC: $12738 (elapsed: 1412130)
  call_process (local in process.c) called from PC: $1291c (elapsed: 1412167)
  process_run (packetbuf.c) called from PC: $05edc (elapsed: 1416352)
 WARN [Thread-2] (MspMote.java:229) - 18: # Watchdog[EXECUTION]: illegal write to WDTCTL (0) from $103ca - reset!!!!
Watchdog: illegal write to WDTCTL (0) from $103ca - reset!!!!
Stack Trace: number of calls: 5 PC: $103ca
  watchdog_reboot (packetbuf.c) called from PC: $24c30 (elapsed: 5)
  restart_time_synchronisation (packetbuf.c) called from PC: $159f2 (elapsed: 30447)
  process_thread_foure_timesynch_process (local in 4emac-timesynch.c) called from PC: $12738 (elapsed: 637169)
  call_process (local in process.c) called from PC: $1291c (elapsed: 637206)
  process_run (packetbuf.c) called from PC: $05edc (elapsed: 640362)
 WARN [Thread-2] (MspMote.java:229) - 19: # Watchdog[EXECUTION]: illegal write to WDTCTL (0) from $103ca - reset!!!!
Watchdog: illegal write to WDTCTL (0) from $103ca - reset!!!!
Stack Trace: number of calls: 5 PC: $103ca
  watchdog_reboot (packetbuf.c) called from PC: $24c30 (elapsed: 5)
  restart_time_synchronisation (packetbuf.c) called from PC: $159f2 (elapsed: 56401)
  process_thread_foure_timesynch_process (local in 4emac-timesynch.c) called from PC: $12738 (elapsed: 1403239)
  call_process (local in process.c) called from PC: $1291c (elapsed: 1403276)
  process_run (packetbuf.c) called from PC: $05edc (elapsed: 1406829)
 WARN [Thread-2] (MspMote.java:229) - 4: # Watchdog[EXECUTION]: illegal write to WDTCTL (0) from $103ca - reset!!!!
Watchdog: illegal write to WDTCTL (0) from $103ca - reset!!!!
Stack Trace: number of calls: 5 PC: $103ca
  watchdog_reboot (packetbuf.c) called from PC: $24c30 (elapsed: 5)
  restart_time_synchronisation (packetbuf.c) called from PC: $159f2 (elapsed: 30452)
  process_thread_foure_timesynch_process (local in 4emac-timesynch.c) called from PC: $12738 (elapsed: 1285259)
  call_process (local in process.c) called from PC: $1291c (elapsed: 1285296)
  process_run (packetbuf.c) called from PC: $05edc (elapsed: 1288475)
 WARN [Thread-2] (MspMote.java:229) - 46: # Watchdog[EXECUTION]: illegal write to WDTCTL (0) from $103ca - reset!!!!
Watchdog: illegal write to WDTCTL (0) from $103ca - reset!!!!
Stack Trace: number of calls: 5 PC: $103ca
  watchdog_reboot (packetbuf.c) called from PC: $24c30 (elapsed: 5)
  restart_time_synchronisation (packetbuf.c) called from PC: $159f2 (elapsed: 30447)
  process_thread_foure_timesynch_process (local in 4emac-timesynch.c) called from PC: $12738 (elapsed: 950865)
  call_process (local in process.c) called from PC: $1291c (elapsed: 950902)
  process_run (packetbuf.c) called from PC: $05edc (elapsed: 953903)
 WARN [Thread-2] (MspMote.java:229) - 37: # Watchdog[EXECUTION]: illegal write to WDTCTL (0) from $103ca - reset!!!!
Watchdog: illegal write to WDTCTL (0) from $103ca - reset!!!!
Stack Trace: number of calls: 5 PC: $103ca
  watchdog_reboot (packetbuf.c) called from PC: $24c30 (elapsed: 5)
  restart_time_synchronisation (packetbuf.c) called from PC: $159f2 (elapsed: 30452)
  process_thread_foure_timesynch_process (local in 4emac-timesynch.c) called from PC: $12738 (elapsed: 1090589)
  call_process (local in process.c) called from PC: $1291c (elapsed: 1090626)
  process_run (packetbuf.c) called from PC: $05edc (elapsed: 1093550)
 WARN [Thread-2] (MspMote.java:229) - 10: # Watchdog[EXECUTION]: illegal write to WDTCTL (0) from $103ca - reset!!!!
Watchdog: illegal write to WDTCTL (0) from $103ca - reset!!!!
Stack Trace: number of calls: 5 PC: $103ca
  watchdog_reboot (packetbuf.c) called from PC: $24c30 (elapsed: 5)
  restart_time_synchronisation (packetbuf.c) called from PC: $159f2 (elapsed: 30621)
  process_thread_foure_timesynch_process (local in 4emac-timesynch.c) called from PC: $12738 (elapsed: 808606)
  call_process (local in process.c) called from PC: $1291c (elapsed: 808643)
  process_run (packetbuf.c) called from PC: $05edc (elapsed: 811801)
 WARN [Thread-2] (MspMote.java:229) - 20: # Watchdog[EXECUTION]: illegal write to WDTCTL (0) from $103ca - reset!!!!
Watchdog: illegal write to WDTCTL (0) from $103ca - reset!!!!
Stack Trace: number of calls: 5 PC: $103ca
  watchdog_reboot (packetbuf.c) called from PC: $24c30 (elapsed: 5)
  restart_time_synchronisation (packetbuf.c) called from PC: $159f2 (elapsed: 30452)
  process_thread_foure_timesynch_process (local in 4emac-timesynch.c) called from PC: $12738 (elapsed: 1224053)
  call_process (local in process.c) called from PC: $1291c (elapsed: 1224090)
  process_run (packetbuf.c) called from PC: $05edc (elapsed: 1227082)
 WARN [Thread-2] (MspMote.java:229) - 45: # Watchdog[EXECUTION]: illegal write to WDTCTL (0) from $103ca - reset!!!!
Watchdog: illegal write to WDTCTL (0) from $103ca - reset!!!!
Stack Trace: number of calls: 5 PC: $103ca
  watchdog_reboot (packetbuf.c) called from PC: $24c30 (elapsed: 5)
  restart_time_synchronisation (packetbuf.c) called from PC: $159f2 (elapsed: 30471)
  process_thread_foure_timesynch_process (local in 4emac-timesynch.c) called from PC: $12738 (elapsed: 1395670)
  call_process (local in process.c) called from PC: $1291c (elapsed: 1395707)
  process_run (packetbuf.c) called from PC: $05edc (elapsed: 1398618)
 WARN [Thread-2] (MspMote.java:229) - 44: # Watchdog[EXECUTION]: illegal write to WDTCTL (0) from $103ca - reset!!!!
Watchdog: illegal write to WDTCTL (0) from $103ca - reset!!!!
Stack Trace: number of calls: 5 PC: $103ca
  watchdog_reboot (packetbuf.c) called from PC: $24c30 (elapsed: 5)
  restart_time_synchronisation (packetbuf.c) called from PC: $159f2 (elapsed: 30452)
  process_thread_foure_timesynch_process (local in 4emac-timesynch.c) called from PC: $12738 (elapsed: 505862)
  call_process (local in process.c) called from PC: $1291c (elapsed: 505899)
  process_run (packetbuf.c) called from PC: $05edc (elapsed: 508812)
 WARN [Thread-2] (MspMote.java:229) - 14: # Watchdog[EXECUTION]: illegal write to WDTCTL (0) from $103ca - reset!!!!
Watchdog: illegal write to WDTCTL (0) from $103ca - reset!!!!
Stack Trace: number of calls: 11 PC: $103ca
  watchdog_reboot (packetbuf.c) called from PC: $24c30 (elapsed: 5)
  restart_time_synchronisation (packetbuf.c) called from PC: $14eee (elapsed: 31370)
  foure_timesynch_parent_switch_callback (packetbuf.c) called from PC: $1e95c (elapsed: 69451)
  rpl_set_preferred_parent (local in rpl-dag.c) called from PC: $1ef8c (elapsed: 162473)
  rpl_nullify_parent (packetbuf.c) called from PC: $1fc26 (elapsed: 434544)
  rpl_process_parent_event (packetbuf.c) called from PC: $1fcbe (elapsed: 530580)
  rpl_recalculate_ranks (packetbuf.c) called from PC: $23726 (elapsed: 531624)
  handle_periodic_timer (local in rpl-timers.c) called from PC: $1219c (elapsed: 532146)
  process_thread_ctimer_process (local in ctimer.c) called from PC: $12738 (elapsed: 532371)
  call_process (local in process.c) called from PC: $1291c (elapsed: 532408)
  process_run (packetbuf.c) called from PC: $05edc (elapsed: 535402)
 WARN [Thread-2] (MspMote.java:229) - 27: # Watchdog[EXECUTION]: illegal write to WDTCTL (0) from $103ca - reset!!!!
Watchdog: illegal write to WDTCTL (0) from $103ca - reset!!!!
Stack Trace: number of calls: 5 PC: $103ca
  watchdog_reboot (packetbuf.c) called from PC: $24c30 (elapsed: 5)
  restart_time_synchronisation (packetbuf.c) called from PC: $159f2 (elapsed: 30452)
  process_thread_foure_timesynch_process (local in 4emac-timesynch.c) called from PC: $12738 (elapsed: 914450)
  call_process (local in process.c) called from PC: $1291c (elapsed: 914487)
  process_run (packetbuf.c) called from PC: $05edc (elapsed: 917560)
 WARN [Thread-2] (MspMote.java:229) - 23: # Watchdog[EXECUTION]: illegal write to WDTCTL (0) from $103ca - reset!!!!
Watchdog: illegal write to WDTCTL (0) from $103ca - reset!!!!
Stack Trace: number of calls: 5 PC: $103ca
  watchdog_reboot (packetbuf.c) called from PC: $24c30 (elapsed: 5)
  restart_time_synchronisation (packetbuf.c) called from PC: $159f2 (elapsed: 34083)
  process_thread_foure_timesynch_process (local in 4emac-timesynch.c) called from PC: $12738 (elapsed: 971388)
  call_process (local in process.c) called from PC: $1291c (elapsed: 971425)
  process_run (packetbuf.c) called from PC: $05edc (elapsed: 974500)
 WARN [Thread-2] (MspMote.java:229) - 15: # Watchdog[EXECUTION]: illegal write to WDTCTL (0) from $103ca - reset!!!!
Watchdog: illegal write to WDTCTL (0) from $103ca - reset!!!!
Stack Trace: number of calls: 5 PC: $103ca
  watchdog_reboot (packetbuf.c) called from PC: $24c30 (elapsed: 5)
  restart_time_synchronisation (packetbuf.c) called from PC: $159f2 (elapsed: 30452)
  process_thread_foure_timesynch_process (local in 4emac-timesynch.c) called from PC: $12738 (elapsed: 1089090)
  call_process (local in process.c) called from PC: $1291c (elapsed: 1089127)
  process_run (packetbuf.c) called from PC: $05edc (elapsed: 1092205)
 WARN [Thread-2] (MspMote.java:229) - 43: # Watchdog[EXECUTION]: illegal write to WDTCTL (0) from $103ca - reset!!!!
Watchdog: illegal write to WDTCTL (0) from $103ca - reset!!!!
Stack Trace: number of calls: 5 PC: $103ca
  watchdog_reboot (packetbuf.c) called from PC: $24c30 (elapsed: 5)
  restart_time_synchronisation (packetbuf.c) called from PC: $159f2 (elapsed: 30573)
  process_thread_foure_timesynch_process (local in 4emac-timesynch.c) called from PC: $12738 (elapsed: 945848)
  call_process (local in process.c) called from PC: $1291c (elapsed: 945885)
  process_run (packetbuf.c) called from PC: $05edc (elapsed: 949037)
 WARN [Thread-2] (MspMote.java:229) - 22: # Watchdog[EXECUTION]: illegal write to WDTCTL (0) from $103ca - reset!!!!
Watchdog: illegal write to WDTCTL (0) from $103ca - reset!!!!
Stack Trace: number of calls: 5 PC: $103ca
  watchdog_reboot (packetbuf.c) called from PC: $24c30 (elapsed: 5)
  restart_time_synchronisation (packetbuf.c) called from PC: $159f2 (elapsed: 30452)
  process_thread_foure_timesynch_process (local in 4emac-timesynch.c) called from PC: $12738 (elapsed: 1350911)
  call_process (local in process.c) called from PC: $1291c (elapsed: 1350948)
  process_run (packetbuf.c) called from PC: $05edc (elapsed: 1354032)
 WARN [Thread-2] (MspMote.java:229) - 33: # Watchdog[EXECUTION]: illegal write to WDTCTL (0) from $103ca - reset!!!!
Watchdog: illegal write to WDTCTL (0) from $103ca - reset!!!!
Stack Trace: number of calls: 5 PC: $103ca
  watchdog_reboot (packetbuf.c) called from PC: $24c30 (elapsed: 5)
  restart_time_synchronisation (packetbuf.c) called from PC: $159f2 (elapsed: 30453)
  process_thread_foure_timesynch_process (local in 4emac-timesynch.c) called from PC: $12738 (elapsed: 1260171)
  call_process (local in process.c) called from PC: $1291c (elapsed: 1260208)
  process_run (packetbuf.c) called from PC: $05edc (elapsed: 1263044)
 WARN [Thread-2] (MspMote.java:229) - 12: # Watchdog[EXECUTION]: illegal write to WDTCTL (0) from $103ca - reset!!!!
 INFO [Thread-2] (LogScriptEngine.java:389) - Test script at 90.00%, done in 1081.7 sec
Watchdog: illegal write to WDTCTL (0) from $103ca - reset!!!!
Stack Trace: number of calls: 5 PC: $103ca
  watchdog_reboot (packetbuf.c) called from PC: $24c30 (elapsed: 5)
  restart_time_synchronisation (packetbuf.c) called from PC: $159f2 (elapsed: 30452)
  process_thread_foure_timesynch_process (local in 4emac-timesynch.c) called from PC: $12738 (elapsed: 906987)
  call_process (local in process.c) called from PC: $1291c (elapsed: 907024)
  process_run (packetbuf.c) called from PC: $05edc (elapsed: 910095)
 WARN [Thread-2] (MspMote.java:229) - 42: # Watchdog[EXECUTION]: illegal write to WDTCTL (0) from $103ca - reset!!!!
Watchdog: illegal write to WDTCTL (0) from $103ca - reset!!!!
Stack Trace: number of calls: 5 PC: $103ca
  watchdog_reboot (packetbuf.c) called from PC: $24c30 (elapsed: 5)
  restart_time_synchronisation (packetbuf.c) called from PC: $159f2 (elapsed: 31364)
  process_thread_foure_timesynch_process (local in 4emac-timesynch.c) called from PC: $12738 (elapsed: 185327)
  call_process (local in process.c) called from PC: $1291c (elapsed: 185364)
  process_run (packetbuf.c) called from PC: $05edc (elapsed: 187645)
 WARN [Thread-2] (MspMote.java:229) - 49: # Watchdog[EXECUTION]: illegal write to WDTCTL (0) from $103ca - reset!!!!
Watchdog: illegal write to WDTCTL (0) from $103ca - reset!!!!
Stack Trace: number of calls: 5 PC: $103ca
  watchdog_reboot (packetbuf.c) called from PC: $24c30 (elapsed: 5)
  restart_time_synchronisation (packetbuf.c) called from PC: $159f2 (elapsed: 30632)
  process_thread_foure_timesynch_process (local in 4emac-timesynch.c) called from PC: $12738 (elapsed: 942685)
  call_process (local in process.c) called from PC: $1291c (elapsed: 942722)
  process_run (packetbuf.c) called from PC: $05edc (elapsed: 945719)
 WARN [Thread-2] (MspMote.java:229) - 5: # Watchdog[EXECUTION]: illegal write to WDTCTL (0) from $103ca - reset!!!!
Watchdog: illegal write to WDTCTL (0) from $103ca - reset!!!!
Stack Trace: number of calls: 5 PC: $103ca
  watchdog_reboot (packetbuf.c) called from PC: $24c30 (elapsed: 5)
  restart_time_synchronisation (packetbuf.c) called from PC: $159f2 (elapsed: 30531)
  process_thread_foure_timesynch_process (local in 4emac-timesynch.c) called from PC: $12738 (elapsed: 944854)
  call_process (local in process.c) called from PC: $1291c (elapsed: 944891)
  process_run (packetbuf.c) called from PC: $05edc (elapsed: 949037)
 WARN [Thread-2] (MspMote.java:229) - 4: # Watchdog[EXECUTION]: illegal write to WDTCTL (0) from $103ca - reset!!!!
Watchdog: illegal write to WDTCTL (0) from $103ca - reset!!!!
Stack Trace: number of calls: 5 PC: $103ca
  watchdog_reboot (packetbuf.c) called from PC: $24c30 (elapsed: 5)
  restart_time_synchronisation (packetbuf.c) called from PC: $159f2 (elapsed: 56709)
  process_thread_foure_timesynch_process (local in 4emac-timesynch.c) called from PC: $12738 (elapsed: 1397540)
  call_process (local in process.c) called from PC: $1291c (elapsed: 1397577)
  process_run (packetbuf.c) called from PC: $05edc (elapsed: 1400808)
 WARN [Thread-2] (MspMote.java:229) - 30: # Watchdog[EXECUTION]: illegal write to WDTCTL (0) from $103ca - reset!!!!
Watchdog: illegal write to WDTCTL (0) from $103ca - reset!!!!
Stack Trace: number of calls: 5 PC: $103ca
  watchdog_reboot (packetbuf.c) called from PC: $24c30 (elapsed: 5)
  restart_time_synchronisation (packetbuf.c) called from PC: $159f2 (elapsed: 30452)
  process_thread_foure_timesynch_process (local in 4emac-timesynch.c) called from PC: $12738 (elapsed: 982315)
  call_process (local in process.c) called from PC: $1291c (elapsed: 982352)
  process_run (packetbuf.c) called from PC: $05edc (elapsed: 984356)
 WARN [Thread-2] (MspMote.java:229) - 41: # Watchdog[EXECUTION]: illegal write to WDTCTL (0) from $103ca - reset!!!!
Watchdog: illegal write to WDTCTL (0) from $103ca - reset!!!!
Stack Trace: number of calls: 5 PC: $103ca
  watchdog_reboot (packetbuf.c) called from PC: $24c30 (elapsed: 5)
  restart_time_synchronisation (packetbuf.c) called from PC: $159f2 (elapsed: 30453)
  process_thread_foure_timesynch_process (local in 4emac-timesynch.c) called from PC: $12738 (elapsed: 1129458)
  call_process (local in process.c) called from PC: $1291c (elapsed: 1129495)
  process_run (packetbuf.c) called from PC: $05edc (elapsed: 1132575)
 WARN [Thread-2] (MspMote.java:229) - 24: # Watchdog[EXECUTION]: illegal write to WDTCTL (0) from $103ca - reset!!!!
Watchdog: illegal write to WDTCTL (0) from $103ca - reset!!!!
Stack Trace: number of calls: 5 PC: $103ca
  watchdog_reboot (packetbuf.c) called from PC: $24c30 (elapsed: 5)
  restart_time_synchronisation (packetbuf.c) called from PC: $159f2 (elapsed: 30452)
  process_thread_foure_timesynch_process (local in 4emac-timesynch.c) called from PC: $12738 (elapsed: 862115)
  call_process (local in process.c) called from PC: $1291c (elapsed: 862152)
  process_run (packetbuf.c) called from PC: $05edc (elapsed: 865304)
 WARN [Thread-2] (MspMote.java:229) - 46: # Watchdog[EXECUTION]: illegal write to WDTCTL (0) from $103ca - reset!!!!
Watchdog: illegal write to WDTCTL (0) from $103ca - reset!!!!
Stack Trace: number of calls: 5 PC: $103ca
  watchdog_reboot (packetbuf.c) called from PC: $24c30 (elapsed: 5)
  restart_time_synchronisation (packetbuf.c) called from PC: $159f2 (elapsed: 30452)
  process_thread_foure_timesynch_process (local in 4emac-timesynch.c) called from PC: $12738 (elapsed: 669875)
  call_process (local in process.c) called from PC: $1291c (elapsed: 669912)
  process_run (packetbuf.c) called from PC: $05edc (elapsed: 672913)
 WARN [Thread-2] (MspMote.java:229) - 1: # Watchdog[EXECUTION]: illegal write to WDTCTL (0) from $103ca - reset!!!!
Watchdog: illegal write to WDTCTL (0) from $103ca - reset!!!!
Stack Trace: number of calls: 5 PC: $103ca
  watchdog_reboot (packetbuf.c) called from PC: $24c30 (elapsed: 5)
  restart_time_synchronisation (packetbuf.c) called from PC: $159f2 (elapsed: 56243)
  process_thread_foure_timesynch_process (local in 4emac-timesynch.c) called from PC: $12738 (elapsed: 664868)
  call_process (local in process.c) called from PC: $1291c (elapsed: 664905)
  process_run (packetbuf.c) called from PC: $05edc (elapsed: 668059)
 WARN [Thread-2] (MspMote.java:229) - 17: # Watchdog[EXECUTION]: illegal write to WDTCTL (0) from $103ca - reset!!!!
Watchdog: illegal write to WDTCTL (0) from $103ca - reset!!!!
Stack Trace: number of calls: 11 PC: $103ca
  watchdog_reboot (packetbuf.c) called from PC: $24c30 (elapsed: 5)
  restart_time_synchronisation (packetbuf.c) called from PC: $14eee (elapsed: 31370)
  foure_timesynch_parent_switch_callback (packetbuf.c) called from PC: $1e95c (elapsed: 69451)
  rpl_set_preferred_parent (local in rpl-dag.c) called from PC: $1ef8c (elapsed: 162805)
  rpl_nullify_parent (packetbuf.c) called from PC: $1fc26 (elapsed: 382680)
  rpl_process_parent_event (packetbuf.c) called from PC: $1fcbe (elapsed: 481258)
  rpl_recalculate_ranks (packetbuf.c) called from PC: $23726 (elapsed: 483518)
  handle_periodic_timer (local in rpl-timers.c) called from PC: $1219c (elapsed: 483785)
  process_thread_ctimer_process (local in ctimer.c) called from PC: $12738 (elapsed: 484010)
  call_process (local in process.c) called from PC: $1291c (elapsed: 484047)
  process_run (packetbuf.c) called from PC: $05edc (elapsed: 487043)
 WARN [Thread-2] (MspMote.java:229) - 16: # Watchdog[EXECUTION]: illegal write to WDTCTL (0) from $103ca - reset!!!!
Watchdog: illegal write to WDTCTL (0) from $103ca - reset!!!!
Stack Trace: number of calls: 5 PC: $103ca
  watchdog_reboot (packetbuf.c) called from PC: $24c30 (elapsed: 5)
  restart_time_synchronisation (packetbuf.c) called from PC: $159f2 (elapsed: 30452)
  process_thread_foure_timesynch_process (local in 4emac-timesynch.c) called from PC: $12738 (elapsed: 780346)
  call_process (local in process.c) called from PC: $1291c (elapsed: 780383)
  process_run (packetbuf.c) called from PC: $05edc (elapsed: 783670)
 WARN [Thread-2] (MspMote.java:229) - 43: # Watchdog[EXECUTION]: illegal write to WDTCTL (0) from $103ca - reset!!!!
Watchdog: illegal write to WDTCTL (0) from $103ca - reset!!!!
Stack Trace: number of calls: 5 PC: $103ca
  watchdog_reboot (packetbuf.c) called from PC: $24c30 (elapsed: 5)
  restart_time_synchronisation (packetbuf.c) called from PC: $159f2 (elapsed: 30609)
  process_thread_foure_timesynch_process (local in 4emac-timesynch.c) called from PC: $12738 (elapsed: 981828)
  call_process (local in process.c) called from PC: $1291c (elapsed: 981865)
  process_run (packetbuf.c) called from PC: $05edc (elapsed: 1763687)
 WARN [Thread-2] (MspMote.java:229) - 18: # Watchdog[EXECUTION]: illegal write to WDTCTL (0) from $103ca - reset!!!!
Watchdog: illegal write to WDTCTL (0) from $103ca - reset!!!!
Stack Trace: number of calls: 5 PC: $103ca
  watchdog_reboot (packetbuf.c) called from PC: $24c30 (elapsed: 5)
  restart_time_synchronisation (packetbuf.c) called from PC: $159f2 (elapsed: 30453)
  process_thread_foure_timesynch_process (local in 4emac-timesynch.c) called from PC: $12738 (elapsed: 1253591)
  call_process (local in process.c) called from PC: $1291c (elapsed: 1253628)
  process_run (packetbuf.c) called from PC: $05edc (elapsed: 1256622)
 WARN [Thread-2] (MspMote.java:229) - 25: # Watchdog[EXECUTION]: illegal write to WDTCTL (0) from $103ca - reset!!!!
Watchdog: illegal write to WDTCTL (0) from $103ca - reset!!!!
Stack Trace: number of calls: 5 PC: $103ca
  watchdog_reboot (packetbuf.c) called from PC: $24c30 (elapsed: 5)
  restart_time_synchronisation (packetbuf.c) called from PC: $159f2 (elapsed: 30452)
  process_thread_foure_timesynch_process (local in 4emac-timesynch.c) called from PC: $12738 (elapsed: 1224775)
  call_process (local in process.c) called from PC: $1291c (elapsed: 1224812)
  process_run (packetbuf.c) called from PC: $05edc (elapsed: 1227729)
 WARN [Thread-2] (MspMote.java:229) - 45: # Watchdog[EXECUTION]: illegal write to WDTCTL (0) from $103ca - reset!!!!
Watchdog: illegal write to WDTCTL (0) from $103ca - reset!!!!
Stack Trace: number of calls: 5 PC: $103ca
  watchdog_reboot (packetbuf.c) called from PC: $24c30 (elapsed: 5)
  restart_time_synchronisation (packetbuf.c) called from PC: $159f2 (elapsed: 60460)
  process_thread_foure_timesynch_process (local in 4emac-timesynch.c) called from PC: $12738 (elapsed: 1294981)
  call_process (local in process.c) called from PC: $1291c (elapsed: 1295018)
  process_run (packetbuf.c) called from PC: $05edc (elapsed: 1302490)
 WARN [Thread-2] (MspMote.java:229) - 50: # Watchdog[EXECUTION]: illegal write to WDTCTL (0) from $103ca - reset!!!!
Watchdog: illegal write to WDTCTL (0) from $103ca - reset!!!!
Stack Trace: number of calls: 5 PC: $103ca
  watchdog_reboot (packetbuf.c) called from PC: $24c30 (elapsed: 5)
  restart_time_synchronisation (packetbuf.c) called from PC: $159f2 (elapsed: 30447)
  process_thread_foure_timesynch_process (local in 4emac-timesynch.c) called from PC: $12738 (elapsed: 703598)
  call_process (local in process.c) called from PC: $1291c (elapsed: 703635)
  process_run (packetbuf.c) called from PC: $05edc (elapsed: 706737)
 WARN [Thread-2] (MspMote.java:229) - 5: # Watchdog[EXECUTION]: illegal write to WDTCTL (0) from $103ca - reset!!!!
Watchdog: illegal write to WDTCTL (0) from $103ca - reset!!!!
Stack Trace: number of calls: 5 PC: $103ca
  watchdog_reboot (packetbuf.c) called from PC: $24c30 (elapsed: 5)
  restart_time_synchronisation (packetbuf.c) called from PC: $159f2 (elapsed: 30447)
  process_thread_foure_timesynch_process (local in 4emac-timesynch.c) called from PC: $12738 (elapsed: 641538)
  call_process (local in process.c) called from PC: $1291c (elapsed: 641575)
  process_run (packetbuf.c) called from PC: $05edc (elapsed: 644652)
 WARN [Thread-2] (MspMote.java:229) - 32: # Watchdog[EXECUTION]: illegal write to WDTCTL (0) from $103ca - reset!!!!
Watchdog: illegal write to WDTCTL (0) from $103ca - reset!!!!
Stack Trace: number of calls: 5 PC: $103ca
  watchdog_reboot (packetbuf.c) called from PC: $24c30 (elapsed: 5)
  restart_time_synchronisation (packetbuf.c) called from PC: $159f2 (elapsed: 30447)
  process_thread_foure_timesynch_process (local in 4emac-timesynch.c) called from PC: $12738 (elapsed: 505228)
  call_process (local in process.c) called from PC: $1291c (elapsed: 505265)
  process_run (packetbuf.c) called from PC: $05edc (elapsed: 508496)
 WARN [Thread-2] (MspMote.java:229) - 2: # Watchdog[EXECUTION]: illegal write to WDTCTL (0) from $103ca - reset!!!!
Watchdog: illegal write to WDTCTL (0) from $103ca - reset!!!!
Stack Trace: number of calls: 5 PC: $103ca
  watchdog_reboot (packetbuf.c) called from PC: $24c30 (elapsed: 5)
  restart_time_synchronisation (packetbuf.c) called from PC: $159f2 (elapsed: 30651)
  process_thread_foure_timesynch_process (local in 4emac-timesynch.c) called from PC: $12738 (elapsed: 1248090)
  call_process (local in process.c) called from PC: $1291c (elapsed: 1248127)
  process_run (packetbuf.c) called from PC: $05edc (elapsed: 1251282)
 WARN [Thread-2] (MspMote.java:229) - 40: # Watchdog[EXECUTION]: illegal write to WDTCTL (0) from $103ca - reset!!!!
Watchdog: illegal write to WDTCTL (0) from $103ca - reset!!!!
Stack Trace: number of calls: 5 PC: $103ca
  watchdog_reboot (packetbuf.c) called from PC: $24c30 (elapsed: 5)
  restart_time_synchronisation (packetbuf.c) called from PC: $159f2 (elapsed: 30447)
  process_thread_foure_timesynch_process (local in 4emac-timesynch.c) called from PC: $12738 (elapsed: 1273042)
  call_process (local in process.c) called from PC: $1291c (elapsed: 1273079)
  process_run (packetbuf.c) called from PC: $05edc (elapsed: 1275992)
 WARN [Thread-2] (MspMote.java:229) - 27: # Watchdog[EXECUTION]: illegal write to WDTCTL (0) from $103ca - reset!!!!
Watchdog: illegal write to WDTCTL (0) from $103ca - reset!!!!
Stack Trace: number of calls: 11 PC: $103ca
  watchdog_reboot (packetbuf.c) called from PC: $24c30 (elapsed: 5)
  restart_time_synchronisation (packetbuf.c) called from PC: $14eee (elapsed: 31370)
  foure_timesynch_parent_switch_callback (packetbuf.c) called from PC: $1e95c (elapsed: 69452)
  rpl_set_preferred_parent (local in rpl-dag.c) called from PC: $1ef8c (elapsed: 163989)
  rpl_nullify_parent (packetbuf.c) called from PC: $1fc26 (elapsed: 381748)
  rpl_process_parent_event (packetbuf.c) called from PC: $1fcbe (elapsed: 477575)
  rpl_recalculate_ranks (packetbuf.c) called from PC: $23726 (elapsed: 478619)
  handle_periodic_timer (local in rpl-timers.c) called from PC: $1219c (elapsed: 478971)
  process_thread_ctimer_process (local in ctimer.c) called from PC: $12738 (elapsed: 479196)
  call_process (local in process.c) called from PC: $1291c (elapsed: 479233)
  process_run (packetbuf.c) called from PC: $05edc (elapsed: 482315)
 WARN [Thread-2] (MspMote.java:229) - 3: # Watchdog[EXECUTION]: illegal write to WDTCTL (0) from $103ca - reset!!!!
Watchdog: illegal write to WDTCTL (0) from $103ca - reset!!!!
Stack Trace: number of calls: 5 PC: $103ca
  watchdog_reboot (packetbuf.c) called from PC: $24c30 (elapsed: 5)
  restart_time_synchronisation (packetbuf.c) called from PC: $159f2 (elapsed: 30567)
  process_thread_foure_timesynch_process (local in 4emac-timesynch.c) called from PC: $12738 (elapsed: 835572)
  call_process (local in process.c) called from PC: $1291c (elapsed: 835609)
  process_run (packetbuf.c) called from PC: $05edc (elapsed: 838685)
 WARN [Thread-2] (MspMote.java:229) - 34: # Watchdog[EXECUTION]: illegal write to WDTCTL (0) from $103ca - reset!!!!
Watchdog: illegal write to WDTCTL (0) from $103ca - reset!!!!
Stack Trace: number of calls: 5 PC: $103ca
  watchdog_reboot (packetbuf.c) called from PC: $24c30 (elapsed: 5)
  restart_time_synchronisation (packetbuf.c) called from PC: $159f2 (elapsed: 30452)
  process_thread_foure_timesynch_process (local in 4emac-timesynch.c) called from PC: $12738 (elapsed: 677761)
  call_process (local in process.c) called from PC: $1291c (elapsed: 677798)
  process_run (packetbuf.c) called from PC: $05edc (elapsed: 680792)
 WARN [Thread-2] (MspMote.java:229) - 13: # Watchdog[EXECUTION]: illegal write to WDTCTL (0) from $103ca - reset!!!!
Watchdog: illegal write to WDTCTL (0) from $103ca - reset!!!!
Stack Trace: number of calls: 5 PC: $103ca
  watchdog_reboot (packetbuf.c) called from PC: $24c30 (elapsed: 5)
  restart_time_synchronisation (packetbuf.c) called from PC: $159f2 (elapsed: 30452)
  process_thread_foure_timesynch_process (local in 4emac-timesynch.c) called from PC: $12738 (elapsed: 1403128)
  call_process (local in process.c) called from PC: $1291c (elapsed: 1403165)
  process_run (packetbuf.c) called from PC: $05edc (elapsed: 1406296)
 WARN [Thread-2] (MspMote.java:229) - 39: # Watchdog[EXECUTION]: illegal write to WDTCTL (0) from $103ca - reset!!!!
Watchdog: illegal write to WDTCTL (0) from $103ca - reset!!!!
Stack Trace: number of calls: 5 PC: $103ca
  watchdog_reboot (packetbuf.c) called from PC: $24c30 (elapsed: 5)
  restart_time_synchronisation (packetbuf.c) called from PC: $159f2 (elapsed: 31359)
  process_thread_foure_timesynch_process (local in 4emac-timesynch.c) called from PC: $12738 (elapsed: 185459)
  call_process (local in process.c) called from PC: $1291c (elapsed: 185496)
  process_run (packetbuf.c) called from PC: $05edc (elapsed: 187777)
 WARN [Thread-2] (MspMote.java:229) - 14: # Watchdog[EXECUTION]: illegal write to WDTCTL (0) from $103ca - reset!!!!
Watchdog: illegal write to WDTCTL (0) from $103ca - reset!!!!
Stack Trace: number of calls: 5 PC: $103ca
  watchdog_reboot (packetbuf.c) called from PC: $24c30 (elapsed: 5)
  restart_time_synchronisation (packetbuf.c) called from PC: $159f2 (elapsed: 30452)
  process_thread_foure_timesynch_process (local in 4emac-timesynch.c) called from PC: $12738 (elapsed: 985647)
  call_process (local in process.c) called from PC: $1291c (elapsed: 985684)
  process_run (packetbuf.c) called from PC: $05edc (elapsed: 990705)
 WARN [Thread-2] (MspMote.java:229) - 4: # Watchdog[EXECUTION]: illegal write to WDTCTL (0) from $103ca - reset!!!!
 INFO [Thread-2] (LogScriptEngine.java:389) - Test script at 95.00%, done in 531.1 sec
Watchdog: illegal write to WDTCTL (0) from $103ca - reset!!!!
Stack Trace: number of calls: 5 PC: $103ca
  watchdog_reboot (packetbuf.c) called from PC: $24c30 (elapsed: 5)
  restart_time_synchronisation (packetbuf.c) called from PC: $159f2 (elapsed: 30452)
  process_thread_foure_timesynch_process (local in 4emac-timesynch.c) called from PC: $12738 (elapsed: 1115508)
  call_process (local in process.c) called from PC: $1291c (elapsed: 1115545)
  process_run (packetbuf.c) called from PC: $05edc (elapsed: 1118809)
 WARN [Thread-2] (MspMote.java:229) - 20: # Watchdog[EXECUTION]: illegal write to WDTCTL (0) from $103ca - reset!!!!
Watchdog: illegal write to WDTCTL (0) from $103ca - reset!!!!
Stack Trace: number of calls: 5 PC: $103ca
  watchdog_reboot (packetbuf.c) called from PC: $24c30 (elapsed: 5)
  restart_time_synchronisation (packetbuf.c) called from PC: $159f2 (elapsed: 30447)
  process_thread_foure_timesynch_process (local in 4emac-timesynch.c) called from PC: $12738 (elapsed: 1272026)
  call_process (local in process.c) called from PC: $1291c (elapsed: 1272063)
  process_run (packetbuf.c) called from PC: $05edc (elapsed: 1275057)
 WARN [Thread-2] (MspMote.java:229) - 31: # Watchdog[EXECUTION]: illegal write to WDTCTL (0) from $103ca - reset!!!!
Watchdog: illegal write to WDTCTL (0) from $103ca - reset!!!!
Stack Trace: number of calls: 5 PC: $103ca
  watchdog_reboot (packetbuf.c) called from PC: $24c30 (elapsed: 5)
  restart_time_synchronisation (packetbuf.c) called from PC: $159f2 (elapsed: 31365)
  process_thread_foure_timesynch_process (local in 4emac-timesynch.c) called from PC: $12738 (elapsed: 185293)
  call_process (local in process.c) called from PC: $1291c (elapsed: 185330)
  process_run (packetbuf.c) called from PC: $05edc (elapsed: 187690)
 WARN [Thread-2] (MspMote.java:229) - 19: # Watchdog[EXECUTION]: illegal write to WDTCTL (0) from $103ca - reset!!!!
Watchdog: illegal write to WDTCTL (0) from $103ca - reset!!!!
Stack Trace: number of calls: 5 PC: $103ca
  watchdog_reboot (packetbuf.c) called from PC: $24c30 (elapsed: 5)
  restart_time_synchronisation (packetbuf.c) called from PC: $159f2 (elapsed: 30452)
  process_thread_foure_timesynch_process (local in 4emac-timesynch.c) called from PC: $12738 (elapsed: 672770)
  call_process (local in process.c) called from PC: $1291c (elapsed: 672807)
  process_run (packetbuf.c) called from PC: $05edc (elapsed: 675802)
 WARN [Thread-2] (MspMote.java:229) - 26: # Watchdog[EXECUTION]: illegal write to WDTCTL (0) from $103ca - reset!!!!
Watchdog: illegal write to WDTCTL (0) from $103ca - reset!!!!
Stack Trace: number of calls: 5 PC: $103ca
  watchdog_reboot (packetbuf.c) called from PC: $24c30 (elapsed: 5)
  restart_time_synchronisation (packetbuf.c) called from PC: $159f2 (elapsed: 30453)
  process_thread_foure_timesynch_process (local in 4emac-timesynch.c) called from PC: $12738 (elapsed: 500462)
  call_process (local in process.c) called from PC: $1291c (elapsed: 500499)
  process_run (packetbuf.c) called from PC: $05edc (elapsed: 503651)
 WARN [Thread-2] (MspMote.java:229) - 16: # Watchdog[EXECUTION]: illegal write to WDTCTL (0) from $103ca - reset!!!!
Watchdog: illegal write to WDTCTL (0) from $103ca - reset!!!!
Stack Trace: number of calls: 5 PC: $103ca
  watchdog_reboot (packetbuf.c) called from PC: $24c30 (elapsed: 5)
  restart_time_synchronisation (packetbuf.c) called from PC: $159f2 (elapsed: 30447)
  process_thread_foure_timesynch_process (local in 4emac-timesynch.c) called from PC: $12738 (elapsed: 637290)
  call_process (local in process.c) called from PC: $1291c (elapsed: 637327)
  process_run (packetbuf.c) called from PC: $05edc (elapsed: 640400)
 WARN [Thread-2] (MspMote.java:229) - 7: # Watchdog[EXECUTION]: illegal write to WDTCTL (0) from $103ca - reset!!!!
Watchdog: illegal write to WDTCTL (0) from $103ca - reset!!!!
Stack Trace: number of calls: 5 PC: $103ca
  watchdog_reboot (packetbuf.c) called from PC: $24c30 (elapsed: 5)
  restart_time_synchronisation (packetbuf.c) called from PC: $159f2 (elapsed: 31364)
  process_thread_foure_timesynch_process (local in 4emac-timesynch.c) called from PC: $12738 (elapsed: 217587)
  call_process (local in process.c) called from PC: $1291c (elapsed: 217624)
  process_run (packetbuf.c) called from PC: $05edc (elapsed: 218911)
 WARN [Thread-2] (MspMote.java:229) - 41: # Watchdog[EXECUTION]: illegal write to WDTCTL (0) from $103ca - reset!!!!
Watchdog: illegal write to WDTCTL (0) from $103ca - reset!!!!
Stack Trace: number of calls: 5 PC: $103ca
  watchdog_reboot (packetbuf.c) called from PC: $24c30 (elapsed: 5)
  restart_time_synchronisation (packetbuf.c) called from PC: $159f2 (elapsed: 30452)
  process_thread_foure_timesynch_process (local in 4emac-timesynch.c) called from PC: $12738 (elapsed: 1370574)
  call_process (local in process.c) called from PC: $1291c (elapsed: 1370611)
  process_run (packetbuf.c) called from PC: $05edc (elapsed: 1373526)
 WARN [Thread-2] (MspMote.java:229) - 9: # Watchdog[EXECUTION]: illegal write to WDTCTL (0) from $103ca - reset!!!!
Watchdog: illegal write to WDTCTL (0) from $103ca - reset!!!!
Stack Trace: number of calls: 5 PC: $103ca
  watchdog_reboot (packetbuf.c) called from PC: $24c30 (elapsed: 5)
  restart_time_synchronisation (packetbuf.c) called from PC: $159f2 (elapsed: 30452)
  process_thread_foure_timesynch_process (local in 4emac-timesynch.c) called from PC: $12738 (elapsed: 905409)
  call_process (local in process.c) called from PC: $1291c (elapsed: 905446)
  process_run (packetbuf.c) called from PC: $05edc (elapsed: 908598)
 WARN [Thread-2] (MspMote.java:229) - 33: # Watchdog[EXECUTION]: illegal write to WDTCTL (0) from $103ca - reset!!!!
Watchdog: illegal write to WDTCTL (0) from $103ca - reset!!!!
Stack Trace: number of calls: 5 PC: $103ca
  watchdog_reboot (packetbuf.c) called from PC: $24c30 (elapsed: 5)
  restart_time_synchronisation (packetbuf.c) called from PC: $159f2 (elapsed: 30452)
  process_thread_foure_timesynch_process (local in 4emac-timesynch.c) called from PC: $12738 (elapsed: 1093717)
  call_process (local in process.c) called from PC: $1291c (elapsed: 1093754)
  process_run (packetbuf.c) called from PC: $05edc (elapsed: 1096667)
 WARN [Thread-2] (MspMote.java:229) - 46: # Watchdog[EXECUTION]: illegal write to WDTCTL (0) from $103ca - reset!!!!
Watchdog: illegal write to WDTCTL (0) from $103ca - reset!!!!
Stack Trace: number of calls: 5 PC: $103ca
  watchdog_reboot (packetbuf.c) called from PC: $24c30 (elapsed: 5)
  restart_time_synchronisation (packetbuf.c) called from PC: $159f2 (elapsed: 30453)
  process_thread_foure_timesynch_process (local in 4emac-timesynch.c) called from PC: $12738 (elapsed: 937204)
  call_process (local in process.c) called from PC: $1291c (elapsed: 937241)
  process_run (packetbuf.c) called from PC: $05edc (elapsed: 940472)
 WARN [Thread-2] (MspMote.java:229) - 24: # Watchdog[EXECUTION]: illegal write to WDTCTL (0) from $103ca - reset!!!!
Watchdog: illegal write to WDTCTL (0) from $103ca - reset!!!!
Stack Trace: number of calls: 5 PC: $103ca
  watchdog_reboot (packetbuf.c) called from PC: $24c30 (elapsed: 5)
  restart_time_synchronisation (packetbuf.c) called from PC: $159f2 (elapsed: 30453)
  process_thread_foure_timesynch_process (local in 4emac-timesynch.c) called from PC: $12738 (elapsed: 1001862)
  call_process (local in process.c) called from PC: $1291c (elapsed: 1001899)
  process_run (packetbuf.c) called from PC: $05edc (elapsed: 1006172)
 WARN [Thread-2] (MspMote.java:229) - 18: # Watchdog[EXECUTION]: illegal write to WDTCTL (0) from $103ca - reset!!!!
Watchdog: illegal write to WDTCTL (0) from $103ca - reset!!!!
Stack Trace: number of calls: 11 PC: $103ca
  watchdog_reboot (packetbuf.c) called from PC: $24c30 (elapsed: 5)
  restart_time_synchronisation (packetbuf.c) called from PC: $14eee (elapsed: 31370)
  foure_timesynch_parent_switch_callback (packetbuf.c) called from PC: $1e95c (elapsed: 69452)
  rpl_set_preferred_parent (local in rpl-dag.c) called from PC: $1ef8c (elapsed: 162639)
  rpl_nullify_parent (packetbuf.c) called from PC: $1fc26 (elapsed: 380581)
  rpl_process_parent_event (packetbuf.c) called from PC: $1fcbe (elapsed: 476589)
  rpl_recalculate_ranks (packetbuf.c) called from PC: $23726 (elapsed: 478252)
  handle_periodic_timer (local in rpl-timers.c) called from PC: $1219c (elapsed: 478604)
  process_thread_ctimer_process (local in ctimer.c) called from PC: $12738 (elapsed: 478829)
  call_process (local in process.c) called from PC: $1291c (elapsed: 478866)
  process_run (packetbuf.c) called from PC: $05edc (elapsed: 481856)
 WARN [Thread-2] (MspMote.java:229) - 45: # Watchdog[EXECUTION]: illegal write to WDTCTL (0) from $103ca - reset!!!!
Watchdog: illegal write to WDTCTL (0) from $103ca - reset!!!!
Stack Trace: number of calls: 5 PC: $103ca
  watchdog_reboot (packetbuf.c) called from PC: $24c30 (elapsed: 5)
  restart_time_synchronisation (packetbuf.c) called from PC: $159f2 (elapsed: 62165)
  process_thread_foure_timesynch_process (local in 4emac-timesynch.c) called from PC: $12738 (elapsed: 535430)
  call_process (local in process.c) called from PC: $1291c (elapsed: 535467)
  process_run (packetbuf.c) called from PC: $05edc (elapsed: 540056)
 WARN [Thread-2] (MspMote.java:229) - 30: # Watchdog[EXECUTION]: illegal write to WDTCTL (0) from $103ca - reset!!!!
Watchdog: illegal write to WDTCTL (0) from $103ca - reset!!!!
Stack Trace: number of calls: 5 PC: $103ca
  watchdog_reboot (packetbuf.c) called from PC: $24c30 (elapsed: 5)
  restart_time_synchronisation (packetbuf.c) called from PC: $159f2 (elapsed: 30452)
  process_thread_foure_timesynch_process (local in 4emac-timesynch.c) called from PC: $12738 (elapsed: 1280399)
  call_process (local in process.c) called from PC: $1291c (elapsed: 1280436)
  process_run (packetbuf.c) called from PC: $05edc (elapsed: 1283538)
 WARN [Thread-2] (MspMote.java:229) - 43: # Watchdog[EXECUTION]: illegal write to WDTCTL (0) from $103ca - reset!!!!
Watchdog: illegal write to WDTCTL (0) from $103ca - reset!!!!
Stack Trace: number of calls: 5 PC: $103ca
  watchdog_reboot (packetbuf.c) called from PC: $24c30 (elapsed: 5)
  restart_time_synchronisation (packetbuf.c) called from PC: $159f2 (elapsed: 30453)
  process_thread_foure_timesynch_process (local in 4emac-timesynch.c) called from PC: $12738 (elapsed: 1080776)
  call_process (local in process.c) called from PC: $1291c (elapsed: 1080813)
  process_run (packetbuf.c) called from PC: $05edc (elapsed: 1085406)
 WARN [Thread-2] (MspMote.java:229) - 23: # Watchdog[EXECUTION]: illegal write to WDTCTL (0) from $103ca - reset!!!!
Watchdog: illegal write to WDTCTL (0) from $103ca - reset!!!!
Stack Trace: number of calls: 5 PC: $103ca
  watchdog_reboot (packetbuf.c) called from PC: $24c30 (elapsed: 5)
  restart_time_synchronisation (packetbuf.c) called from PC: $159f2 (elapsed: 30452)
  process_thread_foure_timesynch_process (local in 4emac-timesynch.c) called from PC: $12738 (elapsed: 1220573)
  call_process (local in process.c) called from PC: $1291c (elapsed: 1220610)
  process_run (packetbuf.c) called from PC: $05edc (elapsed: 1223771)
 WARN [Thread-2] (MspMote.java:229) - 36: # Watchdog[EXECUTION]: illegal write to WDTCTL (0) from $103ca - reset!!!!
Watchdog: illegal write to WDTCTL (0) from $103ca - reset!!!!
Stack Trace: number of calls: 5 PC: $103ca
  watchdog_reboot (packetbuf.c) called from PC: $24c30 (elapsed: 5)
  restart_time_synchronisation (packetbuf.c) called from PC: $159f2 (elapsed: 30453)
  process_thread_foure_timesynch_process (local in 4emac-timesynch.c) called from PC: $12738 (elapsed: 1133944)
  call_process (local in process.c) called from PC: $1291c (elapsed: 1133981)
  process_run (packetbuf.c) called from PC: $05edc (elapsed: 1137052)
 WARN [Thread-2] (MspMote.java:229) - 50: # Watchdog[EXECUTION]: illegal write to WDTCTL (0) from $103ca - reset!!!!
Watchdog: illegal write to WDTCTL (0) from $103ca - reset!!!!
Stack Trace: number of calls: 5 PC: $103ca
  watchdog_reboot (packetbuf.c) called from PC: $24c30 (elapsed: 5)
  restart_time_synchronisation (packetbuf.c) called from PC: $159f2 (elapsed: 30452)
  process_thread_foure_timesynch_process (local in 4emac-timesynch.c) called from PC: $12738 (elapsed: 1219217)
  call_process (local in process.c) called from PC: $1291c (elapsed: 1219254)
  process_run (packetbuf.c) called from PC: $05edc (elapsed: 1222500)
 WARN [Thread-2] (MspMote.java:229) - 51: # Watchdog[EXECUTION]: illegal write to WDTCTL (0) from $103ca - reset!!!!
Watchdog: illegal write to WDTCTL (0) from $103ca - reset!!!!
Stack Trace: number of calls: 5 PC: $103ca
  watchdog_reboot (packetbuf.c) called from PC: $24c30 (elapsed: 5)
  restart_time_synchronisation (packetbuf.c) called from PC: $159f2 (elapsed: 30452)
  process_thread_foure_timesynch_process (local in 4emac-timesynch.c) called from PC: $12738 (elapsed: 1232412)
  call_process (local in process.c) called from PC: $1291c (elapsed: 1232449)
  process_run (packetbuf.c) called from PC: $05edc (elapsed: 1235927)
 WARN [Thread-2] (MspMote.java:229) - 22: # Watchdog[EXECUTION]: illegal write to WDTCTL (0) from $103ca - reset!!!!
Watchdog: illegal write to WDTCTL (0) from $103ca - reset!!!!
Stack Trace: number of calls: 5 PC: $103ca
  watchdog_reboot (packetbuf.c) called from PC: $24c30 (elapsed: 5)
  restart_time_synchronisation (packetbuf.c) called from PC: $159f2 (elapsed: 30483)
  process_thread_foure_timesynch_process (local in 4emac-timesynch.c) called from PC: $12738 (elapsed: 1253112)
  call_process (local in process.c) called from PC: $1291c (elapsed: 1253149)
  process_run (packetbuf.c) called from PC: $05edc (elapsed: 1256222)
 WARN [Thread-2] (MspMote.java:229) - 44: # Watchdog[EXECUTION]: illegal write to WDTCTL (0) from $103ca - reset!!!!
Watchdog: illegal write to WDTCTL (0) from $103ca - reset!!!!
Stack Trace: number of calls: 5 PC: $103ca
  watchdog_reboot (packetbuf.c) called from PC: $24c30 (elapsed: 5)
  restart_time_synchronisation (packetbuf.c) called from PC: $159f2 (elapsed: 30452)
  process_thread_foure_timesynch_process (local in 4emac-timesynch.c) called from PC: $12738 (elapsed: 826761)
  call_process (local in process.c) called from PC: $1291c (elapsed: 826798)
  process_run (packetbuf.c) called from PC: $05edc (elapsed: 1565958)
 WARN [Thread-2] (MspMote.java:229) - 47: # Watchdog[EXECUTION]: illegal write to WDTCTL (0) from $103ca - reset!!!!
Watchdog: illegal write to WDTCTL (0) from $103ca - reset!!!!
Stack Trace: number of calls: 5 PC: $103ca
  watchdog_reboot (packetbuf.c) called from PC: $24c30 (elapsed: 5)
  restart_time_synchronisation (packetbuf.c) called from PC: $159f2 (elapsed: 61128)
  process_thread_foure_timesynch_process (local in 4emac-timesynch.c) called from PC: $12738 (elapsed: 1262309)
  call_process (local in process.c) called from PC: $1291c (elapsed: 1262346)
  process_run (packetbuf.c) called from PC: $05edc (elapsed: 1265338)
 WARN [Thread-2] (MspMote.java:229) - 27: # Watchdog[EXECUTION]: illegal write to WDTCTL (0) from $103ca - reset!!!!
Watchdog: illegal write to WDTCTL (0) from $103ca - reset!!!!
Stack Trace: number of calls: 5 PC: $103ca
  watchdog_reboot (packetbuf.c) called from PC: $24c30 (elapsed: 5)
  restart_time_synchronisation (packetbuf.c) called from PC: $159f2 (elapsed: 30452)
  process_thread_foure_timesynch_process (local in 4emac-timesynch.c) called from PC: $12738 (elapsed: 1416598)
  call_process (local in process.c) called from PC: $1291c (elapsed: 1416635)
  process_run (packetbuf.c) called from PC: $05edc (elapsed: 1419715)
 WARN [Thread-2] (MspMote.java:229) - 29: # Watchdog[EXECUTION]: illegal write to WDTCTL (0) from $103ca - reset!!!!
Watchdog: illegal write to WDTCTL (0) from $103ca - reset!!!!
Stack Trace: number of calls: 5 PC: $103ca
  watchdog_reboot (packetbuf.c) called from PC: $24c30 (elapsed: 5)
  restart_time_synchronisation (packetbuf.c) called from PC: $159f2 (elapsed: 30447)
  process_thread_foure_timesynch_process (local in 4emac-timesynch.c) called from PC: $12738 (elapsed: 1087263)
  call_process (local in process.c) called from PC: $1291c (elapsed: 1087300)
  process_run (packetbuf.c) called from PC: $05edc (elapsed: 1090371)
 WARN [Thread-2] (MspMote.java:229) - 13: # Watchdog[EXECUTION]: illegal write to WDTCTL (0) from $103ca - reset!!!!
Watchdog: illegal write to WDTCTL (0) from $103ca - reset!!!!
Stack Trace: number of calls: 5 PC: $103ca
  watchdog_reboot (packetbuf.c) called from PC: $24c30 (elapsed: 5)
  restart_time_synchronisation (packetbuf.c) called from PC: $159f2 (elapsed: 30453)
  process_thread_foure_timesynch_process (local in 4emac-timesynch.c) called from PC: $12738 (elapsed: 953851)
  call_process (local in process.c) called from PC: $1291c (elapsed: 953888)
  process_run (packetbuf.c) called from PC: $05edc (elapsed: 956885)
 WARN [Thread-2] (MspMote.java:229) - 10: # Watchdog[EXECUTION]: illegal write to WDTCTL (0) from $103ca - reset!!!!
Watchdog: illegal write to WDTCTL (0) from $103ca - reset!!!!
Stack Trace: number of calls: 5 PC: $103ca
  watchdog_reboot (packetbuf.c) called from PC: $24c30 (elapsed: 5)
  restart_time_synchronisation (packetbuf.c) called from PC: $159f2 (elapsed: 30453)
  process_thread_foure_timesynch_process (local in 4emac-timesynch.c) called from PC: $12738 (elapsed: 813353)
  call_process (local in process.c) called from PC: $1291c (elapsed: 813390)
  process_run (packetbuf.c) called from PC: $05edc (elapsed: 816384)
 WARN [Thread-2] (MspMote.java:229) - 38: # Watchdog[EXECUTION]: illegal write to WDTCTL (0) from $103ca - reset!!!!
Watchdog: illegal write to WDTCTL (0) from $103ca - reset!!!!
Stack Trace: number of calls: 5 PC: $103ca
  watchdog_reboot (packetbuf.c) called from PC: $24c30 (elapsed: 5)
  restart_time_synchronisation (packetbuf.c) called from PC: $159f2 (elapsed: 30453)
  process_thread_foure_timesynch_process (local in 4emac-timesynch.c) called from PC: $12738 (elapsed: 879750)
  call_process (local in process.c) called from PC: $1291c (elapsed: 879787)
  process_run (packetbuf.c) called from PC: $05edc (elapsed: 882783)
 WARN [Thread-2] (MspMote.java:229) - 3: # Watchdog[EXECUTION]: illegal write to WDTCTL (0) from $103ca - reset!!!!
Watchdog: illegal write to WDTCTL (0) from $103ca - reset!!!!
Stack Trace: number of calls: 5 PC: $103ca
  watchdog_reboot (packetbuf.c) called from PC: $24c30 (elapsed: 5)
  restart_time_synchronisation (packetbuf.c) called from PC: $159f2 (elapsed: 30447)
  process_thread_foure_timesynch_process (local in 4emac-timesynch.c) called from PC: $12738 (elapsed: 1263312)
  call_process (local in process.c) called from PC: $1291c (elapsed: 1263349)
  process_run (packetbuf.c) called from PC: $05edc (elapsed: 1266185)
 WARN [Thread-2] (MspMote.java:229) - 45: # Watchdog[EXECUTION]: illegal write to WDTCTL (0) from $103ca - reset!!!!
Watchdog: illegal write to WDTCTL (0) from $103ca - reset!!!!
Stack Trace: number of calls: 5 PC: $103ca
  watchdog_reboot (packetbuf.c) called from PC: $24c30 (elapsed: 5)
  restart_time_synchronisation (packetbuf.c) called from PC: $159f2 (elapsed: 30452)
  process_thread_foure_timesynch_process (local in 4emac-timesynch.c) called from PC: $12738 (elapsed: 979534)
  call_process (local in process.c) called from PC: $1291c (elapsed: 979571)
  process_run (packetbuf.c) called from PC: $05edc (elapsed: 982565)
 WARN [Thread-2] (MspMote.java:229) - 20: # Watchdog[EXECUTION]: illegal write to WDTCTL (0) from $103ca - reset!!!!
Watchdog: illegal write to WDTCTL (0) from $103ca - reset!!!!
Stack Trace: number of calls: 5 PC: $103ca
  watchdog_reboot (packetbuf.c) called from PC: $24c30 (elapsed: 5)
  restart_time_synchronisation (packetbuf.c) called from PC: $159f2 (elapsed: 30452)
  process_thread_foure_timesynch_process (local in 4emac-timesynch.c) called from PC: $12738 (elapsed: 1113907)
  call_process (local in process.c) called from PC: $1291c (elapsed: 1113944)
  process_run (packetbuf.c) called from PC: $05edc (elapsed: 1117346)
 WARN [Thread-2] (MspMote.java:229) - 21: # Watchdog[EXECUTION]: illegal write to WDTCTL (0) from $103ca - reset!!!!
Watchdog: illegal write to WDTCTL (0) from $103ca - reset!!!!
Stack Trace: number of calls: 5 PC: $103ca
  watchdog_reboot (packetbuf.c) called from PC: $24c30 (elapsed: 5)
  restart_time_synchronisation (packetbuf.c) called from PC: $159f2 (elapsed: 30447)
  process_thread_foure_timesynch_process (local in 4emac-timesynch.c) called from PC: $12738 (elapsed: 1261324)
  call_process (local in process.c) called from PC: $1291c (elapsed: 1261361)
  process_run (packetbuf.c) called from PC: $05edc (elapsed: 1264277)
 WARN [Thread-2] (MspMote.java:229) - 11: # Watchdog[EXECUTION]: illegal write to WDTCTL (0) from $103ca - reset!!!!
Watchdog: illegal write to WDTCTL (0) from $103ca - reset!!!!
Stack Trace: number of calls: 5 PC: $103ca
  watchdog_reboot (packetbuf.c) called from PC: $24c30 (elapsed: 5)
  restart_time_synchronisation (packetbuf.c) called from PC: $159f2 (elapsed: 30452)
  process_thread_foure_timesynch_process (local in 4emac-timesynch.c) called from PC: $12738 (elapsed: 1112347)
  call_process (local in process.c) called from PC: $1291c (elapsed: 1112384)
  process_run (packetbuf.c) called from PC: $05edc (elapsed: 1115536)
 WARN [Thread-2] (MspMote.java:229) - 18: # Watchdog[EXECUTION]: illegal write to WDTCTL (0) from $103ca - reset!!!!
 INFO [Thread-2] (LogScriptEngine.java:375) - Timeout event @ 3800000000
 INFO [Thread-1] (LogScriptEngine.java:309) - Test script finished
 INFO [Thread-2] (Simulation.java:312) - Simulation main loop stopped, system time: 1790430881004	Duration: 10367396 ms	Simulated time 3800000 ms	Ratio 0.3665336985295054
 INFO [AWT-EventQueue-1] (ScriptRunner.java:438) - Test script deactivated
